alpha3,ssp,year,gdp_per_capita,turbulent_economy
ABW,SSP1,2024,45428.0,False
ABW,SSP1,2025,48918.89,False
ABW,SSP1,2030,50891.81,False
ABW,SSP1,2050,67582.66,False
ABW,SSP1,2100,144969.77,False
ABW,SSP2,2024,45428.0,False
ABW,SSP2,2025,48918.89,False
ABW,SSP2,2030,50859.17,False
ABW,SSP2,2050,64014.93,False
ABW,SSP2,2100,134864.04,False
ABW,SSP3,2024,45428.0,False
ABW,SSP3,2025,48918.89,False
ABW,SSP3,2030,51224.83,False
ABW,SSP3,2050,57630.35,False
ABW,SSP3,2100,71958.28,False
ABW,SSP4,2024,45428.0,False
ABW,SSP4,2025,48918.89,False
ABW,SSP4,2030,50816.22,False
ABW,SSP4,2050,65910.21,False
ABW,SSP4,2100,141921.29,False
ABW,SSP5,2024,45428.0,False
ABW,SSP5,2025,48918.89,False
ABW,SSP5,2030,50019.68,False
ABW,SSP5,2050,74441.05,False
ABW,SSP5,2100,229728.73,False
AFG,SSP1,2024,1964.45,True
AFG,SSP1,2025,1964.45,True
AFG,SSP1,2030,2706.53,True
AFG,SSP1,2050,11291.83,True
AFG,SSP1,2100,91596.58,True
AFG,SSP2,2024,1964.45,True
AFG,SSP2,2025,1964.45,True
AFG,SSP2,2030,2652.2,True
AFG,SSP2,2050,7967.52,True
AFG,SSP2,2100,59847.21,True
AFG,SSP3,2024,1964.45,True
AFG,SSP3,2025,1964.45,True
AFG,SSP3,2030,2585.13,True
AFG,SSP3,2050,4703.48,True
AFG,SSP3,2100,9578.7,True
AFG,SSP4,2024,1964.45,True
AFG,SSP4,2025,1964.45,True
AFG,SSP4,2030,2610.85,True
AFG,SSP4,2050,4898.7,True
AFG,SSP4,2100,10535.96,True
AFG,SSP5,2024,1964.45,True
AFG,SSP5,2025,1964.45,True
AFG,SSP5,2030,2743.37,True
AFG,SSP5,2050,15026.6,True
AFG,SSP5,2100,159221.16,True
AGO,SSP1,2024,8752.8,False
AGO,SSP1,2025,8693.95,False
AGO,SSP1,2030,9250.37,False
AGO,SSP1,2050,16397.97,False
AGO,SSP1,2100,91073.06,False
AGO,SSP2,2024,8752.8,False
AGO,SSP2,2025,8693.95,False
AGO,SSP2,2030,9079.1,False
AGO,SSP2,2050,13628.21,False
AGO,SSP2,2100,63212.13,False
AGO,SSP3,2024,8752.8,False
AGO,SSP3,2025,8693.95,False
AGO,SSP3,2030,8961.34,False
AGO,SSP3,2050,10657.02,False
AGO,SSP3,2100,19019.2,False
AGO,SSP4,2024,8752.8,False
AGO,SSP4,2025,8693.95,False
AGO,SSP4,2030,8949.65,False
AGO,SSP4,2050,11389.11,False
AGO,SSP4,2100,34909.75,False
AGO,SSP5,2024,8752.8,False
AGO,SSP5,2025,8693.95,False
AGO,SSP5,2030,9227.71,False
AGO,SSP5,2050,18979.74,False
AGO,SSP5,2100,150097.84,False
ALB,SSP1,2024,21640.98,False
ALB,SSP1,2025,22807.29,False
ALB,SSP1,2030,27874.65,False
ALB,SSP1,2050,55523.4,False
ALB,SSP1,2100,124060.45,False
ALB,SSP2,2024,21640.98,False
ALB,SSP2,2025,22807.29,False
ALB,SSP2,2030,27819.14,False
ALB,SSP2,2050,49960.13,False
ALB,SSP2,2100,113309.09,False
ALB,SSP3,2024,21640.98,False
ALB,SSP3,2025,22807.29,False
ALB,SSP3,2030,27200.07,False
ALB,SSP3,2050,38787.21,False
ALB,SSP3,2100,53487.45,False
ALB,SSP4,2024,21640.98,False
ALB,SSP4,2025,22807.29,False
ALB,SSP4,2030,27986.88,False
ALB,SSP4,2050,52932.81,False
ALB,SSP4,2100,115822.46,False
ALB,SSP5,2024,21640.98,False
ALB,SSP5,2025,22807.29,False
ALB,SSP5,2030,29036.71,False
ALB,SSP5,2050,71182.34,False
ALB,SSP5,2100,200770.33,False
ARE,SSP1,2024,69701.79,False
ARE,SSP1,2025,72173.94,False
ARE,SSP1,2030,85510.43,False
ARE,SSP1,2050,115209.34,False
ARE,SSP1,2100,139972.59,False
ARE,SSP2,2024,69701.79,False
ARE,SSP2,2025,72173.94,False
ARE,SSP2,2030,85113.66,False
ARE,SSP2,2050,111983.6,False
ARE,SSP2,2100,137049.55,False
ARE,SSP3,2024,69701.79,False
ARE,SSP3,2025,72173.94,False
ARE,SSP3,2030,85651.8,False
ARE,SSP3,2050,106386.97,False
ARE,SSP3,2100,90356.44,False
ARE,SSP4,2024,69701.79,False
ARE,SSP4,2025,72173.94,False
ARE,SSP4,2030,85094.12,False
ARE,SSP4,2050,114939.35,False
ARE,SSP4,2100,143277.18,False
ARE,SSP5,2024,69701.79,False
ARE,SSP5,2025,72173.94,False
ARE,SSP5,2030,84015.47,False
ARE,SSP5,2050,122547.27,False
ARE,SSP5,2100,219034.03,False
ARG,SSP1,2024,26771.97,False
ARG,SSP1,2025,27384.47,False
ARG,SSP1,2030,30392.53,False
ARG,SSP1,2050,48535.13,False
ARG,SSP1,2100,132350.91,False
ARG,SSP2,2024,26771.97,False
ARG,SSP2,2025,27384.47,False
ARG,SSP2,2030,30216.04,False
ARG,SSP2,2050,43789.05,False
ARG,SSP2,2100,120095.83,False
ARG,SSP3,2024,26771.97,False
ARG,SSP3,2025,27384.47,False
ARG,SSP3,2030,30042.62,False
ARG,SSP3,2050,37711.51,False
ARG,SSP3,2100,59811.97,False
ARG,SSP4,2024,26771.97,False
ARG,SSP4,2025,27384.47,False
ARG,SSP4,2030,30098.17,False
ARG,SSP4,2050,44343.15,False
ARG,SSP4,2100,128095.32,False
ARG,SSP5,2024,26771.97,False
ARG,SSP5,2025,27384.47,False
ARG,SSP5,2030,30465.41,False
ARG,SSP5,2050,55399.9,False
ARG,SSP5,2100,209613.73,False
ARM,SSP1,2024,20078.78,False
ARM,SSP1,2025,21546.69,False
ARM,SSP1,2030,27371.7,False
ARM,SSP1,2050,53078.12,False
ARM,SSP1,2100,110350.47,False
ARM,SSP2,2024,20078.78,False
ARM,SSP2,2025,21546.69,False
ARM,SSP2,2030,27334.37,False
ARM,SSP2,2050,49309.44,False
ARM,SSP2,2100,99995.78,False
ARM,SSP3,2024,20078.78,False
ARM,SSP3,2025,21546.69,False
ARM,SSP3,2030,26872.97,False
ARM,SSP3,2050,40847.6,False
ARM,SSP3,2100,55034.52,False
ARM,SSP4,2024,20078.78,False
ARM,SSP4,2025,21546.69,False
ARM,SSP4,2030,27497.26,False
ARM,SSP4,2050,51634.57,False
ARM,SSP4,2100,101653.7,False
ARM,SSP5,2024,20078.78,False
ARM,SSP5,2025,21546.69,False
ARM,SSP5,2030,28164.46,False
ARM,SSP5,2050,63909.86,False
ARM,SSP5,2100,172228.4,False
ATG,SSP1,2024,29298.65,False
ATG,SSP1,2025,30860.12,False
ATG,SSP1,2030,34735.81,False
ATG,SSP1,2050,61417.96,False
ATG,SSP1,2100,193052.14,False
ATG,SSP2,2024,29298.65,False
ATG,SSP2,2025,30860.12,False
ATG,SSP2,2030,34613.25,False
ATG,SSP2,2050,54661.32,False
ATG,SSP2,2100,165983.24,False
ATG,SSP3,2024,29298.65,False
ATG,SSP3,2025,30860.12,False
ATG,SSP3,2030,34690.32,False
ATG,SSP3,2050,45641.43,False
ATG,SSP3,2100,71403.56,False
ATG,SSP4,2024,29298.65,False
ATG,SSP4,2025,30860.12,False
ATG,SSP4,2030,34551.51,False
ATG,SSP4,2050,59237.5,False
ATG,SSP4,2100,186013.22,False
ATG,SSP5,2024,29298.65,False
ATG,SSP5,2025,30860.12,False
ATG,SSP5,2030,34363.55,False
ATG,SSP5,2050,69060.6,False
ATG,SSP5,2100,305998.58,False
AUS,SSP1,2024,60309.58,False
AUS,SSP1,2025,61539.09,False
AUS,SSP1,2030,67765.23,False
AUS,SSP1,2050,105203.59,False
AUS,SSP1,2100,199119.44,False
AUS,SSP2,2024,60309.58,False
AUS,SSP2,2025,61539.09,False
AUS,SSP2,2030,67610.25,False
AUS,SSP2,2050,95137.07,False
AUS,SSP2,2100,169794.42,False
AUS,SSP3,2024,60309.58,False
AUS,SSP3,2025,61539.09,False
AUS,SSP3,2030,67716.5,False
AUS,SSP3,2050,81488.86,False
AUS,SSP3,2100,89059.35,False
AUS,SSP4,2024,60309.58,False
AUS,SSP4,2025,61539.09,False
AUS,SSP4,2030,68133.46,False
AUS,SSP4,2050,105129.68,False
AUS,SSP4,2100,178616.92,False
AUS,SSP5,2024,60309.58,False
AUS,SSP5,2025,61539.09,False
AUS,SSP5,2030,66927.39,False
AUS,SSP5,2050,114408.19,False
AUS,SSP5,2100,304079.78,False
AUT,SSP1,2024,63787.99,False
AUT,SSP1,2025,64959.74,False
AUT,SSP1,2030,70973.65,False
AUT,SSP1,2050,92524.94,False
AUT,SSP1,2100,145911.61,False
AUT,SSP2,2024,63787.99,False
AUT,SSP2,2025,64959.74,False
AUT,SSP2,2030,70980.31,False
AUT,SSP2,2050,88573.59,False
AUT,SSP2,2100,134143.09,False
AUT,SSP3,2024,63787.99,False
AUT,SSP3,2025,64959.74,False
AUT,SSP3,2030,71113.62,False
AUT,SSP3,2050,79530.97,False
AUT,SSP3,2100,76279.46,False
AUT,SSP4,2024,63787.99,False
AUT,SSP4,2025,64959.74,False
AUT,SSP4,2030,71386.55,False
AUT,SSP4,2050,92116.22,False
AUT,SSP4,2100,131153.0,False
AUT,SSP5,2024,63787.99,False
AUT,SSP5,2025,64959.74,False
AUT,SSP5,2030,70358.01,False
AUT,SSP5,2050,100215.94,False
AUT,SSP5,2100,220939.55,False
AZE,SSP1,2024,22090.53,False
AZE,SSP1,2025,22776.7,False
AZE,SSP1,2030,25200.6,False
AZE,SSP1,2050,40419.81,False
AZE,SSP1,2100,126997.21,False
AZE,SSP2,2024,22090.53,False
AZE,SSP2,2025,22776.7,False
AZE,SSP2,2030,25166.31,False
AZE,SSP2,2050,35800.68,False
AZE,SSP2,2100,102349.54,False
AZE,SSP3,2024,22090.53,False
AZE,SSP3,2025,22776.7,False
AZE,SSP3,2030,25104.6,False
AZE,SSP3,2050,28966.44,False
AZE,SSP3,2100,34269.7,False
AZE,SSP4,2024,22090.53,False
AZE,SSP4,2025,22776.7,False
AZE,SSP4,2030,25365.25,False
AZE,SSP4,2050,38253.4,False
AZE,SSP4,2100,110702.63,False
AZE,SSP5,2024,22090.53,False
AZE,SSP5,2025,22776.7,False
AZE,SSP5,2030,25230.48,False
AZE,SSP5,2050,47371.63,False
AZE,SSP5,2100,206307.06,False
BDI,SSP1,2024,1048.06,False
BDI,SSP1,2025,1063.05,False
BDI,SSP1,2030,1274.05,False
BDI,SSP1,2050,3354.15,False
BDI,SSP1,2100,32648.48,False
BDI,SSP2,2024,1048.06,False
BDI,SSP2,2025,1063.05,False
BDI,SSP2,2030,1251.79,False
BDI,SSP2,2050,2626.12,False
BDI,SSP2,2100,20383.18,False
BDI,SSP3,2024,1048.06,False
BDI,SSP3,2025,1063.05,False
BDI,SSP3,2030,1232.11,False
BDI,SSP3,2050,1910.77,False
BDI,SSP3,2100,3559.19,False
BDI,SSP4,2024,1048.06,False
BDI,SSP4,2025,1063.05,False
BDI,SSP4,2030,1235.37,False
BDI,SSP4,2050,1952.69,False
BDI,SSP4,2100,3847.68,False
BDI,SSP5,2024,1048.06,False
BDI,SSP5,2025,1063.05,False
BDI,SSP5,2030,1280.96,False
BDI,SSP5,2050,4078.37,False
BDI,SSP5,2100,56106.39,False
BEL,SSP1,2024,63311.28,False
BEL,SSP1,2025,64896.85,False
BEL,SSP1,2030,69598.55,False
BEL,SSP1,2050,85602.53,False
BEL,SSP1,2100,128821.02,False
BEL,SSP2,2024,63311.28,False
BEL,SSP2,2025,64896.85,False
BEL,SSP2,2030,69654.38,False
BEL,SSP2,2050,83157.31,False
BEL,SSP2,2100,119550.56,False
BEL,SSP3,2024,63311.28,False
BEL,SSP3,2025,64896.85,False
BEL,SSP3,2030,69801.5,False
BEL,SSP3,2050,75067.28,False
BEL,SSP3,2100,66121.39,False
BEL,SSP4,2024,63311.28,False
BEL,SSP4,2025,64896.85,False
BEL,SSP4,2030,69995.61,False
BEL,SSP4,2050,84953.4,False
BEL,SSP4,2100,116015.17,False
BEL,SSP5,2024,63311.28,False
BEL,SSP5,2025,64896.85,False
BEL,SSP5,2030,69012.6,False
BEL,SSP5,2050,93051.01,False
BEL,SSP5,2100,197748.0,False
BEN,SSP1,2024,3901.33,False
BEN,SSP1,2025,4033.34,False
BEN,SSP1,2030,4902.5,False
BEN,SSP1,2050,11582.83,False
BEN,SSP1,2100,61819.24,False
BEN,SSP2,2024,3901.33,False
BEN,SSP2,2025,4033.34,False
BEN,SSP2,2030,4820.29,False
BEN,SSP2,2050,9755.19,False
BEN,SSP2,2100,46655.59,False
BEN,SSP3,2024,3901.33,False
BEN,SSP3,2025,4033.34,False
BEN,SSP3,2030,4749.38,False
BEN,SSP3,2050,7703.44,False
BEN,SSP3,2100,17093.98,False
BEN,SSP4,2024,3901.33,False
BEN,SSP4,2025,4033.34,False
BEN,SSP4,2030,4750.31,False
BEN,SSP4,2050,8345.29,False
BEN,SSP4,2100,30708.83,False
BEN,SSP5,2024,3901.33,False
BEN,SSP5,2025,4033.34,False
BEN,SSP5,2030,4908.19,False
BEN,SSP5,2050,13490.41,False
BEN,SSP5,2100,100791.6,False
BFA,SSP1,2024,2548.5,False
BFA,SSP1,2025,2607.4,False
BFA,SSP1,2030,3138.1,False
BFA,SSP1,2050,8125.95,False
BFA,SSP1,2100,52149.4,False
BFA,SSP2,2024,2548.5,False
BFA,SSP2,2025,2607.4,False
BFA,SSP2,2030,3074.27,False
BFA,SSP2,2050,6676.98,False
BFA,SSP2,2100,36877.11,False
BFA,SSP3,2024,2548.5,False
BFA,SSP3,2025,2607.4,False
BFA,SSP3,2030,3023.38,False
BFA,SSP3,2050,5123.39,False
BFA,SSP3,2100,11005.03,False
BFA,SSP4,2024,2548.5,False
BFA,SSP4,2025,2607.4,False
BFA,SSP4,2030,3027.65,False
BFA,SSP4,2050,5251.84,False
BFA,SSP4,2100,12684.1,False
BFA,SSP5,2024,2548.5,False
BFA,SSP5,2025,2607.4,False
BFA,SSP5,2030,3148.98,False
BFA,SSP5,2050,9595.4,False
BFA,SSP5,2100,86396.9,False
BGD,SSP1,2024,8486.78,False
BGD,SSP1,2025,8945.34,False
BGD,SSP1,2030,12129.87,False
BGD,SSP1,2050,31656.44,False
BGD,SSP1,2100,97979.51,False
BGD,SSP2,2024,8486.78,False
BGD,SSP2,2025,8945.34,False
BGD,SSP2,2030,12025.68,False
BGD,SSP2,2050,26679.46,False
BGD,SSP2,2100,82802.16,False
BGD,SSP3,2024,8486.78,False
BGD,SSP3,2025,8945.34,False
BGD,SSP3,2030,11892.03,False
BGD,SSP3,2050,20298.83,False
BGD,SSP3,2100,30509.21,False
BGD,SSP4,2024,8486.78,False
BGD,SSP4,2025,8945.34,False
BGD,SSP4,2030,11934.61,False
BGD,SSP4,2050,22759.1,False
BGD,SSP4,2100,55335.29,False
BGD,SSP5,2024,8486.78,False
BGD,SSP5,2025,8945.34,False
BGD,SSP5,2030,12235.79,False
BGD,SSP5,2050,38180.76,False
BGD,SSP5,2100,157721.8,False
BGR,SSP1,2024,34221.39,False
BGR,SSP1,2025,35859.22,False
BGR,SSP1,2030,42708.19,False
BGR,SSP1,2050,72444.07,False
BGR,SSP1,2100,148634.58,False
BGR,SSP2,2024,34221.39,False
BGR,SSP2,2025,35859.22,False
BGR,SSP2,2030,42741.88,False
BGR,SSP2,2050,67202.01,False
BGR,SSP2,2100,134369.66,False
BGR,SSP3,2024,34221.39,False
BGR,SSP3,2025,35859.22,False
BGR,SSP3,2030,42603.38,False
BGR,SSP3,2050,56871.63,False
BGR,SSP3,2100,70536.4,False
BGR,SSP4,2024,34221.39,False
BGR,SSP4,2025,35859.22,False
BGR,SSP4,2030,42941.77,False
BGR,SSP4,2050,70265.65,False
BGR,SSP4,2100,136571.13,False
BGR,SSP5,2024,34221.39,False
BGR,SSP5,2025,35859.22,False
BGR,SSP5,2030,42979.13,False
BGR,SSP5,2050,83195.91,False
BGR,SSP5,2100,230636.98,False
BHR,SSP1,2024,59060.18,False
BHR,SSP1,2025,60053.03,False
BHR,SSP1,2030,64416.03,False
BHR,SSP1,2050,82756.25,False
BHR,SSP1,2100,148157.51,False
BHR,SSP2,2024,59060.18,False
BHR,SSP2,2025,60053.03,False
BHR,SSP2,2030,64251.65,False
BHR,SSP2,2050,78938.99,False
BHR,SSP2,2100,134473.33,False
BHR,SSP3,2024,59060.18,False
BHR,SSP3,2025,60053.03,False
BHR,SSP3,2030,64879.46,False
BHR,SSP3,2050,72830.52,False
BHR,SSP3,2100,74962.09,False
BHR,SSP4,2024,59060.18,False
BHR,SSP4,2025,60053.03,False
BHR,SSP4,2030,64057.7,False
BHR,SSP4,2050,81691.19,False
BHR,SSP4,2100,149439.74,False
BHR,SSP5,2024,59060.18,False
BHR,SSP5,2025,60053.03,False
BHR,SSP5,2030,62801.44,False
BHR,SSP5,2050,91040.27,False
BHR,SSP5,2100,236573.2,False
BHS,SSP1,2024,36244.05,False
BHS,SSP1,2025,38823.75,False
BHS,SSP1,2030,41214.46,False
BHS,SSP1,2050,56914.75,False
BHS,SSP1,2100,119125.59,False
BHS,SSP2,2024,36244.05,False
BHS,SSP2,2025,38823.75,False
BHS,SSP2,2030,41059.77,False
BHS,SSP2,2050,52249.48,False
BHS,SSP2,2100,107659.16,False
BHS,SSP3,2024,36244.05,False
BHS,SSP3,2025,38823.75,False
BHS,SSP3,2030,41016.18,False
BHS,SSP3,2050,45485.27,False
BHS,SSP3,2100,54040.51,False
BHS,SSP4,2024,36244.05,False
BHS,SSP4,2025,38823.75,False
BHS,SSP4,2030,40930.29,False
BHS,SSP4,2050,54580.36,False
BHS,SSP4,2100,115627.99,False
BHS,SSP5,2024,36244.05,False
BHS,SSP5,2025,38823.75,False
BHS,SSP5,2030,40985.96,False
BHS,SSP5,2050,63437.21,False
BHS,SSP5,2100,187333.86,False
BIH,SSP1,2024,20578.5,False
BIH,SSP1,2025,21588.36,False
BIH,SSP1,2030,26026.95,False
BIH,SSP1,2050,41640.1,False
BIH,SSP1,2100,67210.05,False
BIH,SSP2,2024,20578.5,False
BIH,SSP2,2025,21588.36,False
BIH,SSP2,2030,26042.2,False
BIH,SSP2,2050,39881.19,False
BIH,SSP2,2100,64233.54,False
BIH,SSP3,2024,20578.5,False
BIH,SSP3,2025,21588.36,False
BIH,SSP3,2030,25686.53,False
BIH,SSP3,2050,34470.19,False
BIH,SSP3,2100,38347.7,False
BIH,SSP4,2024,20578.5,False
BIH,SSP4,2025,21588.36,False
BIH,SSP4,2030,26171.3,False
BIH,SSP4,2050,41074.35,False
BIH,SSP4,2100,63735.8,False
BIH,SSP5,2024,20578.5,False
BIH,SSP5,2025,21588.36,False
BIH,SSP5,2030,26751.27,False
BIH,SSP5,2050,49715.18,False
BIH,SSP5,2100,104683.36,False
BLR,SSP1,2024,29135.95,False
BLR,SSP1,2025,29419.54,False
BLR,SSP1,2030,31114.08,False
BLR,SSP1,2050,45481.81,False
BLR,SSP1,2100,123388.54,False
BLR,SSP2,2024,29135.95,False
BLR,SSP2,2025,29419.54,False
BLR,SSP2,2030,31178.36,False
BLR,SSP2,2050,41412.89,False
BLR,SSP2,2100,102419.99,False
BLR,SSP3,2024,29135.95,False
BLR,SSP3,2025,29419.54,False
BLR,SSP3,2030,31206.19,False
BLR,SSP3,2050,35159.16,False
BLR,SSP3,2100,41489.83,False
BLR,SSP4,2024,29135.95,False
BLR,SSP4,2025,29419.54,False
BLR,SSP4,2030,31309.51,False
BLR,SSP4,2050,43824.24,False
BLR,SSP4,2100,109486.97,False
BLR,SSP5,2024,29135.95,False
BLR,SSP5,2025,29419.54,False
BLR,SSP5,2030,31059.56,False
BLR,SSP5,2050,51860.03,False
BLR,SSP5,2100,195659.7,False
BLZ,SSP1,2024,12621.41,False
BLZ,SSP1,2025,13344.28,False
BLZ,SSP1,2030,14338.24,False
BLZ,SSP1,2050,28530.56,False
BLZ,SSP1,2100,118144.26,False
BLZ,SSP2,2024,12621.41,False
BLZ,SSP2,2025,13344.28,False
BLZ,SSP2,2030,14241.76,False
BLZ,SSP2,2050,24951.9,False
BLZ,SSP2,2100,101133.64,False
BLZ,SSP3,2024,12621.41,False
BLZ,SSP3,2025,13344.28,False
BLZ,SSP3,2030,14177.73,False
BLZ,SSP3,2050,19875.9,False
BLZ,SSP3,2100,37183.8,False
BLZ,SSP4,2024,12621.41,False
BLZ,SSP4,2025,13344.28,False
BLZ,SSP4,2030,14144.94,False
BLZ,SSP4,2050,25708.68,False
BLZ,SSP4,2100,108619.4,False
BLZ,SSP5,2024,12621.41,False
BLZ,SSP5,2025,13344.28,False
BLZ,SSP5,2030,14268.67,False
BLZ,SSP5,2050,33573.07,False
BLZ,SSP5,2100,194014.62,False
BOL,SSP1,2024,11329.15,False
BOL,SSP1,2025,11530.28,False
BOL,SSP1,2030,12253.22,False
BOL,SSP1,2050,24555.05,False
BOL,SSP1,2100,119096.12,False
BOL,SSP2,2024,11329.15,False
BOL,SSP2,2025,11530.28,False
BOL,SSP2,2030,12143.2,False
BOL,SSP2,2050,20666.88,False
BOL,SSP2,2100,90296.2,False
BOL,SSP3,2024,11329.15,False
BOL,SSP3,2025,11530.28,False
BOL,SSP3,2030,12014.02,False
BOL,SSP3,2050,16042.8,False
BOL,SSP3,2100,26333.52,False
BOL,SSP4,2024,11329.15,False
BOL,SSP4,2025,11530.28,False
BOL,SSP4,2030,12033.87,False
BOL,SSP4,2050,17704.44,False
BOL,SSP4,2100,52993.97,False
BOL,SSP5,2024,11329.15,False
BOL,SSP5,2025,11530.28,False
BOL,SSP5,2030,12304.12,False
BOL,SSP5,2050,29364.02,False
BOL,SSP5,2100,195573.02,False
BRA,SSP1,2024,19652.37,False
BRA,SSP1,2025,20155.96,False
BRA,SSP1,2030,21543.62,False
BRA,SSP1,2050,41001.77,False
BRA,SSP1,2100,139717.54,False
BRA,SSP2,2024,19652.37,False
BRA,SSP2,2025,20155.96,False
BRA,SSP2,2030,21450.45,False
BRA,SSP2,2050,37352.76,False
BRA,SSP2,2100,129375.6,False
BRA,SSP3,2024,19652.37,False
BRA,SSP3,2025,20155.96,False
BRA,SSP3,2030,21350.91,False
BRA,SSP3,2050,32199.86,False
BRA,SSP3,2100,61281.4,False
BRA,SSP4,2024,19652.37,False
BRA,SSP4,2025,20155.96,False
BRA,SSP4,2030,21361.39,False
BRA,SSP4,2050,37945.14,False
BRA,SSP4,2100,137472.54,False
BRA,SSP5,2024,19652.37,False
BRA,SSP5,2025,20155.96,False
BRA,SSP5,2030,21577.26,False
BRA,SSP5,2050,47044.56,False
BRA,SSP5,2100,221813.18,False
BRB,SSP1,2024,21557.53,False
BRB,SSP1,2025,22409.39,False
BRB,SSP1,2030,24759.95,False
BRB,SSP1,2050,44344.44,False
BRB,SSP1,2100,128346.47,False
BRB,SSP2,2024,21557.53,False
BRB,SSP2,2025,22409.39,False
BRB,SSP2,2030,24660.74,False
BRB,SSP2,2050,38992.95,False
BRB,SSP2,2100,110009.34,False
BRB,SSP3,2024,21557.53,False
BRB,SSP3,2025,22409.39,False
BRB,SSP3,2030,24548.81,False
BRB,SSP3,2050,31644.64,False
BRB,SSP3,2100,45423.23,False
BRB,SSP4,2024,21557.53,False
BRB,SSP4,2025,22409.39,False
BRB,SSP4,2030,24624.88,False
BRB,SSP4,2050,42749.55,False
BRB,SSP4,2100,126748.83,False
BRB,SSP5,2024,21557.53,False
BRB,SSP5,2025,22409.39,False
BRB,SSP5,2030,24835.7,False
BRB,SSP5,2050,51817.56,False
BRB,SSP5,2100,205972.82,False
BRN,SSP1,2024,79071.73,False
BRN,SSP1,2025,78669.17,False
BRN,SSP1,2030,88546.8,False
BRN,SSP1,2050,108627.06,False
BRN,SSP1,2100,138304.4,False
BRN,SSP2,2024,79071.73,False
BRN,SSP2,2025,78669.17,False
BRN,SSP2,2030,88031.68,False
BRN,SSP2,2050,104586.52,False
BRN,SSP2,2100,130326.01,False
BRN,SSP3,2024,79071.73,False
BRN,SSP3,2025,78669.17,False
BRN,SSP3,2030,87634.39,False
BRN,SSP3,2050,96136.49,False
BRN,SSP3,2100,76440.99,False
BRN,SSP4,2024,79071.73,False
BRN,SSP4,2025,78669.17,False
BRN,SSP4,2030,87703.95,False
BRN,SSP4,2050,103031.9,False
BRN,SSP4,2100,130288.27,False
BRN,SSP5,2024,79071.73,False
BRN,SSP5,2025,78669.17,False
BRN,SSP5,2030,88424.18,False
BRN,SSP5,2050,118725.33,False
BRN,SSP5,2100,214351.46,False
BTN,SSP1,2024,15603.89,False
BTN,SSP1,2025,15931.14,False
BTN,SSP1,2030,18830.86,False
BTN,SSP1,2050,34697.41,False
BTN,SSP1,2100,105086.49,False
BTN,SSP2,2024,15603.89,False
BTN,SSP2,2025,15931.14,False
BTN,SSP2,2030,18712.25,False
BTN,SSP2,2050,30607.36,False
BTN,SSP2,2100,90429.87,False
BTN,SSP3,2024,15603.89,False
BTN,SSP3,2025,15931.14,False
BTN,SSP3,2030,18615.34,False
BTN,SSP3,2050,25201.61,False
BTN,SSP3,2100,34358.54,False
BTN,SSP4,2024,15603.89,False
BTN,SSP4,2025,15931.14,False
BTN,SSP4,2030,18613.79,False
BTN,SSP4,2050,27377.14,False
BTN,SSP4,2100,60555.85,False
BTN,SSP5,2024,15603.89,False
BTN,SSP5,2025,15931.14,False
BTN,SSP5,2030,18853.33,False
BTN,SSP5,2050,40546.54,False
BTN,SSP5,2100,171841.04,False
BWA,SSP1,2024,18107.61,False
BWA,SSP1,2025,18880.56,False
BWA,SSP1,2030,21491.45,False
BWA,SSP1,2050,34816.24,False
BWA,SSP1,2100,96632.96,False
BWA,SSP2,2024,18107.61,False
BWA,SSP2,2025,18880.56,False
BWA,SSP2,2030,21455.42,False
BWA,SSP2,2050,32223.48,False
BWA,SSP2,2100,82331.05,False
BWA,SSP3,2024,18107.61,False
BWA,SSP3,2025,18880.56,False
BWA,SSP3,2030,21520.66,False
BWA,SSP3,2050,28490.96,False
BWA,SSP3,2100,38172.1,False
BWA,SSP4,2024,18107.61,False
BWA,SSP4,2025,18880.56,False
BWA,SSP4,2030,21485.16,False
BWA,SSP4,2050,32527.62,False
BWA,SSP4,2100,82330.35,False
BWA,SSP5,2024,18107.61,False
BWA,SSP5,2025,18880.56,False
BWA,SSP5,2030,21429.49,False
BWA,SSP5,2050,39184.44,False
BWA,SSP5,2100,153210.98,False
CAF,SSP1,2024,1111.22,False
CAF,SSP1,2025,1097.87,False
CAF,SSP1,2030,1198.51,False
CAF,SSP1,2050,3338.31,False
CAF,SSP1,2100,34660.85,False
CAF,SSP2,2024,1111.22,False
CAF,SSP2,2025,1097.87,False
CAF,SSP2,2030,1175.61,False
CAF,SSP2,2050,2644.85,False
CAF,SSP2,2100,23956.8,False
CAF,SSP3,2024,1111.22,False
CAF,SSP3,2025,1097.87,False
CAF,SSP3,2030,1162.08,False
CAF,SSP3,2050,1903.07,False
CAF,SSP3,2100,5515.29,False
CAF,SSP4,2024,1111.22,False
CAF,SSP4,2025,1097.87,False
CAF,SSP4,2030,1167.73,False
CAF,SSP4,2050,1976.53,False
CAF,SSP4,2100,6876.87,False
CAF,SSP5,2024,1111.22,False
CAF,SSP5,2025,1097.87,False
CAF,SSP5,2030,1209.54,False
CAF,SSP5,2050,4084.13,False
CAF,SSP5,2100,58769.28,False
CAN,SSP1,2024,57534.09,False
CAN,SSP1,2025,58675.56,False
CAN,SSP1,2030,63844.9,False
CAN,SSP1,2050,94466.28,False
CAN,SSP1,2100,166646.24,False
CAN,SSP2,2024,57534.09,False
CAN,SSP2,2025,58675.56,False
CAN,SSP2,2030,63820.65,False
CAN,SSP2,2050,89229.09,False
CAN,SSP2,2100,153047.58,False
CAN,SSP3,2024,57534.09,False
CAN,SSP3,2025,58675.56,False
CAN,SSP3,2030,64064.37,False
CAN,SSP3,2050,82206.91,False
CAN,SSP3,2100,91849.37,False
CAN,SSP4,2024,57534.09,False
CAN,SSP4,2025,58675.56,False
CAN,SSP4,2030,64230.89,False
CAN,SSP4,2050,94657.31,False
CAN,SSP4,2100,151437.52,False
CAN,SSP5,2024,57534.09,False
CAN,SSP5,2025,58675.56,False
CAN,SSP5,2030,63142.68,False
CAN,SSP5,2050,102945.94,False
CAN,SSP5,2100,254328.98,False
CHE,SSP1,2024,85448.06,False
CHE,SSP1,2025,86866.11,False
CHE,SSP1,2030,89983.81,False
CHE,SSP1,2050,105166.9,False
CHE,SSP1,2100,149008.68,False
CHE,SSP2,2024,85448.06,False
CHE,SSP2,2025,86866.11,False
CHE,SSP2,2030,90042.86,False
CHE,SSP2,2050,101177.06,False
CHE,SSP2,2100,133636.25,False
CHE,SSP3,2024,85448.06,False
CHE,SSP3,2025,86866.11,False
CHE,SSP3,2030,90430.39,False
CHE,SSP3,2050,91452.93,False
CHE,SSP3,2100,72724.3,False
CHE,SSP4,2024,85448.06,False
CHE,SSP4,2025,86866.11,False
CHE,SSP4,2030,90469.92,False
CHE,SSP4,2050,103929.28,False
CHE,SSP4,2100,129876.68,False
CHE,SSP5,2024,85448.06,False
CHE,SSP5,2025,86866.11,False
CHE,SSP5,2030,88786.14,False
CHE,SSP5,2050,113219.89,False
CHE,SSP5,2100,231037.04,False
CHL,SSP1,2024,30267.64,False
CHL,SSP1,2025,31235.24,False
CHL,SSP1,2030,33105.28,False
CHL,SSP1,2050,53412.05,False
CHL,SSP1,2100,118788.95,False
CHL,SSP2,2024,30267.64,False
CHL,SSP2,2025,31235.24,False
CHL,SSP2,2030,33003.87,False
CHL,SSP2,2050,48299.4,False
CHL,SSP2,2100,109677.05,False
CHL,SSP3,2024,30267.64,False
CHL,SSP3,2025,31235.24,False
CHL,SSP3,2030,32923.3,False
CHL,SSP3,2050,41282.93,False
CHL,SSP3,2100,51363.09,False
CHL,SSP4,2024,30267.64,False
CHL,SSP4,2025,31235.24,False
CHL,SSP4,2030,32940.81,False
CHL,SSP4,2050,51972.92,False
CHL,SSP4,2100,124260.95,False
CHL,SSP5,2024,30267.64,False
CHL,SSP5,2025,31235.24,False
CHL,SSP5,2030,33080.98,False
CHL,SSP5,2050,61325.21,False
CHL,SSP5,2100,188816.06,False
CHN,SSP1,2024,23841.48,False
CHN,SSP1,2025,25047.37,False
CHN,SSP1,2030,30355.75,False
CHN,SSP1,2050,53700.24,False
CHN,SSP1,2100,116667.7,False
CHN,SSP2,2024,23841.48,False
CHN,SSP2,2025,25047.37,False
CHN,SSP2,2030,30315.91,False
CHN,SSP2,2050,49367.28,False
CHN,SSP2,2100,108135.65,False
CHN,SSP3,2024,23841.48,False
CHN,SSP3,2025,25047.37,False
CHN,SSP3,2030,30192.97,False
CHN,SSP3,2050,42175.5,False
CHN,SSP3,2100,55943.78,False
CHN,SSP4,2024,23841.48,False
CHN,SSP4,2025,25047.37,False
CHN,SSP4,2030,30393.73,False
CHN,SSP4,2050,51085.69,False
CHN,SSP4,2100,107553.66,False
CHN,SSP5,2024,23841.48,False
CHN,SSP5,2025,25047.37,False
CHN,SSP5,2030,30470.65,False
CHN,SSP5,2050,61843.58,False
CHN,SSP5,2100,183234.19,False
CIV,SSP1,2024,6747.04,False
CIV,SSP1,2025,7024.71,False
CIV,SSP1,2030,8696.01,False
CIV,SSP1,2050,19296.95,False
CIV,SSP1,2100,75052.63,False
CIV,SSP2,2024,6747.04,False
CIV,SSP2,2025,7024.71,False
CIV,SSP2,2030,8590.56,False
CIV,SSP2,2050,16966.79,False
CIV,SSP2,2100,62152.04,False
CIV,SSP3,2024,6747.04,False
CIV,SSP3,2025,7024.71,False
CIV,SSP3,2030,8526.91,False
CIV,SSP3,2050,13931.43,False
CIV,SSP3,2100,24878.6,False
CIV,SSP4,2024,6747.04,False
CIV,SSP4,2025,7024.71,False
CIV,SSP4,2030,8547.36,False
CIV,SSP4,2050,14947.58,False
CIV,SSP4,2100,41458.55,False
CIV,SSP5,2024,6747.04,False
CIV,SSP5,2025,7024.71,False
CIV,SSP5,2030,8744.47,False
CIV,SSP5,2050,22380.77,False
CIV,SSP5,2100,121812.1,False
CMR,SSP1,2024,4916.93,False
CMR,SSP1,2025,4987.23,False
CMR,SSP1,2030,5688.26,False
CMR,SSP1,2050,12630.72,False
CMR,SSP1,2100,69062.81,False
CMR,SSP2,2024,4916.93,False
CMR,SSP2,2025,4987.23,False
CMR,SSP2,2030,5635.9,False
CMR,SSP2,2050,10892.85,False
CMR,SSP2,2100,55078.33,False
CMR,SSP3,2024,4916.93,False
CMR,SSP3,2025,4987.23,False
CMR,SSP3,2030,5602.97,False
CMR,SSP3,2050,8663.96,False
CMR,SSP3,2100,19750.06,False
CMR,SSP4,2024,4916.93,False
CMR,SSP4,2025,4987.23,False
CMR,SSP4,2030,5605.96,False
CMR,SSP4,2050,9403.09,False
CMR,SSP4,2100,36188.37,False
CMR,SSP5,2024,4916.93,False
CMR,SSP5,2025,4987.23,False
CMR,SSP5,2030,5700.02,False
CMR,SSP5,2050,14788.96,False
CMR,SSP5,2100,112957.31,False
COD,SSP1,2024,1601.71,False
COD,SSP1,2025,1648.95,False
COD,SSP1,2030,1879.36,False
COD,SSP1,2050,4882.49,False
COD,SSP1,2100,40692.51,False
COD,SSP2,2024,1601.71,False
COD,SSP2,2025,1648.95,False
COD,SSP2,2030,1836.24,False
COD,SSP2,2050,3834.5,False
COD,SSP2,2100,26108.51,False
COD,SSP3,2024,1601.71,False
COD,SSP3,2025,1648.95,False
COD,SSP3,2030,1805.86,False
COD,SSP3,2050,2868.4,False
COD,SSP3,2100,6237.67,False
COD,SSP4,2024,1601.71,False
COD,SSP4,2025,1648.95,False
COD,SSP4,2030,1806.87,False
COD,SSP4,2050,2933.23,False
COD,SSP4,2100,6863.7,False
COD,SSP5,2024,1601.71,False
COD,SSP5,2025,1648.95,False
COD,SSP5,2030,1881.31,False
COD,SSP5,2050,5795.44,False
COD,SSP5,2100,68352.47,False
COG,SSP1,2024,6152.57,False
COG,SSP1,2025,6182.66,False
COG,SSP1,2030,6789.01,False
COG,SSP1,2050,12266.23,False
COG,SSP1,2100,60360.57,False
COG,SSP2,2024,6152.57,False
COG,SSP2,2025,6182.66,False
COG,SSP2,2030,6726.17,False
COG,SSP2,2050,10592.56,False
COG,SSP2,2100,48176.76,False
COG,SSP3,2024,6152.57,False
COG,SSP3,2025,6182.66,False
COG,SSP3,2030,6705.92,False
COG,SSP3,2050,8590.76,False
COG,SSP3,2100,16594.3,False
COG,SSP4,2024,6152.57,False
COG,SSP4,2025,6182.66,False
COG,SSP4,2030,6698.45,False
COG,SSP4,2050,9289.26,False
COG,SSP4,2100,30395.22,False
COG,SSP5,2024,6152.57,False
COG,SSP5,2025,6182.66,False
COG,SSP5,2030,6782.59,False
COG,SSP5,2050,14151.06,False
COG,SSP5,2100,98546.49,False
COL,SSP1,2024,18481.84,False
COL,SSP1,2025,19216.69,False
COL,SSP1,2030,21604.6,False
COL,SSP1,2050,45066.34,False
COL,SSP1,2100,131620.61,False
COL,SSP2,2024,18481.84,False
COL,SSP2,2025,19216.69,False
COL,SSP2,2030,21457.05,False
COL,SSP2,2050,39479.8,False
COL,SSP2,2100,115347.37,False
COL,SSP3,2024,18481.84,False
COL,SSP3,2025,19216.69,False
COL,SSP3,2030,21286.23,False
COL,SSP3,2050,32212.4,False
COL,SSP3,2100,47674.9,False
COL,SSP4,2024,18481.84,False
COL,SSP4,2025,19216.69,False
COL,SSP4,2030,21355.17,False
COL,SSP4,2050,40609.32,False
COL,SSP4,2100,123298.52,False
COL,SSP5,2024,18481.84,False
COL,SSP5,2025,19216.69,False
COL,SSP5,2030,21712.67,False
COL,SSP5,2050,52872.82,False
COL,SSP5,2100,209977.76,False
COM,SSP1,2024,3556.04,False
COM,SSP1,2025,3592.93,False
COM,SSP1,2030,4126.22,False
COM,SSP1,2050,12996.84,False
COM,SSP1,2100,67848.09,False
COM,SSP2,2024,3556.04,False
COM,SSP2,2025,3592.93,False
COM,SSP2,2030,4062.66,False
COM,SSP2,2050,10412.42,False
COM,SSP2,2100,52083.0,False
COM,SSP3,2024,3556.04,False
COM,SSP3,2025,3592.93,False
COM,SSP3,2030,3991.31,False
COM,SSP3,2050,7400.57,False
COM,SSP3,2100,18320.14,False
COM,SSP4,2024,3556.04,False
COM,SSP4,2025,3592.93,False
COM,SSP4,2030,4006.65,False
COM,SSP4,2050,8407.49,False
COM,SSP4,2100,33583.08,False
COM,SSP5,2024,3556.04,False
COM,SSP5,2025,3592.93,False
COM,SSP5,2030,4170.91,False
COM,SSP5,2050,16000.06,False
COM,SSP5,2100,111121.6,False
CPV,SSP1,2024,9825.53,False
CPV,SSP1,2025,10440.75,False
CPV,SSP1,2030,12725.21,False
CPV,SSP1,2050,23990.01,False
CPV,SSP1,2100,61063.8,False
CPV,SSP2,2024,9825.53,False
CPV,SSP2,2025,10440.75,False
CPV,SSP2,2030,12623.7,False
CPV,SSP2,2050,21519.05,False
CPV,SSP2,2100,54627.61,False
CPV,SSP3,2024,9825.53,False
CPV,SSP3,2025,10440.75,False
CPV,SSP3,2030,12468.29,False
CPV,SSP3,2050,17791.89,False
CPV,SSP3,2100,25656.49,False
CPV,SSP4,2024,9825.53,False
CPV,SSP4,2025,10440.75,False
CPV,SSP4,2030,12534.55,False
CPV,SSP4,2050,19532.04,False
CPV,SSP4,2100,42902.77,False
CPV,SSP5,2024,9825.53,False
CPV,SSP5,2025,10440.75,False
CPV,SSP5,2030,12888.32,False
CPV,SSP5,2050,28605.0,False
CPV,SSP5,2100,100496.6,False
CRI,SSP1,2024,27325.05,False
CRI,SSP1,2025,28500.81,False
CRI,SSP1,2030,31954.95,False
CRI,SSP1,2050,57293.37,False
CRI,SSP1,2100,126093.11,False
CRI,SSP2,2024,27325.05,False
CRI,SSP2,2025,28500.81,False
CRI,SSP2,2030,31813.2,False
CRI,SSP2,2050,53768.51,False
CRI,SSP2,2100,118010.12,False
CRI,SSP3,2024,27325.05,False
CRI,SSP3,2025,28500.81,False
CRI,SSP3,2030,31719.72,False
CRI,SSP3,2050,49102.3,False
CRI,SSP3,2100,72340.35,False
CRI,SSP4,2024,27325.05,False
CRI,SSP4,2025,28500.81,False
CRI,SSP4,2030,31703.39,False
CRI,SSP4,2050,54205.97,False
CRI,SSP4,2100,126528.71,False
CRI,SSP5,2024,27325.05,False
CRI,SSP5,2025,28500.81,False
CRI,SSP5,2030,31890.2,False
CRI,SSP5,2050,63925.84,False
CRI,SSP5,2100,200021.73,False
CUW,SSP1,2024,28762.06,False
CUW,SSP1,2025,29509.28,False
CUW,SSP1,2030,33143.66,False
CUW,SSP1,2050,61914.27,False
CUW,SSP1,2100,216701.86,False
CUW,SSP2,2024,28762.06,False
CUW,SSP2,2025,29507.24,False
CUW,SSP2,2030,32951.84,False
CUW,SSP2,2050,54115.95,False
CUW,SSP2,2100,191519.02,False
CUW,SSP3,2024,28762.06,False
CUW,SSP3,2025,29476.82,False
CUW,SSP3,2030,32534.97,False
CUW,SSP3,2050,41997.85,False
CUW,SSP3,2100,81553.35,False
CUW,SSP4,2024,28762.06,False
CUW,SSP4,2025,29504.6,False
CUW,SSP4,2030,32947.15,False
CUW,SSP4,2050,59042.85,False
CUW,SSP4,2100,204192.99,False
CUW,SSP5,2024,28762.06,False
CUW,SSP5,2025,29536.89,False
CUW,SSP5,2030,33048.75,False
CUW,SSP5,2050,71931.9,False
CUW,SSP5,2100,361693.71,False
CYP,SSP1,2024,52861.84,False
CYP,SSP1,2025,54547.83,False
CYP,SSP1,2030,61410.61,False
CYP,SSP1,2050,92495.03,False
CYP,SSP1,2100,190359.73,False
CYP,SSP2,2024,52861.84,False
CYP,SSP2,2025,54547.83,False
CYP,SSP2,2030,61412.37,False
CYP,SSP2,2050,86647.09,False
CYP,SSP2,2100,170894.18,False
CYP,SSP3,2024,52861.84,False
CYP,SSP3,2025,54547.83,False
CYP,SSP3,2030,61776.6,False
CYP,SSP3,2050,76953.19,False
CYP,SSP3,2100,92482.27,False
CYP,SSP4,2024,52861.84,False
CYP,SSP4,2025,54547.83,False
CYP,SSP4,2030,61730.58,False
CYP,SSP4,2050,92569.2,False
CYP,SSP4,2100,178935.1,False
CYP,SSP5,2024,52861.84,False
CYP,SSP5,2025,54547.83,False
CYP,SSP5,2030,60402.29,False
CYP,SSP5,2050,100045.68,False
CYP,SSP5,2100,294753.14,False
CZE,SSP1,2024,47972.53,False
CZE,SSP1,2025,48569.72,False
CZE,SSP1,2030,53329.48,False
CZE,SSP1,2050,75404.7,False
CZE,SSP1,2100,122837.05,False
CZE,SSP2,2024,47972.53,False
CZE,SSP2,2025,48569.72,False
CZE,SSP2,2030,53347.31,False
CZE,SSP2,2050,71161.54,False
CZE,SSP2,2100,115398.8,False
CZE,SSP3,2024,47972.53,False
CZE,SSP3,2025,48569.72,False
CZE,SSP3,2030,53290.15,False
CZE,SSP3,2050,60952.25,False
CZE,SSP3,2100,61768.18,False
CZE,SSP4,2024,47972.53,False
CZE,SSP4,2025,48569.72,False
CZE,SSP4,2030,53653.07,False
CZE,SSP4,2050,75285.1,False
CZE,SSP4,2100,113590.83,False
CZE,SSP5,2024,47972.53,False
CZE,SSP5,2025,48569.72,False
CZE,SSP5,2030,53249.34,False
CZE,SSP5,2050,84524.99,False
CZE,SSP5,2100,189370.91,False
DEU,SSP1,2024,62654.6,False
DEU,SSP1,2025,63451.09,False
DEU,SSP1,2030,67207.39,False
DEU,SSP1,2050,91228.12,False
DEU,SSP1,2100,144718.96,False
DEU,SSP2,2024,62654.6,False
DEU,SSP2,2025,63451.09,False
DEU,SSP2,2030,67270.7,False
DEU,SSP2,2050,85957.32,False
DEU,SSP2,2100,130760.04,False
DEU,SSP3,2024,62654.6,False
DEU,SSP3,2025,63451.09,False
DEU,SSP3,2030,67388.92,False
DEU,SSP3,2050,76012.92,False
DEU,SSP3,2100,72387.04,False
DEU,SSP4,2024,62654.6,False
DEU,SSP4,2025,63451.09,False
DEU,SSP4,2030,67634.86,False
DEU,SSP4,2050,91341.54,False
DEU,SSP4,2100,133177.26,False
DEU,SSP5,2024,62654.6,False
DEU,SSP5,2025,63451.09,False
DEU,SSP5,2030,66785.89,False
DEU,SSP5,2050,100650.33,False
DEU,SSP5,2100,223175.13,False
DJI,SSP1,2024,6871.12,False
DJI,SSP1,2025,7111.4,False
DJI,SSP1,2030,8918.73,False
DJI,SSP1,2050,20681.1,False
DJI,SSP1,2100,68700.93,False
DJI,SSP2,2024,6871.12,False
DJI,SSP2,2025,7111.4,False
DJI,SSP2,2030,8826.83,False
DJI,SSP2,2050,18998.2,False
DJI,SSP2,2100,60735.21,False
DJI,SSP3,2024,6871.12,False
DJI,SSP3,2025,7111.4,False
DJI,SSP3,2030,8756.02,False
DJI,SSP3,2050,15954.53,False
DJI,SSP3,2100,29622.15,False
DJI,SSP4,2024,6871.12,False
DJI,SSP4,2025,7111.4,False
DJI,SSP4,2030,8760.7,False
DJI,SSP4,2050,17500.59,False
DJI,SSP4,2100,50790.32,False
DJI,SSP5,2024,6871.12,False
DJI,SSP5,2025,7111.4,False
DJI,SSP5,2030,8922.38,False
DJI,SSP5,2050,23468.92,False
DJI,SSP5,2100,108338.82,False
DNK,SSP1,2024,71034.58,False
DNK,SSP1,2025,72709.58,False
DNK,SSP1,2030,76903.93,False
DNK,SSP1,2050,99466.29,False
DNK,SSP1,2100,145162.14,False
DNK,SSP2,2024,71034.58,False
DNK,SSP2,2025,72709.58,False
DNK,SSP2,2030,76923.7,False
DNK,SSP2,2050,94996.8,False
DNK,SSP2,2100,134339.51,False
DNK,SSP3,2024,71034.58,False
DNK,SSP3,2025,72709.58,False
DNK,SSP3,2030,76898.0,False
DNK,SSP3,2050,83572.8,False
DNK,SSP3,2100,71792.09,False
DNK,SSP4,2024,71034.58,False
DNK,SSP4,2025,72709.58,False
DNK,SSP4,2030,77407.4,False
DNK,SSP4,2050,99269.69,False
DNK,SSP4,2100,131888.42,False
DNK,SSP5,2024,71034.58,False
DNK,SSP5,2025,72709.58,False
DNK,SSP5,2030,76546.45,False
DNK,SSP5,2050,109698.21,False
DNK,SSP5,2100,223612.86,False
DOM,SSP1,2024,24229.89,False
DOM,SSP1,2025,25419.78,False
DOM,SSP1,2030,31273.85,False
DOM,SSP1,2050,62179.88,False
DOM,SSP1,2100,154504.01,False
DOM,SSP2,2024,24229.89,False
DOM,SSP2,2025,25419.78,False
DOM,SSP2,2030,31008.61,False
DOM,SSP2,2050,54508.88,False
DOM,SSP2,2100,132866.06,False
DOM,SSP3,2024,24229.89,False
DOM,SSP3,2025,25419.78,False
DOM,SSP3,2030,30635.25,False
DOM,SSP3,2050,43947.97,False
DOM,SSP3,2100,57923.16,False
DOM,SSP4,2024,24229.89,False
DOM,SSP4,2025,25419.78,False
DOM,SSP4,2030,30806.03,False
DOM,SSP4,2050,55328.84,False
DOM,SSP4,2100,139127.03,False
DOM,SSP5,2024,24229.89,False
DOM,SSP5,2025,25419.78,False
DOM,SSP5,2030,31570.59,False
DOM,SSP5,2050,73542.4,False
DOM,SSP5,2100,248794.33,False
DZA,SSP1,2024,15501.92,False
DZA,SSP1,2025,15743.12,False
DZA,SSP1,2030,16307.91,False
DZA,SSP1,2050,25024.22,False
DZA,SSP1,2100,107634.03,False
DZA,SSP2,2024,15501.92,False
DZA,SSP2,2025,15743.12,False
DZA,SSP2,2030,16192.06,False
DZA,SSP2,2050,21403.92,False
DZA,SSP2,2100,80549.24,False
DZA,SSP3,2024,15501.92,False
DZA,SSP3,2025,15743.12,False
DZA,SSP3,2030,16093.44,False
DZA,SSP3,2050,16866.4,False
DZA,SSP3,2100,21122.51,False
DZA,SSP4,2024,15501.92,False
DZA,SSP4,2025,15743.12,False
DZA,SSP4,2030,16115.15,False
DZA,SSP4,2050,18551.79,False
DZA,SSP4,2100,44731.36,False
DZA,SSP5,2024,15501.92,False
DZA,SSP5,2025,15743.12,False
DZA,SSP5,2030,16346.99,False
DZA,SSP5,2050,29648.87,False
DZA,SSP5,2100,179484.73,False
ECU,SSP1,2024,13922.42,False
ECU,SSP1,2025,14119.36,False
ECU,SSP1,2030,15490.75,False
ECU,SSP1,2050,27910.93,False
ECU,SSP1,2100,90624.74,False
ECU,SSP2,2024,13922.42,False
ECU,SSP2,2025,14119.36,False
ECU,SSP2,2030,15374.93,False
ECU,SSP2,2050,24336.61,False
ECU,SSP2,2100,78453.28,False
ECU,SSP3,2024,13922.42,False
ECU,SSP3,2025,14119.36,False
ECU,SSP3,2030,15245.58,False
ECU,SSP3,2050,19649.86,False
ECU,SSP3,2100,30028.89,False
ECU,SSP4,2024,13922.42,False
ECU,SSP4,2025,14119.36,False
ECU,SSP4,2030,15268.96,False
ECU,SSP4,2050,24868.81,False
ECU,SSP4,2100,84264.75,False
ECU,SSP5,2024,13922.42,False
ECU,SSP5,2025,14119.36,False
ECU,SSP5,2030,15558.66,False
ECU,SSP5,2050,32918.74,False
ECU,SSP5,2100,146581.64,False
EGY,SSP1,2024,16798.15,False
EGY,SSP1,2025,17263.42,False
EGY,SSP1,2030,21439.89,False
EGY,SSP1,2050,54648.86,False
EGY,SSP1,2100,196423.15,False
EGY,SSP2,2024,16798.15,False
EGY,SSP2,2025,17263.42,False
EGY,SSP2,2030,21200.45,False
EGY,SSP2,2050,44307.82,False
EGY,SSP2,2100,154697.61,False
EGY,SSP3,2024,16798.15,False
EGY,SSP3,2025,17263.42,False
EGY,SSP3,2030,20970.9,False
EGY,SSP3,2050,32692.08,False
EGY,SSP3,2100,50914.13,False
EGY,SSP4,2024,16798.15,False
EGY,SSP4,2025,17263.42,False
EGY,SSP4,2030,20994.64,False
EGY,SSP4,2050,36510.6,False
EGY,SSP4,2100,94523.46,False
EGY,SSP5,2024,16798.15,False
EGY,SSP5,2025,17263.42,False
EGY,SSP5,2030,21507.41,False
EGY,SSP5,2050,65333.43,False
EGY,SSP5,2100,316012.79,False
ESP,SSP1,2024,48460.29,False
ESP,SSP1,2025,50137.26,False
ESP,SSP1,2030,53397.18,False
ESP,SSP1,2050,78225.8,False
ESP,SSP1,2100,143340.51,False
ESP,SSP2,2024,48460.29,False
ESP,SSP2,2025,50137.26,False
ESP,SSP2,2030,53449.74,False
ESP,SSP2,2050,73300.61,False
ESP,SSP2,2100,125552.64,False
ESP,SSP3,2024,48460.29,False
ESP,SSP3,2025,50137.26,False
ESP,SSP3,2030,53771.69,False
ESP,SSP3,2050,66056.41,False
ESP,SSP3,2100,70590.12,False
ESP,SSP4,2024,48460.29,False
ESP,SSP4,2025,50137.26,False
ESP,SSP4,2030,53670.03,False
ESP,SSP4,2050,77919.64,False
ESP,SSP4,2100,128098.05,False
ESP,SSP5,2024,48460.29,False
ESP,SSP5,2025,50137.26,False
ESP,SSP5,2030,52651.88,False
ESP,SSP5,2050,84664.51,False
ESP,SSP5,2100,219988.65,False
EST,SSP1,2024,41185.83,False
EST,SSP1,2025,41654.64,False
EST,SSP1,2030,50674.43,False
EST,SSP1,2050,71880.28,False
EST,SSP1,2100,95411.78,False
EST,SSP2,2024,41185.83,False
EST,SSP2,2025,41654.64,False
EST,SSP2,2030,50622.62,False
EST,SSP2,2050,68886.51,False
EST,SSP2,2100,92303.85,False
EST,SSP3,2024,41185.83,False
EST,SSP3,2025,41654.64,False
EST,SSP3,2030,50252.23,False
EST,SSP3,2050,58145.64,False
EST,SSP3,2100,49114.37,False
EST,SSP4,2024,41185.83,False
EST,SSP4,2025,41654.64,False
EST,SSP4,2030,50990.84,False
EST,SSP4,2050,71994.25,False
EST,SSP4,2100,89681.97,False
EST,SSP5,2024,41185.83,False
EST,SSP5,2025,41654.64,False
EST,SSP5,2030,51125.93,False
EST,SSP5,2050,81244.68,False
EST,SSP5,2100,144792.34,False
ETH,SSP1,2024,2892.22,False
ETH,SSP1,2025,2998.7,False
ETH,SSP1,2030,3818.54,False
ETH,SSP1,2050,10748.96,False
ETH,SSP1,2100,65927.86,False
ETH,SSP2,2024,2892.22,False
ETH,SSP2,2025,2998.7,False
ETH,SSP2,2030,3740.56,False
ETH,SSP2,2050,8580.07,False
ETH,SSP2,2100,46468.88,False
ETH,SSP3,2024,2892.22,False
ETH,SSP3,2025,2998.7,False
ETH,SSP3,2030,3687.8,False
ETH,SSP3,2050,6313.05,False
ETH,SSP3,2100,11812.52,False
ETH,SSP4,2024,2892.22,False
ETH,SSP4,2025,2998.7,False
ETH,SSP4,2030,3685.82,False
ETH,SSP4,2050,6388.5,False
ETH,SSP4,2100,12648.51,False
ETH,SSP5,2024,2892.22,False
ETH,SSP5,2025,2998.7,False
ETH,SSP5,2030,3822.65,False
ETH,SSP5,2050,12791.39,False
ETH,SSP5,2100,108919.9,False
FIN,SSP1,2024,55901.32,False
FIN,SSP1,2025,56705.06,False
FIN,SSP1,2030,61178.26,False
FIN,SSP1,2050,81439.85,False
FIN,SSP1,2100,134216.2,False
FIN,SSP2,2024,55901.32,False
FIN,SSP2,2025,56705.06,False
FIN,SSP2,2030,61229.99,False
FIN,SSP2,2050,76938.32,False
FIN,SSP2,2100,121133.78,False
FIN,SSP3,2024,55901.32,False
FIN,SSP3,2025,56705.06,False
FIN,SSP3,2030,61287.79,False
FIN,SSP3,2050,67848.97,False
FIN,SSP3,2100,66396.06,False
FIN,SSP4,2024,55901.32,False
FIN,SSP4,2025,56705.06,False
FIN,SSP4,2030,61557.06,False
FIN,SSP4,2050,81140.73,False
FIN,SSP4,2100,119290.79,False
FIN,SSP5,2024,55901.32,False
FIN,SSP5,2025,56705.06,False
FIN,SSP5,2030,60927.82,False
FIN,SSP5,2050,89999.73,False
FIN,SSP5,2100,204633.37,False
FJI,SSP1,2024,13592.46,False
FJI,SSP1,2025,14298.4,False
FJI,SSP1,2030,16636.33,False
FJI,SSP1,2050,34965.28,False
FJI,SSP1,2100,127045.59,False
FJI,SSP2,2024,13592.46,False
FJI,SSP2,2025,14298.4,False
FJI,SSP2,2030,16507.33,False
FJI,SSP2,2050,30492.88,False
FJI,SSP2,2100,111398.7,False
FJI,SSP3,2024,13592.46,False
FJI,SSP3,2025,14298.4,False
FJI,SSP3,2030,16152.09,False
FJI,SSP3,2050,23214.84,False
FJI,SSP3,2100,47088.52,False
FJI,SSP4,2024,13592.46,False
FJI,SSP4,2025,14298.4,False
FJI,SSP4,2030,16401.27,False
FJI,SSP4,2050,30811.82,False
FJI,SSP4,2100,112244.41,False
FJI,SSP5,2024,13592.46,False
FJI,SSP5,2025,14298.4,False
FJI,SSP5,2030,17149.87,False
FJI,SSP5,2050,44083.0,False
FJI,SSP5,2100,205940.8,False
FRA,SSP1,2024,54799.35,False
FRA,SSP1,2025,55958.34,False
FRA,SSP1,2030,59858.73,False
FRA,SSP1,2050,77891.64,False
FRA,SSP1,2100,131718.65,False
FRA,SSP2,2024,54799.35,False
FRA,SSP2,2025,55958.34,False
FRA,SSP2,2030,59847.01,False
FRA,SSP2,2050,73432.15,False
FRA,SSP2,2100,115328.31,False
FRA,SSP3,2024,54799.35,False
FRA,SSP3,2025,55958.34,False
FRA,SSP3,2030,59755.05,False
FRA,SSP3,2050,65610.39,False
FRA,SSP3,2100,65352.27,False
FRA,SSP4,2024,54799.35,False
FRA,SSP4,2025,55958.34,False
FRA,SSP4,2030,60199.23,False
FRA,SSP4,2050,77666.68,False
FRA,SSP4,2100,117489.45,False
FRA,SSP5,2024,54799.35,False
FRA,SSP5,2025,55958.34,False
FRA,SSP5,2030,59727.67,False
FRA,SSP5,2050,86256.0,False
FRA,SSP5,2100,204450.84,False
FSM,SSP1,2024,3911.27,False
FSM,SSP1,2025,3926.95,False
FSM,SSP1,2030,4095.03,False
FSM,SSP1,2050,11088.24,False
FSM,SSP1,2100,114969.59,False
FSM,SSP2,2024,3911.27,False
FSM,SSP2,2025,3926.95,False
FSM,SSP2,2030,4061.54,False
FSM,SSP2,2050,8760.45,False
FSM,SSP2,2100,91626.74,False
FSM,SSP3,2024,3911.27,False
FSM,SSP3,2025,3926.95,False
FSM,SSP3,2030,3955.13,False
FSM,SSP3,2050,5742.47,False
FSM,SSP3,2100,24362.44,False
FSM,SSP4,2024,3911.27,False
FSM,SSP4,2025,3926.95,False
FSM,SSP4,2030,4024.75,False
FSM,SSP4,2050,6925.18,False
FSM,SSP4,2100,55652.42,False
FSM,SSP5,2024,3911.27,False
FSM,SSP5,2025,3926.95,False
FSM,SSP5,2030,4253.49,False
FSM,SSP5,2050,14577.98,False
FSM,SSP5,2100,189727.38,False
GAB,SSP1,2024,18923.66,False
GAB,SSP1,2025,18997.52,False
GAB,SSP1,2030,20363.34,False
GAB,SSP1,2050,32773.5,False
GAB,SSP1,2100,87299.14,False
GAB,SSP2,2024,18923.66,False
GAB,SSP2,2025,18997.52,False
GAB,SSP2,2030,20256.94,False
GAB,SSP2,2050,30026.31,False
GAB,SSP2,2100,78173.62,False
GAB,SSP3,2024,18923.66,False
GAB,SSP3,2025,18997.52,False
GAB,SSP3,2030,20244.01,False
GAB,SSP3,2050,25948.94,False
GAB,SSP3,2100,37429.19,False
GAB,SSP4,2024,18923.66,False
GAB,SSP4,2025,18997.52,False
GAB,SSP4,2030,20208.57,False
GAB,SSP4,2050,29516.0,False
GAB,SSP4,2100,75190.36,False
GAB,SSP5,2024,18923.66,False
GAB,SSP5,2025,18997.52,False
GAB,SSP5,2030,20289.14,False
GAB,SSP5,2050,36940.45,False
GAB,SSP5,2100,137920.8,False
GBR,SSP1,2024,53412.06,False
GBR,SSP1,2025,54886.6,False
GBR,SSP1,2030,59042.54,False
GBR,SSP1,2050,89019.57,False
GBR,SSP1,2100,169924.83,False
GBR,SSP2,2024,53412.06,False
GBR,SSP2,2025,54886.6,False
GBR,SSP2,2030,59038.38,False
GBR,SSP2,2050,81546.54,False
GBR,SSP2,2100,147083.98,False
GBR,SSP3,2024,53412.06,False
GBR,SSP3,2025,54886.6,False
GBR,SSP3,2030,59099.17,False
GBR,SSP3,2050,70167.81,False
GBR,SSP3,2100,72834.48,False
GBR,SSP4,2024,53412.06,False
GBR,SSP4,2025,54886.6,False
GBR,SSP4,2030,59389.06,False
GBR,SSP4,2050,89270.64,False
GBR,SSP4,2100,156902.22,False
GBR,SSP5,2024,53412.06,False
GBR,SSP5,2025,54886.6,False
GBR,SSP5,2030,58605.26,False
GBR,SSP5,2050,98868.47,False
GBR,SSP5,2100,261746.33,False
GEO,SSP1,2024,24146.62,False
GEO,SSP1,2025,26121.65,False
GEO,SSP1,2030,35651.11,False
GEO,SSP1,2050,79360.47,False
GEO,SSP1,2100,136695.06,False
GEO,SSP2,2024,24146.62,False
GEO,SSP2,2025,26121.65,False
GEO,SSP2,2030,35566.73,False
GEO,SSP2,2050,71855.74,False
GEO,SSP2,2100,126318.25,False
GEO,SSP3,2024,24146.62,False
GEO,SSP3,2025,26121.65,False
GEO,SSP3,2030,34686.66,False
GEO,SSP3,2050,55325.52,False
GEO,SSP3,2100,69438.98,False
GEO,SSP4,2024,24146.62,False
GEO,SSP4,2025,26121.65,False
GEO,SSP4,2030,35799.9,False
GEO,SSP4,2050,76173.14,False
GEO,SSP4,2100,126059.7,False
GEO,SSP5,2024,24146.62,False
GEO,SSP5,2025,26121.65,False
GEO,SSP5,2030,37323.59,False
GEO,SSP5,2050,101199.6,False
GEO,SSP5,2100,214214.25,False
GHA,SSP1,2024,7072.8,False
GHA,SSP1,2025,7158.87,False
GHA,SSP1,2030,8487.04,False
GHA,SSP1,2050,18316.89,False
GHA,SSP1,2100,82092.04,False
GHA,SSP2,2024,7072.8,False
GHA,SSP2,2025,7158.87,False
GHA,SSP2,2030,8363.31,False
GHA,SSP2,2050,15211.82,False
GHA,SSP2,2100,59811.68,False
GHA,SSP3,2024,7072.8,False
GHA,SSP3,2025,7158.87,False
GHA,SSP3,2030,8265.5,False
GHA,SSP3,2050,11959.19,False
GHA,SSP3,2100,19296.17,False
GHA,SSP4,2024,7072.8,False
GHA,SSP4,2025,7158.87,False
GHA,SSP4,2030,8270.28,False
GHA,SSP4,2050,12951.38,False
GHA,SSP4,2100,35170.26,False
GHA,SSP5,2024,7072.8,False
GHA,SSP5,2025,7158.87,False
GHA,SSP5,2030,8502.41,False
GHA,SSP5,2050,21415.83,False
GHA,SSP5,2100,134006.52,False
GIN,SSP1,2024,4016.34,False
GIN,SSP1,2025,4133.56,False
GIN,SSP1,2030,4982.42,False
GIN,SSP1,2050,13829.47,False
GIN,SSP1,2100,85336.67,False
GIN,SSP2,2024,4016.34,False
GIN,SSP2,2025,4133.56,False
GIN,SSP2,2030,4898.19,False
GIN,SSP2,2050,11573.52,False
GIN,SSP2,2100,61269.68,False
GIN,SSP3,2024,4016.34,False
GIN,SSP3,2025,4133.56,False
GIN,SSP3,2030,4818.08,False
GIN,SSP3,2050,9041.46,False
GIN,SSP3,2100,18583.23,False
GIN,SSP4,2024,4016.34,False
GIN,SSP4,2025,4133.56,False
GIN,SSP4,2030,4835.43,False
GIN,SSP4,2050,9318.94,False
GIN,SSP4,2100,20825.2,False
GIN,SSP5,2024,4016.34,False
GIN,SSP5,2025,4133.56,False
GIN,SSP5,2030,5017.74,False
GIN,SSP5,2050,16358.95,False
GIN,SSP5,2100,141712.11,False
GMB,SSP1,2024,3057.68,False
GMB,SSP1,2025,3155.37,False
GMB,SSP1,2030,3746.27,False
GMB,SSP1,2050,9013.78,False
GMB,SSP1,2100,50817.39,False
GMB,SSP2,2024,3057.68,False
GMB,SSP2,2025,3155.37,False
GMB,SSP2,2030,3690.74,False
GMB,SSP2,2050,7541.7,False
GMB,SSP2,2100,36360.38,False
GMB,SSP3,2024,3057.68,False
GMB,SSP3,2025,3155.37,False
GMB,SSP3,2030,3637.77,False
GMB,SSP3,2050,5921.95,False
GMB,SSP3,2100,11023.14,False
GMB,SSP4,2024,3057.68,False
GMB,SSP4,2025,3155.37,False
GMB,SSP4,2030,3643.74,False
GMB,SSP4,2050,6071.71,False
GMB,SSP4,2100,12431.54,False
GMB,SSP5,2024,3057.68,False
GMB,SSP5,2025,3155.37,False
GMB,SSP5,2030,3758.78,False
GMB,SSP5,2050,10603.02,False
GMB,SSP5,2100,84073.83,False
GNB,SSP1,2024,2717.54,False
GNB,SSP1,2025,2794.33,False
GNB,SSP1,2030,3252.67,False
GNB,SSP1,2050,7302.83,False
GNB,SSP1,2100,47993.98,False
GNB,SSP2,2024,2717.54,False
GNB,SSP2,2025,2794.33,False
GNB,SSP2,2030,3226.33,False
GNB,SSP2,2050,6222.38,False
GNB,SSP2,2100,35212.72,False
GNB,SSP3,2024,2717.54,False
GNB,SSP3,2025,2794.33,False
GNB,SSP3,2030,3210.05,False
GNB,SSP3,2050,4924.73,False
GNB,SSP3,2100,9458.82,False
GNB,SSP4,2024,2717.54,False
GNB,SSP4,2025,2794.33,False
GNB,SSP4,2030,3217.94,False
GNB,SSP4,2050,5056.51,False
GNB,SSP4,2100,10644.04,False
GNB,SSP5,2024,2717.54,False
GNB,SSP5,2025,2794.33,False
GNB,SSP5,2030,3267.08,False
GNB,SSP5,2050,8661.44,False
GNB,SSP5,2100,80242.56,False
GNQ,SSP1,2024,14997.76,False
GNQ,SSP1,2025,14238.68,False
GNQ,SSP1,2030,12475.7,False
GNQ,SSP1,2050,20638.34,False
GNQ,SSP1,2100,81087.2,False
GNQ,SSP2,2024,14997.76,False
GNQ,SSP2,2025,14238.68,False
GNQ,SSP2,2030,12375.84,False
GNQ,SSP2,2050,17963.16,False
GNQ,SSP2,2100,63237.12,False
GNQ,SSP3,2024,14997.76,False
GNQ,SSP3,2025,14238.68,False
GNQ,SSP3,2030,12413.28,False
GNQ,SSP3,2050,14863.54,False
GNQ,SSP3,2100,23423.57,False
GNQ,SSP4,2024,14997.76,False
GNQ,SSP4,2025,14238.68,False
GNQ,SSP4,2030,12338.52,False
GNQ,SSP4,2050,17739.97,False
GNQ,SSP4,2100,61796.06,False
GNQ,SSP5,2024,14997.76,False
GNQ,SSP5,2025,14238.68,False
GNQ,SSP5,2030,12317.7,False
GNQ,SSP5,2050,23398.27,False
GNQ,SSP5,2100,130273.28,False
GRC,SSP1,2024,37474.28,False
GRC,SSP1,2025,39179.69,False
GRC,SSP1,2030,43980.67,False
GRC,SSP1,2050,64307.7,False
GRC,SSP1,2100,107340.55,False
GRC,SSP2,2024,37474.28,False
GRC,SSP2,2025,39179.69,False
GRC,SSP2,2030,44029.11,False
GRC,SSP2,2050,61652.86,False
GRC,SSP2,2100,102217.08,False
GRC,SSP3,2024,37474.28,False
GRC,SSP3,2025,39179.69,False
GRC,SSP3,2030,44057.3,False
GRC,SSP3,2050,55253.32,False
GRC,SSP3,2100,58761.18,False
GRC,SSP4,2024,37474.28,False
GRC,SSP4,2025,39179.69,False
GRC,SSP4,2030,44240.65,False
GRC,SSP4,2050,64365.45,False
GRC,SSP4,2100,100025.31,False
GRC,SSP5,2024,37474.28,False
GRC,SSP5,2025,39179.69,False
GRC,SSP5,2030,43874.38,False
GRC,SSP5,2050,71309.15,False
GRC,SSP5,2100,165209.99,False
GRD,SSP1,2024,17484.52,False
GRD,SSP1,2025,18170.24,False
GRD,SSP1,2030,20783.87,False
GRD,SSP1,2050,41104.32,False
GRD,SSP1,2100,136633.33,False
GRD,SSP2,2024,17484.52,False
GRD,SSP2,2025,18170.24,False
GRD,SSP2,2030,20652.75,False
GRD,SSP2,2050,34492.77,False
GRD,SSP2,2100,109161.94,False
GRD,SSP3,2024,17484.52,False
GRD,SSP3,2025,18170.24,False
GRD,SSP3,2030,20400.27,False
GRD,SSP3,2050,25960.1,False
GRD,SSP3,2100,33188.8,False
GRD,SSP4,2024,17484.52,False
GRD,SSP4,2025,18170.24,False
GRD,SSP4,2030,20573.81,False
GRD,SSP4,2050,36012.44,False
GRD,SSP4,2100,119863.17,False
GRD,SSP5,2024,17484.52,False
GRD,SSP5,2025,18170.24,False
GRD,SSP5,2030,21101.48,False
GRD,SSP5,2050,50865.45,False
GRD,SSP5,2100,226291.1,False
GTM,SSP1,2024,12643.98,False
GTM,SSP1,2025,13015.9,False
GTM,SSP1,2030,14793.2,False
GTM,SSP1,2050,29054.92,False
GTM,SSP1,2100,98805.53,False
GTM,SSP2,2024,12643.98,False
GTM,SSP2,2025,13015.9,False
GTM,SSP2,2030,14618.31,False
GTM,SSP2,2050,25603.29,False
GTM,SSP2,2100,82038.52,False
GTM,SSP3,2024,12643.98,False
GTM,SSP3,2025,13015.9,False
GTM,SSP3,2030,14435.05,False
GTM,SSP3,2050,21417.69,False
GTM,SSP3,2100,34841.11,False
GTM,SSP4,2024,12643.98,False
GTM,SSP4,2025,13015.9,False
GTM,SSP4,2030,14482.76,False
GTM,SSP4,2050,25378.04,False
GTM,SSP4,2100,83099.24,False
GTM,SSP5,2024,12643.98,False
GTM,SSP5,2025,13015.9,False
GTM,SSP5,2030,14897.99,False
GTM,SSP5,2050,34118.18,False
GTM,SSP5,2100,161128.08,False
GUY,SSP1,2024,70516.7,False
GUY,SSP1,2025,92920.26,False
GUY,SSP1,2030,192611.18,False
GUY,SSP1,2050,464750.77,False
GUY,SSP1,2100,271716.89,False
GUY,SSP2,2024,70516.7,False
GUY,SSP2,2025,92920.26,False
GUY,SSP2,2030,190100.7,False
GUY,SSP2,2050,464873.13,False
GUY,SSP2,2100,260419.21,False
GUY,SSP3,2024,70516.7,False
GUY,SSP3,2025,92920.26,False
GUY,SSP3,2030,183767.99,False
GUY,SSP3,2050,410074.17,False
GUY,SSP3,2100,131802.06,False
GUY,SSP4,2024,70516.7,False
GUY,SSP4,2025,92920.26,False
GUY,SSP4,2030,189093.46,False
GUY,SSP4,2050,442044.09,False
GUY,SSP4,2100,244775.05,False
GUY,SSP5,2024,70516.7,False
GUY,SSP5,2025,92920.26,False
GUY,SSP5,2030,202112.92,False
GUY,SSP5,2050,544671.46,False
GUY,SSP5,2100,428830.96,False
HKG,SSP1,2024,66186.04,False
HKG,SSP1,2025,67830.78,False
HKG,SSP1,2030,76265.66,False
HKG,SSP1,2050,84316.5,False
HKG,SSP1,2100,92707.89,False
HKG,SSP2,2024,66186.04,False
HKG,SSP2,2025,67830.78,False
HKG,SSP2,2030,76364.23,False
HKG,SSP2,2050,84917.98,False
HKG,SSP2,2100,90808.86,False
HKG,SSP3,2024,66186.04,False
HKG,SSP3,2025,67830.78,False
HKG,SSP3,2030,76669.6,False
HKG,SSP3,2050,81682.25,False
HKG,SSP3,2100,56686.97,False
HKG,SSP4,2024,66186.04,False
HKG,SSP4,2025,67830.78,False
HKG,SSP4,2030,76639.99,False
HKG,SSP4,2050,84336.67,False
HKG,SSP4,2100,88441.12,False
HKG,SSP5,2024,66186.04,False
HKG,SSP5,2025,67830.78,False
HKG,SSP5,2030,75572.88,False
HKG,SSP5,2050,89123.46,False
HKG,SSP5,2100,136893.92,False
HND,SSP1,2024,6590.84,False
HND,SSP1,2025,6827.43,False
HND,SSP1,2030,7774.88,False
HND,SSP1,2050,18209.21,False
HND,SSP1,2100,97661.33,False
HND,SSP2,2024,6590.84,False
HND,SSP2,2025,6827.43,False
HND,SSP2,2030,7694.66,False
HND,SSP2,2050,15137.76,False
HND,SSP2,2100,77870.04,False
HND,SSP3,2024,6590.84,False
HND,SSP3,2025,6827.43,False
HND,SSP3,2030,7614.77,False
HND,SSP3,2050,11354.05,False
HND,SSP3,2100,20670.03,False
HND,SSP4,2024,6590.84,False
HND,SSP4,2025,6827.43,False
HND,SSP4,2030,7625.62,False
HND,SSP4,2050,12756.8,False
HND,SSP4,2100,44533.37,False
HND,SSP5,2024,6590.84,False
HND,SSP5,2025,6827.43,False
HND,SSP5,2030,7806.7,False
HND,SSP5,2050,22044.15,False
HND,SSP5,2100,161235.39,False
HRV,SSP1,2024,42828.8,False
HRV,SSP1,2025,45434.88,False
HRV,SSP1,2030,53305.27,False
HRV,SSP1,2050,75814.49,False
HRV,SSP1,2100,116323.09,False
HRV,SSP2,2024,42828.8,False
HRV,SSP2,2025,45434.88,False
HRV,SSP2,2030,53385.7,False
HRV,SSP2,2050,72438.42,False
HRV,SSP2,2100,107662.08,False
HRV,SSP3,2024,42828.8,False
HRV,SSP3,2025,45434.88,False
HRV,SSP3,2030,53078.25,False
HRV,SSP3,2050,64281.92,False
HRV,SSP3,2100,65827.46,False
HRV,SSP4,2024,42828.8,False
HRV,SSP4,2025,45434.88,False
HRV,SSP4,2030,53682.99,False
HRV,SSP4,2050,76573.0,False
HRV,SSP4,2100,112303.61,False
HRV,SSP5,2024,42828.8,False
HRV,SSP5,2025,45434.88,False
HRV,SSP5,2030,53938.02,False
HRV,SSP5,2050,86660.16,False
HRV,SSP5,2100,178256.02,False
HTI,SSP1,2024,2783.79,False
HTI,SSP1,2025,2734.76,False
HTI,SSP1,2030,2906.18,False
HTI,SSP1,2050,8335.73,False
HTI,SSP1,2100,82358.66,False
HTI,SSP2,2024,2783.79,False
HTI,SSP2,2025,2734.76,False
HTI,SSP2,2030,2875.36,False
HTI,SSP2,2050,6454.18,False
HTI,SSP2,2100,55098.77,False
HTI,SSP3,2024,2783.79,False
HTI,SSP3,2025,2734.76,False
HTI,SSP3,2030,2841.96,False
HTI,SSP3,2050,4407.44,False
HTI,SSP3,2100,8066.85,False
HTI,SSP4,2024,2783.79,False
HTI,SSP4,2025,2734.76,False
HTI,SSP4,2030,2849.6,False
HTI,SSP4,2050,5085.33,False
HTI,SSP4,2100,23110.04,False
HTI,SSP5,2024,2783.79,False
HTI,SSP5,2025,2734.76,False
HTI,SSP5,2030,2922.78,False
HTI,SSP5,2050,10458.99,False
HTI,SSP5,2100,139079.91,False
HUN,SSP1,2024,40747.2,False
HUN,SSP1,2025,42207.12,False
HUN,SSP1,2030,48898.67,False
HUN,SSP1,2050,72085.2,False
HUN,SSP1,2100,105518.22,False
HUN,SSP2,2024,40747.2,False
HUN,SSP2,2025,42207.12,False
HUN,SSP2,2030,48906.46,False
HUN,SSP2,2050,69090.62,False
HUN,SSP2,2100,102553.24,False
HUN,SSP3,2024,40747.2,False
HUN,SSP3,2025,42207.12,False
HUN,SSP3,2030,48797.63,False
HUN,SSP3,2050,59652.46,False
HUN,SSP3,2100,55687.1,False
HUN,SSP4,2024,40747.2,False
HUN,SSP4,2025,42207.12,False
HUN,SSP4,2030,49213.81,False
HUN,SSP4,2050,72161.23,False
HUN,SSP4,2100,100016.83,False
HUN,SSP5,2024,40747.2,False
HUN,SSP5,2025,42207.12,False
HUN,SSP5,2030,48911.82,False
HUN,SSP5,2050,80482.44,False
HUN,SSP5,2100,161591.83,False
IDN,SSP1,2024,14470.72,False
IDN,SSP1,2025,15064.64,False
IDN,SSP1,2030,18247.95,False
IDN,SSP1,2050,34746.19,False
IDN,SSP1,2100,80429.35,False
IDN,SSP2,2024,14470.72,False
IDN,SSP2,2025,15064.64,False
IDN,SSP2,2030,18103.48,False
IDN,SSP2,2050,30682.9,False
IDN,SSP2,2100,70418.62,False
IDN,SSP3,2024,14470.72,False
IDN,SSP3,2025,15064.64,False
IDN,SSP3,2030,17949.82,False
IDN,SSP3,2050,25053.59,False
IDN,SSP3,2100,32297.59,False
IDN,SSP4,2024,14470.72,False
IDN,SSP4,2025,15064.64,False
IDN,SSP4,2030,17977.19,False
IDN,SSP4,2050,27265.29,False
IDN,SSP4,2100,51596.44,False
IDN,SSP5,2024,14470.72,False
IDN,SSP5,2025,15064.64,False
IDN,SSP5,2030,18325.13,False
IDN,SSP5,2050,40266.22,False
IDN,SSP5,2100,126668.82,False
IND,SSP1,2024,9416.05,False
IND,SSP1,2025,9984.09,False
IND,SSP1,2030,12855.09,False
IND,SSP1,2050,29568.95,False
IND,SSP1,2100,92731.29,False
IND,SSP2,2024,9416.05,False
IND,SSP2,2025,9984.09,False
IND,SSP2,2030,12737.01,False
IND,SSP2,2050,25649.9,False
IND,SSP2,2100,78942.94,False
IND,SSP3,2024,9416.05,False
IND,SSP3,2025,9984.09,False
IND,SSP3,2030,12620.67,False
IND,SSP3,2050,20493.08,False
IND,SSP3,2100,32463.11,False
IND,SSP4,2024,9416.05,False
IND,SSP4,2025,9984.09,False
IND,SSP4,2030,12635.21,False
IND,SSP4,2050,22435.31,False
IND,SSP4,2100,54024.59,False
IND,SSP5,2024,9416.05,False
IND,SSP5,2025,9984.09,False
IND,SSP5,2030,12910.25,False
IND,SSP5,2050,34527.15,False
IND,SSP5,2100,147127.81,False
IRL,SSP1,2024,118833.31,False
IRL,SSP1,2025,124536.01,False
IRL,SSP1,2030,136810.88,False
IRL,SSP1,2050,199580.09,False
IRL,SSP1,2100,322870.6,False
IRL,SSP2,2024,118833.31,False
IRL,SSP2,2025,124536.01,False
IRL,SSP2,2030,136746.23,False
IRL,SSP2,2050,193956.09,False
IRL,SSP2,2100,299432.4,False
IRL,SSP3,2024,118833.31,False
IRL,SSP3,2025,124536.01,False
IRL,SSP3,2030,136839.57,False
IRL,SSP3,2050,174070.64,False
IRL,SSP3,2100,169234.63,False
IRL,SSP4,2024,118833.31,False
IRL,SSP4,2025,124536.01,False
IRL,SSP4,2030,137502.35,False
IRL,SSP4,2050,197417.9,False
IRL,SSP4,2100,288221.15,False
IRL,SSP5,2024,118833.31,False
IRL,SSP5,2025,124536.01,False
IRL,SSP5,2030,135591.31,False
IRL,SSP5,2050,215175.09,False
IRL,SSP5,2100,486767.41,False
IRN,SSP1,2024,17484.13,False
IRN,SSP1,2025,17891.62,False
IRN,SSP1,2030,19181.02,False
IRN,SSP1,2050,26509.56,False
IRN,SSP1,2100,58501.02,False
IRN,SSP2,2024,17484.13,False
IRN,SSP2,2025,17891.62,False
IRN,SSP2,2030,19163.56,False
IRN,SSP2,2050,24860.33,False
IRN,SSP2,2100,49800.42,False
IRN,SSP3,2024,17484.13,False
IRN,SSP3,2025,17891.62,False
IRN,SSP3,2030,19151.51,False
IRN,SSP3,2050,22542.67,False
IRN,SSP3,2100,22981.82,False
IRN,SSP4,2024,17484.13,False
IRN,SSP4,2025,17891.62,False
IRN,SSP4,2030,19296.37,False
IRN,SSP4,2050,24257.87,False
IRN,SSP4,2100,34908.86,False
IRN,SSP5,2024,17484.13,False
IRN,SSP5,2025,17891.62,False
IRN,SSP5,2030,19146.12,False
IRN,SSP5,2050,30205.46,False
IRN,SSP5,2100,94648.3,False
IRQ,SSP1,2024,12725.04,False
IRQ,SSP1,2025,12755.71,False
IRQ,SSP1,2030,13588.61,False
IRQ,SSP1,2050,38850.2,False
IRQ,SSP1,2100,131975.82,False
IRQ,SSP2,2024,12725.04,False
IRQ,SSP2,2025,12755.71,False
IRQ,SSP2,2030,13404.53,False
IRQ,SSP2,2050,34237.48,False
IRQ,SSP2,2100,115933.57,False
IRQ,SSP3,2024,12725.04,False
IRQ,SSP3,2025,12755.71,False
IRQ,SSP3,2030,13305.32,False
IRQ,SSP3,2050,28158.89,False
IRQ,SSP3,2100,52724.61,False
IRQ,SSP4,2024,12725.04,False
IRQ,SSP4,2025,12755.71,False
IRQ,SSP4,2030,13310.88,False
IRQ,SSP4,2050,32686.05,False
IRQ,SSP4,2100,108420.44,False
IRQ,SSP5,2024,12725.04,False
IRQ,SSP5,2025,12755.71,False
IRQ,SSP5,2030,13592.76,False
IRQ,SSP5,2050,44452.68,False
IRQ,SSP5,2100,209057.38,False
ISL,SSP1,2024,68230.36,False
ISL,SSP1,2025,70613.04,False
ISL,SSP1,2030,78646.72,False
ISL,SSP1,2050,113138.38,False
ISL,SSP1,2100,157548.57,False
ISL,SSP2,2024,68230.36,False
ISL,SSP2,2025,70613.04,False
ISL,SSP2,2030,78468.05,False
ISL,SSP2,2050,106824.9,False
ISL,SSP2,2100,142484.29,False
ISL,SSP3,2024,68230.36,False
ISL,SSP3,2025,70613.04,False
ISL,SSP3,2030,78066.9,False
ISL,SSP3,2050,92158.72,False
ISL,SSP3,2100,75947.37,False
ISL,SSP4,2024,68230.36,False
ISL,SSP4,2025,70613.04,False
ISL,SSP4,2030,79086.4,False
ISL,SSP4,2050,111974.41,False
ISL,SSP4,2100,136898.22,False
ISL,SSP5,2024,68230.36,False
ISL,SSP5,2025,70613.04,False
ISL,SSP5,2030,78721.31,False
ISL,SSP5,2050,126139.58,False
ISL,SSP5,2100,241609.55,False
ISR,SSP1,2024,47388.72,False
ISR,SSP1,2025,48898.98,False
ISR,SSP1,2030,54805.32,False
ISR,SSP1,2050,81075.82,False
ISR,SSP1,2100,142342.94,False
ISR,SSP2,2024,47388.72,False
ISR,SSP2,2025,48898.98,False
ISR,SSP2,2030,54575.34,False
ISR,SSP2,2050,75115.76,False
ISR,SSP2,2100,124955.94,False
ISR,SSP3,2024,47388.72,False
ISR,SSP3,2025,48898.98,False
ISR,SSP3,2030,54234.92,False
ISR,SSP3,2050,64896.93,False
ISR,SSP3,2100,69611.59,False
ISR,SSP4,2024,47388.72,False
ISR,SSP4,2025,48898.98,False
ISR,SSP4,2030,55107.61,False
ISR,SSP4,2050,80910.64,False
ISR,SSP4,2100,129097.15,False
ISR,SSP5,2024,47388.72,False
ISR,SSP5,2025,48898.98,False
ISR,SSP5,2030,54590.45,False
ISR,SSP5,2050,89464.12,False
ISR,SSP5,2100,217278.93,False
ITA,SSP1,2024,53284.87,False
ITA,SSP1,2025,54961.76,False
ITA,SSP1,2030,58395.82,False
ITA,SSP1,2050,80469.66,False
ITA,SSP1,2100,133232.84,False
ITA,SSP2,2024,53284.87,False
ITA,SSP2,2025,54961.76,False
ITA,SSP2,2030,58489.65,False
ITA,SSP2,2050,76265.96,False
ITA,SSP2,2100,118332.14,False
ITA,SSP3,2024,53284.87,False
ITA,SSP3,2025,54961.76,False
ITA,SSP3,2030,58681.07,False
ITA,SSP3,2050,69419.06,False
ITA,SSP3,2100,69038.0,False
ITA,SSP4,2024,53284.87,False
ITA,SSP4,2025,54961.76,False
ITA,SSP4,2030,58746.04,False
ITA,SSP4,2050,80423.79,False
ITA,SSP4,2100,119655.08,False
ITA,SSP5,2024,53284.87,False
ITA,SSP5,2025,54961.76,False
ITA,SSP5,2030,57985.87,False
ITA,SSP5,2050,88072.78,False
ITA,SSP5,2100,204713.97,False
JAM,SSP1,2024,11340.26,False
JAM,SSP1,2025,11669.21,False
JAM,SSP1,2030,12539.2,False
JAM,SSP1,2050,23228.41,False
JAM,SSP1,2100,98743.66,False
JAM,SSP2,2024,11340.26,False
JAM,SSP2,2025,11669.21,False
JAM,SSP2,2030,12492.14,False
JAM,SSP2,2050,19984.37,False
JAM,SSP2,2100,84179.6,False
JAM,SSP3,2024,11340.26,False
JAM,SSP3,2025,11669.21,False
JAM,SSP3,2030,12358.67,False
JAM,SSP3,2050,15336.93,False
JAM,SSP3,2100,28445.0,False
JAM,SSP4,2024,11340.26,False
JAM,SSP4,2025,11669.21,False
JAM,SSP4,2030,12446.27,False
JAM,SSP4,2050,20953.26,False
JAM,SSP4,2100,93033.49,False
JAM,SSP5,2024,11340.26,False
JAM,SSP5,2025,11669.21,False
JAM,SSP5,2030,12711.07,False
JAM,SSP5,2050,28627.62,False
JAM,SSP5,2100,163608.33,False
JOR,SSP1,2024,10468.27,False
JOR,SSP1,2025,10539.13,False
JOR,SSP1,2030,11328.72,False
JOR,SSP1,2050,20244.38,False
JOR,SSP1,2100,70839.86,False
JOR,SSP2,2024,10468.27,False
JOR,SSP2,2025,10539.13,False
JOR,SSP2,2030,11226.3,False
JOR,SSP2,2050,17562.86,False
JOR,SSP2,2100,59226.79,False
JOR,SSP3,2024,10468.27,False
JOR,SSP3,2025,10539.13,False
JOR,SSP3,2030,11159.39,False
JOR,SSP3,2050,14300.1,False
JOR,SSP3,2100,24193.82,False
JOR,SSP4,2024,10468.27,False
JOR,SSP4,2025,10539.13,False
JOR,SSP4,2030,11139.78,False
JOR,SSP4,2050,17727.34,False
JOR,SSP4,2100,62418.66,False
JOR,SSP5,2024,10468.27,False
JOR,SSP5,2025,10539.13,False
JOR,SSP5,2030,11273.9,False
JOR,SSP5,2050,23189.71,False
JOR,SSP5,2100,112769.97,False
JPN,SSP1,2024,47479.84,False
JPN,SSP1,2025,48391.26,False
JPN,SSP1,2030,51598.69,False
JPN,SSP1,2050,73988.38,False
JPN,SSP1,2100,128990.82,False
JPN,SSP2,2024,47479.84,False
JPN,SSP2,2025,48391.26,False
JPN,SSP2,2030,51649.5,False
JPN,SSP2,2050,67280.2,False
JPN,SSP2,2100,112104.96,False
JPN,SSP3,2024,47479.84,False
JPN,SSP3,2025,48391.26,False
JPN,SSP3,2030,51651.73,False
JPN,SSP3,2050,57305.1,False
JPN,SSP3,2100,56278.17,False
JPN,SSP4,2024,47479.84,False
JPN,SSP4,2025,48391.26,False
JPN,SSP4,2030,51934.08,False
JPN,SSP4,2050,74044.72,False
JPN,SSP4,2100,115845.13,False
JPN,SSP5,2024,47479.84,False
JPN,SSP5,2025,48391.26,False
JPN,SSP5,2030,51617.62,False
JPN,SSP5,2050,84334.62,False
JPN,SSP5,2100,200845.12,False
KAZ,SSP1,2024,35973.96,False
KAZ,SSP1,2025,37104.54,False
KAZ,SSP1,2030,41165.78,False
KAZ,SSP1,2050,61975.92,False
KAZ,SSP1,2100,140673.12,False
KAZ,SSP2,2024,35973.96,False
KAZ,SSP2,2025,37104.54,False
KAZ,SSP2,2030,40864.21,False
KAZ,SSP2,2050,55286.58,False
KAZ,SSP2,2100,115628.22,False
KAZ,SSP3,2024,35973.96,False
KAZ,SSP3,2025,37104.54,False
KAZ,SSP3,2030,40423.69,False
KAZ,SSP3,2050,46552.98,False
KAZ,SSP3,2100,49986.31,False
KAZ,SSP4,2024,35973.96,False
KAZ,SSP4,2025,37104.54,False
KAZ,SSP4,2030,40672.13,False
KAZ,SSP4,2050,55096.56,False
KAZ,SSP4,2100,116897.72,False
KAZ,SSP5,2024,35973.96,False
KAZ,SSP5,2025,37104.54,False
KAZ,SSP5,2030,41685.84,False
KAZ,SSP5,2050,73241.22,False
KAZ,SSP5,2100,225138.32,False
KEN,SSP1,2024,5841.6,False
KEN,SSP1,2025,6047.22,False
KEN,SSP1,2030,7211.28,False
KEN,SSP1,2050,15714.58,False
KEN,SSP1,2100,71745.19,False
KEN,SSP2,2024,5841.6,False
KEN,SSP2,2025,6047.22,False
KEN,SSP2,2030,7157.01,False
KEN,SSP2,2050,13473.82,False
KEN,SSP2,2100,55924.96,False
KEN,SSP3,2024,5841.6,False
KEN,SSP3,2025,6047.22,False
KEN,SSP3,2030,7127.05,False
KEN,SSP3,2050,10724.62,False
KEN,SSP3,2100,17721.42,False
KEN,SSP4,2024,5841.6,False
KEN,SSP4,2025,6047.22,False
KEN,SSP4,2030,7135.42,False
KEN,SSP4,2050,11697.25,False
KEN,SSP4,2100,32972.75,False
KEN,SSP5,2024,5841.6,False
KEN,SSP5,2025,6047.22,False
KEN,SSP5,2030,7230.52,False
KEN,SSP5,2050,18484.0,False
KEN,SSP5,2100,117700.88,False
KGZ,SSP1,2024,7210.58,False
KGZ,SSP1,2025,7428.91,False
KGZ,SSP1,2030,8544.35,False
KGZ,SSP1,2050,17070.3,False
KGZ,SSP1,2100,67846.96,False
KGZ,SSP2,2024,7210.58,False
KGZ,SSP2,2025,7428.91,False
KGZ,SSP2,2030,8464.01,False
KGZ,SSP2,2050,14230.81,False
KGZ,SSP2,2100,51755.99,False
KGZ,SSP3,2024,7210.58,False
KGZ,SSP3,2025,7428.91,False
KGZ,SSP3,2030,8337.99,False
KGZ,SSP3,2050,10766.53,False
KGZ,SSP3,2100,15508.27,False
KGZ,SSP4,2024,7210.58,False
KGZ,SSP4,2025,7428.91,False
KGZ,SSP4,2030,8388.28,False
KGZ,SSP4,2050,12046.02,False
KGZ,SSP4,2100,30488.07,False
KGZ,SSP5,2024,7210.58,False
KGZ,SSP5,2025,7428.91,False
KGZ,SSP5,2030,8652.21,False
KGZ,SSP5,2050,20812.98,False
KGZ,SSP5,2100,111211.24,False
KHM,SSP1,2024,7011.58,False
KHM,SSP1,2025,7294.0,False
KHM,SSP1,2030,9529.73,False
KHM,SSP1,2050,27501.23,False
KHM,SSP1,2100,137317.2,False
KHM,SSP2,2024,7011.58,False
KHM,SSP2,2025,7294.0,False
KHM,SSP2,2030,9434.65,False
KHM,SSP2,2050,23526.47,False
KHM,SSP2,2100,118344.67,False
KHM,SSP3,2024,7011.58,False
KHM,SSP3,2025,7294.0,False
KHM,SSP3,2030,9341.19,False
KHM,SSP3,2050,17976.6,False
KHM,SSP3,2100,43644.64,False
KHM,SSP4,2024,7011.58,False
KHM,SSP4,2025,7294.0,False
KHM,SSP4,2030,9359.8,False
KHM,SSP4,2050,20203.32,False
KHM,SSP4,2100,81702.09,False
KHM,SSP5,2024,7011.58,False
KHM,SSP5,2025,7294.0,False
KHM,SSP5,2030,9577.43,False
KHM,SSP5,2050,32842.01,False
KHM,SSP5,2100,222633.64,False
KIR,SSP1,2024,3275.0,False
KIR,SSP1,2025,3326.31,False
KIR,SSP1,2030,3597.85,False
KIR,SSP1,2050,13178.23,False
KIR,SSP1,2100,241815.28,False
KIR,SSP2,2024,3275.0,False
KIR,SSP2,2025,3326.31,False
KIR,SSP2,2030,3564.64,False
KIR,SSP2,2050,9531.25,False
KIR,SSP2,2100,157266.63,False
KIR,SSP3,2024,3275.0,False
KIR,SSP3,2025,3326.31,False
KIR,SSP3,2030,3508.95,False
KIR,SSP3,2050,5731.89,False
KIR,SSP3,2100,21345.43,False
KIR,SSP4,2024,3275.0,False
KIR,SSP4,2025,3326.31,False
KIR,SSP4,2030,3528.99,False
KIR,SSP4,2050,7010.04,False
KIR,SSP4,2100,67515.86,False
KIR,SSP5,2024,3275.0,False
KIR,SSP5,2025,3326.31,False
KIR,SSP5,2030,3641.37,False
KIR,SSP5,2050,17423.89,False
KIR,SSP5,2100,413076.37,False
KOR,SSP1,2024,55070.94,False
KOR,SSP1,2025,56539.31,False
KOR,SSP1,2030,62740.12,False
KOR,SSP1,2050,85785.09,False
KOR,SSP1,2100,121940.86,False
KOR,SSP2,2024,55070.94,False
KOR,SSP2,2025,56539.31,False
KOR,SSP2,2030,62758.28,False
KOR,SSP2,2050,80518.04,False
KOR,SSP2,2100,116858.98,False
KOR,SSP3,2024,55070.94,False
KOR,SSP3,2025,56539.31,False
KOR,SSP3,2030,62622.78,False
KOR,SSP3,2050,69990.29,False
KOR,SSP3,2100,66804.88,False
KOR,SSP4,2024,55070.94,False
KOR,SSP4,2025,56539.31,False
KOR,SSP4,2030,63037.08,False
KOR,SSP4,2050,85864.34,False
KOR,SSP4,2100,116310.21,False
KOR,SSP5,2024,55070.94,False
KOR,SSP5,2025,56539.31,False
KOR,SSP5,2030,62968.72,False
KOR,SSP5,2050,97750.4,False
KOR,SSP5,2100,188488.34,False
KWT,SSP1,2024,46664.22,False
KWT,SSP1,2025,47674.03,False
KWT,SSP1,2030,51614.06,False
KWT,SSP1,2050,72822.67,False
KWT,SSP1,2100,130038.6,False
KWT,SSP2,2024,46664.22,False
KWT,SSP2,2025,47674.03,False
KWT,SSP2,2030,51399.9,False
KWT,SSP2,2050,70322.45,False
KWT,SSP2,2100,122939.27,False
KWT,SSP3,2024,46664.22,False
KWT,SSP3,2025,47674.03,False
KWT,SSP3,2030,51790.23,False
KWT,SSP3,2050,69039.81,False
KWT,SSP3,2100,67596.6,False
KWT,SSP4,2024,46664.22,False
KWT,SSP4,2025,47674.03,False
KWT,SSP4,2030,51390.54,False
KWT,SSP4,2050,73655.26,False
KWT,SSP4,2100,119055.55,False
KWT,SSP5,2024,46664.22,False
KWT,SSP5,2025,47674.03,False
KWT,SSP5,2030,50876.46,False
KWT,SSP5,2050,78296.64,False
KWT,SSP5,2100,204214.81,False
LAO,SSP1,2024,8600.32,False
LAO,SSP1,2025,8764.32,False
LAO,SSP1,2030,10459.99,False
LAO,SSP1,2050,23311.6,False
LAO,SSP1,2100,91633.56,False
LAO,SSP2,2024,8600.32,False
LAO,SSP2,2025,8764.32,False
LAO,SSP2,2030,10347.6,False
LAO,SSP2,2050,19991.75,False
LAO,SSP2,2100,73456.54,False
LAO,SSP3,2024,8600.32,False
LAO,SSP3,2025,8764.32,False
LAO,SSP3,2030,10208.51,False
LAO,SSP3,2050,15653.62,False
LAO,SSP3,2100,25198.63,False
LAO,SSP4,2024,8600.32,False
LAO,SSP4,2025,8764.32,False
LAO,SSP4,2030,10251.29,False
LAO,SSP4,2050,17258.64,False
LAO,SSP4,2100,45957.69,False
LAO,SSP5,2024,8600.32,False
LAO,SSP5,2025,8764.32,False
LAO,SSP5,2030,10558.48,False
LAO,SSP5,2050,27961.7,False
LAO,SSP5,2100,149297.08,False
LBN,SSP1,2024,10469.22,False
LBN,SSP1,2025,10266.72,False
LBN,SSP1,2030,11029.96,False
LBN,SSP1,2050,19058.42,False
LBN,SSP1,2100,64011.07,False
LBN,SSP2,2024,10469.22,False
LBN,SSP2,2025,10271.48,False
LBN,SSP2,2030,11001.18,False
LBN,SSP2,2050,16639.76,False
LBN,SSP2,2100,52264.45,False
LBN,SSP3,2024,10469.22,False
LBN,SSP3,2025,10272.23,False
LBN,SSP3,2030,10879.44,False
LBN,SSP3,2050,13293.63,False
LBN,SSP3,2100,18296.14,False
LBN,SSP4,2024,10469.22,False
LBN,SSP4,2025,10275.01,False
LBN,SSP4,2030,10967.02,False
LBN,SSP4,2050,14724.87,False
LBN,SSP4,2100,33623.62,False
LBN,SSP5,2024,10469.22,False
LBN,SSP5,2025,10269.66,False
LBN,SSP5,2030,11119.15,False
LBN,SSP5,2050,23053.62,False
LBN,SSP5,2100,108163.07,False
LBR,SSP1,2024,1646.06,False
LBR,SSP1,2025,1692.04,False
LBR,SSP1,2030,2090.3,False
LBR,SSP1,2050,5112.52,False
LBR,SSP1,2100,37185.92,False
LBR,SSP2,2024,1646.06,False
LBR,SSP2,2025,1692.04,False
LBR,SSP2,2030,2071.03,False
LBR,SSP2,2050,4234.45,False
LBR,SSP2,2100,26909.59,False
LBR,SSP3,2024,1646.06,False
LBR,SSP3,2025,1692.04,False
LBR,SSP3,2030,2066.51,False
LBR,SSP3,2050,3294.37,False
LBR,SSP3,2100,6521.78,False
LBR,SSP4,2024,1646.06,False
LBR,SSP4,2025,1692.04,False
LBR,SSP4,2030,2064.3,False
LBR,SSP4,2050,3344.45,False
LBR,SSP4,2100,7211.44,False
LBR,SSP5,2024,1646.06,False
LBR,SSP5,2025,1692.04,False
LBR,SSP5,2030,2088.34,False
LBR,SSP5,2050,6049.56,False
LBR,SSP5,2100,62278.49,False
LBY,SSP1,2024,12583.83,False
LBY,SSP1,2025,13473.68,False
LBY,SSP1,2030,14650.42,False
LBY,SSP1,2050,24761.1,False
LBY,SSP1,2100,100297.72,False
LBY,SSP2,2024,12583.83,False
LBY,SSP2,2025,13473.68,False
LBY,SSP2,2030,14535.41,False
LBY,SSP2,2050,21558.81,False
LBY,SSP2,2100,81182.36,False
LBY,SSP3,2024,12583.83,False
LBY,SSP3,2025,13473.68,False
LBY,SSP3,2030,14429.34,False
LBY,SSP3,2050,17722.19,False
LBY,SSP3,2100,30853.68,False
LBY,SSP4,2024,12583.83,False
LBY,SSP4,2025,13473.68,False
LBY,SSP4,2030,14442.09,False
LBY,SSP4,2050,21703.74,False
LBY,SSP4,2100,86401.61,False
LBY,SSP5,2024,12583.83,False
LBY,SSP5,2025,13473.68,False
LBY,SSP5,2030,14661.11,False
LBY,SSP5,2050,28727.89,False
LBY,SSP5,2100,164206.53,False
LCA,SSP1,2024,24699.97,False
LCA,SSP1,2025,26330.08,False
LCA,SSP1,2030,28144.08,False
LCA,SSP1,2050,48756.45,False
LCA,SSP1,2100,164512.27,False
LCA,SSP2,2024,24699.97,False
LCA,SSP2,2025,26330.08,False
LCA,SSP2,2030,28041.49,False
LCA,SSP2,2050,41815.35,False
LCA,SSP2,2100,134735.75,False
LCA,SSP3,2024,24699.97,False
LCA,SSP3,2025,26330.08,False
LCA,SSP3,2030,27889.02,False
LCA,SSP3,2050,33125.26,False
LCA,SSP3,2100,39707.38,False
LCA,SSP4,2024,24699.97,False
LCA,SSP4,2025,26330.08,False
LCA,SSP4,2030,27944.89,False
LCA,SSP4,2050,43830.54,False
LCA,SSP4,2100,152395.43,False
LCA,SSP5,2024,24699.97,False
LCA,SSP5,2025,26330.08,False
LCA,SSP5,2030,28275.52,False
LCA,SSP5,2050,58402.17,False
LCA,SSP5,2100,271759.33,False
LKA,SSP1,2024,13793.07,False
LKA,SSP1,2025,13625.44,False
LKA,SSP1,2030,15768.02,False
LKA,SSP1,2050,30796.34,False
LKA,SSP1,2100,93892.62,False
LKA,SSP2,2024,13793.07,False
LKA,SSP2,2025,13625.44,False
LKA,SSP2,2030,15685.23,False
LKA,SSP2,2050,26083.57,False
LKA,SSP2,2100,77341.61,False
LKA,SSP3,2024,13793.07,False
LKA,SSP3,2025,13625.44,False
LKA,SSP3,2030,15540.25,False
LKA,SSP3,2050,19889.43,False
LKA,SSP3,2100,24788.32,False
LKA,SSP4,2024,13793.07,False
LKA,SSP4,2025,13625.44,False
LKA,SSP4,2030,15606.44,False
LKA,SSP4,2050,22351.93,False
LKA,SSP4,2100,48623.2,False
LKA,SSP5,2024,13793.07,False
LKA,SSP5,2025,13625.44,False
LKA,SSP5,2030,15918.46,False
LKA,SSP5,2050,37401.95,False
LKA,SSP5,2100,152766.87,False
LSO,SSP1,2024,2697.63,False
LSO,SSP1,2025,2730.09,False
LSO,SSP1,2030,2937.74,False
LSO,SSP1,2050,6074.94,False
LSO,SSP1,2100,34829.44,False
LSO,SSP2,2024,2697.63,False
LSO,SSP2,2025,2730.09,False
LSO,SSP2,2030,2934.25,False
LSO,SSP2,2050,5259.47,False
LSO,SSP2,2100,25564.21,False
LSO,SSP3,2024,2697.63,False
LSO,SSP3,2025,2730.09,False
LSO,SSP3,2030,2920.15,False
LSO,SSP3,2050,4093.59,False
LSO,SSP3,2100,7029.46,False
LSO,SSP4,2024,2697.63,False
LSO,SSP4,2025,2730.09,False
LSO,SSP4,2030,2938.92,False
LSO,SSP4,2050,4539.43,False
LSO,SSP4,2100,14134.19,False
LSO,SSP5,2024,2697.63,False
LSO,SSP5,2025,2730.09,False
LSO,SSP5,2030,2974.54,False
LSO,SSP5,2050,7275.95,False
LSO,SSP5,2100,58316.43,False
LTU,SSP1,2024,47462.0,False
LTU,SSP1,2025,49083.62,False
LTU,SSP1,2030,58820.17,False
LTU,SSP1,2050,86236.69,False
LTU,SSP1,2100,121029.48,False
LTU,SSP2,2024,47462.0,False
LTU,SSP2,2025,49083.62,False
LTU,SSP2,2030,58825.79,False
LTU,SSP2,2050,79263.25,False
LTU,SSP2,2100,105433.08,False
LTU,SSP3,2024,47462.0,False
LTU,SSP3,2025,49083.62,False
LTU,SSP3,2030,58058.72,False
LTU,SSP3,2050,66409.21,False
LTU,SSP3,2100,52690.96,False
LTU,SSP4,2024,47462.0,False
LTU,SSP4,2025,49083.62,False
LTU,SSP4,2030,59214.46,False
LTU,SSP4,2050,87052.52,False
LTU,SSP4,2100,114544.01,False
LTU,SSP5,2024,47462.0,False
LTU,SSP5,2025,49083.62,False
LTU,SSP5,2030,60331.14,False
LTU,SSP5,2050,103325.36,False
LTU,SSP5,2100,186936.41,False
LUX,SSP1,2024,128475.28,False
LUX,SSP1,2025,130327.34,False
LUX,SSP1,2030,144921.35,False
LUX,SSP1,2050,156085.44,False
LUX,SSP1,2100,171465.63,False
LUX,SSP2,2024,128475.28,False
LUX,SSP2,2025,130327.34,False
LUX,SSP2,2030,144991.86,False
LUX,SSP2,2050,155735.48,False
LUX,SSP2,2100,167573.95,False
LUX,SSP3,2024,128475.28,False
LUX,SSP3,2025,130327.34,False
LUX,SSP3,2030,145977.48,False
LUX,SSP3,2050,141478.43,False
LUX,SSP3,2100,89579.74,False
LUX,SSP4,2024,128475.28,False
LUX,SSP4,2025,130327.34,False
LUX,SSP4,2030,145696.64,False
LUX,SSP4,2050,154850.93,False
LUX,SSP4,2100,159850.68,False
LUX,SSP5,2024,128475.28,False
LUX,SSP5,2025,130327.34,False
LUX,SSP5,2030,142032.6,False
LUX,SSP5,2050,164888.93,False
LUX,SSP5,2100,258542.35,False
LVA,SSP1,2024,37615.08,False
LVA,SSP1,2025,38997.55,False
LVA,SSP1,2030,45094.58,False
LVA,SSP1,2050,70477.12,False
LVA,SSP1,2100,135299.12,False
LVA,SSP2,2024,37615.08,False
LVA,SSP2,2025,38997.55,False
LVA,SSP2,2030,45138.57,False
LVA,SSP2,2050,63430.27,False
LVA,SSP2,2100,109462.14,False
LVA,SSP3,2024,37615.08,False
LVA,SSP3,2025,38997.55,False
LVA,SSP3,2030,44669.17,False
LVA,SSP3,2050,52808.42,False
LVA,SSP3,2100,38869.13,False
LVA,SSP4,2024,37615.08,False
LVA,SSP4,2025,38997.55,False
LVA,SSP4,2030,45408.9,False
LVA,SSP4,2050,71670.25,False
LVA,SSP4,2100,131871.82,False
LVA,SSP5,2024,37615.08,False
LVA,SSP5,2025,38997.55,False
LVA,SSP5,2030,46020.66,False
LVA,SSP5,2050,84250.94,False
LVA,SSP5,2100,213158.13,False
MAC,SSP1,2024,111693.5,False
MAC,SSP1,2025,129897.39,False
MAC,SSP1,2030,152774.32,False
MAC,SSP1,2050,229624.81,False
MAC,SSP1,2100,242525.75,False
MAC,SSP2,2024,111693.5,False
MAC,SSP2,2025,129897.39,False
MAC,SSP2,2030,152713.07,False
MAC,SSP2,2050,227684.15,False
MAC,SSP2,2100,268615.66,False
MAC,SSP3,2024,111693.5,False
MAC,SSP3,2025,129897.39,False
MAC,SSP3,2030,154135.32,False
MAC,SSP3,2050,226910.53,False
MAC,SSP3,2100,293498.07,False
MAC,SSP4,2024,111693.5,False
MAC,SSP4,2025,129897.39,False
MAC,SSP4,2030,153443.15,False
MAC,SSP4,2050,237716.45,False
MAC,SSP4,2100,276709.75,False
MAC,SSP5,2024,111693.5,False
MAC,SSP5,2025,129897.39,False
MAC,SSP5,2030,149242.47,False
MAC,SSP5,2050,213455.22,False
MAC,SSP5,2100,220415.79,False
MAR,SSP1,2024,9162.75,False
MAR,SSP1,2025,9401.8,False
MAR,SSP1,2030,10735.0,False
MAR,SSP1,2050,21575.91,False
MAR,SSP1,2100,98023.73,False
MAR,SSP2,2024,9162.75,False
MAR,SSP2,2025,9401.8,False
MAR,SSP2,2030,10676.14,False
MAR,SSP2,2050,19016.88,False
MAR,SSP2,2100,79789.05,False
MAR,SSP3,2024,9162.75,False
MAR,SSP3,2025,9401.8,False
MAR,SSP3,2030,10587.14,False
MAR,SSP3,2050,15277.69,False
MAR,SSP3,2100,26170.61,False
MAR,SSP4,2024,9162.75,False
MAR,SSP4,2025,9401.8,False
MAR,SSP4,2030,10618.32,False
MAR,SSP4,2050,16881.37,False
MAR,SSP4,2100,51115.97,False
MAR,SSP5,2024,9162.75,False
MAR,SSP5,2025,9401.8,False
MAR,SSP5,2030,10792.76,False
MAR,SSP5,2050,25511.74,False
MAR,SSP5,2100,161926.46,False
MDA,SSP1,2024,16393.86,False
MDA,SSP1,2025,17072.46,False
MDA,SSP1,2030,22770.81,False
MDA,SSP1,2050,50411.32,False
MDA,SSP1,2100,100245.9,False
MDA,SSP2,2024,16393.86,False
MDA,SSP2,2025,17072.46,False
MDA,SSP2,2030,22712.46,False
MDA,SSP2,2050,44284.8,False
MDA,SSP2,2100,89927.82,False
MDA,SSP3,2024,16393.86,False
MDA,SSP3,2025,17072.46,False
MDA,SSP3,2030,22328.29,False
MDA,SSP3,2050,33402.92,False
MDA,SSP3,2100,42527.0,False
MDA,SSP4,2024,16393.86,False
MDA,SSP4,2025,17072.46,False
MDA,SSP4,2030,22856.8,False
MDA,SSP4,2050,47704.99,False
MDA,SSP4,2100,93002.48,False
MDA,SSP5,2024,16393.86,False
MDA,SSP5,2025,17072.46,False
MDA,SSP5,2030,23417.01,False
MDA,SSP5,2050,62534.12,False
MDA,SSP5,2100,158795.46,False
MDG,SSP1,2024,1659.15,False
MDG,SSP1,2025,1695.89,False
MDG,SSP1,2030,1957.44,False
MDG,SSP1,2050,4814.52,False
MDG,SSP1,2100,36102.87,False
MDG,SSP2,2024,1659.15,False
MDG,SSP2,2025,1695.89,False
MDG,SSP2,2030,1924.45,False
MDG,SSP2,2050,3975.0,False
MDG,SSP2,2100,27030.92,False
MDG,SSP3,2024,1659.15,False
MDG,SSP3,2025,1695.89,False
MDG,SSP3,2030,1898.51,False
MDG,SSP3,2050,2989.23,False
MDG,SSP3,2100,7208.44,False
MDG,SSP4,2024,1659.15,False
MDG,SSP4,2025,1695.89,False
MDG,SSP4,2030,1898.73,False
MDG,SSP4,2050,3081.32,False
MDG,SSP4,2100,9015.74,False
MDG,SSP5,2024,1659.15,False
MDG,SSP5,2025,1695.89,False
MDG,SSP5,2030,1959.4,False
MDG,SSP5,2050,5740.52,False
MDG,SSP5,2100,60572.53,False
MDV,SSP1,2024,23034.41,False
MDV,SSP1,2025,25958.26,False
MDV,SSP1,2030,31840.65,False
MDV,SSP1,2050,53650.98,False
MDV,SSP1,2100,93826.93,False
MDV,SSP2,2024,23034.41,False
MDV,SSP2,2025,25958.26,False
MDV,SSP2,2030,31650.49,False
MDV,SSP2,2050,50595.29,False
MDV,SSP2,2100,88722.47,False
MDV,SSP3,2024,23034.41,False
MDV,SSP3,2025,25958.26,False
MDV,SSP3,2030,31725.84,False
MDV,SSP3,2050,46159.62,False
MDV,SSP3,2100,54591.67,False
MDV,SSP4,2024,23034.41,False
MDV,SSP4,2025,25958.26,False
MDV,SSP4,2030,31531.24,False
MDV,SSP4,2050,50763.95,False
MDV,SSP4,2100,92416.22,False
MDV,SSP5,2024,23034.41,False
MDV,SSP5,2025,25958.26,False
MDV,SSP5,2030,31375.42,False
MDV,SSP5,2050,58125.01,False
MDV,SSP5,2100,148075.41,False
MEX,SSP1,2024,21970.35,False
MEX,SSP1,2025,22576.95,False
MEX,SSP1,2030,25009.71,False
MEX,SSP1,2050,42474.15,False
MEX,SSP1,2100,91617.93,False
MEX,SSP2,2024,21970.35,False
MEX,SSP2,2025,22576.95,False
MEX,SSP2,2030,24820.12,False
MEX,SSP2,2050,37728.8,False
MEX,SSP2,2100,81574.37,False
MEX,SSP3,2024,21970.35,False
MEX,SSP3,2025,22576.95,False
MEX,SSP3,2030,24583.02,False
MEX,SSP3,2050,30744.3,False
MEX,SSP3,2100,33277.93,False
MEX,SSP4,2024,21970.35,False
MEX,SSP4,2025,22576.95,False
MEX,SSP4,2030,24686.57,False
MEX,SSP4,2050,38155.23,False
MEX,SSP4,2100,83649.49,False
MEX,SSP5,2024,21970.35,False
MEX,SSP5,2025,22576.95,False
MEX,SSP5,2030,25179.79,False
MEX,SSP5,2050,49804.64,False
MEX,SSP5,2100,146428.73,False
MKD,SSP1,2024,24203.19,False
MKD,SSP1,2025,24985.94,False
MKD,SSP1,2030,29539.39,False
MKD,SSP1,2050,51019.01,False
MKD,SSP1,2100,140810.32,False
MKD,SSP2,2024,24203.19,False
MKD,SSP2,2025,24985.94,False
MKD,SSP2,2030,29518.28,False
MKD,SSP2,2050,47345.43,False
MKD,SSP2,2100,130095.05,False
MKD,SSP3,2024,24203.19,False
MKD,SSP3,2025,24985.94,False
MKD,SSP3,2030,29392.65,False
MKD,SSP3,2050,40022.37,False
MKD,SSP3,2100,67699.84,False
MKD,SSP4,2024,24203.19,False
MKD,SSP4,2025,24985.94,False
MKD,SSP4,2030,29685.72,False
MKD,SSP4,2050,49491.54,False
MKD,SSP4,2100,130681.75,False
MKD,SSP5,2024,24203.19,False
MKD,SSP5,2025,24985.94,False
MKD,SSP5,2030,29650.65,False
MKD,SSP5,2050,58126.64,False
MKD,SSP5,2100,219583.23,False
MLI,SSP1,2024,2917.93,False
MLI,SSP1,2025,2950.27,False
MLI,SSP1,2030,3401.6,False
MLI,SSP1,2050,8774.49,False
MLI,SSP1,2100,58651.61,False
MLI,SSP2,2024,2917.93,False
MLI,SSP2,2025,2950.27,False
MLI,SSP2,2030,3329.93,False
MLI,SSP2,2050,7247.95,False
MLI,SSP2,2100,41604.71,False
MLI,SSP3,2024,2917.93,False
MLI,SSP3,2025,2950.27,False
MLI,SSP3,2030,3263.79,False
MLI,SSP3,2050,5554.76,False
MLI,SSP3,2100,12860.54,False
MLI,SSP4,2024,2917.93,False
MLI,SSP4,2025,2950.27,False
MLI,SSP4,2030,3270.96,False
MLI,SSP4,2050,5725.56,False
MLI,SSP4,2100,15136.69,False
MLI,SSP5,2024,2917.93,False
MLI,SSP5,2025,2950.27,False
MLI,SSP5,2030,3419.12,False
MLI,SSP5,2050,10360.68,False
MLI,SSP5,2100,97225.14,False
MLT,SSP1,2024,62398.49,False
MLT,SSP1,2025,65878.11,False
MLT,SSP1,2030,77869.27,False
MLT,SSP1,2050,114550.14,False
MLT,SSP1,2100,174956.06,False
MLT,SSP2,2024,62398.49,False
MLT,SSP2,2025,65878.11,False
MLT,SSP2,2030,77926.65,False
MLT,SSP2,2050,112189.89,False
MLT,SSP2,2100,167427.3,False
MLT,SSP3,2024,62398.49,False
MLT,SSP3,2025,65878.11,False
MLT,SSP3,2030,78137.09,False
MLT,SSP3,2050,104192.08,False
MLT,SSP3,2100,105310.91,False
MLT,SSP4,2024,62398.49,False
MLT,SSP4,2025,65878.11,False
MLT,SSP4,2030,78298.69,False
MLT,SSP4,2050,114720.36,False
MLT,SSP4,2100,168508.85,False
MLT,SSP5,2024,62398.49,False
MLT,SSP5,2025,65878.11,False
MLT,SSP5,2030,77239.17,False
MLT,SSP5,2050,124058.88,False
MLT,SSP5,2100,265335.58,False
MMR,SSP1,2024,5276.29,False
MMR,SSP1,2025,5137.26,False
MMR,SSP1,2030,5913.11,False
MMR,SSP1,2050,13208.85,False
MMR,SSP1,2100,60505.84,False
MMR,SSP2,2024,5276.29,False
MMR,SSP2,2025,5137.26,False
MMR,SSP2,2030,5864.32,False
MMR,SSP2,2050,10911.46,False
MMR,SSP2,2100,45206.08,False
MMR,SSP3,2024,5276.29,False
MMR,SSP3,2025,5137.26,False
MMR,SSP3,2030,5810.25,False
MMR,SSP3,2050,8198.37,False
MMR,SSP3,2100,11180.94,False
MMR,SSP4,2024,5276.29,False
MMR,SSP4,2025,5137.26,False
MMR,SSP4,2030,5825.95,False
MMR,SSP4,2050,9196.23,False
MMR,SSP4,2100,24123.19,False
MMR,SSP5,2024,5276.29,False
MMR,SSP5,2025,5137.26,False
MMR,SSP5,2030,5952.58,False
MMR,SSP5,2050,16072.94,False
MMR,SSP5,2100,99705.4,False
MNE,SSP1,2024,28105.59,False
MNE,SSP1,2025,29632.92,False
MNE,SSP1,2030,34609.68,False
MNE,SSP1,2050,51661.27,False
MNE,SSP1,2100,90817.61,False
MNE,SSP2,2024,28105.59,False
MNE,SSP2,2025,29632.92,False
MNE,SSP2,2030,34609.95,False
MNE,SSP2,2050,48943.03,False
MNE,SSP2,2100,82856.74,False
MNE,SSP3,2024,28105.59,False
MNE,SSP3,2025,29632.92,False
MNE,SSP3,2030,34426.44,False
MNE,SSP3,2050,43099.28,False
MNE,SSP3,2100,48156.24,False
MNE,SSP4,2024,28105.59,False
MNE,SSP4,2025,29632.92,False
MNE,SSP4,2030,34803.49,False
MNE,SSP4,2050,50754.02,False
MNE,SSP4,2100,83606.31,False
MNE,SSP5,2024,28105.59,False
MNE,SSP5,2025,29632.92,False
MNE,SSP5,2030,34821.4,False
MNE,SSP5,2050,58477.07,False
MNE,SSP5,2100,140514.11,False
MNG,SSP1,2024,16842.65,False
MNG,SSP1,2025,17273.03,False
MNG,SSP1,2030,19758.3,False
MNG,SSP1,2050,36940.0,False
MNG,SSP1,2100,126281.2,False
MNG,SSP2,2024,16842.65,False
MNG,SSP2,2025,17273.03,False
MNG,SSP2,2030,19576.13,False
MNG,SSP2,2050,31350.77,False
MNG,SSP2,2100,98621.3,False
MNG,SSP3,2024,16842.65,False
MNG,SSP3,2025,17273.03,False
MNG,SSP3,2030,19333.99,False
MNG,SSP3,2050,24230.55,False
MNG,SSP3,2100,34726.69,False
MNG,SSP4,2024,16842.65,False
MNG,SSP4,2025,17273.03,False
MNG,SSP4,2030,19376.02,False
MNG,SSP4,2050,26560.66,False
MNG,SSP4,2100,61148.65,False
MNG,SSP5,2024,16842.65,False
MNG,SSP5,2025,17273.03,False
MNG,SSP5,2030,19897.88,False
MNG,SSP5,2050,43769.44,False
MNG,SSP5,2100,204286.61,False
MOZ,SSP1,2024,1500.71,False
MOZ,SSP1,2025,1530.11,False
MOZ,SSP1,2030,2242.54,False
MOZ,SSP1,2050,9064.56,False
MOZ,SSP1,2100,59169.09,False
MOZ,SSP2,2024,1500.71,False
MOZ,SSP2,2025,1530.11,False
MOZ,SSP2,2030,2199.86,False
MOZ,SSP2,2050,6564.15,False
MOZ,SSP2,2100,41913.22,False
MOZ,SSP3,2024,1500.71,False
MOZ,SSP3,2025,1530.11,False
MOZ,SSP3,2030,2175.11,False
MOZ,SSP3,2050,4024.34,False
MOZ,SSP3,2100,6935.54,False
MOZ,SSP4,2024,1500.71,False
MOZ,SSP4,2025,1530.11,False
MOZ,SSP4,2030,2176.73,False
MOZ,SSP4,2050,4103.14,False
MOZ,SSP4,2100,7512.1,False
MOZ,SSP5,2024,1500.71,False
MOZ,SSP5,2025,1530.11,False
MOZ,SSP5,2030,2258.62,False
MOZ,SSP5,2050,11527.53,False
MOZ,SSP5,2100,98984.39,False
MRT,SSP1,2024,6482.69,False
MRT,SSP1,2025,6653.62,False
MRT,SSP1,2030,7549.68,False
MRT,SSP1,2050,15146.62,False
MRT,SSP1,2100,62732.35,False
MRT,SSP2,2024,6482.69,False
MRT,SSP2,2025,6653.62,False
MRT,SSP2,2030,7420.17,False
MRT,SSP2,2050,13023.6,False
MRT,SSP2,2100,49016.62,False
MRT,SSP3,2024,6482.69,False
MRT,SSP3,2025,6653.62,False
MRT,SSP3,2030,7311.47,False
MRT,SSP3,2050,10507.09,False
MRT,SSP3,2100,18956.02,False
MRT,SSP4,2024,6482.69,False
MRT,SSP4,2025,6653.62,False
MRT,SSP4,2030,7326.36,False
MRT,SSP4,2050,11358.41,False
MRT,SSP4,2100,32255.89,False
MRT,SSP5,2024,6482.69,False
MRT,SSP5,2025,6653.62,False
MRT,SSP5,2030,7580.44,False
MRT,SSP5,2050,17526.88,False
MRT,SSP5,2100,102036.58,False
MUS,SSP1,2024,27844.9,False
MUS,SSP1,2025,29191.8,False
MUS,SSP1,2030,34575.53,False
MUS,SSP1,2050,64441.6,False
MUS,SSP1,2100,140441.06,False
MUS,SSP2,2024,27844.9,False
MUS,SSP2,2025,29191.8,False
MUS,SSP2,2030,34446.59,False
MUS,SSP2,2050,58834.52,False
MUS,SSP2,2100,128646.1,False
MUS,SSP3,2024,27844.9,False
MUS,SSP3,2025,29191.8,False
MUS,SSP3,2030,34224.88,False
MUS,SSP3,2050,49902.45,False
MUS,SSP3,2100,68478.02,False
MUS,SSP4,2024,27844.9,False
MUS,SSP4,2025,29191.8,False
MUS,SSP4,2030,34392.02,False
MUS,SSP4,2050,60284.21,False
MUS,SSP4,2100,134226.36,False
MUS,SSP5,2024,27844.9,False
MUS,SSP5,2025,29191.8,False
MUS,SSP5,2030,34824.61,False
MUS,SSP5,2050,74897.36,False
MUS,SSP5,2100,222828.63,False
MWI,SSP1,2024,1634.25,False
MWI,SSP1,2025,1637.93,False
MWI,SSP1,2030,1835.5,False
MWI,SSP1,2050,4799.24,False
MWI,SSP1,2100,37253.01,False
MWI,SSP2,2024,1634.25,False
MWI,SSP2,2025,1637.93,False
MWI,SSP2,2030,1816.11,False
MWI,SSP2,2050,3997.77,False
MWI,SSP2,2100,26568.39,False
MWI,SSP3,2024,1634.25,False
MWI,SSP3,2025,1637.93,False
MWI,SSP3,2030,1802.23,False
MWI,SSP3,2050,3085.01,False
MWI,SSP3,2100,6499.29,False
MWI,SSP4,2024,1634.25,False
MWI,SSP4,2025,1637.93,False
MWI,SSP4,2030,1804.61,False
MWI,SSP4,2050,3145.16,False
MWI,SSP4,2100,7026.3,False
MWI,SSP5,2024,1634.25,False
MWI,SSP5,2025,1637.93,False
MWI,SSP5,2030,1841.24,False
MWI,SSP5,2050,5725.54,False
MWI,SSP5,2100,62638.55,False
MYS,SSP1,2024,34116.23,False
MYS,SSP1,2025,35426.12,False
MYS,SSP1,2030,41430.7,False
MYS,SSP1,2050,61680.33,False
MYS,SSP1,2100,106422.47,False
MYS,SSP2,2024,34116.23,False
MYS,SSP2,2025,35426.12,False
MYS,SSP2,2030,41209.17,False
MYS,SSP2,2050,58028.79,False
MYS,SSP2,2100,98489.96,False
MYS,SSP3,2024,34116.23,False
MYS,SSP3,2025,35426.12,False
MYS,SSP3,2030,41170.47,False
MYS,SSP3,2050,52184.57,False
MYS,SSP3,2100,58041.39,False
MYS,SSP4,2024,34116.23,False
MYS,SSP4,2025,35426.12,False
MYS,SSP4,2030,41057.94,False
MYS,SSP4,2050,58015.89,False
MYS,SSP4,2100,100621.93,False
MYS,SSP5,2024,34116.23,False
MYS,SSP5,2025,35426.12,False
MYS,SSP5,2030,41113.78,False
MYS,SSP5,2050,67634.87,False
MYS,SSP5,2100,166953.64,False
NAM,SSP1,2024,10276.37,False
NAM,SSP1,2025,10437.83,False
NAM,SSP1,2030,11138.45,False
NAM,SSP1,2050,19636.69,False
NAM,SSP1,2100,68248.44,False
NAM,SSP2,2024,10276.37,False
NAM,SSP2,2025,10437.83,False
NAM,SSP2,2030,11086.96,False
NAM,SSP2,2050,17952.98,False
NAM,SSP2,2100,58934.39,False
NAM,SSP3,2024,10276.37,False
NAM,SSP3,2025,10437.83,False
NAM,SSP3,2030,11039.13,False
NAM,SSP3,2050,15255.91,False
NAM,SSP3,2100,26183.78,False
NAM,SSP4,2024,10276.37,False
NAM,SSP4,2025,10437.83,False
NAM,SSP4,2030,11068.54,False
NAM,SSP4,2050,17589.39,False
NAM,SSP4,2100,57250.71,False
NAM,SSP5,2024,10276.37,False
NAM,SSP5,2025,10437.83,False
NAM,SSP5,2030,11178.03,False
NAM,SSP5,2050,22451.35,False
NAM,SSP5,2100,109354.83,False
NER,SSP1,2024,1795.65,False
NER,SSP1,2025,1850.66,False
NER,SSP1,2030,2191.81,False
NER,SSP1,2050,6061.44,False
NER,SSP1,2100,49559.73,False
NER,SSP2,2024,1795.65,False
NER,SSP2,2025,1850.66,False
NER,SSP2,2030,2128.7,False
NER,SSP2,2050,4654.68,False
NER,SSP2,2100,33058.18,False
NER,SSP3,2024,1795.65,False
NER,SSP3,2025,1850.66,False
NER,SSP3,2030,2087.45,False
NER,SSP3,2050,3369.22,False
NER,SSP3,2100,8818.28,False
NER,SSP4,2024,1795.65,False
NER,SSP4,2025,1850.66,False
NER,SSP4,2030,2088.65,False
NER,SSP4,2050,3464.09,False
NER,SSP4,2100,10958.19,False
NER,SSP5,2024,1795.65,False
NER,SSP5,2025,1850.66,False
NER,SSP5,2030,2195.54,False
NER,SSP5,2050,7228.19,False
NER,SSP5,2100,82875.16,False
NGA,SSP1,2024,7994.04,False
NGA,SSP1,2025,8051.59,False
NGA,SSP1,2030,8701.75,False
NGA,SSP1,2050,16919.23,False
NGA,SSP1,2100,80779.85,False
NGA,SSP2,2024,7994.04,False
NGA,SSP2,2025,8051.59,False
NGA,SSP2,2030,8552.74,False
NGA,SSP2,2050,14029.21,False
NGA,SSP2,2100,56000.15,False
NGA,SSP3,2024,7994.04,False
NGA,SSP3,2025,8051.59,False
NGA,SSP3,2030,8448.45,False
NGA,SSP3,2050,11265.47,False
NGA,SSP3,2100,18640.61,False
NGA,SSP4,2024,7994.04,False
NGA,SSP4,2025,8051.59,False
NGA,SSP4,2030,8450.61,False
NGA,SSP4,2050,12013.5,False
NGA,SSP4,2100,32465.21,False
NGA,SSP5,2024,7994.04,False
NGA,SSP5,2025,8051.59,False
NGA,SSP5,2030,8708.64,False
NGA,SSP5,2050,19640.25,False
NGA,SSP5,2100,132299.19,False
NIC,SSP1,2024,7661.09,False
NIC,SSP1,2025,7920.44,False
NIC,SSP1,2030,9018.39,False
NIC,SSP1,2050,21704.58,False
NIC,SSP1,2100,120282.1,False
NIC,SSP2,2024,7661.09,False
NIC,SSP2,2025,7920.44,False
NIC,SSP2,2030,8930.22,False
NIC,SSP2,2050,17996.71,False
NIC,SSP2,2100,96718.15,False
NIC,SSP3,2024,7661.09,False
NIC,SSP3,2025,7920.44,False
NIC,SSP3,2030,8803.53,False
NIC,SSP3,2050,13209.86,False
NIC,SSP3,2100,25671.63,False
NIC,SSP4,2024,7661.09,False
NIC,SSP4,2025,7920.44,False
NIC,SSP4,2030,8835.23,False
NIC,SSP4,2050,14945.49,False
NIC,SSP4,2100,54219.8,False
NIC,SSP5,2024,7661.09,False
NIC,SSP5,2025,7920.44,False
NIC,SSP5,2030,9132.53,False
NIC,SSP5,2050,26976.13,False
NIC,SSP5,2100,200136.32,False
NLD,SSP1,2024,70493.91,False
NLD,SSP1,2025,72073.95,False
NLD,SSP1,2030,78287.3,False
NLD,SSP1,2050,102548.21,False
NLD,SSP1,2100,145167.01,False
NLD,SSP2,2024,70493.91,False
NLD,SSP2,2025,72073.95,False
NLD,SSP2,2030,78285.78,False
NLD,SSP2,2050,97869.41,False
NLD,SSP2,2100,130083.97,False
NLD,SSP3,2024,70493.91,False
NLD,SSP3,2025,72073.95,False
NLD,SSP3,2030,78132.65,False
NLD,SSP3,2050,85944.94,False
NLD,SSP3,2100,71473.67,False
NLD,SSP4,2024,70493.91,False
NLD,SSP4,2025,72073.95,False
NLD,SSP4,2030,78746.43,False
NLD,SSP4,2050,101367.67,False
NLD,SSP4,2100,126924.76,False
NLD,SSP5,2024,70493.91,False
NLD,SSP5,2025,72073.95,False
NLD,SSP5,2030,78167.0,False
NLD,SSP5,2050,113734.6,False
NLD,SSP5,2100,223896.9,False
NOR,SSP1,2024,94803.67,False
NOR,SSP1,2025,96335.36,False
NOR,SSP1,2030,103008.16,False
NOR,SSP1,2050,136129.67,False
NOR,SSP1,2100,212160.7,False
NOR,SSP2,2024,94803.67,False
NOR,SSP2,2025,96335.36,False
NOR,SSP2,2030,102967.96,False
NOR,SSP2,2050,128398.68,False
NOR,SSP2,2100,189296.14,False
NOR,SSP3,2024,94803.67,False
NOR,SSP3,2025,96335.36,False
NOR,SSP3,2030,103315.63,False
NOR,SSP3,2050,114145.51,False
NOR,SSP3,2100,104636.32,False
NOR,SSP4,2024,94803.67,False
NOR,SSP4,2025,96335.36,False
NOR,SSP4,2030,103713.0,False
NOR,SSP4,2050,135209.01,False
NOR,SSP4,2100,185807.7,False
NOR,SSP5,2024,94803.67,False
NOR,SSP5,2025,96335.36,False
NOR,SSP5,2030,102005.03,False
NOR,SSP5,2050,147975.33,False
NOR,SSP5,2100,324055.6,False
NPL,SSP1,2024,5047.42,False
NPL,SSP1,2025,5206.63,False
NPL,SSP1,2030,6471.01,False
NPL,SSP1,2050,17742.54,False
NPL,SSP1,2100,89383.82,False
NPL,SSP2,2024,5047.42,False
NPL,SSP2,2025,5206.63,False
NPL,SSP2,2030,6408.69,False
NPL,SSP2,2050,14451.44,False
NPL,SSP2,2100,73850.82,False
NPL,SSP3,2024,5047.42,False
NPL,SSP3,2025,5206.63,False
NPL,SSP3,2030,6307.69,False
NPL,SSP3,2050,10274.71,False
NPL,SSP3,2100,21963.15,False
NPL,SSP4,2024,5047.42,False
NPL,SSP4,2025,5206.63,False
NPL,SSP4,2030,6350.64,False
NPL,SSP4,2050,11875.23,False
NPL,SSP4,2100,46355.46,False
NPL,SSP5,2024,5047.42,False
NPL,SSP5,2025,5206.63,False
NPL,SSP5,2030,6577.07,False
NPL,SSP5,2050,22433.51,False
NPL,SSP5,2100,148533.85,False
NZL,SSP1,2024,48325.37,False
NZL,SSP1,2025,49301.16,False
NZL,SSP1,2030,54347.68,False
NZL,SSP1,2050,79515.89,False
NZL,SSP1,2100,129619.89,False
NZL,SSP2,2024,48325.37,False
NZL,SSP2,2025,49301.16,False
NZL,SSP2,2030,54258.91,False
NZL,SSP2,2050,72631.33,False
NZL,SSP2,2100,117990.07,False
NZL,SSP3,2024,48325.37,False
NZL,SSP3,2025,49301.16,False
NZL,SSP3,2030,54177.95,False
NZL,SSP3,2050,61584.51,False
NZL,SSP3,2100,61459.02,False
NZL,SSP4,2024,48325.37,False
NZL,SSP4,2025,49301.16,False
NZL,SSP4,2030,54631.17,False
NZL,SSP4,2050,79624.72,False
NZL,SSP4,2100,120337.06,False
NZL,SSP5,2024,48325.37,False
NZL,SSP5,2025,49301.16,False
NZL,SSP5,2030,54067.06,False
NZL,SSP5,2050,88746.61,False
NZL,SSP5,2100,199114.81,False
OMN,SSP1,2024,36721.08,False
OMN,SSP1,2025,37139.11,False
OMN,SSP1,2030,40767.48,False
OMN,SSP1,2050,63446.12,False
OMN,SSP1,2100,148672.41,False
OMN,SSP2,2024,36721.08,False
OMN,SSP2,2025,37139.11,False
OMN,SSP2,2030,40460.3,False
OMN,SSP2,2050,57220.85,False
OMN,SSP2,2100,130358.62,False
OMN,SSP3,2024,36721.08,False
OMN,SSP3,2025,37139.11,False
OMN,SSP3,2030,40320.35,False
OMN,SSP3,2050,47911.8,False
OMN,SSP3,2100,62420.82,False
OMN,SSP4,2024,36721.08,False
OMN,SSP4,2025,37139.11,False
OMN,SSP4,2030,40263.41,False
OMN,SSP4,2050,59281.4,False
OMN,SSP4,2100,137890.8,False
OMN,SSP5,2024,36721.08,False
OMN,SSP5,2025,37139.11,False
OMN,SSP5,2030,40533.28,False
OMN,SSP5,2050,71909.57,False
OMN,SSP5,2100,240758.61,False
PAK,SSP1,2024,5502.07,False
PAK,SSP1,2025,5580.64,False
PAK,SSP1,2030,6525.66,False
PAK,SSP1,2050,15530.56,False
PAK,SSP1,2100,85815.07,False
PAK,SSP2,2024,5502.07,False
PAK,SSP2,2025,5580.64,False
PAK,SSP2,2030,6444.04,False
PAK,SSP2,2050,12835.95,False
PAK,SSP2,2100,62519.99,False
PAK,SSP3,2024,5502.07,False
PAK,SSP3,2025,5580.64,False
PAK,SSP3,2030,6350.89,False
PAK,SSP3,2050,9925.89,False
PAK,SSP3,2100,17822.74,False
PAK,SSP4,2024,5502.07,False
PAK,SSP4,2025,5580.64,False
PAK,SSP4,2030,6373.96,False
PAK,SSP4,2050,10896.43,False
PAK,SSP4,2100,34545.46,False
PAK,SSP5,2024,5502.07,False
PAK,SSP5,2025,5580.64,False
PAK,SSP5,2030,6579.27,False
PAK,SSP5,2050,18777.61,False
PAK,SSP5,2100,141324.22,False
PAN,SSP1,2024,36394.92,False
PAN,SSP1,2025,38831.05,False
PAN,SSP1,2030,44976.12,False
PAN,SSP1,2050,70517.26,False
PAN,SSP1,2100,136452.85,False
PAN,SSP2,2024,36394.92,False
PAN,SSP2,2025,38831.05,False
PAN,SSP2,2030,44633.35,False
PAN,SSP2,2050,64477.97,False
PAN,SSP2,2100,125226.74,False
PAN,SSP3,2024,36394.92,False
PAN,SSP3,2025,38831.05,False
PAN,SSP3,2030,44316.52,False
PAN,SSP3,2050,55561.64,False
PAN,SSP3,2100,66040.37,False
PAN,SSP4,2024,36394.92,False
PAN,SSP4,2025,38831.05,False
PAN,SSP4,2030,44338.76,False
PAN,SSP4,2050,66159.37,False
PAN,SSP4,2100,133787.04,False
PAN,SSP5,2024,36394.92,False
PAN,SSP5,2025,38831.05,False
PAN,SSP5,2030,44965.67,False
PAN,SSP5,2050,79440.45,False
PAN,SSP5,2100,214098.86,False
PER,SSP1,2024,15708.83,False
PER,SSP1,2025,16276.63,False
PER,SSP1,2030,18266.99,False
PER,SSP1,2050,33645.57,False
PER,SSP1,2100,101677.54,False
PER,SSP2,2024,15708.83,False
PER,SSP2,2025,16276.63,False
PER,SSP2,2030,18137.39,False
PER,SSP2,2050,29355.75,False
PER,SSP2,2100,86090.71,False
PER,SSP3,2024,15708.83,False
PER,SSP3,2025,16276.63,False
PER,SSP3,2030,17946.11,False
PER,SSP3,2050,23588.46,False
PER,SSP3,2100,33564.99,False
PER,SSP4,2024,15708.83,False
PER,SSP4,2025,16276.63,False
PER,SSP4,2030,18029.95,False
PER,SSP4,2050,30011.6,False
PER,SSP4,2100,91681.49,False
PER,SSP5,2024,15708.83,False
PER,SSP5,2025,16276.63,False
PER,SSP5,2030,18431.44,False
PER,SSP5,2050,40050.77,False
PER,SSP5,2100,163837.08,False
PHL,SSP1,2024,10378.17,False
PHL,SSP1,2025,10852.35,False
PHL,SSP1,2030,13968.93,False
PHL,SSP1,2050,30574.67,False
PHL,SSP1,2100,78255.78,False
PHL,SSP2,2024,10378.17,False
PHL,SSP2,2025,10852.35,False
PHL,SSP2,2030,13817.37,False
PHL,SSP2,2050,26225.57,False
PHL,SSP2,2100,66887.99,False
PHL,SSP3,2024,10378.17,False
PHL,SSP3,2025,10852.35,False
PHL,SSP3,2030,13648.49,False
PHL,SSP3,2050,20432.65,False
PHL,SSP3,2100,29169.71,False
PHL,SSP4,2024,10378.17,False
PHL,SSP4,2025,10852.35,False
PHL,SSP4,2030,13678.95,False
PHL,SSP4,2050,22537.56,False
PHL,SSP4,2100,48309.65,False
PHL,SSP5,2024,10378.17,False
PHL,SSP5,2025,10852.35,False
PHL,SSP5,2030,14052.61,False
PHL,SSP5,2050,35865.68,False
PHL,SSP5,2100,123788.41,False
PNG,SSP1,2024,4292.71,False
PNG,SSP1,2025,4338.97,False
PNG,SSP1,2030,4746.99,False
PNG,SSP1,2050,11986.95,False
PNG,SSP1,2100,90359.54,False
PNG,SSP2,2024,4292.71,False
PNG,SSP2,2025,4338.97,False
PNG,SSP2,2030,4695.15,False
PNG,SSP2,2050,9570.71,False
PNG,SSP2,2100,64323.23,False
PNG,SSP3,2024,4292.71,False
PNG,SSP3,2025,4338.97,False
PNG,SSP3,2030,4664.61,False
PNG,SSP3,2050,6878.68,False
PNG,SSP3,2100,13332.59,False
PNG,SSP4,2024,4292.71,False
PNG,SSP4,2025,4338.97,False
PNG,SSP4,2030,4651.5,False
PNG,SSP4,2050,7768.45,False
PNG,SSP4,2100,32109.75,False
PNG,SSP5,2024,4292.71,False
PNG,SSP5,2025,4338.97,False
PNG,SSP5,2030,4719.64,False
PNG,SSP5,2050,14606.23,False
PNG,SSP5,2100,151670.31,False
POL,SSP1,2024,45153.04,False
POL,SSP1,2025,46666.7,False
POL,SSP1,2030,56043.51,False
POL,SSP1,2050,84890.04,False
POL,SSP1,2100,121344.01,False
POL,SSP2,2024,45153.04,False
POL,SSP2,2025,46666.7,False
POL,SSP2,2030,55973.37,False
POL,SSP2,2050,80655.52,False
POL,SSP2,2100,115062.14,False
POL,SSP3,2024,45153.04,False
POL,SSP3,2025,46666.7,False
POL,SSP3,2030,55657.37,False
POL,SSP3,2050,70072.27,False
POL,SSP3,2100,66366.95,False
POL,SSP4,2024,45153.04,False
POL,SSP4,2025,46666.7,False
POL,SSP4,2030,56360.18,False
POL,SSP4,2050,84861.58,False
POL,SSP4,2100,113158.41,False
POL,SSP5,2024,45153.04,False
POL,SSP5,2025,46666.7,False
POL,SSP5,2030,56387.5,False
POL,SSP5,2050,95682.41,False
POL,SSP5,2100,186821.59,False
PRI,SSP1,2024,44216.43,False
PRI,SSP1,2025,44807.02,False
PRI,SSP1,2030,49504.78,False
PRI,SSP1,2050,69299.28,False
PRI,SSP1,2100,112480.65,False
PRI,SSP2,2024,44216.43,False
PRI,SSP2,2025,44807.02,False
PRI,SSP2,2030,49477.09,False
PRI,SSP2,2050,66604.82,False
PRI,SSP2,2100,108336.33,False
PRI,SSP3,2024,44216.43,False
PRI,SSP3,2025,44807.02,False
PRI,SSP3,2030,48806.74,False
PRI,SSP3,2050,58842.17,False
PRI,SSP3,2100,64792.93,False
PRI,SSP4,2024,44216.43,False
PRI,SSP4,2025,44807.02,False
PRI,SSP4,2030,49538.82,False
PRI,SSP4,2050,68471.67,False
PRI,SSP4,2100,113859.78,False
PRI,SSP5,2024,44216.43,False
PRI,SSP5,2025,44807.02,False
PRI,SSP5,2030,50965.07,False
PRI,SSP5,2050,83238.71,False
PRI,SSP5,2100,186891.53,False
PRT,SSP1,2024,42228.16,False
PRT,SSP1,2025,43822.67,False
PRT,SSP1,2030,48964.83,False
PRT,SSP1,2050,73300.55,False
PRT,SSP1,2100,120613.2,False
PRT,SSP2,2024,42228.16,False
PRT,SSP2,2025,43822.67,False
PRT,SSP2,2030,48994.46,False
PRT,SSP2,2050,69696.98,False
PRT,SSP2,2100,111120.37,False
PRT,SSP3,2024,42228.16,False
PRT,SSP3,2025,43822.67,False
PRT,SSP3,2030,48971.42,False
PRT,SSP3,2050,61772.92,False
PRT,SSP3,2100,63120.86,False
PRT,SSP4,2024,42228.16,False
PRT,SSP4,2025,43822.67,False
PRT,SSP4,2030,49253.55,False
PRT,SSP4,2050,73258.71,False
PRT,SSP4,2100,110284.7,False
PRT,SSP5,2024,42228.16,False
PRT,SSP5,2025,43822.67,False
PRT,SSP5,2030,48905.17,False
PRT,SSP5,2050,81282.7,False
PRT,SSP5,2100,181391.53,False
PRY,SSP1,2024,16367.49,False
PRY,SSP1,2025,16681.81,False
PRY,SSP1,2030,18864.79,False
PRY,SSP1,2050,32878.32,False
PRY,SSP1,2100,97203.88,False
PRY,SSP2,2024,16367.49,False
PRY,SSP2,2025,16681.81,False
PRY,SSP2,2030,18702.77,False
PRY,SSP2,2050,29290.47,False
PRY,SSP2,2100,81333.08,False
PRY,SSP3,2024,16367.49,False
PRY,SSP3,2025,16681.81,False
PRY,SSP3,2030,18504.4,False
PRY,SSP3,2050,24664.5,False
PRY,SSP3,2100,33795.12,False
PRY,SSP4,2024,16367.49,False
PRY,SSP4,2025,16681.81,False
PRY,SSP4,2030,18569.37,False
PRY,SSP4,2050,29416.38,False
PRY,SSP4,2100,84964.76,False
PRY,SSP5,2024,16367.49,False
PRY,SSP5,2025,16681.81,False
PRY,SSP5,2030,19014.02,False
PRY,SSP5,2050,38501.85,False
PRY,SSP5,2100,156842.68,False
PSE,SSP1,2024,4190.91,True
PSE,SSP1,2025,4190.91,True
PSE,SSP1,2030,4323.79,True
PSE,SSP1,2050,9460.02,True
PSE,SSP1,2100,56355.82,True
PSE,SSP2,2024,4190.91,True
PSE,SSP2,2025,4190.91,True
PSE,SSP2,2030,4278.79,True
PSE,SSP2,2050,7818.19,True
PSE,SSP2,2100,43786.5,True
PSE,SSP3,2024,4190.91,True
PSE,SSP3,2025,4190.91,True
PSE,SSP3,2030,4211.3,True
PSE,SSP3,2050,5737.07,True
PSE,SSP3,2100,13164.95,True
PSE,SSP4,2024,4190.91,True
PSE,SSP4,2025,4190.91,True
PSE,SSP4,2030,4233.08,True
PSE,SSP4,2050,7451.48,True
PSE,SSP4,2100,41373.42,True
PSE,SSP5,2024,4190.91,True
PSE,SSP5,2025,4190.91,True
PSE,SSP5,2030,4363.19,True
PSE,SSP5,2050,11489.77,True
PSE,SSP5,2100,92081.8,True
QAT,SSP1,2024,111314.25,False
QAT,SSP1,2025,112321.44,False
QAT,SSP1,2030,123233.02,False
QAT,SSP1,2050,127255.95,False
QAT,SSP1,2100,169699.37,False
QAT,SSP2,2024,111314.25,False
QAT,SSP2,2025,112321.44,False
QAT,SSP2,2030,122844.97,False
QAT,SSP2,2050,125009.25,False
QAT,SSP2,2100,174284.6,False
QAT,SSP3,2024,111314.25,False
QAT,SSP3,2025,112321.44,False
QAT,SSP3,2030,126014.58,False
QAT,SSP3,2050,128472.79,False
QAT,SSP3,2100,127595.49,False
QAT,SSP4,2024,111314.25,False
QAT,SSP4,2025,112321.44,False
QAT,SSP4,2030,123027.34,False
QAT,SSP4,2050,130774.27,False
QAT,SSP4,2100,187739.71,False
QAT,SSP5,2024,111314.25,False
QAT,SSP5,2025,112321.44,False
QAT,SSP5,2030,117487.05,False
QAT,SSP5,2050,132076.06,False
QAT,SSP5,2100,277107.08,False
ROU,SSP1,2024,40503.83,False
ROU,SSP1,2025,42256.58,False
ROU,SSP1,2030,49382.64,False
ROU,SSP1,2050,78050.87,False
ROU,SSP1,2100,137548.35,False
ROU,SSP2,2024,40503.83,False
ROU,SSP2,2025,42256.58,False
ROU,SSP2,2030,49372.06,False
ROU,SSP2,2050,71853.25,False
ROU,SSP2,2100,122064.89,False
ROU,SSP3,2024,40503.83,False
ROU,SSP3,2025,42256.58,False
ROU,SSP3,2030,48968.28,False
ROU,SSP3,2050,61201.66,False
ROU,SSP3,2100,62579.51,False
ROU,SSP4,2024,40503.83,False
ROU,SSP4,2025,42256.58,False
ROU,SSP4,2030,49680.01,False
ROU,SSP4,2050,78641.24,False
ROU,SSP4,2100,131659.45,False
ROU,SSP5,2024,40503.83,False
ROU,SSP5,2025,42256.58,False
ROU,SSP5,2030,50114.48,False
ROU,SSP5,2050,91918.5,False
ROU,SSP5,2100,216696.88,False
RUS,SSP1,2024,41891.17,False
RUS,SSP1,2025,42483.67,False
RUS,SSP1,2030,46242.81,False
RUS,SSP1,2050,70598.25,False
RUS,SSP1,2100,171346.26,False
RUS,SSP2,2024,41891.17,False
RUS,SSP2,2025,42483.67,False
RUS,SSP2,2030,46280.43,False
RUS,SSP2,2050,66997.9,False
RUS,SSP2,2100,153268.54,False
RUS,SSP3,2024,41891.17,False
RUS,SSP3,2025,42483.67,False
RUS,SSP3,2030,46436.4,False
RUS,SSP3,2050,61189.45,False
RUS,SSP3,2100,85916.23,False
RUS,SSP4,2024,41891.17,False
RUS,SSP4,2025,42483.67,False
RUS,SSP4,2030,46552.7,False
RUS,SSP4,2050,70442.41,False
RUS,SSP4,2100,157986.29,False
RUS,SSP5,2024,41891.17,False
RUS,SSP5,2025,42483.67,False
RUS,SSP5,2030,45940.6,False
RUS,SSP5,2050,77668.86,False
RUS,SSP5,2100,270690.27,False
RWA,SSP1,2024,3325.01,False
RWA,SSP1,2025,3503.74,False
RWA,SSP1,2030,4491.34,False
RWA,SSP1,2050,11037.46,False
RWA,SSP1,2100,63181.6,False
RWA,SSP2,2024,3325.01,False
RWA,SSP2,2025,3503.74,False
RWA,SSP2,2030,4446.1,False
RWA,SSP2,2050,9263.46,False
RWA,SSP2,2100,46606.82,False
RWA,SSP3,2024,3325.01,False
RWA,SSP3,2025,3503.74,False
RWA,SSP3,2030,4421.04,False
RWA,SSP3,2050,7277.66,False
RWA,SSP3,2100,12740.79,False
RWA,SSP4,2024,3325.01,False
RWA,SSP4,2025,3503.74,False
RWA,SSP4,2030,4428.36,False
RWA,SSP4,2050,7453.65,False
RWA,SSP4,2100,14178.31,False
RWA,SSP5,2024,3325.01,False
RWA,SSP5,2025,3503.74,False
RWA,SSP5,2030,4512.08,False
RWA,SSP5,2050,13194.51,False
RWA,SSP5,2100,105768.41,False
SAU,SSP1,2024,63194.43,False
SAU,SSP1,2025,64656.46,False
SAU,SSP1,2030,75577.78,False
SAU,SSP1,2050,106627.48,False
SAU,SSP1,2100,144256.76,False
SAU,SSP2,2024,63194.43,False
SAU,SSP2,2025,64656.46,False
SAU,SSP2,2030,74927.52,False
SAU,SSP2,2050,99972.39,False
SAU,SSP2,2100,135973.59,False
SAU,SSP3,2024,63194.43,False
SAU,SSP3,2025,64656.46,False
SAU,SSP3,2030,74678.98,False
SAU,SSP3,2050,90373.64,False
SAU,SSP3,2100,84122.67,False
SAU,SSP4,2024,63194.43,False
SAU,SSP4,2025,64656.46,False
SAU,SSP4,2030,74757.14,False
SAU,SSP4,2050,101972.46,False
SAU,SSP4,2100,134205.49,False
SAU,SSP5,2024,63194.43,False
SAU,SSP5,2025,64656.46,False
SAU,SSP5,2030,75283.29,False
SAU,SSP5,2050,117962.31,False
SAU,SSP5,2100,229898.62,False
SDN,SSP1,2024,1861.4,False
SDN,SSP1,2025,1760.86,False
SDN,SSP1,2030,1987.71,False
SDN,SSP1,2050,3636.13,False
SDN,SSP1,2100,16402.9,False
SDN,SSP2,2024,1861.4,False
SDN,SSP2,2025,1760.86,False
SDN,SSP2,2030,1964.53,False
SDN,SSP2,2050,2864.48,False
SDN,SSP2,2100,11216.06,False
SDN,SSP3,2024,1861.4,False
SDN,SSP3,2025,1760.86,False
SDN,SSP3,2030,1931.88,False
SDN,SSP3,2050,1967.23,False
SDN,SSP3,2100,2244.55,False
SDN,SSP4,2024,1861.4,False
SDN,SSP4,2025,1760.86,False
SDN,SSP4,2030,1985.15,False
SDN,SSP4,2050,2245.96,False
SDN,SSP4,2100,2803.17,False
SDN,SSP5,2024,1861.4,False
SDN,SSP5,2025,1760.86,False
SDN,SSP5,2030,2000.15,False
SDN,SSP5,2050,4448.79,False
SDN,SSP5,2100,27586.38,False
SEN,SSP1,2024,4477.82,False
SEN,SSP1,2025,4659.94,False
SEN,SSP1,2030,5558.7,False
SEN,SSP1,2050,12162.97,False
SEN,SSP1,2100,53872.04,False
SEN,SSP2,2024,4477.82,False
SEN,SSP2,2025,4659.94,False
SEN,SSP2,2030,5464.67,False
SEN,SSP2,2050,10422.96,False
SEN,SSP2,2100,43374.63,False
SEN,SSP3,2024,4477.82,False
SEN,SSP3,2025,4659.94,False
SEN,SSP3,2030,5381.91,False
SEN,SSP3,2050,8306.23,False
SEN,SSP3,2100,17458.63,False
SEN,SSP4,2024,4477.82,False
SEN,SSP4,2025,4659.94,False
SEN,SSP4,2030,5393.6,False
SEN,SSP4,2050,9011.77,False
SEN,SSP4,2100,30613.25,False
SEN,SSP5,2024,4477.82,False
SEN,SSP5,2025,4659.94,False
SEN,SSP5,2030,5585.73,False
SEN,SSP5,2050,14114.25,False
SEN,SSP5,2100,86948.86,False
SGP,SSP1,2024,134548.76,False
SGP,SSP1,2025,138400.21,False
SGP,SSP1,2030,152289.48,False
SGP,SSP1,2050,172147.18,False
SGP,SSP1,2100,146614.34,False
SGP,SSP2,2024,134548.76,False
SGP,SSP2,2025,138400.21,False
SGP,SSP2,2030,152393.29,False
SGP,SSP2,2050,174639.43,False
SGP,SSP2,2100,160871.1,False
SGP,SSP3,2024,134548.76,False
SGP,SSP3,2025,138400.21,False
SGP,SSP3,2030,153931.29,False
SGP,SSP3,2050,180119.85,False
SGP,SSP3,2100,177173.08,False
SGP,SSP4,2024,134548.76,False
SGP,SSP4,2025,138400.21,False
SGP,SSP4,2030,152990.84,False
SGP,SSP4,2050,178566.15,False
SGP,SSP4,2100,164402.59,False
SGP,SSP5,2024,134548.76,False
SGP,SSP5,2025,138400.21,False
SGP,SSP5,2030,148825.08,False
SGP,SSP5,2050,160716.48,False
SGP,SSP5,2100,204895.91,False
SLB,SSP1,2024,2353.55,False
SLB,SSP1,2025,2313.28,False
SLB,SSP1,2030,2479.89,False
SLB,SSP1,2050,8522.07,False
SLB,SSP1,2100,141797.32,False
SLB,SSP2,2024,2353.55,False
SLB,SSP2,2025,2313.28,False
SLB,SSP2,2030,2442.1,False
SLB,SSP2,2050,6113.48,False
SLB,SSP2,2100,90675.51,False
SLB,SSP3,2024,2353.55,False
SLB,SSP3,2025,2313.28,False
SLB,SSP3,2030,2403.85,False
SLB,SSP3,2050,3730.32,False
SLB,SSP3,2100,10406.35,False
SLB,SSP4,2024,2353.55,False
SLB,SSP4,2025,2313.28,False
SLB,SSP4,2030,2411.97,False
SLB,SSP4,2050,4478.74,False
SLB,SSP4,2100,34818.94,False
SLB,SSP5,2024,2353.55,False
SLB,SSP5,2025,2313.28,False
SLB,SSP5,2030,2496.14,False
SLB,SSP5,2050,11128.77,False
SLB,SSP5,2100,244683.09,False
SLE,SSP1,2024,3098.76,False
SLE,SSP1,2025,3158.27,False
SLE,SSP1,2030,3663.27,False
SLE,SSP1,2050,9533.09,False
SLE,SSP1,2100,67574.49,False
SLE,SSP2,2024,3098.76,False
SLE,SSP2,2025,3158.27,False
SLE,SSP2,2030,3610.92,False
SLE,SSP2,2050,7879.93,False
SLE,SSP2,2100,45433.44,False
SLE,SSP3,2024,3098.76,False
SLE,SSP3,2025,3158.27,False
SLE,SSP3,2030,3564.18,False
SLE,SSP3,2050,6159.08,False
SLE,SSP3,2100,11935.04,False
SLE,SSP4,2024,3098.76,False
SLE,SSP4,2025,3158.27,False
SLE,SSP4,2030,3569.74,False
SLE,SSP4,2050,6287.25,False
SLE,SSP4,2100,13011.72,False
SLE,SSP5,2024,3098.76,False
SLE,SSP5,2025,3158.27,False
SLE,SSP5,2030,3676.79,False
SLE,SSP5,2050,11312.15,False
SLE,SSP5,2100,112919.98,False
SLV,SSP1,2024,11647.02,False
SLV,SSP1,2025,12069.8,False
SLV,SSP1,2030,13319.57,False
SLV,SSP1,2050,27106.41,False
SLV,SSP1,2100,120024.89,False
SLV,SSP2,2024,11647.02,False
SLV,SSP2,2025,12069.8,False
SLV,SSP2,2030,13248.09,False
SLV,SSP2,2050,23777.38,False
SLV,SSP2,2100,101164.26,False
SLV,SSP3,2024,11647.02,False
SLV,SSP3,2025,12069.8,False
SLV,SSP3,2030,13036.95,False
SLV,SSP3,2050,18665.21,False
SLV,SSP3,2100,35103.6,False
SLV,SSP4,2024,11647.02,False
SLV,SSP4,2025,12069.8,False
SLV,SSP4,2030,13178.86,False
SLV,SSP4,2050,20919.46,False
SLV,SSP4,2100,67385.94,False
SLV,SSP5,2024,11647.02,False
SLV,SSP5,2025,12069.8,False
SLV,SSP5,2030,13653.95,False
SLV,SSP5,2050,33454.63,False
SLV,SSP5,2100,198410.46,False
SOM,SSP1,2024,1409.33,False
SOM,SSP1,2025,1410.13,False
SOM,SSP1,2030,1554.87,False
SOM,SSP1,2050,4224.01,False
SOM,SSP1,2100,31498.98,False
SOM,SSP2,2024,1409.33,False
SOM,SSP2,2025,1410.13,False
SOM,SSP2,2030,1512.41,False
SOM,SSP2,2050,3438.99,False
SOM,SSP2,2100,23585.94,False
SOM,SSP3,2024,1409.33,False
SOM,SSP3,2025,1410.13,False
SOM,SSP3,2030,1481.3,False
SOM,SSP3,2050,2606.08,False
SOM,SSP3,2100,8928.46,False
SOM,SSP4,2024,1409.33,False
SOM,SSP4,2025,1410.13,False
SOM,SSP4,2030,1485.88,False
SOM,SSP4,2050,2745.33,False
SOM,SSP4,2100,13017.29,False
SOM,SSP5,2024,1409.33,False
SOM,SSP5,2025,1410.13,False
SOM,SSP5,2030,1564.02,False
SOM,SSP5,2050,4992.59,False
SOM,SSP5,2100,51541.38,False
SRB,SSP1,2024,26900.74,False
SRB,SSP1,2025,28107.74,False
SRB,SSP1,2030,34655.43,False
SRB,SSP1,2050,63630.56,False
SRB,SSP1,2100,134473.89,False
SRB,SSP2,2024,26900.74,False
SRB,SSP2,2025,28107.74,False
SRB,SSP2,2030,34670.26,False
SRB,SSP2,2050,59007.46,False
SRB,SSP2,2100,123891.17,False
SRB,SSP3,2024,26900.74,False
SRB,SSP3,2025,28107.74,False
SRB,SSP3,2030,34660.9,False
SRB,SSP3,2050,50168.86,False
SRB,SSP3,2100,66832.21,False
SRB,SSP4,2024,26900.74,False
SRB,SSP4,2025,28107.74,False
SRB,SSP4,2030,34850.8,False
SRB,SSP4,2050,61746.98,False
SRB,SSP4,2100,124669.03,False
SRB,SSP5,2024,26900.74,False
SRB,SSP5,2025,28107.74,False
SRB,SSP5,2030,34586.79,False
SRB,SSP5,2050,71396.68,False
SRB,SSP5,2100,206755.8,False
STP,SSP1,2024,5511.88,False
STP,SSP1,2025,5495.12,False
STP,SSP1,2030,6149.72,False
STP,SSP1,2050,12334.22,False
STP,SSP1,2100,65334.93,False
STP,SSP2,2024,5511.88,False
STP,SSP2,2025,5495.12,False
STP,SSP2,2030,6068.07,False
STP,SSP2,2050,10668.3,False
STP,SSP2,2100,51700.44,False
STP,SSP3,2024,5511.88,False
STP,SSP3,2025,5495.12,False
STP,SSP3,2030,5952.17,False
STP,SSP3,2050,8425.05,False
STP,SSP3,2100,19333.2,False
STP,SSP4,2024,5511.88,False
STP,SSP4,2025,5495.12,False
STP,SSP4,2030,5994.13,False
STP,SSP4,2050,9277.87,False
STP,SSP4,2100,35038.64,False
STP,SSP5,2024,5511.88,False
STP,SSP5,2025,5495.12,False
STP,SSP5,2030,6253.25,False
STP,SSP5,2050,14905.88,False
STP,SSP5,2100,107655.57,False
SUR,SSP1,2024,19179.1,False
SUR,SSP1,2025,19234.96,False
SUR,SSP1,2030,21535.45,False
SUR,SSP1,2050,39273.03,False
SUR,SSP1,2100,108117.54,False
SUR,SSP2,2024,19179.1,False
SUR,SSP2,2025,19234.96,False
SUR,SSP2,2030,21348.0,False
SUR,SSP2,2050,34374.05,False
SUR,SSP2,2100,90604.67,False
SUR,SSP3,2024,19179.1,False
SUR,SSP3,2025,19234.96,False
SUR,SSP3,2030,21115.18,False
SUR,SSP3,2050,28126.79,False
SUR,SSP3,2100,39242.98,False
SUR,SSP4,2024,19179.1,False
SUR,SSP4,2025,19234.96,False
SUR,SSP4,2030,21195.36,False
SUR,SSP4,2050,34567.37,False
SUR,SSP4,2100,94218.29,False
SUR,SSP5,2024,19179.1,False
SUR,SSP5,2025,19234.96,False
SUR,SSP5,2030,21683.1,False
SUR,SSP5,2050,46180.21,False
SUR,SSP5,2100,174064.92,False
SVK,SSP1,2024,40302.45,False
SVK,SSP1,2025,41183.37,False
SVK,SSP1,2030,46006.55,False
SVK,SSP1,2050,68289.82,False
SVK,SSP1,2100,115124.98,False
SVK,SSP2,2024,40302.45,False
SVK,SSP2,2025,41183.37,False
SVK,SSP2,2030,46000.54,False
SVK,SSP2,2050,65986.97,False
SVK,SSP2,2100,110813.9,False
SVK,SSP3,2024,40302.45,False
SVK,SSP3,2025,41183.37,False
SVK,SSP3,2030,45833.36,False
SVK,SSP3,2050,57283.22,False
SVK,SSP3,2100,58932.14,False
SVK,SSP4,2024,40302.45,False
SVK,SSP4,2025,41183.37,False
SVK,SSP4,2030,46265.56,False
SVK,SSP4,2050,67966.95,False
SVK,SSP4,2100,106995.64,False
SVK,SSP5,2024,40302.45,False
SVK,SSP5,2025,41183.37,False
SVK,SSP5,2030,46126.61,False
SVK,SSP5,2050,76532.87,False
SVK,SSP5,2100,177520.56,False
SVN,SSP1,2024,48658.03,False
SVN,SSP1,2025,50257.41,False
SVN,SSP1,2030,56905.32,False
SVN,SSP1,2050,76025.43,False
SVN,SSP1,2100,107529.09,False
SVN,SSP2,2024,48658.03,False
SVN,SSP2,2025,50257.41,False
SVN,SSP2,2030,56935.45,False
SVN,SSP2,2050,73641.79,False
SVN,SSP2,2100,103803.92,False
SVN,SSP3,2024,48658.03,False
SVN,SSP3,2025,50257.41,False
SVN,SSP3,2030,56872.56,False
SVN,SSP3,2050,64607.12,False
SVN,SSP3,2100,56086.21,False
SVN,SSP4,2024,48658.03,False
SVN,SSP4,2025,50257.41,False
SVN,SSP4,2030,57253.64,False
SVN,SSP4,2050,75855.46,False
SVN,SSP4,2100,99988.8,False
SVN,SSP5,2024,48658.03,False
SVN,SSP5,2025,50257.41,False
SVN,SSP5,2030,56811.98,False
SVN,SSP5,2050,84079.19,False
SVN,SSP5,2100,164626.11,False
SWE,SSP1,2024,62558.41,False
SWE,SSP1,2025,63726.19,False
SWE,SSP1,2030,71033.49,False
SWE,SSP1,2050,94269.49,False
SWE,SSP1,2100,143871.68,False
SWE,SSP2,2024,62558.41,False
SWE,SSP2,2025,63726.19,False
SWE,SSP2,2030,70999.34,False
SWE,SSP2,2050,88802.68,False
SWE,SSP2,2100,127819.27,False
SWE,SSP3,2024,62558.41,False
SWE,SSP3,2025,63726.19,False
SWE,SSP3,2030,71104.87,False
SWE,SSP3,2050,78259.93,False
SWE,SSP3,2100,70600.66,False
SWE,SSP4,2024,62558.41,False
SWE,SSP4,2025,63726.19,False
SWE,SSP4,2030,71466.37,False
SWE,SSP4,2050,93723.46,False
SWE,SSP4,2100,126298.19,False
SWE,SSP5,2024,62558.41,False
SWE,SSP5,2025,63726.19,False
SWE,SSP5,2030,70368.62,False
SWE,SSP5,2050,102573.73,False
SWE,SSP5,2100,219896.18,False
SWZ,SSP1,2024,10386.21,False
SWZ,SSP1,2025,10716.61,False
SWZ,SSP1,2030,11924.64,False
SWZ,SSP1,2050,22480.37,False
SWZ,SSP1,2100,82661.83,False
SWZ,SSP2,2024,10386.21,False
SWZ,SSP2,2025,10716.61,False
SWZ,SSP2,2030,11896.43,False
SWZ,SSP2,2050,20592.18,False
SWZ,SSP2,2100,69682.22,False
SWZ,SSP3,2024,10386.21,False
SWZ,SSP3,2025,10716.61,False
SWZ,SSP3,2030,11812.25,False
SWZ,SSP3,2050,17379.37,False
SWZ,SSP3,2100,30187.5,False
SWZ,SSP4,2024,10386.21,False
SWZ,SSP4,2025,10716.61,False
SWZ,SSP4,2030,11901.62,False
SWZ,SSP4,2050,18702.46,False
SWZ,SSP4,2100,47787.8,False
SWZ,SSP5,2024,10386.21,False
SWZ,SSP5,2025,10716.61,False
SWZ,SSP5,2030,12106.39,False
SWZ,SSP5,2050,26169.45,False
SWZ,SSP5,2100,133415.48,False
SYC,SSP1,2024,29288.02,False
SYC,SSP1,2025,30419.41,False
SYC,SSP1,2030,35469.15,False
SYC,SSP1,2050,58346.84,False
SYC,SSP1,2100,127536.52,False
SYC,SSP2,2024,29288.02,False
SYC,SSP2,2025,30419.41,False
SYC,SSP2,2030,35287.42,False
SYC,SSP2,2050,53983.44,False
SYC,SSP2,2100,111956.51,False
SYC,SSP3,2024,29288.02,False
SYC,SSP3,2025,30419.41,False
SYC,SSP3,2030,35121.13,False
SYC,SSP3,2050,46676.2,False
SYC,SSP3,2100,58561.87,False
SYC,SSP4,2024,29288.02,False
SYC,SSP4,2025,30419.41,False
SYC,SSP4,2030,35147.46,False
SYC,SSP4,2050,54701.29,False
SYC,SSP4,2100,113949.67,False
SYC,SSP5,2024,29288.02,False
SYC,SSP5,2025,30419.41,False
SYC,SSP5,2030,35434.25,False
SYC,SSP5,2050,65591.44,False
SYC,SSP5,2100,201182.45,False
TCD,SSP1,2024,2430.73,False
TCD,SSP1,2025,2414.75,False
TCD,SSP1,2030,2583.24,False
TCD,SSP1,2050,6632.98,False
TCD,SSP1,2100,48636.92,False
TCD,SSP2,2024,2430.73,False
TCD,SSP2,2025,2414.75,False
TCD,SSP2,2030,2517.89,False
TCD,SSP2,2050,5199.24,False
TCD,SSP2,2100,32569.95,False
TCD,SSP3,2024,2430.73,False
TCD,SSP3,2025,2414.75,False
TCD,SSP3,2030,2473.94,False
TCD,SSP3,2050,3811.72,False
TCD,SSP3,2100,8279.01,False
TCD,SSP4,2024,2430.73,False
TCD,SSP4,2025,2414.75,False
TCD,SSP4,2030,2473.5,False
TCD,SSP4,2050,3911.45,False
TCD,SSP4,2100,9512.23,False
TCD,SSP5,2024,2430.73,False
TCD,SSP5,2025,2414.75,False
TCD,SSP5,2030,2582.84,False
TCD,SSP5,2050,7872.66,False
TCD,SSP5,2100,81481.95,False
TGO,SSP1,2024,3351.25,False
TGO,SSP1,2025,3457.5,False
TGO,SSP1,2030,4177.06,False
TGO,SSP1,2050,10137.23,False
TGO,SSP1,2100,61764.38,False
TGO,SSP2,2024,3351.25,False
TGO,SSP2,2025,3457.5,False
TGO,SSP2,2030,4112.44,False
TGO,SSP2,2050,8458.91,False
TGO,SSP2,2100,45248.49,False
TGO,SSP3,2024,3351.25,False
TGO,SSP3,2025,3457.5,False
TGO,SSP3,2030,4059.11,False
TGO,SSP3,2050,6591.27,False
TGO,SSP3,2100,14260.18,False
TGO,SSP4,2024,3351.25,False
TGO,SSP4,2025,3457.5,False
TGO,SSP4,2030,4060.92,False
TGO,SSP4,2050,6775.66,False
TGO,SSP4,2100,17765.03,False
TGO,SSP5,2024,3351.25,False
TGO,SSP5,2025,3457.5,False
TGO,SSP5,2030,4183.69,False
TGO,SSP5,2050,11927.15,False
TGO,SSP5,2100,102136.67,False
THA,SSP1,2024,21882.21,False
THA,SSP1,2025,22415.3,False
THA,SSP1,2030,26028.6,False
THA,SSP1,2050,44570.02,False
THA,SSP1,2100,95482.62,False
THA,SSP2,2024,21882.21,False
THA,SSP2,2025,22415.3,False
THA,SSP2,2030,25944.91,False
THA,SSP2,2050,41172.2,False
THA,SSP2,2100,87843.79,False
THA,SSP3,2024,21882.21,False
THA,SSP3,2025,22415.3,False
THA,SSP3,2030,25872.32,False
THA,SSP3,2050,35248.83,False
THA,SSP3,2100,46202.22,False
THA,SSP4,2024,21882.21,False
THA,SSP4,2025,22415.3,False
THA,SSP4,2030,25908.23,False
THA,SSP4,2050,41912.27,False
THA,SSP4,2100,89287.8,False
THA,SSP5,2024,21882.21,False
THA,SSP5,2025,22415.3,False
THA,SSP5,2030,26022.19,False
THA,SSP5,2050,50364.52,False
THA,SSP5,2100,149797.96,False
TJK,SSP1,2024,4755.93,False
TJK,SSP1,2025,4973.32,False
TJK,SSP1,2030,5781.35,False
TJK,SSP1,2050,12240.33,False
TJK,SSP1,2100,52635.14,False
TJK,SSP2,2024,4755.93,False
TJK,SSP2,2025,4973.32,False
TJK,SSP2,2030,5719.83,False
TJK,SSP2,2050,10248.7,False
TJK,SSP2,2100,40808.81,False
TJK,SSP3,2024,4755.93,False
TJK,SSP3,2025,4973.32,False
TJK,SSP3,2030,5632.84,False
TJK,SSP3,2050,7839.93,False
TJK,SSP3,2100,13521.31,False
TJK,SSP4,2024,4755.93,False
TJK,SSP4,2025,4973.32,False
TJK,SSP4,2030,5662.41,False
TJK,SSP4,2050,8700.33,False
TJK,SSP4,2100,25289.46,False
TJK,SSP5,2024,4755.93,False
TJK,SSP5,2025,4973.32,False
TJK,SSP5,2030,5844.21,False
TJK,SSP5,2050,14812.98,False
TJK,SSP5,2100,86108.43,False
TKM,SSP1,2024,18470.74,False
TKM,SSP1,2025,18644.69,False
TKM,SSP1,2030,19505.56,False
TKM,SSP1,2050,26158.29,False
TKM,SSP1,2100,61784.54,False
TKM,SSP2,2024,18470.74,False
TKM,SSP2,2025,18644.69,False
TKM,SSP2,2030,19428.14,False
TKM,SSP2,2050,24059.57,False
TKM,SSP2,2100,49618.08,False
TKM,SSP3,2024,18470.74,False
TKM,SSP3,2025,18644.69,False
TKM,SSP3,2030,19288.49,False
TKM,SSP3,2050,21684.56,False
TKM,SSP3,2100,21853.41,False
TKM,SSP4,2024,18470.74,False
TKM,SSP4,2025,18644.69,False
TKM,SSP4,2030,19327.34,False
TKM,SSP4,2050,24528.15,False
TKM,SSP4,2100,51529.41,False
TKM,SSP5,2024,18470.74,False
TKM,SSP5,2025,18644.69,False
TKM,SSP5,2030,19641.31,False
TKM,SSP5,2050,30989.44,False
TKM,SSP5,2100,102493.59,False
TLS,SSP1,2024,3890.96,False
TLS,SSP1,2025,3941.52,False
TLS,SSP1,2030,4346.74,False
TLS,SSP1,2050,11495.41,False
TLS,SSP1,2100,95695.64,False
TLS,SSP2,2024,3890.96,False
TLS,SSP2,2025,3941.52,False
TLS,SSP2,2030,4298.69,False
TLS,SSP2,2050,9115.35,False
TLS,SSP2,2100,74236.28,False
TLS,SSP3,2024,3890.96,False
TLS,SSP3,2025,3941.52,False
TLS,SSP3,2030,4229.37,False
TLS,SSP3,2050,6243.27,False
TLS,SSP3,2100,21391.17,False
TLS,SSP4,2024,3890.96,False
TLS,SSP4,2025,3941.52,False
TLS,SSP4,2030,4245.78,False
TLS,SSP4,2050,7174.55,False
TLS,SSP4,2100,42253.96,False
TLS,SSP5,2024,3890.96,False
TLS,SSP5,2025,3941.52,False
TLS,SSP5,2030,4400.57,False
TLS,SSP5,2050,14525.05,False
TLS,SSP5,2100,157882.97,False
TON,SSP1,2024,7180.99,False
TON,SSP1,2025,7176.07,False
TON,SSP1,2030,7612.89,False
TON,SSP1,2050,16446.41,False
TON,SSP1,2100,98261.88,False
TON,SSP2,2024,7180.99,False
TON,SSP2,2025,7176.07,False
TON,SSP2,2030,7550.46,False
TON,SSP2,2050,13605.14,False
TON,SSP2,2100,79577.63,False
TON,SSP3,2024,7180.99,False
TON,SSP3,2025,7176.07,False
TON,SSP3,2030,7336.44,False
TON,SSP3,2050,9628.63,False
TON,SSP3,2100,24448.82,False
TON,SSP4,2024,7180.99,False
TON,SSP4,2025,7176.07,False
TON,SSP4,2030,7490.7,False
TON,SSP4,2050,14015.83,False
TON,SSP4,2100,85362.57,False
TON,SSP5,2024,7180.99,False
TON,SSP5,2025,7176.07,False
TON,SSP5,2030,7935.43,False
TON,SSP5,2050,20934.28,False
TON,SSP5,2100,160034.08,False
TTO,SSP1,2024,31960.16,False
TTO,SSP1,2025,32387.33,False
TTO,SSP1,2030,34814.92,False
TTO,SSP1,2050,53575.78,False
TTO,SSP1,2100,147480.1,False
TTO,SSP2,2024,31960.16,False
TTO,SSP2,2025,32387.33,False
TTO,SSP2,2030,34699.92,False
TTO,SSP2,2050,48038.0,False
TTO,SSP2,2100,126907.33,False
TTO,SSP3,2024,31960.16,False
TTO,SSP3,2025,32387.33,False
TTO,SSP3,2030,34444.18,False
TTO,SSP3,2050,39616.2,False
TTO,SSP3,2100,53218.69,False
TTO,SSP4,2024,31960.16,False
TTO,SSP4,2025,32387.33,False
TTO,SSP4,2030,34599.5,False
TTO,SSP4,2050,51488.39,False
TTO,SSP4,2100,141849.46,False
TTO,SSP5,2024,31960.16,False
TTO,SSP5,2025,32387.33,False
TTO,SSP5,2030,35110.97,False
TTO,SSP5,2050,63107.5,False
TTO,SSP5,2100,235773.38,False
TUN,SSP1,2024,12774.92,False
TUN,SSP1,2025,12908.01,False
TUN,SSP1,2030,14286.95,False
TUN,SSP1,2050,26929.54,False
TUN,SSP1,2100,98009.26,False
TUN,SSP2,2024,12774.92,False
TUN,SSP2,2025,12908.01,False
TUN,SSP2,2030,14206.81,False
TUN,SSP2,2050,23350.87,False
TUN,SSP2,2100,77929.34,False
TUN,SSP3,2024,12774.92,False
TUN,SSP3,2025,12908.01,False
TUN,SSP3,2030,14086.93,False
TUN,SSP3,2050,18865.72,False
TUN,SSP3,2100,25161.98,False
TUN,SSP4,2024,12774.92,False
TUN,SSP4,2025,12908.01,False
TUN,SSP4,2030,14112.78,False
TUN,SSP4,2050,20416.23,False
TUN,SSP4,2100,45856.38,False
TUN,SSP5,2024,12774.92,False
TUN,SSP5,2025,12908.01,False
TUN,SSP5,2030,14364.74,False
TUN,SSP5,2050,31923.53,False
TUN,SSP5,2100,161121.55,False
TUR,SSP1,2024,36154.49,False
TUR,SSP1,2025,37835.7,False
TUR,SSP1,2030,44492.74,False
TUR,SSP1,2050,70921.68,False
TUR,SSP1,2100,119021.86,False
TUR,SSP2,2024,36154.49,False
TUR,SSP2,2025,37835.7,False
TUR,SSP2,2030,44316.94,False
TUR,SSP2,2050,67079.44,False
TUR,SSP2,2100,111442.29,False
TUR,SSP3,2024,36154.49,False
TUR,SSP3,2025,37835.7,False
TUR,SSP3,2030,43986.29,False
TUR,SSP3,2050,61526.01,False
TUR,SSP3,2100,99434.62,False
TUR,SSP4,2024,36154.49,False
TUR,SSP4,2025,37835.7,False
TUR,SSP4,2030,44610.9,False
TUR,SSP4,2050,69790.32,False
TUR,SSP4,2100,112282.21,False
TUR,SSP5,2024,36154.49,False
TUR,SSP5,2025,37835.7,False
TUR,SSP5,2030,44701.21,False
TUR,SSP5,2050,79192.04,False
TUR,SSP5,2100,183503.44,False
TZA,SSP1,2024,3713.26,False
TZA,SSP1,2025,3802.87,False
TZA,SSP1,2030,4736.77,False
TZA,SSP1,2050,11226.46,False
TZA,SSP1,2100,62036.45,False
TZA,SSP2,2024,3713.26,False
TZA,SSP2,2025,3802.87,False
TZA,SSP2,2030,4669.36,False
TZA,SSP2,2050,9056.49,False
TZA,SSP2,2100,44287.43,False
TZA,SSP3,2024,3713.26,False
TZA,SSP3,2025,3802.87,False
TZA,SSP3,2030,4624.33,False
TZA,SSP3,2050,6730.75,False
TZA,SSP3,2100,10841.32,False
TZA,SSP4,2024,3713.26,False
TZA,SSP4,2025,3802.87,False
TZA,SSP4,2030,4630.19,False
TZA,SSP4,2050,7435.83,False
TZA,SSP4,2100,22916.49,False
TZA,SSP5,2024,3713.26,False
TZA,SSP5,2025,3802.87,False
TZA,SSP5,2030,4756.68,False
TZA,SSP5,2050,13497.48,False
TZA,SSP5,2100,103983.86,False
UGA,SSP1,2024,2879.67,False
UGA,SSP1,2025,2961.47,False
UGA,SSP1,2030,3616.0,False
UGA,SSP1,2050,8037.53,False
UGA,SSP1,2100,43737.17,False
UGA,SSP2,2024,2879.67,False
UGA,SSP2,2025,2961.47,False
UGA,SSP2,2030,3574.01,False
UGA,SSP2,2050,6680.5,False
UGA,SSP2,2100,30976.42,False
UGA,SSP3,2024,2879.67,False
UGA,SSP3,2025,2961.47,False
UGA,SSP3,2030,3540.64,False
UGA,SSP3,2050,5169.11,False
UGA,SSP3,2100,8039.66,False
UGA,SSP4,2024,2879.67,False
UGA,SSP4,2025,2961.47,False
UGA,SSP4,2030,3548.2,False
UGA,SSP4,2050,5283.29,False
UGA,SSP4,2100,8791.83,False
UGA,SSP5,2024,2879.67,False
UGA,SSP5,2025,2961.47,False
UGA,SSP5,2030,3633.88,False
UGA,SSP5,2050,9527.07,False
UGA,SSP5,2100,73042.98,False
UKR,SSP1,2024,16371.44,False
UKR,SSP1,2025,16359.95,False
UKR,SSP1,2030,20125.36,False
UKR,SSP1,2050,45791.83,False
UKR,SSP1,2100,131343.26,False
UKR,SSP2,2024,16371.44,False
UKR,SSP2,2025,16359.95,False
UKR,SSP2,2030,20107.73,False
UKR,SSP2,2050,38775.13,False
UKR,SSP2,2100,111670.86,False
UKR,SSP3,2024,16371.44,False
UKR,SSP3,2025,16359.95,False
UKR,SSP3,2030,20086.84,False
UKR,SSP3,2050,28841.56,False
UKR,SSP3,2100,42547.73,False
UKR,SSP4,2024,16371.44,False
UKR,SSP4,2025,16359.95,False
UKR,SSP4,2030,20112.06,False
UKR,SSP4,2050,33224.69,False
UKR,SSP4,2100,78178.81,False
UKR,SSP5,2024,16371.44,False
UKR,SSP5,2025,16359.95,False
UKR,SSP5,2030,20124.86,False
UKR,SSP5,2050,53890.41,False
UKR,SSP5,2100,206833.54,False
URY,SSP1,2024,32149.48,False
URY,SSP1,2025,33294.76,False
URY,SSP1,2030,37588.31,False
URY,SSP1,2050,56473.86,False
URY,SSP1,2100,99846.86,False
URY,SSP2,2024,32149.48,False
URY,SSP2,2025,33294.76,False
URY,SSP2,2030,37446.29,False
URY,SSP2,2050,53182.63,False
URY,SSP2,2100,96813.09,False
URY,SSP3,2024,32149.48,False
URY,SSP3,2025,33294.76,False
URY,SSP3,2030,37218.91,False
URY,SSP3,2050,47830.57,False
URY,SSP3,2100,59905.26,False
URY,SSP4,2024,32149.48,False
URY,SSP4,2025,33294.76,False
URY,SSP4,2030,37384.33,False
URY,SSP4,2050,55145.39,False
URY,SSP4,2100,109757.07,False
URY,SSP5,2024,32149.48,False
URY,SSP5,2025,33294.76,False
URY,SSP5,2030,37846.79,False
URY,SSP5,2050,64330.32,False
URY,SSP5,2100,156289.95,False
USA,SSP1,2024,75698.18,False
USA,SSP1,2025,77413.18,False
USA,SSP1,2030,83205.48,False
USA,SSP1,2050,107361.36,False
USA,SSP1,2100,163191.67,False
USA,SSP2,2024,75698.18,False
USA,SSP2,2025,77413.18,False
USA,SSP2,2030,83050.92,False
USA,SSP2,2050,100089.55,False
USA,SSP2,2100,145379.17,False
USA,SSP3,2024,75698.18,False
USA,SSP3,2025,77413.18,False
USA,SSP3,2030,83070.76,False
USA,SSP3,2050,91375.93,False
USA,SSP3,2100,100875.53,False
USA,SSP4,2024,75698.18,False
USA,SSP4,2025,77413.18,False
USA,SSP4,2030,83668.88,False
USA,SSP4,2050,107916.77,False
USA,SSP4,2100,153124.55,False
USA,SSP5,2024,75698.18,False
USA,SSP5,2025,77413.18,False
USA,SSP5,2030,82533.46,False
USA,SSP5,2050,116065.2,False
USA,SSP5,2100,252246.17,False
UZB,SSP1,2024,10997.17,False
UZB,SSP1,2025,11459.07,False
UZB,SSP1,2030,14131.61,False
UZB,SSP1,2050,28765.68,False
UZB,SSP1,2100,79763.63,False
UZB,SSP2,2024,10997.17,False
UZB,SSP2,2025,11459.07,False
UZB,SSP2,2030,13996.85,False
UZB,SSP2,2050,24812.23,False
UZB,SSP2,2100,69891.51,False
UZB,SSP3,2024,10997.17,False
UZB,SSP3,2025,11459.07,False
UZB,SSP3,2030,13837.89,False
UZB,SSP3,2050,19395.14,False
UZB,SSP3,2100,32375.25,False
UZB,SSP4,2024,10997.17,False
UZB,SSP4,2025,11459.07,False
UZB,SSP4,2030,13866.59,False
UZB,SSP4,2050,21434.34,False
UZB,SSP4,2100,55644.92,False
UZB,SSP5,2024,10997.17,False
UZB,SSP5,2025,11459.07,False
UZB,SSP5,2030,14211.44,False
UZB,SSP5,2050,33690.66,False
UZB,SSP5,2100,126001.78,False
VCT,SSP1,2024,18714.2,False
VCT,SSP1,2025,19613.24,False
VCT,SSP1,2030,22809.58,False
VCT,SSP1,2050,45256.6,False
VCT,SSP1,2100,139647.53,False
VCT,SSP2,2024,18714.2,False
VCT,SSP2,2025,19613.24,False
VCT,SSP2,2030,22675.46,False
VCT,SSP2,2050,38064.32,False
VCT,SSP2,2100,113981.17,False
VCT,SSP3,2024,18714.2,False
VCT,SSP3,2025,19613.24,False
VCT,SSP3,2030,22186.66,False
VCT,SSP3,2050,28074.76,False
VCT,SSP3,2100,35306.43,False
VCT,SSP4,2024,18714.2,False
VCT,SSP4,2025,19613.24,False
VCT,SSP4,2030,22578.01,False
VCT,SSP4,2050,39855.76,False
VCT,SSP4,2100,125018.17,False
VCT,SSP5,2024,18714.2,False
VCT,SSP5,2025,19613.24,False
VCT,SSP5,2030,23628.18,False
VCT,SSP5,2050,59640.63,False
VCT,SSP5,2100,235862.69,False
VNM,SSP1,2024,14396.42,False
VNM,SSP1,2025,15089.41,False
VNM,SSP1,2030,20530.72,False
VNM,SSP1,2050,45544.06,False
VNM,SSP1,2100,94736.36,False
VNM,SSP2,2024,14396.42,False
VNM,SSP2,2025,15089.41,False
VNM,SSP2,2030,20387.82,False
VNM,SSP2,2050,41501.95,False
VNM,SSP2,2100,90404.65,False
VNM,SSP3,2024,14396.42,False
VNM,SSP3,2025,15089.41,False
VNM,SSP3,2030,20211.35,False
VNM,SSP3,2050,34038.91,False
VNM,SSP3,2100,48104.61,False
VNM,SSP4,2024,14396.42,False
VNM,SSP4,2025,15089.41,False
VNM,SSP4,2030,20231.53,False
VNM,SSP4,2050,37625.75,False
VNM,SSP4,2100,80222.61,False
VNM,SSP5,2024,14396.42,False
VNM,SSP5,2025,15089.41,False
VNM,SSP5,2030,20630.95,False
VNM,SSP5,2050,52217.65,False
VNM,SSP5,2100,147708.99,False
VUT,SSP1,2024,3837.04,False
VUT,SSP1,2025,3829.82,False
VUT,SSP1,2030,4143.08,False
VUT,SSP1,2050,13352.56,False
VUT,SSP1,2100,179075.73,False
VUT,SSP2,2024,3837.04,False
VUT,SSP2,2025,3829.82,False
VUT,SSP2,2030,4090.25,False
VUT,SSP2,2050,9939.34,False
VUT,SSP2,2100,132135.45,False
VUT,SSP3,2024,3837.04,False
VUT,SSP3,2025,3829.82,False
VUT,SSP3,2030,4031.94,False
VUT,SSP3,2050,6261.58,False
VUT,SSP3,2100,25402.13,False
VUT,SSP4,2024,3837.04,False
VUT,SSP4,2025,3829.82,False
VUT,SSP4,2030,4043.58,False
VUT,SSP4,2050,7479.4,False
VUT,SSP4,2100,67331.35,False
VUT,SSP5,2024,3837.04,False
VUT,SSP5,2025,3829.82,False
VUT,SSP5,2030,4167.15,False
VUT,SSP5,2050,17166.44,False
VUT,SSP5,2100,302017.15,False
WSM,SSP1,2024,7687.23,False
WSM,SSP1,2025,7619.58,False
WSM,SSP1,2030,8303.52,False
WSM,SSP1,2050,18205.76,False
WSM,SSP1,2100,112479.44,False
WSM,SSP2,2024,7687.23,False
WSM,SSP2,2025,7619.58,False
WSM,SSP2,2030,8222.51,False
WSM,SSP2,2050,14947.24,False
WSM,SSP2,2100,88735.35,False
WSM,SSP3,2024,7687.23,False
WSM,SSP3,2025,7619.58,False
WSM,SSP3,2030,7997.49,False
WSM,SSP3,2050,10649.35,False
WSM,SSP3,2100,26751.32,False
WSM,SSP4,2024,7687.23,False
WSM,SSP4,2025,7619.58,False
WSM,SSP4,2030,8137.02,False
WSM,SSP4,2050,12371.53,False
WSM,SSP4,2100,56840.7,False
WSM,SSP5,2024,7687.23,False
WSM,SSP5,2025,7619.58,False
WSM,SSP5,2030,8657.37,False
WSM,SSP5,2050,24139.86,False
WSM,SSP5,2100,185959.29,False
XKX,SSP1,2024,15716.29,False
XKX,SSP1,2025,16486.88,False
XKX,SSP1,2030,19156.1,False
XKX,SSP1,2050,30212.36,False
XKX,SSP1,2100,64482.67,False
XKX,SSP2,2024,15716.29,False
XKX,SSP2,2025,16486.88,False
XKX,SSP2,2030,19031.93,False
XKX,SSP2,2050,27010.45,False
XKX,SSP2,2100,57777.05,False
XKX,SSP3,2024,15716.29,False
XKX,SSP3,2025,16486.88,False
XKX,SSP3,2030,18856.48,False
XKX,SSP3,2050,22244.52,False
XKX,SSP3,2100,29254.31,False
XKX,SSP4,2024,15716.29,False
XKX,SSP4,2025,16486.88,False
XKX,SSP4,2030,19181.03,False
XKX,SSP4,2050,28516.02,False
XKX,SSP4,2100,57887.97,False
XKX,SSP5,2024,15716.29,False
XKX,SSP5,2025,16486.88,False
XKX,SSP5,2030,19380.76,False
XKX,SSP5,2050,35465.77,False
XKX,SSP5,2100,103665.11,False
ZAF,SSP1,2024,13597.65,False
ZAF,SSP1,2025,13747.2,False
ZAF,SSP1,2030,14311.49,False
ZAF,SSP1,2050,25941.47,False
ZAF,SSP1,2100,100238.1,False
ZAF,SSP2,2024,13597.65,False
ZAF,SSP2,2025,13747.2,False
ZAF,SSP2,2030,14328.55,False
ZAF,SSP2,2050,24554.01,False
ZAF,SSP2,2100,90814.5,False
ZAF,SSP3,2024,13597.65,False
ZAF,SSP3,2025,13747.2,False
ZAF,SSP3,2030,14327.28,False
ZAF,SSP3,2050,21757.96,False
ZAF,SSP3,2100,47091.81,False
ZAF,SSP4,2024,13597.65,False
ZAF,SSP4,2025,13747.2,False
ZAF,SSP4,2030,14345.17,False
ZAF,SSP4,2050,24360.34,False
ZAF,SSP4,2100,87494.15,False
ZAF,SSP5,2024,13597.65,False
ZAF,SSP5,2025,13747.2,False
ZAF,SSP5,2030,14329.83,False
ZAF,SSP5,2050,29340.53,False
ZAF,SSP5,2100,158225.27,False
ZMB,SSP1,2024,3708.07,False
ZMB,SSP1,2025,3767.09,False
ZMB,SSP1,2030,4336.94,False
ZMB,SSP1,2050,8884.99,False
ZMB,SSP1,2100,46273.59,False
ZMB,SSP2,2024,3708.07,False
ZMB,SSP2,2025,3767.09,False
ZMB,SSP2,2030,4285.24,False
ZMB,SSP2,2050,7428.58,False
ZMB,SSP2,2100,33613.33,False
ZMB,SSP3,2024,3708.07,False
ZMB,SSP3,2025,3767.09,False
ZMB,SSP3,2030,4263.49,False
ZMB,SSP3,2050,5793.79,False
ZMB,SSP3,2100,9319.37,False
ZMB,SSP4,2024,3708.07,False
ZMB,SSP4,2025,3767.09,False
ZMB,SSP4,2030,4262.88,False
ZMB,SSP4,2050,5920.61,False
ZMB,SSP4,2100,10545.02,False
ZMB,SSP5,2024,3708.07,False
ZMB,SSP5,2025,3767.09,False
ZMB,SSP5,2030,4340.19,False
ZMB,SSP5,2050,10417.55,False
ZMB,SSP5,2100,76463.48,False
ZWE,SSP1,2024,5211.9,False
ZWE,SSP1,2025,5382.78,False
ZWE,SSP1,2030,5928.93,False
ZWE,SSP1,2050,11009.39,False
ZWE,SSP1,2100,52296.81,False
ZWE,SSP2,2024,5211.9,False
ZWE,SSP2,2025,5382.78,False
ZWE,SSP2,2030,5895.33,False
ZWE,SSP2,2050,9275.25,False
ZWE,SSP2,2100,39841.53,False
ZWE,SSP3,2024,5211.9,False
ZWE,SSP3,2025,5382.78,False
ZWE,SSP3,2030,5835.64,False
ZWE,SSP3,2050,6951.19,False
ZWE,SSP3,2100,10490.38,False
ZWE,SSP4,2024,5211.9,False
ZWE,SSP4,2025,5382.78,False
ZWE,SSP4,2030,5871.0,False
ZWE,SSP4,2050,7830.61,False
ZWE,SSP4,2100,22942.33,False
ZWE,SSP5,2024,5211.9,False
ZWE,SSP5,2025,5382.78,False
ZWE,SSP5,2030,6005.7,False
ZWE,SSP5,2050,13334.36,False
ZWE,SSP5,2100,87550.75,False
