year,ssp,alpha3,FractionPrimarytreatment,FractionSecondarytreatment,FractionTertiarytreatment,FractionQuarternarytreatment
2025,SSP1,ABW,0.08,0.00,0.11,0.15
2025,SSP1,AFG,0.06,0.08,0.01,0.00
2025,SSP1,AGO,0.09,0.04,0.03,0.00
2025,SSP1,AIA,0.03,0.00,0.10,0.13
2025,SSP1,ALB,0.09,0.22,0.02,0.00
2025,SSP1,AND,0.02,0.57,0.33,0.00
2025,SSP1,ARE,0.12,0.47,0.25,0.00
2025,SSP1,ARG,0.22,0.20,0.03,0.00
2025,SSP1,ARM,0.26,0.21,0.01,0.00
2025,SSP1,ASM,0.05,0.31,0.19,0.00
2025,SSP1,AUS,0.17,0.23,0.41,0.00
2025,SSP1,AUT,0.00,0.01,0.80,0.17
2025,SSP1,AZE,0.17,0.14,0.02,0.00
2025,SSP1,BDI,0.09,0.06,0.01,0.00
2025,SSP1,BEL,0.00,0.07,0.62,0.18
2025,SSP1,BEN,0.04,0.08,0.02,0.00
2025,SSP1,BFA,0.05,0.08,0.01,0.00
2025,SSP1,BGD,0.02,0.12,0.02,0.00
2025,SSP1,BGR,0.01,0.23,0.23,0.17
2025,SSP1,BHR,0.12,0.16,0.48,0.18
2025,SSP1,BHS,0.07,0.00,0.05,0.07
2025,SSP1,BIH,0.07,0.20,0.03,0.00
2025,SSP1,BLR,0.03,0.47,0.30,0.00
2025,SSP1,BLZ,0.05,0.02,0.09,0.00
2025,SSP1,BOL,0.15,0.18,0.01,0.00
2025,SSP1,BRA,0.15,0.26,0.04,0.00
2025,SSP1,BRB,0.02,0.01,0.02,0.03
2025,SSP1,BRN,0.00,0.25,0.14,0.00
2025,SSP1,BTN,0.02,0.02,0.11,0.00
2025,SSP1,BWA,0.05,0.00,0.02,0.03
2025,SSP1,CAF,0.07,0.07,0.00,0.00
2025,SSP1,CAN,0.11,0.46,0.22,0.00
2025,SSP1,CHE,0.00,0.15,0.71,0.18
2025,SSP1,CHL,0.15,0.20,0.42,0.00
2025,SSP1,CHN,0.11,0.10,0.12,0.17
2025,SSP1,CIV,0.04,0.12,0.02,0.00
2025,SSP1,CMR,0.01,0.09,0.02,0.00
2025,SSP1,COD,0.10,0.07,0.03,0.00
2025,SSP1,COG,0.01,0.01,0.12,0.00
2025,SSP1,COL,0.33,0.18,0.01,0.00
2025,SSP1,COM,0.02,0.12,0.01,0.00
2025,SSP1,CPV,0.13,0.08,0.03,0.00
2025,SSP1,CRI,0.04,0.00,0.07,0.10
2025,SSP1,CUB,0.15,0.17,0.01,0.00
2025,SSP1,CYP,0.00,0.32,0.17,0.00
2025,SSP1,CZE,0.00,0.07,0.62,0.17
2025,SSP1,DEU,0.01,0.02,0.81,0.18
2025,SSP1,DJI,0.03,0.09,0.04,0.00
2025,SSP1,DMA,0.05,0.00,0.07,0.10
2025,SSP1,DNK,0.02,0.02,0.76,0.17
2025,SSP1,DOM,0.16,0.03,0.07,0.10
2025,SSP1,DZA,0.33,0.14,0.02,0.00
2025,SSP1,ECU,0.16,0.14,0.01,0.00
2025,SSP1,EGY,0.17,0.22,0.07,0.00
2025,SSP1,ERI,0.07,0.07,0.01,0.00
2025,SSP1,ESH,0.05,0.31,0.06,0.00
2025,SSP1,ESP,0.02,0.24,0.57,0.18
2025,SSP1,EST,0.01,0.10,0.60,0.17
2025,SSP1,ETH,0.04,0.10,0.01,0.00
2025,SSP1,FIN,0.00,0.00,0.74,0.18
2025,SSP1,FJI,0.13,0.11,0.02,0.00
2025,SSP1,FLK,0.07,0.30,0.03,0.00
2025,SSP1,FRA,0.00,0.22,0.49,0.17
2025,SSP1,FRO,0.03,0.56,0.29,0.00
2025,SSP1,GAB,0.03,0.09,0.01,0.00
2025,SSP1,GBR,0.00,0.35,0.49,0.18
2025,SSP1,GEO,0.17,0.18,0.01,0.00
2025,SSP1,GHA,0.02,0.10,0.02,0.00
2025,SSP1,GIN,0.05,0.11,0.01,0.00
2025,SSP1,GLP,0.12,0.21,0.12,0.00
2025,SSP1,GMB,0.05,0.08,0.00,0.00
2025,SSP1,GNB,0.06,0.08,0.01,0.00
2025,SSP1,GNQ,0.03,0.04,0.00,0.00
2025,SSP1,GRC,0.09,0.11,0.50,0.17
2025,SSP1,GRD,0.02,0.00,0.06,0.08
2025,SSP1,GRL,0.01,0.40,0.48,0.00
2025,SSP1,GTM,0.13,0.15,0.09,0.00
2025,SSP1,GUF,0.08,0.17,0.08,0.00
2025,SSP1,GUY,0.02,0.01,0.06,0.00
2025,SSP1,HKG,0.29,0.16,0.13,0.18
2025,SSP1,HND,0.15,0.22,0.02,0.00
2025,SSP1,HRV,0.14,0.22,0.09,0.00
2025,SSP1,HTI,0.00,0.12,0.02,0.00
2025,SSP1,HUN,0.04,0.24,0.37,0.17
2025,SSP1,IDN,0.01,0.04,0.10,0.00
2025,SSP1,IND,0.04,0.07,0.07,0.00
2025,SSP1,IRL,0.09,0.30,0.19,0.15
2025,SSP1,IRN,0.09,0.13,0.03,0.00
2025,SSP1,IRQ,0.07,0.08,0.05,0.00
2025,SSP1,ISL,0.56,0.01,0.24,0.00
2025,SSP1,ISR,0.04,0.28,0.48,0.18
2025,SSP1,ITA,0.03,0.20,0.47,0.00
2025,SSP1,JAM,0.08,0.09,0.03,0.00
2025,SSP1,JOR,0.10,0.48,0.09,0.00
2025,SSP1,JPN,0.00,0.39,0.25,0.16
2025,SSP1,KAZ,0.13,0.15,0.16,0.00
2025,SSP1,KEN,0.03,0.13,0.01,0.00
2025,SSP1,KGZ,0.11,0.12,0.02,0.00
2025,SSP1,KHM,0.04,0.12,0.02,0.00
2025,SSP1,KNA,0.00,0.00,0.06,0.08
2025,SSP1,KOR,0.23,0.27,0.40,0.00
2025,SSP1,KWT,0.16,0.20,0.51,0.18
2025,SSP1,LAO,0.04,0.08,0.06,0.00
2025,SSP1,LBN,0.34,0.18,0.02,0.00
2025,SSP1,LBR,0.08,0.08,0.03,0.00
2025,SSP1,LBY,0.34,0.08,0.01,0.00
2025,SSP1,LCA,0.02,0.00,0.05,0.07
2025,SSP1,LIE,0.00,0.41,0.41,0.18
2025,SSP1,LKA,0.02,0.00,0.09,0.00
2025,SSP1,LSO,0.01,0.08,0.03,0.00
2025,SSP1,LTU,0.08,0.08,0.48,0.17
2025,SSP1,LUX,0.03,0.42,0.38,0.18
2025,SSP1,LVA,0.02,0.25,0.32,0.17
2025,SSP1,MAR,0.26,0.17,0.02,0.00
2025,SSP1,MDA,0.04,0.29,0.04,0.00
2025,SSP1,MDG,0.05,0.09,0.01,0.00
2025,SSP1,MEX,0.16,0.28,0.05,0.00
2025,SSP1,MKD,0.05,0.18,0.05,0.00
2025,SSP1,MLI,0.05,0.08,0.02,0.00
2025,SSP1,MLT,0.05,0.32,0.12,0.00
2025,SSP1,MMR,0.01,0.05,0.05,0.00
2025,SSP1,MNG,0.08,0.00,0.10,0.13
2025,SSP1,MOZ,0.06,0.08,0.02,0.00
2025,SSP1,MRT,0.01,0.08,0.02,0.00
2025,SSP1,MSR,0.10,0.00,0.16,0.00
2025,SSP1,MTQ,0.18,0.17,0.03,0.00
2025,SSP1,MUS,0.13,0.03,0.09,0.00
2025,SSP1,MWI,0.07,0.07,0.01,0.00
2025,SSP1,MYS,0.36,0.09,0.14,0.00
2025,SSP1,NAM,0.15,0.15,0.02,0.00
2025,SSP1,NCL,0.04,0.12,0.09,0.00
2025,SSP1,NER,0.07,0.05,0.02,0.00
2025,SSP1,NGA,0.01,0.10,0.03,0.00
2025,SSP1,NIC,0.07,0.10,0.07,0.00
2025,SSP1,NLD,0.00,0.01,0.85,0.18
2025,SSP1,NOR,0.16,0.01,0.55,0.17
2025,SSP1,NPL,0.05,0.11,0.01,0.00
2025,SSP1,NZL,0.06,0.19,0.44,0.17
2025,SSP1,OMN,0.04,0.16,0.03,0.05
2025,SSP1,PAK,0.15,0.14,0.01,0.00
2025,SSP1,PAN,0.16,0.02,0.09,0.12
2025,SSP1,PER,0.26,0.20,0.03,0.00
2025,SSP1,PHL,0.02,0.04,0.07,0.00
2025,SSP1,PNG,0.01,0.12,0.01,0.00
2025,SSP1,POL,0.00,0.11,0.49,0.17
2025,SSP1,PRI,0.39,0.25,0.02,0.00
2025,SSP1,PRK,0.19,0.16,0.11,0.00
2025,SSP1,PRT,0.04,0.37,0.26,0.00
2025,SSP1,PRY,0.04,0.01,0.07,0.09
2025,SSP1,QAT,0.11,0.12,0.44,0.16
2025,SSP1,REU,0.19,0.07,0.01,0.00
2025,SSP1,ROU,0.07,0.17,0.10,0.14
2025,SSP1,RUS,0.06,0.36,0.13,0.00
2025,SSP1,RWA,0.03,0.10,0.01,0.00
2025,SSP1,SAU,0.07,0.14,0.19,0.12
2025,SSP1,SEN,0.06,0.09,0.02,0.00
2025,SSP1,SGP,0.01,0.17,0.69,0.18
2025,SSP1,SLB,0.15,0.07,0.01,0.00
2025,SSP1,SLE,0.05,0.08,0.01,0.00
2025,SSP1,SLV,0.04,0.14,0.03,0.00
2025,SSP1,SOM,0.19,0.03,0.00,0.00
2025,SSP1,SPM,0.13,0.16,0.07,0.00
2025,SSP1,STP,0.05,0.09,0.00,0.00
2025,SSP1,SUR,0.00,0.00,0.04,0.05
2025,SSP1,SVK,0.12,0.32,0.24,0.00
2025,SSP1,SVN,0.01,0.26,0.22,0.14
2025,SSP1,SWE,0.00,0.03,0.73,0.17
2025,SSP1,SWZ,0.02,0.03,0.05,0.00
2025,SSP1,SYR,0.41,0.19,0.02,0.00
2025,SSP1,TCA,0.04,0.00,0.06,0.08
2025,SSP1,TCD,0.04,0.07,0.02,0.00
2025,SSP1,TGO,0.05,0.08,0.01,0.00
2025,SSP1,THA,0.02,0.00,0.06,0.08
2025,SSP1,TJK,0.09,0.15,0.02,0.00
2025,SSP1,TKM,0.02,0.11,0.08,0.10
2025,SSP1,TLS,0.01,0.02,0.15,0.00
2025,SSP1,TON,0.00,0.01,0.04,0.00
2025,SSP1,TTO,0.10,0.00,0.04,0.06
2025,SSP1,TUN,0.15,0.36,0.09,0.00
2025,SSP1,TUR,0.11,0.15,0.35,0.00
2025,SSP1,TZA,0.01,0.11,0.02,0.00
2025,SSP1,UGA,0.03,0.11,0.01,0.00
2025,SSP1,UKR,0.10,0.34,0.03,0.00
2025,SSP1,URY,0.14,0.24,0.05,0.00
2025,SSP1,USA,0.01,0.25,0.43,0.17
2025,SSP1,UZB,0.12,0.11,0.06,0.00
2025,SSP1,VCT,0.00,0.00,0.05,0.04
2025,SSP1,VEN,0.14,0.26,0.02,0.00
2025,SSP1,VIR,0.17,0.17,0.04,0.00
2025,SSP1,VNM,0.01,0.05,0.06,0.00
2025,SSP1,VUT,0.02,0.10,0.02,0.00
2025,SSP1,WSM,0.00,0.01,0.04,0.00
2025,SSP1,YEM,0.14,0.09,0.01,0.00
2025,SSP1,ZAF,0.28,0.25,0.07,0.00
2025,SSP1,ZMB,0.04,0.13,0.03,0.00
2025,SSP1,ZWE,0.17,0.09,0.01,0.00
2030,SSP1,ABW,0.07,0.00,0.13,0.17
2030,SSP1,AFG,0.06,0.08,0.04,0.03
2030,SSP1,AGO,0.08,0.04,0.05,0.02
2030,SSP1,AIA,0.03,0.00,0.13,0.16
2030,SSP1,ALB,0.09,0.24,0.07,0.00
2030,SSP1,AND,0.02,0.52,0.36,0.03
2030,SSP1,ARE,0.11,0.43,0.28,0.03
2030,SSP1,ARG,0.20,0.21,0.08,0.00
2030,SSP1,ARM,0.25,0.24,0.03,0.00
2030,SSP1,ASM,0.04,0.29,0.22,0.03
2030,SSP1,AUS,0.15,0.21,0.43,0.03
2030,SSP1,AUT,0.00,0.01,0.78,0.20
2030,SSP1,AZE,0.15,0.14,0.04,0.03
2030,SSP1,BDI,0.09,0.06,0.04,0.03
2030,SSP1,BEL,0.00,0.06,0.61,0.21
2030,SSP1,BEN,0.04,0.10,0.05,0.00
2030,SSP1,BFA,0.05,0.11,0.04,0.00
2030,SSP1,BGD,0.02,0.13,0.07,0.00
2030,SSP1,BGR,0.01,0.21,0.25,0.20
2030,SSP1,BHR,0.11,0.14,0.48,0.20
2030,SSP1,BHS,0.06,0.00,0.06,0.08
2030,SSP1,BIH,0.06,0.23,0.07,0.00
2030,SSP1,BLR,0.03,0.43,0.32,0.03
2030,SSP1,BLZ,0.04,0.02,0.11,0.02
2030,SSP1,BOL,0.14,0.18,0.04,0.03
2030,SSP1,BRA,0.14,0.26,0.06,0.03
2030,SSP1,BRB,0.01,0.01,0.03,0.04
2030,SSP1,BRN,0.00,0.24,0.17,0.03
2030,SSP1,BTN,0.02,0.02,0.13,0.03
2030,SSP1,BWA,0.05,0.00,0.03,0.03
2030,SSP1,CAF,0.08,0.12,0.00,0.00
2030,SSP1,CAN,0.10,0.44,0.24,0.03
2030,SSP1,CHE,0.00,0.14,0.69,0.21
2030,SSP1,CHL,0.14,0.19,0.43,0.03
2030,SSP1,CHN,0.10,0.09,0.15,0.19
2030,SSP1,CIV,0.04,0.14,0.06,0.00
2030,SSP1,CMR,0.01,0.10,0.05,0.00
2030,SSP1,COD,0.10,0.07,0.07,0.00
2030,SSP1,COG,0.01,0.01,0.15,0.03
2030,SSP1,COL,0.32,0.18,0.04,0.03
2030,SSP1,COM,0.02,0.12,0.04,0.03
2030,SSP1,CPV,0.12,0.10,0.05,0.00
2030,SSP1,CRI,0.04,0.00,0.10,0.12
2030,SSP1,CUB,0.14,0.20,0.04,0.00
2030,SSP1,CYP,0.00,0.30,0.20,0.03
2030,SSP1,CZE,0.00,0.06,0.61,0.20
2030,SSP1,DEU,0.01,0.02,0.79,0.20
2030,SSP1,DJI,0.03,0.09,0.07,0.03
2030,SSP1,DMA,0.05,0.00,0.10,0.12
2030,SSP1,DNK,0.02,0.02,0.74,0.20
2030,SSP1,DOM,0.15,0.03,0.09,0.12
2030,SSP1,DZA,0.31,0.14,0.07,0.00
2030,SSP1,ECU,0.15,0.14,0.04,0.03
2030,SSP1,EGY,0.16,0.22,0.10,0.03
2030,SSP1,ERI,0.07,0.11,0.03,0.00
2030,SSP1,ESH,0.04,0.30,0.08,0.03
2030,SSP1,ESP,0.02,0.22,0.57,0.21
2030,SSP1,EST,0.01,0.09,0.59,0.20
2030,SSP1,ETH,0.04,0.10,0.04,0.03
2030,SSP1,FIN,0.00,0.00,0.72,0.20
2030,SSP1,FJI,0.13,0.13,0.05,0.00
2030,SSP1,FLK,0.07,0.29,0.06,0.03
2030,SSP1,FRA,0.00,0.20,0.49,0.20
2030,SSP1,FRO,0.03,0.52,0.31,0.03
2030,SSP1,GAB,0.03,0.11,0.03,0.00
2030,SSP1,GBR,0.00,0.32,0.49,0.21
2030,SSP1,GEO,0.17,0.21,0.04,0.00
2030,SSP1,GHA,0.02,0.11,0.07,0.00
2030,SSP1,GIN,0.05,0.14,0.04,0.00
2030,SSP1,GLP,0.11,0.20,0.15,0.03
2030,SSP1,GMB,0.05,0.11,0.01,0.00
2030,SSP1,GNB,0.06,0.12,0.03,0.00
2030,SSP1,GNQ,0.03,0.04,0.01,0.01
2030,SSP1,GRC,0.08,0.10,0.50,0.20
2030,SSP1,GRD,0.02,0.00,0.08,0.10
2030,SSP1,GRL,0.01,0.37,0.49,0.03
2030,SSP1,GTM,0.12,0.15,0.12,0.03
2030,SSP1,GUF,0.08,0.17,0.11,0.03
2030,SSP1,GUY,0.02,0.01,0.08,0.02
2030,SSP1,HKG,0.27,0.15,0.16,0.21
2030,SSP1,HND,0.14,0.22,0.04,0.03
2030,SSP1,HRV,0.13,0.21,0.12,0.03
2030,SSP1,HTI,0.00,0.13,0.05,0.03
2030,SSP1,HUN,0.03,0.22,0.38,0.19
2030,SSP1,IDN,0.01,0.04,0.13,0.03
2030,SSP1,IND,0.04,0.07,0.10,0.03
2030,SSP1,IRL,0.08,0.28,0.21,0.17
2030,SSP1,IRN,0.08,0.13,0.06,0.00
2030,SSP1,IRQ,0.07,0.08,0.08,0.03
2030,SSP1,ISL,0.52,0.01,0.27,0.03
2030,SSP1,ISR,0.04,0.26,0.48,0.21
2030,SSP1,ITA,0.03,0.19,0.47,0.03
2030,SSP1,JAM,0.08,0.09,0.05,0.02
2030,SSP1,JOR,0.09,0.46,0.12,0.03
2030,SSP1,JPN,0.00,0.36,0.27,0.19
2030,SSP1,KAZ,0.12,0.14,0.18,0.03
2030,SSP1,KEN,0.03,0.13,0.04,0.03
2030,SSP1,KGZ,0.10,0.14,0.05,0.00
2030,SSP1,KHM,0.04,0.13,0.06,0.01
2030,SSP1,KNA,0.00,0.00,0.08,0.10
2030,SSP1,KOR,0.21,0.25,0.42,0.03
2030,SSP1,KWT,0.15,0.19,0.50,0.21
2030,SSP1,LAO,0.04,0.09,0.09,0.03
2030,SSP1,LBN,0.34,0.21,0.02,0.00
2030,SSP1,LBR,0.08,0.08,0.08,0.00
2030,SSP1,LBY,0.33,0.11,0.03,0.00
2030,SSP1,LCA,0.02,0.00,0.07,0.08
2030,SSP1,LIE,0.00,0.37,0.42,0.21
2030,SSP1,LKA,0.02,0.00,0.11,0.02
2030,SSP1,LSO,0.01,0.08,0.07,0.00
2030,SSP1,LTU,0.07,0.07,0.48,0.20
2030,SSP1,LUX,0.03,0.38,0.39,0.21
2030,SSP1,LVA,0.02,0.23,0.33,0.20
2030,SSP1,MAR,0.25,0.19,0.06,0.00
2030,SSP1,MDA,0.04,0.30,0.08,0.00
2030,SSP1,MDG,0.05,0.09,0.04,0.03
2030,SSP1,MEX,0.15,0.28,0.08,0.03
2030,SSP1,MKD,0.04,0.19,0.08,0.03
2030,SSP1,MLI,0.05,0.09,0.07,0.00
2030,SSP1,MLT,0.05,0.31,0.18,0.01
2030,SSP1,MMR,0.01,0.06,0.07,0.02
2030,SSP1,MNG,0.08,0.00,0.13,0.16
2030,SSP1,MOZ,0.06,0.09,0.06,0.00
2030,SSP1,MRT,0.01,0.09,0.04,0.00
2030,SSP1,MSR,0.09,0.00,0.19,0.03
2030,SSP1,MTQ,0.17,0.17,0.06,0.03
2030,SSP1,MUS,0.12,0.03,0.11,0.02
2030,SSP1,MWI,0.07,0.08,0.04,0.03
2030,SSP1,MYS,0.33,0.09,0.17,0.03
2030,SSP1,NAM,0.13,0.16,0.05,0.00
2030,SSP1,NCL,0.04,0.12,0.12,0.03
2030,SSP1,NER,0.08,0.06,0.07,0.00
2030,SSP1,NGA,0.01,0.10,0.05,0.03
2030,SSP1,NIC,0.06,0.10,0.10,0.03
2030,SSP1,NLD,0.00,0.01,0.82,0.21
2030,SSP1,NOR,0.14,0.01,0.55,0.20
2030,SSP1,NPL,0.04,0.11,0.04,0.03
2030,SSP1,NZL,0.06,0.18,0.44,0.20
2030,SSP1,OMN,0.03,0.14,0.05,0.06
2030,SSP1,PAK,0.14,0.14,0.04,0.03
2030,SSP1,PAN,0.14,0.02,0.12,0.15
2030,SSP1,PER,0.24,0.21,0.08,0.00
2030,SSP1,PHL,0.02,0.05,0.10,0.03
2030,SSP1,PNG,0.01,0.12,0.04,0.03
2030,SSP1,POL,0.00,0.10,0.49,0.19
2030,SSP1,PRI,0.36,0.28,0.05,0.00
2030,SSP1,PRK,0.18,0.16,0.15,0.00
2030,SSP1,PRT,0.04,0.35,0.28,0.03
2030,SSP1,PRY,0.04,0.01,0.09,0.11
2030,SSP1,QAT,0.10,0.11,0.44,0.19
2030,SSP1,REU,0.20,0.07,0.04,0.03
2030,SSP1,ROU,0.06,0.15,0.13,0.16
2030,SSP1,RUS,0.06,0.34,0.15,0.03
2030,SSP1,RWA,0.03,0.10,0.04,0.03
2030,SSP1,SAU,0.07,0.13,0.20,0.14
2030,SSP1,SEN,0.06,0.11,0.05,0.00
2030,SSP1,SGP,0.01,0.15,0.68,0.21
2030,SSP1,SLB,0.15,0.10,0.03,0.00
2030,SSP1,SLE,0.05,0.12,0.02,0.00
2030,SSP1,SLV,0.03,0.14,0.07,0.00
2030,SSP1,SOM,0.19,0.08,0.01,0.00
2030,SSP1,SPM,0.12,0.16,0.10,0.03
2030,SSP1,STP,0.05,0.12,0.01,0.00
2030,SSP1,SUR,0.00,0.00,0.05,0.06
2030,SSP1,SVK,0.11,0.30,0.27,0.03
2030,SSP1,SVN,0.00,0.24,0.24,0.16
2030,SSP1,SWE,0.00,0.03,0.71,0.20
2030,SSP1,SWZ,0.02,0.03,0.07,0.02
2030,SSP1,SYR,0.40,0.22,0.02,0.00
2030,SSP1,TCA,0.03,0.00,0.09,0.10
2030,SSP1,TCD,0.04,0.09,0.05,0.00
2030,SSP1,TGO,0.05,0.11,0.03,0.00
2030,SSP1,THA,0.02,0.00,0.07,0.09
2030,SSP1,TJK,0.08,0.17,0.05,0.00
2030,SSP1,TKM,0.02,0.10,0.10,0.12
2030,SSP1,TLS,0.01,0.02,0.18,0.03
2030,SSP1,TON,0.00,0.01,0.06,0.01
2030,SSP1,TTO,0.09,0.00,0.05,0.07
2030,SSP1,TUN,0.14,0.35,0.14,0.00
2030,SSP1,TUR,0.10,0.14,0.37,0.03
2030,SSP1,TZA,0.01,0.11,0.04,0.03
2030,SSP1,UGA,0.03,0.12,0.04,0.03
2030,SSP1,UKR,0.09,0.33,0.06,0.03
2030,SSP1,URY,0.13,0.24,0.10,0.00
2030,SSP1,USA,0.01,0.23,0.44,0.20
2030,SSP1,UZB,0.11,0.12,0.09,0.02
2030,SSP1,VCT,0.00,0.00,0.06,0.06
2030,SSP1,VEN,0.12,0.26,0.04,0.03
2030,SSP1,VIR,0.16,0.18,0.07,0.03
2030,SSP1,VNM,0.01,0.05,0.08,0.02
2030,SSP1,VUT,0.02,0.11,0.06,0.00
2030,SSP1,WSM,0.00,0.01,0.05,0.01
2030,SSP1,YEM,0.13,0.13,0.02,0.00
2030,SSP1,ZAF,0.26,0.24,0.12,0.00
2030,SSP1,ZMB,0.03,0.13,0.05,0.03
2030,SSP1,ZWE,0.16,0.09,0.04,0.03
2050,SSP1,ABW,0.00,0.00,0.41,0.41
2050,SSP1,AFG,0.17,0.36,0.00,0.00
2050,SSP1,AGO,0.00,0.17,0.07,0.00
2050,SSP1,AIA,0.00,0.00,0.35,0.35
2050,SSP1,ALB,0.22,0.75,0.01,0.00
2050,SSP1,AND,0.00,0.15,0.85,0.00
2050,SSP1,ARE,0.00,0.03,0.94,0.00
2050,SSP1,ARG,0.00,0.71,0.02,0.00
2050,SSP1,ARM,0.38,0.54,0.00,0.00
2050,SSP1,ASM,0.00,0.23,0.75,0.00
2050,SSP1,AUS,0.00,0.07,0.90,0.00
2050,SSP1,AUT,0.00,0.00,0.46,0.46
2050,SSP1,AZE,0.00,0.52,0.02,0.00
2050,SSP1,BDI,0.38,0.26,0.00,0.00
2050,SSP1,BEL,0.00,0.00,0.50,0.50
2050,SSP1,BEN,0.13,0.32,0.00,0.00
2050,SSP1,BFA,0.18,0.30,0.00,0.00
2050,SSP1,BGD,0.00,0.53,0.00,0.00
2050,SSP1,BGR,0.00,0.00,0.47,0.47
2050,SSP1,BHR,0.00,0.00,0.48,0.48
2050,SSP1,BHS,0.00,0.00,0.18,0.18
2050,SSP1,BIH,0.00,0.79,0.07,0.00
2050,SSP1,BLR,0.00,0.23,0.73,0.00
2050,SSP1,BLZ,0.00,0.06,0.34,0.00
2050,SSP1,BOL,0.15,0.66,0.00,0.00
2050,SSP1,BRA,0.00,0.79,0.06,0.00
2050,SSP1,BRB,0.00,0.00,0.09,0.09
2050,SSP1,BRN,0.00,0.41,0.54,0.00
2050,SSP1,BTN,0.00,0.10,0.43,0.00
2050,SSP1,BWA,0.00,0.00,0.07,0.07
2050,SSP1,CAF,0.28,0.19,0.00,0.00
2050,SSP1,CAN,0.00,0.45,0.45,0.00
2050,SSP1,CHE,0.00,0.00,0.49,0.49
2050,SSP1,CHL,0.00,0.46,0.52,0.00
2050,SSP1,CHN,0.00,0.00,0.45,0.45
2050,SSP1,CIV,0.05,0.52,0.00,0.00
2050,SSP1,CMR,0.01,0.36,0.01,0.00
2050,SSP1,COD,0.41,0.28,0.00,0.00
2050,SSP1,COG,0.00,0.05,0.45,0.00
2050,SSP1,COL,0.32,0.63,0.00,0.00
2050,SSP1,COM,0.06,0.52,0.00,0.00
2050,SSP1,CPV,0.00,0.34,0.09,0.00
2050,SSP1,CRI,0.00,0.00,0.27,0.27
2050,SSP1,CUB,0.11,0.61,0.00,0.00
2050,SSP1,CYP,0.00,0.36,0.57,0.00
2050,SSP1,CZE,0.00,0.00,0.47,0.47
2050,SSP1,DEU,0.00,0.00,0.48,0.48
2050,SSP1,DJI,0.00,0.38,0.13,0.00
2050,SSP1,DMA,0.00,0.00,0.26,0.26
2050,SSP1,DNK,0.00,0.00,0.48,0.48
2050,SSP1,DOM,0.00,0.00,0.26,0.26
2050,SSP1,DZA,0.49,0.44,0.00,0.00
2050,SSP1,ECU,0.25,0.59,0.00,0.00
2050,SSP1,EGY,0.00,0.61,0.26,0.00
2050,SSP1,ERI,0.29,0.24,0.00,0.00
2050,SSP1,ESH,0.00,0.76,0.19,0.00
2050,SSP1,ESP,0.00,0.00,0.50,0.50
2050,SSP1,EST,0.00,0.00,0.47,0.47
2050,SSP1,ETH,0.17,0.43,0.00,0.00
2050,SSP1,FIN,0.00,0.00,0.48,0.48
2050,SSP1,FJI,0.42,0.44,0.00,0.00
2050,SSP1,FLK,0.00,0.85,0.08,0.00
2050,SSP1,FRA,0.00,0.00,0.48,0.48
2050,SSP1,FRO,0.00,0.10,0.81,0.00
2050,SSP1,GAB,0.09,0.37,0.00,0.00
2050,SSP1,GBR,0.00,0.00,0.49,0.49
2050,SSP1,GEO,0.24,0.60,0.00,0.00
2050,SSP1,GHA,0.00,0.44,0.01,0.00
2050,SSP1,GIN,0.18,0.43,0.00,0.00
2050,SSP1,GLP,0.00,0.28,0.45,0.00
2050,SSP1,GMB,0.15,0.25,0.00,0.00
2050,SSP1,GNB,0.24,0.28,0.00,0.00
2050,SSP1,GNQ,0.00,0.15,0.00,0.00
2050,SSP1,GRC,0.00,0.00,0.46,0.46
2050,SSP1,GRD,0.00,0.00,0.20,0.20
2050,SSP1,GRL,0.00,0.20,0.75,0.00
2050,SSP1,GTM,0.00,0.51,0.34,0.00
2050,SSP1,GUF,0.00,0.40,0.30,0.00
2050,SSP1,GUY,0.00,0.06,0.22,0.00
2050,SSP1,HKG,0.00,0.00,0.50,0.50
2050,SSP1,HND,0.00,0.82,0.01,0.00
2050,SSP1,HRV,0.00,0.40,0.34,0.00
2050,SSP1,HTI,0.00,0.54,0.04,0.00
2050,SSP1,HUN,0.00,0.00,0.46,0.46
2050,SSP1,IDN,0.00,0.19,0.39,0.00
2050,SSP1,IND,0.00,0.31,0.25,0.00
2050,SSP1,IRL,0.00,0.00,0.41,0.41
2050,SSP1,IRN,0.00,0.38,0.05,0.00
2050,SSP1,IRQ,0.00,0.34,0.17,0.00
2050,SSP1,ISL,0.00,0.04,0.94,0.00
2050,SSP1,ISR,0.00,0.00,0.50,0.50
2050,SSP1,ITA,0.03,0.19,0.67,0.00
2050,SSP1,JAM,0.00,0.33,0.10,0.00
2050,SSP1,JOR,0.00,0.68,0.29,0.00
2050,SSP1,JPN,0.00,0.00,0.44,0.44
2050,SSP1,KAZ,0.00,0.01,0.64,0.00
2050,SSP1,KEN,0.01,0.55,0.00,0.00
2050,SSP1,KGZ,0.09,0.47,0.00,0.00
2050,SSP1,KHM,0.07,0.53,0.00,0.00
2050,SSP1,KNA,0.00,0.00,0.21,0.21
2050,SSP1,KOR,0.00,0.09,0.87,0.00
2050,SSP1,KWT,0.00,0.00,0.50,0.50
2050,SSP1,LAO,0.00,0.37,0.22,0.00
2050,SSP1,LBN,0.79,0.15,0.00,0.00
2050,SSP1,LBR,0.30,0.34,0.00,0.00
2050,SSP1,LBY,0.77,0.15,0.00,0.00
2050,SSP1,LCA,0.00,0.00,0.18,0.18
2050,SSP1,LIE,0.00,0.00,0.50,0.50
2050,SSP1,LKA,0.00,0.01,0.36,0.00
2050,SSP1,LSO,0.00,0.35,0.02,0.00
2050,SSP1,LTU,0.00,0.00,0.46,0.46
2050,SSP1,LUX,0.00,0.00,0.49,0.49
2050,SSP1,LVA,0.00,0.00,0.46,0.46
2050,SSP1,MAR,0.32,0.59,0.00,0.00
2050,SSP1,MDA,0.00,0.61,0.11,0.00
2050,SSP1,MDG,0.21,0.38,0.00,0.00
2050,SSP1,MEX,0.00,0.82,0.15,0.00
2050,SSP1,MKD,0.00,0.75,0.12,0.00
2050,SSP1,MLI,0.17,0.35,0.00,0.00
2050,SSP1,MLT,0.00,0.56,0.42,0.00
2050,SSP1,MMR,0.00,0.23,0.16,0.00
2050,SSP1,MNG,0.00,0.00,0.36,0.36
2050,SSP1,MOZ,0.21,0.30,0.00,0.00
2050,SSP1,MRT,0.00,0.30,0.02,0.00
2050,SSP1,MSR,0.00,0.01,0.65,0.00
2050,SSP1,MTQ,0.00,0.73,0.07,0.00
2050,SSP1,MUS,0.00,0.12,0.35,0.00
2050,SSP1,MWI,0.25,0.32,0.00,0.00
2050,SSP1,MYS,0.00,0.38,0.57,0.00
2050,SSP1,NAM,0.01,0.54,0.00,0.00
2050,SSP1,NCL,0.00,0.52,0.33,0.00
2050,SSP1,NER,0.32,0.23,0.00,0.00
2050,SSP1,NGA,0.00,0.44,0.06,0.00
2050,SSP1,NIC,0.00,0.44,0.26,0.00
2050,SSP1,NLD,0.00,0.00,0.50,0.50
2050,SSP1,NOR,0.00,0.00,0.47,0.47
2050,SSP1,NPL,0.10,0.47,0.00,0.00
2050,SSP1,NZL,0.00,0.00,0.47,0.47
2050,SSP1,OMN,0.00,0.00,0.13,0.13
2050,SSP1,PAK,0.13,0.53,0.00,0.00
2050,SSP1,PAN,0.00,0.00,0.34,0.34
2050,SSP1,PER,0.19,0.75,0.00,0.00
2050,SSP1,PHL,0.00,0.20,0.26,0.00
2050,SSP1,PNG,0.00,0.52,0.00,0.00
2050,SSP1,POL,0.00,0.00,0.46,0.46
2050,SSP1,PRI,0.06,0.93,0.00,0.00
2050,SSP1,PRK,0.00,0.24,0.43,0.00
2050,SSP1,PRT,0.00,0.27,0.50,0.00
2050,SSP1,PRY,0.00,0.00,0.23,0.23
2050,SSP1,QAT,0.00,0.00,0.45,0.45
2050,SSP1,REU,0.68,0.30,0.00,0.00
2050,SSP1,ROU,0.00,0.00,0.37,0.37
2050,SSP1,RUS,0.00,0.51,0.44,0.00
2050,SSP1,RWA,0.12,0.45,0.00,0.00
2050,SSP1,SAU,0.00,0.00,0.33,0.33
2050,SSP1,SEN,0.12,0.36,0.00,0.00
2050,SSP1,SGP,0.00,0.00,0.50,0.50
2050,SSP1,SLB,0.60,0.25,0.00,0.00
2050,SSP1,SLE,0.21,0.26,0.00,0.00
2050,SSP1,SLV,0.06,0.59,0.00,0.00
2050,SSP1,SOM,0.81,0.04,0.00,0.00
2050,SSP1,SPM,0.00,0.68,0.26,0.00
2050,SSP1,STP,0.21,0.31,0.00,0.00
2050,SSP1,SUR,0.00,0.00,0.13,0.13
2050,SSP1,SVK,0.00,0.13,0.78,0.00
2050,SSP1,SVN,0.00,0.00,0.37,0.37
2050,SSP1,SWE,0.00,0.00,0.48,0.48
2050,SSP1,SWZ,0.00,0.11,0.20,0.00
2050,SSP1,SYR,0.75,0.16,0.00,0.00
2050,SSP1,TCA,0.00,0.00,0.22,0.22
2050,SSP1,TCD,0.13,0.25,0.03,0.00
2050,SSP1,TGO,0.17,0.28,0.00,0.00
2050,SSP1,THA,0.00,0.00,0.21,0.21
2050,SSP1,TJK,0.00,0.62,0.01,0.00
2050,SSP1,TKM,0.00,0.00,0.31,0.28
2050,SSP1,TLS,0.00,0.07,0.62,0.00
2050,SSP1,TON,0.00,0.06,0.16,0.00
2050,SSP1,TTO,0.00,0.00,0.15,0.15
2050,SSP1,TUN,0.00,0.58,0.27,0.00
2050,SSP1,TUR,0.00,0.03,0.90,0.00
2050,SSP1,TZA,0.00,0.49,0.01,0.00
2050,SSP1,UGA,0.11,0.49,0.00,0.00
2050,SSP1,UKR,0.00,0.77,0.09,0.00
2050,SSP1,URY,0.00,0.64,0.12,0.00
2050,SSP1,USA,0.00,0.00,0.46,0.46
2050,SSP1,UZB,0.00,0.46,0.18,0.00
2050,SSP1,VCT,0.00,0.00,0.17,0.12
2050,SSP1,VEN,0.00,0.99,0.01,0.00
2050,SSP1,VIR,0.00,0.66,0.11,0.00
2050,SSP1,VNM,0.00,0.22,0.21,0.00
2050,SSP1,VUT,0.09,0.42,0.00,0.00
2050,SSP1,WSM,0.00,0.05,0.15,0.00
2050,SSP1,YEM,0.33,0.26,0.00,0.00
2050,SSP1,ZAF,0.00,0.62,0.17,0.00
2050,SSP1,ZMB,0.00,0.52,0.05,0.00
2050,SSP1,ZWE,0.32,0.38,0.00,0.00
2100,SSP1,ABW,0.00,0.00,0.45,0.45
2100,SSP1,AFG,0.00,0.00,0.46,0.46
2100,SSP1,AGO,0.00,0.00,0.34,0.34
2100,SSP1,AIA,0.00,0.00,0.50,0.50
2100,SSP1,ALB,0.00,0.23,0.75,0.00
2100,SSP1,AND,0.00,0.00,0.50,0.50
2100,SSP1,ARE,0.00,0.00,0.49,0.49
2100,SSP1,ARG,0.00,0.04,0.88,0.00
2100,SSP1,ARM,0.00,0.60,0.37,0.00
2100,SSP1,ASM,0.00,0.00,0.49,0.49
2100,SSP1,AUS,0.00,0.00,0.49,0.49
2100,SSP1,AUT,0.00,0.00,0.49,0.49
2100,SSP1,AZE,0.00,0.00,0.41,0.41
2100,SSP1,BDI,0.00,0.00,0.46,0.46
2100,SSP1,BEL,0.00,0.00,0.50,0.50
2100,SSP1,BEN,0.00,0.34,0.60,0.00
2100,SSP1,BFA,0.00,0.51,0.45,0.00
2100,SSP1,BGD,0.00,0.04,0.82,0.00
2100,SSP1,BGR,0.00,0.00,0.49,0.49
2100,SSP1,BHR,0.00,0.00,0.48,0.48
2100,SSP1,BHS,0.00,0.00,0.26,0.26
2100,SSP1,BIH,0.00,0.38,0.56,0.00
2100,SSP1,BLR,0.00,0.00,0.49,0.49
2100,SSP1,BLZ,0.00,0.00,0.36,0.36
2100,SSP1,BOL,0.00,0.00,0.48,0.48
2100,SSP1,BRA,0.00,0.00,0.49,0.49
2100,SSP1,BRB,0.00,0.00,0.16,0.16
2100,SSP1,BRN,0.00,0.00,0.48,0.48
2100,SSP1,BTN,0.00,0.00,0.38,0.38
2100,SSP1,BWA,0.00,0.00,0.13,0.13
2100,SSP1,CAF,0.08,0.86,0.00,0.00
2100,SSP1,CAN,0.00,0.00,0.49,0.49
2100,SSP1,CHE,0.00,0.00,0.49,0.49
2100,SSP1,CHL,0.00,0.00,0.50,0.50
2100,SSP1,CHN,0.00,0.00,0.48,0.48
2100,SSP1,CIV,0.00,0.20,0.68,0.00
2100,SSP1,CMR,0.00,0.21,0.53,0.00
2100,SSP1,COD,0.00,0.08,0.87,0.00
2100,SSP1,COG,0.00,0.00,0.48,0.48
2100,SSP1,COL,0.00,0.00,0.49,0.49
2100,SSP1,COM,0.00,0.00,0.44,0.44
2100,SSP1,CPV,0.00,0.22,0.38,0.00
2100,SSP1,CRI,0.00,0.00,0.38,0.38
2100,SSP1,CUB,0.00,0.44,0.44,0.00
2100,SSP1,CYP,0.00,0.00,0.49,0.49
2100,SSP1,CZE,0.00,0.00,0.48,0.48
2100,SSP1,DEU,0.00,0.00,0.49,0.49
2100,SSP1,DJI,0.00,0.00,0.47,0.47
2100,SSP1,DMA,0.00,0.00,0.42,0.42
2100,SSP1,DNK,0.00,0.00,0.48,0.48
2100,SSP1,DOM,0.00,0.00,0.38,0.38
2100,SSP1,DZA,0.00,0.14,0.82,0.00
2100,SSP1,ECU,0.00,0.00,0.48,0.48
2100,SSP1,EGY,0.00,0.00,0.48,0.48
2100,SSP1,ERI,0.00,0.61,0.31,0.00
2100,SSP1,ESH,0.00,0.00,0.47,0.47
2100,SSP1,ESP,0.00,0.00,0.50,0.50
2100,SSP1,EST,0.00,0.00,0.49,0.49
2100,SSP1,ETH,0.00,0.00,0.47,0.47
2100,SSP1,FIN,0.00,0.00,0.49,0.49
2100,SSP1,FJI,0.00,0.28,0.64,0.00
2100,SSP1,FLK,0.00,0.00,0.47,0.47
2100,SSP1,FRA,0.00,0.00,0.49,0.49
2100,SSP1,FRO,0.00,0.00,0.45,0.45
2100,SSP1,GAB,0.00,0.23,0.38,0.00
2100,SSP1,GBR,0.00,0.00,0.50,0.50
2100,SSP1,GEO,0.00,0.53,0.44,0.00
2100,SSP1,GHA,0.00,0.06,0.75,0.00
2100,SSP1,GIN,0.00,0.47,0.45,0.00
2100,SSP1,GLP,0.00,0.00,0.50,0.50
2100,SSP1,GMB,0.00,0.66,0.12,0.00
2100,SSP1,GNB,0.00,0.58,0.38,0.00
2100,SSP1,GNQ,0.00,0.00,0.14,0.14
2100,SSP1,GRC,0.00,0.00,0.49,0.49
2100,SSP1,GRD,0.00,0.00,0.37,0.37
2100,SSP1,GRL,0.00,0.00,0.48,0.48
2100,SSP1,GTM,0.00,0.00,0.49,0.49
2100,SSP1,GUF,0.00,0.00,0.47,0.47
2100,SSP1,GUY,0.00,0.00,0.28,0.28
2100,SSP1,HKG,0.00,0.00,0.50,0.50
2100,SSP1,HND,0.00,0.00,0.48,0.48
2100,SSP1,HRV,0.00,0.00,0.43,0.43
2100,SSP1,HTI,0.00,0.00,0.48,0.48
2100,SSP1,HUN,0.00,0.00,0.49,0.49
2100,SSP1,IDN,0.00,0.00,0.43,0.43
2100,SSP1,IND,0.00,0.00,0.43,0.43
2100,SSP1,IRL,0.00,0.00,0.48,0.48
2100,SSP1,IRN,0.00,0.01,0.58,0.00
2100,SSP1,IRQ,0.00,0.00,0.44,0.44
2100,SSP1,ISL,0.00,0.00,0.49,0.49
2100,SSP1,ISR,0.00,0.00,0.50,0.50
2100,SSP1,ITA,0.00,0.00,0.49,0.49
2100,SSP1,JAM,0.00,0.00,0.36,0.36
2100,SSP1,JOR,0.00,0.00,0.50,0.50
2100,SSP1,JPN,0.00,0.00,0.48,0.48
2100,SSP1,KAZ,0.00,0.00,0.38,0.38
2100,SSP1,KEN,0.00,0.00,0.46,0.46
2100,SSP1,KGZ,0.00,0.31,0.57,0.00
2100,SSP1,KHM,0.00,0.00,0.73,0.21
2100,SSP1,KNA,0.00,0.00,0.37,0.37
2100,SSP1,KOR,0.00,0.00,0.49,0.49
2100,SSP1,KWT,0.00,0.00,0.50,0.50
2100,SSP1,LAO,0.00,0.00,0.46,0.46
2100,SSP1,LBN,0.17,0.80,0.00,0.00
2100,SSP1,LBR,0.00,0.01,0.96,0.00
2100,SSP1,LBY,0.00,0.65,0.34,0.00
2100,SSP1,LCA,0.00,0.00,0.33,0.33
2100,SSP1,LIE,0.00,0.00,0.50,0.50
2100,SSP1,LKA,0.00,0.00,0.30,0.30
2100,SSP1,LSO,0.00,0.02,0.77,0.00
2100,SSP1,LTU,0.00,0.00,0.48,0.48
2100,SSP1,LUX,0.00,0.00,0.49,0.49
2100,SSP1,LVA,0.00,0.00,0.48,0.48
2100,SSP1,MAR,0.00,0.28,0.71,0.00
2100,SSP1,MDA,0.00,0.31,0.57,0.00
2100,SSP1,MDG,0.00,0.00,0.48,0.48
2100,SSP1,MEX,0.00,0.00,0.50,0.50
2100,SSP1,MKD,0.00,0.00,0.55,0.44
2100,SSP1,MLI,0.00,0.15,0.82,0.00
2100,SSP1,MLT,0.00,0.00,0.89,0.10
2100,SSP1,MMR,0.00,0.00,0.33,0.33
2100,SSP1,MNG,0.00,0.00,0.48,0.48
2100,SSP1,MOZ,0.00,0.22,0.73,0.00
2100,SSP1,MRT,0.00,0.24,0.39,0.00
2100,SSP1,MSR,0.00,0.00,0.42,0.42
2100,SSP1,MTQ,0.00,0.00,0.48,0.48
2100,SSP1,MUS,0.00,0.00,0.33,0.33
2100,SSP1,MWI,0.00,0.00,0.47,0.47
2100,SSP1,MYS,0.00,0.00,0.48,0.48
2100,SSP1,NAM,0.00,0.19,0.54,0.00
2100,SSP1,NCL,0.00,0.00,0.46,0.46
2100,SSP1,NER,0.00,0.10,0.81,0.00
2100,SSP1,NGA,0.00,0.00,0.48,0.48
2100,SSP1,NIC,0.00,0.00,0.49,0.49
2100,SSP1,NLD,0.00,0.00,0.50,0.50
2100,SSP1,NOR,0.00,0.00,0.50,0.50
2100,SSP1,NPL,0.00,0.00,0.47,0.47
2100,SSP1,NZL,0.00,0.00,0.49,0.49
2100,SSP1,OMN,0.00,0.00,0.20,0.20
2100,SSP1,PAK,0.00,0.00,0.48,0.48
2100,SSP1,PAN,0.00,0.00,0.44,0.44
2100,SSP1,PER,0.00,0.05,0.93,0.00
2100,SSP1,PHL,0.00,0.00,0.42,0.42
2100,SSP1,PNG,0.00,0.00,0.46,0.46
2100,SSP1,POL,0.00,0.00,0.49,0.49
2100,SSP1,PRI,0.00,0.40,0.60,0.00
2100,SSP1,PRK,0.00,0.23,0.58,0.00
2100,SSP1,PRT,0.00,0.00,0.47,0.47
2100,SSP1,PRY,0.00,0.00,0.40,0.40
2100,SSP1,QAT,0.00,0.00,0.46,0.46
2100,SSP1,REU,0.00,0.00,0.49,0.49
2100,SSP1,ROU,0.00,0.00,0.45,0.45
2100,SSP1,RUS,0.00,0.00,0.48,0.48
2100,SSP1,RWA,0.00,0.00,0.47,0.47
2100,SSP1,SAU,0.00,0.00,0.42,0.42
2100,SSP1,SEN,0.00,0.32,0.57,0.00
2100,SSP1,SGP,0.00,0.00,0.50,0.50
2100,SSP1,SLB,0.00,0.49,0.38,0.00
2100,SSP1,SLE,0.00,0.67,0.25,0.00
2100,SSP1,SLV,0.00,0.00,0.85,0.08
2100,SSP1,SOM,0.00,0.83,0.11,0.00
2100,SSP1,SPM,0.00,0.00,0.49,0.49
2100,SSP1,STP,0.00,0.54,0.13,0.00
2100,SSP1,SUR,0.00,0.00,0.25,0.25
2100,SSP1,SVK,0.00,0.00,0.49,0.49
2100,SSP1,SVN,0.00,0.00,0.49,0.49
2100,SSP1,SWE,0.00,0.00,0.49,0.49
2100,SSP1,SWZ,0.00,0.00,0.31,0.31
2100,SSP1,SYR,0.16,0.82,0.00,0.00
2100,SSP1,TCA,0.00,0.00,0.39,0.39
2100,SSP1,TCD,0.00,0.36,0.54,0.00
2100,SSP1,TGO,0.00,0.56,0.40,0.00
2100,SSP1,THA,0.00,0.00,0.30,0.30
2100,SSP1,TJK,0.00,0.31,0.62,0.00
2100,SSP1,TKM,0.00,0.00,0.34,0.34
2100,SSP1,TLS,0.00,0.00,0.48,0.48
2100,SSP1,TON,0.00,0.00,0.22,0.22
2100,SSP1,TTO,0.00,0.00,0.18,0.18
2100,SSP1,TUN,0.00,0.13,0.84,0.00
2100,SSP1,TUR,0.00,0.00,0.49,0.49
2100,SSP1,TZA,0.00,0.00,0.47,0.47
2100,SSP1,UGA,0.00,0.00,0.47,0.47
2100,SSP1,UKR,0.00,0.00,0.48,0.48
2100,SSP1,URY,0.00,0.08,0.81,0.00
2100,SSP1,USA,0.00,0.00,0.49,0.49
2100,SSP1,UZB,0.00,0.00,0.52,0.37
2100,SSP1,VCT,0.00,0.00,0.25,0.25
2100,SSP1,VEN,0.00,0.00,0.50,0.50
2100,SSP1,VIR,0.00,0.00,0.49,0.49
2100,SSP1,VNM,0.00,0.00,0.34,0.34
2100,SSP1,VUT,0.00,0.15,0.72,0.00
2100,SSP1,WSM,0.00,0.00,0.19,0.19
2100,SSP1,YEM,0.00,0.74,0.21,0.00
2100,SSP1,ZAF,0.00,0.02,0.96,0.00
2100,SSP1,ZMB,0.00,0.00,0.48,0.48
2100,SSP1,ZWE,0.00,0.00,0.47,0.47
2025,SSP2,ABW,0.08,0.00,0.19,0.00
2025,SSP2,AFG,0.10,0.01,0.01,0.00
2025,SSP2,AGO,0.11,0.01,0.00,0.00
2025,SSP2,AIA,0.03,0.00,0.17,0.00
2025,SSP2,ALB,0.19,0.14,0.01,0.00
2025,SSP2,AND,0.02,0.63,0.29,0.00
2025,SSP2,ARE,0.12,0.56,0.17,0.00
2025,SSP2,ARG,0.30,0.13,0.01,0.00
2025,SSP2,ARM,0.36,0.11,0.00,0.00
2025,SSP2,ASM,0.05,0.39,0.11,0.00
2025,SSP2,AUS,0.20,0.23,0.38,0.00
2025,SSP2,AUT,0.00,0.01,0.92,0.00
2025,SSP2,AZE,0.24,0.07,0.01,0.00
2025,SSP2,BDI,0.06,0.02,0.00,0.00
2025,SSP2,BEL,0.00,0.07,0.74,0.00
2025,SSP2,BEN,0.08,0.02,0.00,0.00
2025,SSP2,BFA,0.08,0.02,0.00,0.00
2025,SSP2,BGD,0.09,0.05,0.00,0.00
2025,SSP2,BGR,0.01,0.25,0.32,0.00
2025,SSP2,BHR,0.12,0.16,0.61,0.00
2025,SSP2,BHS,0.07,0.04,0.04,0.00
2025,SSP2,BIH,0.13,0.15,0.01,0.00
2025,SSP2,BLR,0.03,0.54,0.24,0.00
2025,SSP2,BLZ,0.05,0.07,0.03,0.00
2025,SSP2,BOL,0.24,0.09,0.02,0.00
2025,SSP2,BRA,0.17,0.19,0.02,0.00
2025,SSP2,BRB,0.02,0.01,0.03,0.00
2025,SSP2,BRN,0.00,0.30,0.10,0.00
2025,SSP2,BTN,0.02,0.08,0.05,0.00
2025,SSP2,BWA,0.05,0.00,0.02,0.00
2025,SSP2,CAF,0.05,0.00,0.00,0.00
2025,SSP2,CAN,0.11,0.50,0.20,0.00
2025,SSP2,CHE,0.00,0.15,0.83,0.00
2025,SSP2,CHL,0.23,0.18,0.37,0.00
2025,SSP2,CHN,0.11,0.16,0.16,0.00
2025,SSP2,CIV,0.10,0.05,0.00,0.00
2025,SSP2,CMR,0.06,0.02,0.00,0.00
2025,SSP2,COD,0.09,0.02,0.00,0.00
2025,SSP2,COG,0.01,0.07,0.04,0.00
2025,SSP2,COL,0.44,0.09,0.01,0.00
2025,SSP2,COM,0.08,0.02,0.02,0.00
2025,SSP2,CPV,0.14,0.07,0.00,0.00
2025,SSP2,CRI,0.04,0.06,0.07,0.00
2025,SSP2,CUB,0.24,0.07,0.00,0.00
2025,SSP2,CYP,0.00,0.38,0.12,0.00
2025,SSP2,CZE,0.00,0.07,0.74,0.00
2025,SSP2,DEU,0.01,0.02,0.94,0.00
2025,SSP2,DJI,0.07,0.05,0.03,0.00
2025,SSP2,DMA,0.05,0.05,0.07,0.00
2025,SSP2,DNK,0.02,0.02,0.88,0.00
2025,SSP2,DOM,0.16,0.08,0.08,0.00
2025,SSP2,DZA,0.42,0.06,0.00,0.00
2025,SSP2,ECU,0.24,0.05,0.01,0.00
2025,SSP2,EGY,0.18,0.26,0.03,0.00
2025,SSP2,ERI,0.07,0.01,0.00,0.00
2025,SSP2,ESH,0.05,0.31,0.03,0.00
2025,SSP2,ESP,0.02,0.26,0.68,0.00
2025,SSP2,EST,0.01,0.10,0.72,0.00
2025,SSP2,ETH,0.09,0.01,0.02,0.00
2025,SSP2,FIN,0.00,0.00,0.86,0.00
2025,SSP2,FJI,0.22,0.03,0.01,0.00
2025,SSP2,FLK,0.07,0.25,0.02,0.00
2025,SSP2,FRA,0.00,0.22,0.61,0.00
2025,SSP2,FRO,0.03,0.62,0.24,0.00
2025,SSP2,GAB,0.08,0.01,0.00,0.00
2025,SSP2,GBR,0.00,0.35,0.61,0.00
2025,SSP2,GEO,0.26,0.08,0.00,0.00
2025,SSP2,GHA,0.07,0.04,0.00,0.00
2025,SSP2,GIN,0.11,0.03,0.00,0.00
2025,SSP2,GLP,0.12,0.27,0.06,0.00
2025,SSP2,GMB,0.08,0.00,0.00,0.00
2025,SSP2,GNB,0.09,0.01,0.00,0.00
2025,SSP2,GNQ,0.04,0.00,0.00,0.00
2025,SSP2,GRC,0.09,0.13,0.59,0.00
2025,SSP2,GRD,0.02,0.00,0.09,0.00
2025,SSP2,GRL,0.01,0.46,0.43,0.00
2025,SSP2,GTM,0.16,0.17,0.03,0.00
2025,SSP2,GUF,0.08,0.23,0.02,0.00
2025,SSP2,GUY,0.02,0.04,0.01,0.00
2025,SSP2,HKG,0.29,0.16,0.26,0.00
2025,SSP2,HND,0.25,0.10,0.03,0.00
2025,SSP2,HRV,0.14,0.28,0.04,0.00
2025,SSP2,HTI,0.06,0.04,0.02,0.00
2025,SSP2,HUN,0.04,0.24,0.48,0.00
2025,SSP2,IDN,0.01,0.10,0.03,0.00
2025,SSP2,IND,0.06,0.09,0.02,0.00
2025,SSP2,IRL,0.09,0.30,0.30,0.00
2025,SSP2,IRN,0.14,0.09,0.00,0.00
2025,SSP2,IRQ,0.10,0.07,0.02,0.00
2025,SSP2,ISL,0.56,0.06,0.20,0.00
2025,SSP2,ISR,0.04,0.32,0.58,0.00
2025,SSP2,ITA,0.03,0.20,0.45,0.00
2025,SSP2,JAM,0.13,0.06,0.01,0.00
2025,SSP2,JOR,0.10,0.54,0.04,0.00
2025,SSP2,JPN,0.00,0.44,0.31,0.00
2025,SSP2,KAZ,0.13,0.22,0.09,0.00
2025,SSP2,KEN,0.10,0.03,0.02,0.00
2025,SSP2,KGZ,0.17,0.06,0.00,0.00
2025,SSP2,KHM,0.11,0.05,0.01,0.00
2025,SSP2,KNA,0.00,0.00,0.10,0.00
2025,SSP2,KOR,0.23,0.32,0.36,0.00
2025,SSP2,KWT,0.16,0.20,0.64,0.00
2025,SSP2,LAO,0.07,0.09,0.02,0.00
2025,SSP2,LBN,0.26,0.12,0.02,0.00
2025,SSP2,LBR,0.10,0.03,0.00,0.00
2025,SSP2,LBY,0.23,0.05,0.00,0.00
2025,SSP2,LCA,0.02,0.02,0.06,0.00
2025,SSP2,LIE,0.00,0.41,0.54,0.00
2025,SSP2,LKA,0.02,0.05,0.03,0.00
2025,SSP2,LSO,0.06,0.03,0.00,0.00
2025,SSP2,LTU,0.08,0.08,0.60,0.00
2025,SSP2,LUX,0.03,0.42,0.50,0.00
2025,SSP2,LVA,0.02,0.25,0.43,0.00
2025,SSP2,MAR,0.34,0.09,0.00,0.00
2025,SSP2,MDA,0.05,0.29,0.00,0.00
2025,SSP2,MDG,0.10,0.01,0.02,0.00
2025,SSP2,MEX,0.17,0.26,0.03,0.00
2025,SSP2,MKD,0.09,0.16,0.03,0.00
2025,SSP2,MLI,0.09,0.02,0.00,0.00
2025,SSP2,MLT,0.05,0.37,0.08,0.00
2025,SSP2,MMR,0.03,0.05,0.00,0.00
2025,SSP2,MNG,0.08,0.00,0.18,0.00
2025,SSP2,MOZ,0.08,0.02,0.00,0.00
2025,SSP2,MRT,0.06,0.02,0.00,0.00
2025,SSP2,MSR,0.10,0.09,0.07,0.00
2025,SSP2,MTQ,0.27,0.08,0.03,0.00
2025,SSP2,MUS,0.14,0.08,0.02,0.00
2025,SSP2,MWI,0.09,0.02,0.01,0.00
2025,SSP2,MYS,0.36,0.17,0.07,0.00
2025,SSP2,NAM,0.22,0.07,0.00,0.00
2025,SSP2,NCL,0.07,0.17,0.03,0.00
2025,SSP2,NER,0.05,0.02,0.00,0.00
2025,SSP2,NGA,0.06,0.04,0.02,0.00
2025,SSP2,NIC,0.10,0.11,0.03,0.00
2025,SSP2,NLD,0.00,0.01,0.98,0.00
2025,SSP2,NOR,0.16,0.01,0.67,0.00
2025,SSP2,NPL,0.10,0.03,0.01,0.00
2025,SSP2,NZL,0.06,0.22,0.53,0.00
2025,SSP2,OMN,0.04,0.20,0.01,0.00
2025,SSP2,PAK,0.22,0.06,0.01,0.00
2025,SSP2,PAN,0.16,0.02,0.17,0.00
2025,SSP2,PER,0.35,0.12,0.01,0.00
2025,SSP2,PHL,0.02,0.08,0.02,0.00
2025,SSP2,PNG,0.08,0.03,0.02,0.00
2025,SSP2,POL,0.00,0.11,0.60,0.00
2025,SSP2,PRI,0.52,0.14,0.00,0.00
2025,SSP2,PRK,0.20,0.12,0.10,0.00
2025,SSP2,PRT,0.04,0.42,0.22,0.00
2025,SSP2,PRY,0.04,0.06,0.07,0.00
2025,SSP2,QAT,0.11,0.12,0.55,0.00
2025,SSP2,REU,0.17,0.02,0.00,0.00
2025,SSP2,ROU,0.07,0.17,0.18,0.00
2025,SSP2,RUS,0.06,0.44,0.06,0.00
2025,SSP2,RWA,0.09,0.02,0.02,0.00
2025,SSP2,SAU,0.07,0.14,0.27,0.00
2025,SSP2,SEN,0.11,0.03,0.00,0.00
2025,SSP2,SGP,0.01,0.17,0.82,0.00
2025,SSP2,SLB,0.14,0.02,0.00,0.00
2025,SSP2,SLE,0.06,0.01,0.00,0.00
2025,SSP2,SLV,0.12,0.05,0.01,0.00
2025,SSP2,SOM,0.04,0.00,0.00,0.00
2025,SSP2,SPM,0.16,0.19,0.01,0.00
2025,SSP2,STP,0.10,0.00,0.00,0.00
2025,SSP2,SUR,0.00,0.01,0.05,0.00
2025,SSP2,SVK,0.12,0.35,0.22,0.00
2025,SSP2,SVN,0.01,0.26,0.32,0.00
2025,SSP2,SWE,0.00,0.03,0.86,0.00
2025,SSP2,SWZ,0.04,0.03,0.01,0.00
2025,SSP2,SYR,0.36,0.13,0.02,0.00
2025,SSP2,TCA,0.04,0.00,0.11,0.00
2025,SSP2,TCD,0.07,0.02,0.00,0.00
2025,SSP2,TGO,0.07,0.01,0.00,0.00
2025,SSP2,THA,0.02,0.03,0.07,0.00
2025,SSP2,TJK,0.15,0.08,0.00,0.00
2025,SSP2,TKM,0.02,0.14,0.13,0.00
2025,SSP2,TLS,0.01,0.11,0.04,0.00
2025,SSP2,TON,0.01,0.03,0.00,0.00
2025,SSP2,TTO,0.10,0.06,0.01,0.00
2025,SSP2,TUN,0.15,0.41,0.03,0.00
2025,SSP2,TUR,0.11,0.22,0.29,0.00
2025,SSP2,TZA,0.07,0.04,0.01,0.00
2025,SSP2,UGA,0.09,0.01,0.02,0.00
2025,SSP2,UKR,0.10,0.31,0.02,0.00
2025,SSP2,URY,0.15,0.22,0.01,0.00
2025,SSP2,USA,0.01,0.26,0.54,0.00
2025,SSP2,UZB,0.14,0.13,0.01,0.00
2025,SSP2,VCT,0.00,0.04,0.02,0.00
2025,SSP2,VEN,0.26,0.13,0.02,0.00
2025,SSP2,VIR,0.24,0.11,0.03,0.00
2025,SSP2,VNM,0.02,0.08,0.01,0.00
2025,SSP2,VUT,0.08,0.03,0.00,0.00
2025,SSP2,WSM,0.01,0.03,0.00,0.00
2025,SSP2,YEM,0.17,0.02,0.00,0.00
2025,SSP2,ZAF,0.31,0.26,0.01,0.00
2025,SSP2,ZMB,0.10,0.05,0.03,0.00
2025,SSP2,ZWE,0.22,0.02,0.01,0.00
2030,SSP2,ABW,0.07,0.00,0.24,0.00
2030,SSP2,AFG,0.11,0.03,0.04,0.00
2030,SSP2,AGO,0.11,0.04,0.00,0.00
2030,SSP2,AIA,0.03,0.00,0.23,0.00
2030,SSP2,ALB,0.19,0.17,0.03,0.00
2030,SSP2,AND,0.02,0.59,0.34,0.00
2030,SSP2,ARE,0.11,0.53,0.23,0.00
2030,SSP2,ARG,0.28,0.17,0.03,0.00
2030,SSP2,ARM,0.37,0.14,0.00,0.00
2030,SSP2,ASM,0.04,0.37,0.17,0.00
2030,SSP2,AUS,0.19,0.22,0.42,0.00
2030,SSP2,AUT,0.00,0.01,0.93,0.00
2030,SSP2,AZE,0.23,0.09,0.03,0.00
2030,SSP2,BDI,0.06,0.06,0.00,0.00
2030,SSP2,BEL,0.00,0.06,0.76,0.00
2030,SSP2,BEN,0.09,0.05,0.00,0.00
2030,SSP2,BFA,0.10,0.05,0.00,0.00
2030,SSP2,BGD,0.09,0.09,0.00,0.00
2030,SSP2,BGR,0.01,0.23,0.37,0.00
2030,SSP2,BHR,0.11,0.14,0.64,0.00
2030,SSP2,BHS,0.06,0.05,0.07,0.00
2030,SSP2,BIH,0.13,0.19,0.02,0.00
2030,SSP2,BLR,0.03,0.51,0.28,0.00
2030,SSP2,BLZ,0.04,0.08,0.07,0.00
2030,SSP2,BOL,0.23,0.09,0.07,0.00
2030,SSP2,BRA,0.16,0.23,0.03,0.00
2030,SSP2,BRB,0.01,0.01,0.04,0.00
2030,SSP2,BRN,0.00,0.29,0.16,0.00
2030,SSP2,BTN,0.02,0.08,0.10,0.00
2030,SSP2,BWA,0.05,0.00,0.03,0.00
2030,SSP2,CAF,0.09,0.00,0.00,0.00
2030,SSP2,CAN,0.10,0.47,0.24,0.00
2030,SSP2,CHE,0.00,0.14,0.84,0.00
2030,SSP2,CHL,0.22,0.17,0.40,0.00
2030,SSP2,CHN,0.10,0.15,0.21,0.00
2030,SSP2,CIV,0.10,0.09,0.00,0.00
2030,SSP2,CMR,0.07,0.05,0.00,0.00
2030,SSP2,COD,0.10,0.06,0.00,0.00
2030,SSP2,COG,0.01,0.07,0.09,0.00
2030,SSP2,COL,0.42,0.12,0.03,0.00
2030,SSP2,COM,0.08,0.02,0.07,0.00
2030,SSP2,CPV,0.13,0.10,0.00,0.00
2030,SSP2,CRI,0.04,0.06,0.11,0.00
2030,SSP2,CUB,0.24,0.10,0.00,0.00
2030,SSP2,CYP,0.00,0.36,0.17,0.00
2030,SSP2,CZE,0.00,0.06,0.76,0.00
2030,SSP2,DEU,0.01,0.02,0.94,0.00
2030,SSP2,DJI,0.06,0.05,0.07,0.00
2030,SSP2,DMA,0.05,0.06,0.11,0.00
2030,SSP2,DNK,0.02,0.02,0.89,0.00
2030,SSP2,DOM,0.15,0.08,0.12,0.00
2030,SSP2,DZA,0.41,0.11,0.00,0.00
2030,SSP2,ECU,0.24,0.08,0.04,0.00
2030,SSP2,EGY,0.17,0.26,0.08,0.00
2030,SSP2,ERI,0.10,0.03,0.00,0.00
2030,SSP2,ESH,0.04,0.30,0.08,0.00
2030,SSP2,ESP,0.02,0.24,0.71,0.00
2030,SSP2,EST,0.01,0.09,0.73,0.00
2030,SSP2,ETH,0.10,0.03,0.05,0.00
2030,SSP2,FIN,0.00,0.00,0.87,0.00
2030,SSP2,FJI,0.23,0.07,0.02,0.00
2030,SSP2,FLK,0.07,0.26,0.06,0.00
2030,SSP2,FRA,0.00,0.20,0.64,0.00
2030,SSP2,FRO,0.03,0.58,0.28,0.00
2030,SSP2,GAB,0.10,0.03,0.00,0.00
2030,SSP2,GBR,0.00,0.32,0.64,0.00
2030,SSP2,GEO,0.27,0.12,0.00,0.00
2030,SSP2,GHA,0.07,0.08,0.01,0.00
2030,SSP2,GIN,0.12,0.07,0.00,0.00
2030,SSP2,GLP,0.11,0.26,0.12,0.00
2030,SSP2,GMB,0.11,0.01,0.00,0.00
2030,SSP2,GNB,0.11,0.03,0.00,0.00
2030,SSP2,GNQ,0.04,0.01,0.00,0.00
2030,SSP2,GRC,0.08,0.12,0.62,0.00
2030,SSP2,GRD,0.02,0.00,0.13,0.00
2030,SSP2,GRL,0.01,0.43,0.47,0.00
2030,SSP2,GTM,0.15,0.17,0.08,0.00
2030,SSP2,GUF,0.08,0.23,0.07,0.00
2030,SSP2,GUY,0.02,0.05,0.03,0.00
2030,SSP2,HKG,0.27,0.15,0.32,0.00
2030,SSP2,HND,0.24,0.10,0.08,0.00
2030,SSP2,HRV,0.13,0.28,0.08,0.00
2030,SSP2,HTI,0.07,0.05,0.07,0.00
2030,SSP2,HUN,0.03,0.22,0.52,0.00
2030,SSP2,IDN,0.01,0.10,0.07,0.00
2030,SSP2,IND,0.05,0.10,0.06,0.00
2030,SSP2,IRL,0.08,0.28,0.35,0.00
2030,SSP2,IRN,0.13,0.12,0.00,0.00
2030,SSP2,IRQ,0.10,0.07,0.07,0.00
2030,SSP2,ISL,0.52,0.06,0.26,0.00
2030,SSP2,ISR,0.04,0.29,0.61,0.00
2030,SSP2,ITA,0.03,0.19,0.48,0.00
2030,SSP2,JAM,0.13,0.07,0.03,0.00
2030,SSP2,JOR,0.09,0.51,0.10,0.00
2030,SSP2,JPN,0.00,0.41,0.35,0.00
2030,SSP2,KAZ,0.12,0.20,0.13,0.00
2030,SSP2,KEN,0.10,0.04,0.06,0.00
2030,SSP2,KGZ,0.17,0.10,0.00,0.00
2030,SSP2,KHM,0.11,0.08,0.02,0.00
2030,SSP2,KNA,0.00,0.00,0.14,0.00
2030,SSP2,KOR,0.21,0.30,0.40,0.00
2030,SSP2,KWT,0.15,0.19,0.66,0.00
2030,SSP2,LAO,0.06,0.09,0.07,0.00
2030,SSP2,LBN,0.30,0.11,0.02,0.00
2030,SSP2,LBR,0.10,0.08,0.00,0.00
2030,SSP2,LBY,0.23,0.08,0.00,0.00
2030,SSP2,LCA,0.02,0.02,0.09,0.00
2030,SSP2,LIE,0.00,0.37,0.58,0.00
2030,SSP2,LKA,0.02,0.05,0.06,0.00
2030,SSP2,LSO,0.06,0.06,0.00,0.00
2030,SSP2,LTU,0.07,0.07,0.63,0.00
2030,SSP2,LUX,0.03,0.38,0.54,0.00
2030,SSP2,LVA,0.02,0.23,0.47,0.00
2030,SSP2,MAR,0.33,0.13,0.01,0.00
2030,SSP2,MDA,0.05,0.32,0.00,0.00
2030,SSP2,MDG,0.10,0.02,0.05,0.00
2030,SSP2,MEX,0.16,0.26,0.08,0.00
2030,SSP2,MKD,0.09,0.17,0.08,0.00
2030,SSP2,MLI,0.10,0.07,0.00,0.00
2030,SSP2,MLT,0.05,0.36,0.13,0.00
2030,SSP2,MMR,0.03,0.07,0.01,0.00
2030,SSP2,MNG,0.08,0.00,0.24,0.00
2030,SSP2,MOZ,0.10,0.05,0.00,0.00
2030,SSP2,MRT,0.07,0.05,0.00,0.00
2030,SSP2,MSR,0.09,0.09,0.12,0.00
2030,SSP2,MTQ,0.25,0.09,0.08,0.00
2030,SSP2,MUS,0.13,0.08,0.04,0.00
2030,SSP2,MWI,0.10,0.05,0.02,0.00
2030,SSP2,MYS,0.33,0.17,0.13,0.00
2030,SSP2,NAM,0.22,0.10,0.00,0.00
2030,SSP2,NCL,0.07,0.18,0.07,0.00
2030,SSP2,NER,0.05,0.06,0.01,0.00
2030,SSP2,NGA,0.06,0.05,0.06,0.00
2030,SSP2,NIC,0.09,0.12,0.08,0.00
2030,SSP2,NLD,0.00,0.01,0.98,0.00
2030,SSP2,NOR,0.14,0.01,0.69,0.00
2030,SSP2,NPL,0.10,0.06,0.02,0.00
2030,SSP2,NZL,0.06,0.20,0.56,0.00
2030,SSP2,OMN,0.03,0.19,0.03,0.00
2030,SSP2,PAK,0.21,0.09,0.04,0.00
2030,SSP2,PAN,0.14,0.02,0.22,0.00
2030,SSP2,PER,0.34,0.16,0.01,0.00
2030,SSP2,PHL,0.02,0.09,0.07,0.00
2030,SSP2,PNG,0.08,0.04,0.06,0.00
2030,SSP2,POL,0.00,0.10,0.63,0.00
2030,SSP2,PRI,0.49,0.19,0.00,0.00
2030,SSP2,PRK,0.18,0.12,0.13,0.00
2030,SSP2,PRT,0.04,0.40,0.26,0.00
2030,SSP2,PRY,0.04,0.06,0.11,0.00
2030,SSP2,QAT,0.10,0.11,0.58,0.00
2030,SSP2,REU,0.17,0.07,0.01,0.00
2030,SSP2,ROU,0.06,0.16,0.24,0.00
2030,SSP2,RUS,0.06,0.43,0.10,0.00
2030,SSP2,RWA,0.09,0.04,0.04,0.00
2030,SSP2,SAU,0.07,0.13,0.30,0.00
2030,SSP2,SEN,0.11,0.07,0.00,0.00
2030,SSP2,SGP,0.01,0.15,0.84,0.00
2030,SSP2,SLB,0.15,0.06,0.00,0.00
2030,SSP2,SLE,0.09,0.03,0.00,0.00
2030,SSP2,SLV,0.12,0.09,0.02,0.00
2030,SSP2,SOM,0.09,0.00,0.00,0.00
2030,SSP2,SPM,0.15,0.22,0.04,0.00
2030,SSP2,STP,0.13,0.01,0.00,0.00
2030,SSP2,SUR,0.00,0.01,0.08,0.00
2030,SSP2,SVK,0.11,0.33,0.27,0.00
2030,SSP2,SVN,0.00,0.24,0.36,0.00
2030,SSP2,SWE,0.00,0.03,0.87,0.00
2030,SSP2,SWZ,0.04,0.05,0.03,0.00
2030,SSP2,SYR,0.39,0.13,0.02,0.00
2030,SSP2,TCA,0.03,0.00,0.15,0.00
2030,SSP2,TCD,0.08,0.05,0.00,0.00
2030,SSP2,TGO,0.09,0.03,0.00,0.00
2030,SSP2,THA,0.02,0.03,0.10,0.00
2030,SSP2,TJK,0.15,0.12,0.01,0.00
2030,SSP2,TKM,0.02,0.13,0.17,0.00
2030,SSP2,TLS,0.01,0.11,0.09,0.00
2030,SSP2,TON,0.01,0.05,0.01,0.00
2030,SSP2,TTO,0.09,0.06,0.02,0.00
2030,SSP2,TUN,0.14,0.43,0.04,0.00
2030,SSP2,TUR,0.10,0.21,0.33,0.00
2030,SSP2,TZA,0.07,0.07,0.03,0.00
2030,SSP2,UGA,0.09,0.01,0.07,0.00
2030,SSP2,UKR,0.10,0.32,0.05,0.00
2030,SSP2,URY,0.14,0.25,0.02,0.00
2030,SSP2,USA,0.01,0.24,0.57,0.00
2030,SSP2,UZB,0.13,0.16,0.03,0.00
2030,SSP2,VCT,0.00,0.04,0.04,0.00
2030,SSP2,VEN,0.26,0.14,0.07,0.00
2030,SSP2,VIR,0.23,0.11,0.08,0.00
2030,SSP2,VNM,0.02,0.09,0.03,0.00
2030,SSP2,VUT,0.09,0.07,0.01,0.00
2030,SSP2,WSM,0.01,0.05,0.01,0.00
2030,SSP2,YEM,0.19,0.05,0.00,0.00
2030,SSP2,ZAF,0.29,0.28,0.04,0.00
2030,SSP2,ZMB,0.10,0.05,0.07,0.00
2030,SSP2,ZWE,0.22,0.06,0.02,0.00
2050,SSP2,ABW,0.00,0.00,0.71,0.00
2050,SSP2,AFG,0.38,0.01,0.00,0.00
2050,SSP2,AGO,0.13,0.00,0.00,0.00
2050,SSP2,AIA,0.00,0.00,0.62,0.00
2050,SSP2,ALB,0.66,0.31,0.01,0.00
2050,SSP2,AND,0.00,0.42,0.58,0.00
2050,SSP2,ARE,0.00,0.43,0.53,0.00
2050,SSP2,ARG,0.35,0.34,0.00,0.00
2050,SSP2,ARM,0.79,0.11,0.00,0.00
2050,SSP2,ASM,0.00,0.59,0.37,0.00
2050,SSP2,AUS,0.15,0.11,0.67,0.00
2050,SSP2,AUT,0.00,0.00,0.92,0.00
2050,SSP2,AZE,0.32,0.17,0.00,0.00
2050,SSP2,BDI,0.23,0.00,0.00,0.00
2050,SSP2,BEL,0.00,0.00,0.99,0.00
2050,SSP2,BEN,0.26,0.01,0.00,0.00
2050,SSP2,BFA,0.30,0.01,0.00,0.00
2050,SSP2,BGD,0.29,0.11,0.00,0.00
2050,SSP2,BGR,0.00,0.10,0.82,0.00
2050,SSP2,BHR,0.00,0.00,0.96,0.00
2050,SSP2,BHS,0.00,0.19,0.12,0.00
2050,SSP2,BIH,0.28,0.53,0.01,0.00
2050,SSP2,BLR,0.00,0.54,0.40,0.00
2050,SSP2,BLZ,0.00,0.28,0.04,0.00
2050,SSP2,BOL,0.52,0.23,0.00,0.00
2050,SSP2,BRA,0.10,0.41,0.03,0.00
2050,SSP2,BRB,0.00,0.02,0.09,0.00
2050,SSP2,BRN,0.00,0.63,0.33,0.00
2050,SSP2,BTN,0.00,0.33,0.14,0.00
2050,SSP2,BWA,0.00,0.01,0.06,0.00
2050,SSP2,CAF,0.09,0.00,0.00,0.00
2050,SSP2,CAN,0.00,0.61,0.29,0.00
2050,SSP2,CHE,0.00,0.00,0.98,0.00
2050,SSP2,CHL,0.36,0.38,0.24,0.00
2050,SSP2,CHN,0.00,0.29,0.56,0.00
2050,SSP2,CIV,0.35,0.13,0.00,0.00
2050,SSP2,CMR,0.21,0.05,0.00,0.00
2050,SSP2,COD,0.33,0.01,0.00,0.00
2050,SSP2,COG,0.00,0.30,0.07,0.00
2050,SSP2,COL,0.78,0.14,0.00,0.00
2050,SSP2,COM,0.35,0.07,0.00,0.00
2050,SSP2,CPV,0.02,0.26,0.00,0.00
2050,SSP2,CRI,0.00,0.24,0.23,0.00
2050,SSP2,CUB,0.45,0.16,0.00,0.00
2050,SSP2,CYP,0.00,0.61,0.28,0.00
2050,SSP2,CZE,0.00,0.00,0.93,0.00
2050,SSP2,DEU,0.00,0.00,0.97,0.00
2050,SSP2,DJI,0.17,0.21,0.00,0.00
2050,SSP2,DMA,0.00,0.24,0.20,0.00
2050,SSP2,DNK,0.00,0.00,0.96,0.00
2050,SSP2,DOM,0.00,0.23,0.24,0.00
2050,SSP2,DZA,0.90,0.00,0.00,0.00
2050,SSP2,ECU,0.63,0.15,0.00,0.00
2050,SSP2,EGY,0.04,0.79,0.00,0.00
2050,SSP2,ERI,0.22,0.00,0.00,0.00
2050,SSP2,ESH,0.00,0.77,0.00,0.00
2050,SSP2,ESP,0.00,0.09,0.91,0.00
2050,SSP2,EST,0.00,0.00,0.90,0.00
2050,SSP2,ETH,0.39,0.03,0.00,0.00
2050,SSP2,FIN,0.00,0.00,0.96,0.00
2050,SSP2,FJI,0.83,0.03,0.00,0.00
2050,SSP2,FLK,0.00,0.64,0.00,0.00
2050,SSP2,FRA,0.00,0.00,0.94,0.00
2050,SSP2,FRO,0.00,0.37,0.53,0.00
2050,SSP2,GAB,0.30,0.00,0.00,0.00
2050,SSP2,GBR,0.00,0.00,0.97,0.00
2050,SSP2,GEO,0.61,0.15,0.00,0.00
2050,SSP2,GHA,0.24,0.09,0.00,0.00
2050,SSP2,GIN,0.44,0.05,0.00,0.00
2050,SSP2,GLP,0.00,0.51,0.15,0.00
2050,SSP2,GMB,0.19,0.00,0.00,0.00
2050,SSP2,GNB,0.29,0.00,0.00,0.00
2050,SSP2,GNQ,0.02,0.00,0.00,0.00
2050,SSP2,GRC,0.00,0.06,0.83,0.00
2050,SSP2,GRD,0.00,0.00,0.33,0.00
2050,SSP2,GRL,0.00,0.47,0.48,0.00
2050,SSP2,GTM,0.14,0.61,0.00,0.00
2050,SSP2,GUF,0.00,0.63,0.00,0.00
2050,SSP2,GUY,0.01,0.17,0.01,0.00
2050,SSP2,HKG,0.00,0.00,1.00,0.00
2050,SSP2,HND,0.44,0.29,0.00,0.00
2050,SSP2,HRV,0.00,0.62,0.10,0.00
2050,SSP2,HTI,0.28,0.16,0.00,0.00
2050,SSP2,HUN,0.00,0.00,0.90,0.00
2050,SSP2,IDN,0.00,0.44,0.03,0.00
2050,SSP2,IND,0.07,0.39,0.00,0.00
2050,SSP2,IRL,0.00,0.00,0.82,0.00
2050,SSP2,IRN,0.24,0.15,0.00,0.00
2050,SSP2,IRQ,0.13,0.32,0.00,0.00
2050,SSP2,ISL,0.00,0.25,0.73,0.00
2050,SSP2,ISR,0.00,0.15,0.84,0.00
2050,SSP2,ITA,0.03,0.19,0.53,0.00
2050,SSP2,JAM,0.22,0.13,0.00,0.00
2050,SSP2,JOR,0.00,0.93,0.02,0.00
2050,SSP2,JPN,0.00,0.22,0.62,0.00
2050,SSP2,KAZ,0.00,0.29,0.30,0.00
2050,SSP2,KEN,0.30,0.09,0.00,0.00
2050,SSP2,KGZ,0.36,0.13,0.00,0.00
2050,SSP2,KHM,0.37,0.12,0.00,0.00
2050,SSP2,KNA,0.00,0.00,0.34,0.00
2050,SSP2,KOR,0.00,0.32,0.64,0.00
2050,SSP2,KWT,0.00,0.00,1.00,0.00
2050,SSP2,LAO,0.10,0.39,0.00,0.00
2050,SSP2,LBN,0.34,0.00,0.00,0.00
2050,SSP2,LBR,0.39,0.01,0.00,0.00
2050,SSP2,LBY,0.28,0.00,0.00,0.00
2050,SSP2,LCA,0.00,0.07,0.20,0.00
2050,SSP2,LIE,0.00,0.00,1.00,0.00
2050,SSP2,LKA,0.00,0.21,0.08,0.00
2050,SSP2,LSO,0.18,0.05,0.00,0.00
2050,SSP2,LTU,0.00,0.00,0.93,0.00
2050,SSP2,LUX,0.00,0.00,0.98,0.00
2050,SSP2,LVA,0.00,0.00,0.90,0.00
2050,SSP2,MAR,0.66,0.17,0.00,0.00
2050,SSP2,MDA,0.03,0.52,0.00,0.00
2050,SSP2,MDG,0.42,0.00,0.00,0.00
2050,SSP2,MEX,0.03,0.74,0.00,0.00
2050,SSP2,MKD,0.18,0.66,0.00,0.00
2050,SSP2,MLI,0.37,0.00,0.00,0.00
2050,SSP2,MLT,0.00,0.78,0.21,0.00
2050,SSP2,MMR,0.09,0.16,0.00,0.00
2050,SSP2,MNG,0.00,0.00,0.67,0.00
2050,SSP2,MOZ,0.27,0.00,0.00,0.00
2050,SSP2,MRT,0.21,0.04,0.00,0.00
2050,SSP2,MSR,0.00,0.40,0.19,0.00
2050,SSP2,MTQ,0.35,0.37,0.00,0.00
2050,SSP2,MUS,0.05,0.30,0.00,0.00
2050,SSP2,MWI,0.35,0.00,0.00,0.00
2050,SSP2,MYS,0.00,0.72,0.20,0.00
2050,SSP2,NAM,0.33,0.13,0.00,0.00
2050,SSP2,NCL,0.11,0.75,0.00,0.00
2050,SSP2,NER,0.20,0.00,0.00,0.00
2050,SSP2,NGA,0.24,0.14,0.00,0.00
2050,SSP2,NIC,0.12,0.49,0.00,0.00
2050,SSP2,NLD,0.00,0.00,0.99,0.00
2050,SSP2,NOR,0.00,0.00,0.93,0.00
2050,SSP2,NPL,0.35,0.06,0.00,0.00
2050,SSP2,NZL,0.00,0.10,0.82,0.00
2050,SSP2,OMN,0.00,0.20,0.00,0.00
2050,SSP2,PAK,0.44,0.13,0.00,0.00
2050,SSP2,PAN,0.00,0.00,0.63,0.00
2050,SSP2,PER,0.59,0.28,0.00,0.00
2050,SSP2,PHL,0.01,0.37,0.00,0.00
2050,SSP2,PNG,0.29,0.14,0.00,0.00
2050,SSP2,POL,0.00,0.00,0.89,0.00
2050,SSP2,PRI,0.62,0.38,0.00,0.00
2050,SSP2,PRK,0.02,0.10,0.39,0.00
2050,SSP2,PRT,0.00,0.48,0.27,0.00
2050,SSP2,PRY,0.00,0.20,0.19,0.00
2050,SSP2,QAT,0.00,0.00,0.89,0.00
2050,SSP2,REU,0.56,0.00,0.00,0.00
2050,SSP2,ROU,0.00,0.01,0.68,0.00
2050,SSP2,RUS,0.00,0.83,0.09,0.00
2050,SSP2,RWA,0.36,0.04,0.00,0.00
2050,SSP2,SAU,0.00,0.00,0.63,0.00
2050,SSP2,SEN,0.35,0.02,0.00,0.00
2050,SSP2,SGP,0.00,0.00,1.00,0.00
2050,SSP2,SLB,0.53,0.00,0.00,0.00
2050,SSP2,SLE,0.22,0.00,0.00,0.00
2050,SSP2,SLV,0.44,0.14,0.00,0.00
2050,SSP2,SOM,0.04,0.00,0.00,0.00
2050,SSP2,SPM,0.15,0.77,0.00,0.00
2050,SSP2,STP,0.38,0.00,0.00,0.00
2050,SSP2,SUR,0.00,0.05,0.15,0.00
2050,SSP2,SVK,0.00,0.23,0.62,0.00
2050,SSP2,SVN,0.00,0.00,0.74,0.00
2050,SSP2,SWE,0.00,0.00,0.96,0.00
2050,SSP2,SWZ,0.06,0.13,0.00,0.00
2050,SSP2,SYR,0.46,0.00,0.00,0.00
2050,SSP2,TCA,0.00,0.00,0.37,0.00
2050,SSP2,TCD,0.25,0.01,0.00,0.00
2050,SSP2,TGO,0.19,0.00,0.00,0.00
2050,SSP2,THA,0.00,0.13,0.22,0.00
2050,SSP2,TJK,0.27,0.25,0.00,0.00
2050,SSP2,TKM,0.00,0.12,0.47,0.00
2050,SSP2,TLS,0.00,0.48,0.07,0.00
2050,SSP2,TON,0.04,0.10,0.00,0.00
2050,SSP2,TTO,0.00,0.25,0.00,0.00
2050,SSP2,TUN,0.00,0.76,0.05,0.00
2050,SSP2,TUR,0.00,0.32,0.58,0.00
2050,SSP2,TZA,0.27,0.11,0.00,0.00
2050,SSP2,UGA,0.38,0.06,0.00,0.00
2050,SSP2,UKR,0.02,0.59,0.00,0.00
2050,SSP2,URY,0.04,0.50,0.00,0.00
2050,SSP2,USA,0.00,0.03,0.87,0.00
2050,SSP2,UZB,0.08,0.49,0.00,0.00
2050,SSP2,VCT,0.00,0.18,0.02,0.00
2050,SSP2,VEN,0.56,0.43,0.00,0.00
2050,SSP2,VIR,0.30,0.38,0.00,0.00
2050,SSP2,VNM,0.05,0.30,0.00,0.00
2050,SSP2,VUT,0.36,0.06,0.00,0.00
2050,SSP2,WSM,0.05,0.09,0.00,0.00
2050,SSP2,YEM,0.45,0.00,0.00,0.00
2050,SSP2,ZAF,0.11,0.63,0.00,0.00
2050,SSP2,ZMB,0.28,0.17,0.00,0.00
2050,SSP2,ZWE,0.55,0.00,0.00,0.00
2100,SSP2,ABW,0.00,0.00,0.90,0.00
2100,SSP2,AFG,0.00,0.34,0.48,0.00
2100,SSP2,AGO,0.00,0.50,0.04,0.00
2100,SSP2,AIA,0.00,0.00,0.96,0.00
2100,SSP2,ALB,0.00,0.70,0.28,0.00
2100,SSP2,AND,0.00,0.00,1.00,0.00
2100,SSP2,ARE,0.00,0.00,0.98,0.00
2100,SSP2,ARG,0.00,0.59,0.30,0.00
2100,SSP2,ARM,0.39,0.56,0.00,0.00
2100,SSP2,ASM,0.00,0.00,0.98,0.00
2100,SSP2,AUS,0.00,0.00,0.99,0.00
2100,SSP2,AUT,0.00,0.00,0.94,0.00
2100,SSP2,AZE,0.00,0.45,0.30,0.00
2100,SSP2,BDI,0.00,0.74,0.03,0.00
2100,SSP2,BEL,0.00,0.00,1.00,0.00
2100,SSP2,BEN,0.26,0.52,0.00,0.00
2100,SSP2,BFA,0.26,0.60,0.00,0.00
2100,SSP2,BGD,0.00,0.70,0.04,0.00
2100,SSP2,BGR,0.00,0.00,0.95,0.00
2100,SSP2,BHR,0.00,0.00,0.96,0.00
2100,SSP2,BHS,0.00,0.00,0.48,0.00
2100,SSP2,BIH,0.00,0.67,0.24,0.00
2100,SSP2,BLR,0.00,0.00,0.97,0.00
2100,SSP2,BLZ,0.00,0.00,0.67,0.00
2100,SSP2,BOL,0.00,0.16,0.79,0.00
2100,SSP2,BRA,0.00,0.77,0.20,0.00
2100,SSP2,BRB,0.00,0.00,0.26,0.00
2100,SSP2,BRN,0.00,0.00,0.95,0.00
2100,SSP2,BTN,0.00,0.00,0.73,0.00
2100,SSP2,BWA,0.00,0.02,0.16,0.00
2100,SSP2,CAF,0.75,0.00,0.00,0.00
2100,SSP2,CAN,0.00,0.00,0.98,0.00
2100,SSP2,CHE,0.00,0.00,0.98,0.00
2100,SSP2,CHL,0.00,0.01,0.98,0.00
2100,SSP2,CHN,0.00,0.00,0.90,0.00
2100,SSP2,CIV,0.00,0.77,0.04,0.00
2100,SSP2,CMR,0.14,0.48,0.00,0.00
2100,SSP2,COD,0.18,0.69,0.00,0.00
2100,SSP2,COG,0.00,0.00,0.84,0.00
2100,SSP2,COL,0.00,0.60,0.37,0.00
2100,SSP2,COM,0.00,0.05,0.83,0.00
2100,SSP2,CPV,0.02,0.44,0.00,0.00
2100,SSP2,CRI,0.00,0.00,0.71,0.00
2100,SSP2,CUB,0.25,0.55,0.00,0.00
2100,SSP2,CYP,0.00,0.00,0.95,0.00
2100,SSP2,CZE,0.00,0.00,0.97,0.00
2100,SSP2,DEU,0.00,0.00,0.97,0.00
2100,SSP2,DJI,0.00,0.00,0.88,0.00
2100,SSP2,DMA,0.00,0.00,0.78,0.00
2100,SSP2,DNK,0.00,0.00,0.97,0.00
2100,SSP2,DOM,0.00,0.00,0.72,0.00
2100,SSP2,DZA,0.00,0.90,0.05,0.00
2100,SSP2,ECU,0.00,0.53,0.42,0.00
2100,SSP2,EGY,0.00,0.00,0.89,0.00
2100,SSP2,ERI,0.48,0.34,0.00,0.00
2100,SSP2,ESH,0.00,0.00,0.95,0.00
2100,SSP2,ESP,0.00,0.00,1.00,0.00
2100,SSP2,EST,0.00,0.00,0.95,0.00
2100,SSP2,ETH,0.00,0.25,0.55,0.00
2100,SSP2,FIN,0.00,0.00,0.98,0.00
2100,SSP2,FJI,0.00,0.70,0.22,0.00
2100,SSP2,FLK,0.00,0.22,0.72,0.00
2100,SSP2,FRA,0.00,0.00,0.98,0.00
2100,SSP2,FRO,0.00,0.00,0.91,0.00
2100,SSP2,GAB,0.24,0.30,0.00,0.00
2100,SSP2,GBR,0.00,0.00,0.97,0.00
2100,SSP2,GEO,0.20,0.70,0.00,0.00
2100,SSP2,GHA,0.00,0.64,0.09,0.00
2100,SSP2,GIN,0.20,0.65,0.00,0.00
2100,SSP2,GLP,0.00,0.00,0.98,0.00
2100,SSP2,GMB,0.54,0.14,0.00,0.00
2100,SSP2,GNB,0.43,0.41,0.00,0.00
2100,SSP2,GNQ,0.08,0.15,0.00,0.00
2100,SSP2,GRC,0.00,0.00,0.93,0.00
2100,SSP2,GRD,0.00,0.00,0.66,0.00
2100,SSP2,GRL,0.00,0.00,0.96,0.00
2100,SSP2,GTM,0.00,0.00,0.90,0.00
2100,SSP2,GUF,0.00,0.10,0.78,0.00
2100,SSP2,GUY,0.00,0.16,0.32,0.00
2100,SSP2,HKG,0.00,0.00,1.00,0.00
2100,SSP2,HND,0.00,0.00,0.90,0.00
2100,SSP2,HRV,0.00,0.21,0.67,0.00
2100,SSP2,HTI,0.00,0.15,0.77,0.00
2100,SSP2,HUN,0.00,0.00,0.94,0.00
2100,SSP2,IDN,0.00,0.00,0.76,0.00
2100,SSP2,IND,0.00,0.11,0.66,0.00
2100,SSP2,IRL,0.00,0.00,0.94,0.00
2100,SSP2,IRN,0.00,0.51,0.03,0.00
2100,SSP2,IRQ,0.00,0.00,0.79,0.00
2100,SSP2,ISL,0.00,0.00,0.98,0.00
2100,SSP2,ISR,0.00,0.00,0.99,0.00
2100,SSP2,ITA,0.00,0.00,0.95,0.00
2100,SSP2,JAM,0.00,0.30,0.33,0.00
2100,SSP2,JOR,0.00,0.00,0.97,0.00
2100,SSP2,JPN,0.00,0.00,0.95,0.00
2100,SSP2,KAZ,0.00,0.00,0.72,0.00
2100,SSP2,KEN,0.00,0.17,0.65,0.00
2100,SSP2,KGZ,0.00,0.80,0.03,0.00
2100,SSP2,KHM,0.00,0.59,0.23,0.00
2100,SSP2,KNA,0.00,0.00,0.67,0.00
2100,SSP2,KOR,0.00,0.00,0.99,0.00
2100,SSP2,KWT,0.00,0.00,1.00,0.00
2100,SSP2,LAO,0.00,0.03,0.81,0.00
2100,SSP2,LBN,0.93,0.04,0.00,0.00
2100,SSP2,LBR,0.00,0.88,0.02,0.00
2100,SSP2,LBY,0.27,0.70,0.00,0.00
2100,SSP2,LCA,0.00,0.00,0.56,0.00
2100,SSP2,LIE,0.00,0.00,1.00,0.00
2100,SSP2,LKA,0.00,0.00,0.52,0.00
2100,SSP2,LSO,0.03,0.60,0.00,0.00
2100,SSP2,LTU,0.00,0.00,0.95,0.00
2100,SSP2,LUX,0.00,0.00,0.98,0.00
2100,SSP2,LVA,0.00,0.00,0.94,0.00
2100,SSP2,MAR,0.00,0.77,0.14,0.00
2100,SSP2,MDA,0.00,0.79,0.03,0.00
2100,SSP2,MDG,0.00,0.26,0.60,0.00
2100,SSP2,MEX,0.00,0.02,0.95,0.00
2100,SSP2,MKD,0.00,0.00,0.91,0.00
2100,SSP2,MLI,0.04,0.83,0.00,0.00
2100,SSP2,MLT,0.00,0.00,0.99,0.00
2100,SSP2,MMR,0.00,0.42,0.07,0.00
2100,SSP2,MNG,0.00,0.00,0.94,0.00
2100,SSP2,MOZ,0.32,0.53,0.00,0.00
2100,SSP2,MRT,0.15,0.45,0.00,0.00
2100,SSP2,MSR,0.00,0.00,0.84,0.00
2100,SSP2,MTQ,0.00,0.00,0.96,0.00
2100,SSP2,MUS,0.00,0.06,0.52,0.00
2100,SSP2,MWI,0.00,0.54,0.29,0.00
2100,SSP2,MYS,0.00,0.00,0.97,0.00
2100,SSP2,NAM,0.10,0.55,0.00,0.00
2100,SSP2,NCL,0.00,0.07,0.85,0.00
2100,SSP2,NER,0.00,0.72,0.08,0.00
2100,SSP2,NGA,0.00,0.16,0.69,0.00
2100,SSP2,NIC,0.00,0.00,0.89,0.00
2100,SSP2,NLD,0.00,0.00,0.99,0.00
2100,SSP2,NOR,0.00,0.00,0.97,0.00
2100,SSP2,NPL,0.00,0.55,0.27,0.00
2100,SSP2,NZL,0.00,0.00,0.97,0.00
2100,SSP2,OMN,0.00,0.00,0.40,0.00
2100,SSP2,PAK,0.00,0.43,0.44,0.00
2100,SSP2,PAN,0.00,0.00,0.85,0.00
2100,SSP2,PER,0.00,0.80,0.17,0.00
2100,SSP2,PHL,0.00,0.00,0.77,0.00
2100,SSP2,PNG,0.00,0.03,0.74,0.00
2100,SSP2,POL,0.00,0.00,0.93,0.00
2100,SSP2,PRI,0.00,0.97,0.02,0.00
2100,SSP2,PRK,0.02,0.10,0.41,0.00
2100,SSP2,PRT,0.00,0.00,0.93,0.00
2100,SSP2,PRY,0.00,0.00,0.75,0.00
2100,SSP2,QAT,0.00,0.00,0.94,0.00
2100,SSP2,REU,0.00,0.84,0.15,0.00
2100,SSP2,ROU,0.00,0.00,0.87,0.00
2100,SSP2,RUS,0.00,0.15,0.82,0.00
2100,SSP2,RWA,0.00,0.31,0.51,0.00
2100,SSP2,SAU,0.00,0.00,0.80,0.00
2100,SSP2,SEN,0.05,0.77,0.00,0.00
2100,SSP2,SGP,0.00,0.00,1.00,0.00
2100,SSP2,SLB,0.13,0.74,0.00,0.00
2100,SSP2,SLE,0.49,0.31,0.00,0.00
2100,SSP2,SLV,0.00,0.64,0.22,0.00
2100,SSP2,SOM,0.85,0.02,0.00,0.00
2100,SSP2,SPM,0.00,0.48,0.49,0.00
2100,SSP2,STP,0.49,0.13,0.00,0.00
2100,SSP2,SUR,0.00,0.00,0.47,0.00
2100,SSP2,SVK,0.00,0.00,0.89,0.00
2100,SSP2,SVN,0.00,0.00,0.89,0.00
2100,SSP2,SWE,0.00,0.00,0.98,0.00
2100,SSP2,SWZ,0.00,0.18,0.31,0.00
2100,SSP2,SYR,0.79,0.10,0.00,0.00
2100,SSP2,TCA,0.00,0.00,0.70,0.00
2100,SSP2,TCD,0.19,0.60,0.00,0.00
2100,SSP2,TGO,0.43,0.35,0.00,0.00
2100,SSP2,THA,0.00,0.00,0.56,0.00
2100,SSP2,TJK,0.00,0.77,0.07,0.00
2100,SSP2,TKM,0.00,0.00,0.69,0.00
2100,SSP2,TLS,0.00,0.00,0.86,0.00
2100,SSP2,TON,0.00,0.29,0.13,0.00
2100,SSP2,TTO,0.00,0.05,0.28,0.00
2100,SSP2,TUN,0.00,0.64,0.30,0.00
2100,SSP2,TUR,0.00,0.00,0.95,0.00
2100,SSP2,TZA,0.00,0.46,0.39,0.00
2100,SSP2,UGA,0.00,0.00,0.77,0.00
2100,SSP2,UKR,0.00,0.41,0.54,0.00
2100,SSP2,URY,0.00,0.62,0.24,0.00
2100,SSP2,USA,0.00,0.00,0.98,0.00
2100,SSP2,UZB,0.00,0.47,0.37,0.00
2100,SSP2,VCT,0.00,0.00,0.45,0.00
2100,SSP2,VEN,0.00,0.15,0.84,0.00
2100,SSP2,VIR,0.00,0.03,0.96,0.00
2100,SSP2,VNM,0.00,0.26,0.35,0.00
2100,SSP2,VUT,0.00,0.68,0.15,0.00
2100,SSP2,WSM,0.00,0.31,0.08,0.00
2100,SSP2,YEM,0.29,0.57,0.00,0.00
2100,SSP2,ZAF,0.00,0.47,0.46,0.00
2100,SSP2,ZMB,0.00,0.00,0.87,0.00
2100,SSP2,ZWE,0.00,0.68,0.20,0.00
2025,SSP3,ABW,0.08,0.02,0.14,0.00
2025,SSP3,AFG,0.02,0.00,0.00,0.00
2025,SSP3,AGO,0.12,0.00,0.00,0.00
2025,SSP3,AIA,0.04,0.12,0.02,0.00
2025,SSP3,ALB,0.19,0.07,0.00,0.00
2025,SSP3,AND,0.02,0.71,0.20,0.00
2025,SSP3,ARE,0.12,0.67,0.05,0.00
2025,SSP3,ARG,0.25,0.07,0.00,0.00
2025,SSP3,ARM,0.26,0.07,0.00,0.00
2025,SSP3,ASM,0.05,0.48,0.02,0.00
2025,SSP3,AUS,0.20,0.24,0.32,0.00
2025,SSP3,AUT,0.00,0.01,0.92,0.00
2025,SSP3,AZE,0.26,0.02,0.00,0.00
2025,SSP3,BDI,0.01,0.00,0.00,0.00
2025,SSP3,BEL,0.00,0.08,0.72,0.00
2025,SSP3,BEN,0.01,0.00,0.00,0.00
2025,SSP3,BFA,0.01,0.00,0.00,0.00
2025,SSP3,BGD,0.03,0.00,0.00,0.00
2025,SSP3,BGR,0.01,0.27,0.27,0.00
2025,SSP3,BHR,0.12,0.16,0.59,0.00
2025,SSP3,BHS,0.08,0.00,0.00,0.00
2025,SSP3,BIH,0.22,0.06,0.01,0.00
2025,SSP3,BLR,0.06,0.57,0.16,0.00
2025,SSP3,BLZ,0.07,0.01,0.00,0.00
2025,SSP3,BOL,0.17,0.03,0.00,0.00
2025,SSP3,BRA,0.18,0.13,0.02,0.00
2025,SSP3,BRB,0.02,0.01,0.00,0.00
2025,SSP3,BRN,0.00,0.27,0.00,0.00
2025,SSP3,BTN,0.09,0.02,0.00,0.00
2025,SSP3,BWA,0.05,0.00,0.00,0.00
2025,SSP3,CAF,0.01,0.00,0.00,0.00
2025,SSP3,CAN,0.11,0.52,0.18,0.00
2025,SSP3,CHE,0.00,0.18,0.80,0.00
2025,SSP3,CHL,0.22,0.15,0.35,0.00
2025,SSP3,CHN,0.11,0.27,0.03,0.00
2025,SSP3,CIV,0.03,0.00,0.00,0.00
2025,SSP3,CMR,0.01,0.00,0.00,0.00
2025,SSP3,COD,0.01,0.00,0.00,0.00
2025,SSP3,COG,0.02,0.01,0.00,0.00
2025,SSP3,COL,0.29,0.04,0.00,0.00
2025,SSP3,COM,0.00,0.00,0.00,0.00
2025,SSP3,CPV,0.13,0.05,0.00,0.00
2025,SSP3,CRI,0.11,0.02,0.00,0.00
2025,SSP3,CUB,0.15,0.04,0.00,0.00
2025,SSP3,CYP,0.00,0.42,0.05,0.00
2025,SSP3,CZE,0.00,0.09,0.71,0.00
2025,SSP3,DEU,0.01,0.03,0.93,0.00
2025,SSP3,DJI,0.04,0.00,0.00,0.00
2025,SSP3,DMA,0.11,0.03,0.00,0.00
2025,SSP3,DNK,0.02,0.02,0.87,0.00
2025,SSP3,DOM,0.21,0.07,0.00,0.00
2025,SSP3,DZA,0.25,0.03,0.00,0.00
2025,SSP3,ECU,0.14,0.00,0.00,0.00
2025,SSP3,EGY,0.20,0.18,0.00,0.00
2025,SSP3,ERI,0.00,0.00,0.00,0.00
2025,SSP3,ESH,0.05,0.23,0.00,0.00
2025,SSP3,ESP,0.02,0.30,0.63,0.00
2025,SSP3,EST,0.01,0.11,0.69,0.00
2025,SSP3,ETH,0.01,0.00,0.00,0.00
2025,SSP3,FIN,0.00,0.00,0.85,0.00
2025,SSP3,FJI,0.06,0.01,0.00,0.00
2025,SSP3,FLK,0.07,0.17,0.00,0.00
2025,SSP3,FRA,0.00,0.25,0.58,0.00
2025,SSP3,FRO,0.03,0.70,0.16,0.00
2025,SSP3,GAB,0.01,0.00,0.00,0.00
2025,SSP3,GBR,0.00,0.38,0.58,0.00
2025,SSP3,GEO,0.17,0.02,0.00,0.00
2025,SSP3,GHA,0.02,0.00,0.00,0.00
2025,SSP3,GIN,0.01,0.00,0.00,0.00
2025,SSP3,GLP,0.12,0.26,0.00,0.00
2025,SSP3,GMB,0.02,0.00,0.00,0.00
2025,SSP3,GNB,0.01,0.00,0.00,0.00
2025,SSP3,GNQ,0.03,0.00,0.00,0.00
2025,SSP3,GRC,0.09,0.13,0.56,0.00
2025,SSP3,GRD,0.04,0.04,0.00,0.00
2025,SSP3,GRL,0.01,0.55,0.35,0.00
2025,SSP3,GTM,0.25,0.05,0.00,0.00
2025,SSP3,GUF,0.08,0.15,0.00,0.00
2025,SSP3,GUY,0.03,0.00,0.00,0.00
2025,SSP3,HKG,0.29,0.31,0.11,0.00
2025,SSP3,HND,0.19,0.03,0.00,0.00
2025,SSP3,HRV,0.19,0.25,0.00,0.00
2025,SSP3,HTI,0.00,0.00,0.00,0.00
2025,SSP3,HUN,0.04,0.26,0.45,0.00
2025,SSP3,IDN,0.09,0.00,0.00,0.00
2025,SSP3,IND,0.09,0.00,0.00,0.00
2025,SSP3,IRL,0.09,0.33,0.27,0.00
2025,SSP3,IRN,0.14,0.05,0.00,0.00
2025,SSP3,IRQ,0.17,0.02,0.00,0.00
2025,SSP3,ISL,0.56,0.17,0.09,0.00
2025,SSP3,ISR,0.05,0.37,0.49,0.00
2025,SSP3,ITA,0.03,0.21,0.40,0.00
2025,SSP3,JAM,0.10,0.02,0.00,0.00
2025,SSP3,JOR,0.10,0.49,0.01,0.00
2025,SSP3,JPN,0.00,0.51,0.23,0.00
2025,SSP3,KAZ,0.13,0.27,0.02,0.00
2025,SSP3,KEN,0.04,0.01,0.00,0.00
2025,SSP3,KGZ,0.12,0.00,0.00,0.00
2025,SSP3,KHM,0.04,0.00,0.00,0.00
2025,SSP3,KNA,0.00,0.01,0.06,0.00
2025,SSP3,KOR,0.23,0.40,0.28,0.00
2025,SSP3,KWT,0.16,0.23,0.61,0.00
2025,SSP3,LAO,0.10,0.01,0.00,0.00
2025,SSP3,LBN,0.18,0.12,0.02,0.00
2025,SSP3,LBR,0.01,0.00,0.00,0.00
2025,SSP3,LBY,0.19,0.02,0.00,0.00
2025,SSP3,LCA,0.03,0.00,0.00,0.00
2025,SSP3,LIE,0.00,0.43,0.51,0.00
2025,SSP3,LKA,0.04,0.01,0.00,0.00
2025,SSP3,LSO,0.02,0.00,0.00,0.00
2025,SSP3,LTU,0.08,0.10,0.58,0.00
2025,SSP3,LUX,0.03,0.45,0.47,0.00
2025,SSP3,LVA,0.02,0.28,0.40,0.00
2025,SSP3,MAR,0.25,0.03,0.00,0.00
2025,SSP3,MDA,0.04,0.22,0.00,0.00
2025,SSP3,MDG,0.00,0.00,0.00,0.00
2025,SSP3,MEX,0.17,0.18,0.00,0.00
2025,SSP3,MKD,0.19,0.07,0.01,0.00
2025,SSP3,MLI,0.01,0.00,0.00,0.00
2025,SSP3,MLT,0.05,0.41,0.03,0.00
2025,SSP3,MMR,0.02,0.00,0.00,0.00
2025,SSP3,MNG,0.08,0.06,0.10,0.00
2025,SSP3,MOZ,0.01,0.00,0.00,0.00
2025,SSP3,MRT,0.01,0.00,0.00,0.00
2025,SSP3,MSR,0.18,0.05,0.00,0.00
2025,SSP3,MTQ,0.26,0.00,0.00,0.00
2025,SSP3,MUS,0.18,0.02,0.00,0.00
2025,SSP3,MWI,0.02,0.00,0.00,0.00
2025,SSP3,MYS,0.44,0.14,0.01,0.00
2025,SSP3,NAM,0.19,0.02,0.00,0.00
2025,SSP3,NCL,0.14,0.10,0.02,0.00
2025,SSP3,NER,0.00,0.00,0.00,0.00
2025,SSP3,NGA,0.02,0.00,0.00,0.00
2025,SSP3,NIC,0.17,0.01,0.00,0.00
2025,SSP3,NLD,0.00,0.01,0.98,0.00
2025,SSP3,NOR,0.16,0.05,0.63,0.00
2025,SSP3,NPL,0.03,0.00,0.00,0.00
2025,SSP3,NZL,0.07,0.22,0.49,0.00
2025,SSP3,OMN,0.07,0.16,0.00,0.00
2025,SSP3,PAK,0.16,0.02,0.00,0.00
2025,SSP3,PAN,0.16,0.13,0.03,0.00
2025,SSP3,PER,0.33,0.03,0.00,0.00
2025,SSP3,PHL,0.04,0.01,0.00,0.00
2025,SSP3,PNG,0.03,0.00,0.00,0.00
2025,SSP3,POL,0.00,0.13,0.56,0.00
2025,SSP3,PRI,0.54,0.02,0.00,0.00
2025,SSP3,PRK,0.19,0.12,0.10,0.00
2025,SSP3,PRT,0.05,0.45,0.15,0.00
2025,SSP3,PRY,0.08,0.05,0.00,0.00
2025,SSP3,QAT,0.11,0.12,0.55,0.00
2025,SSP3,REU,0.04,0.00,0.00,0.00
2025,SSP3,ROU,0.07,0.23,0.11,0.00
2025,SSP3,RUS,0.07,0.42,0.01,0.00
2025,SSP3,RWA,0.01,0.00,0.00,0.00
2025,SSP3,SAU,0.08,0.19,0.20,0.00
2025,SSP3,SEN,0.04,0.00,0.00,0.00
2025,SSP3,SGP,0.01,0.17,0.82,0.00
2025,SSP3,SLB,0.02,0.00,0.00,0.00
2025,SSP3,SLE,0.00,0.00,0.00,0.00
2025,SSP3,SLV,0.03,0.00,0.00,0.00
2025,SSP3,SOM,0.00,0.00,0.00,0.00
2025,SSP3,SPM,0.24,0.13,0.00,0.00
2025,SSP3,STP,0.00,0.00,0.00,0.00
2025,SSP3,SUR,0.04,0.01,0.00,0.00
2025,SSP3,SVK,0.12,0.44,0.11,0.00
2025,SSP3,SVN,0.01,0.33,0.23,0.00
2025,SSP3,SWE,0.00,0.06,0.83,0.00
2025,SSP3,SWZ,0.03,0.00,0.00,0.00
2025,SSP3,SYR,0.32,0.13,0.02,0.00
2025,SSP3,TCA,0.04,0.01,0.06,0.00
2025,SSP3,TCD,0.01,0.00,0.00,0.00
2025,SSP3,TGO,0.01,0.00,0.00,0.00
2025,SSP3,THA,0.05,0.02,0.00,0.00
2025,SSP3,TJK,0.09,0.04,0.00,0.00
2025,SSP3,TKM,0.02,0.21,0.05,0.00
2025,SSP3,TLS,0.09,0.03,0.01,0.00
2025,SSP3,TON,0.00,0.01,0.00,0.00
2025,SSP3,TTO,0.11,0.00,0.00,0.00
2025,SSP3,TUN,0.15,0.35,0.01,0.00
2025,SSP3,TUR,0.14,0.21,0.23,0.00
2025,SSP3,TZA,0.01,0.00,0.00,0.00
2025,SSP3,UGA,0.01,0.00,0.00,0.00
2025,SSP3,UKR,0.10,0.23,0.00,0.00
2025,SSP3,URY,0.15,0.14,0.00,0.00
2025,SSP3,USA,0.01,0.31,0.49,0.00
2025,SSP3,UZB,0.15,0.05,0.00,0.00
2025,SSP3,VCT,0.00,0.00,0.00,0.00
2025,SSP3,VEN,0.25,0.04,0.00,0.00
2025,SSP3,VIR,0.25,0.02,0.00,0.00
2025,SSP3,VNM,0.02,0.00,0.00,0.00
2025,SSP3,VUT,0.02,0.00,0.00,0.00
2025,SSP3,WSM,0.01,0.01,0.00,0.00
2025,SSP3,YEM,0.11,0.01,0.00,0.00
2025,SSP3,ZAF,0.36,0.18,0.00,0.00
2025,SSP3,ZMB,0.04,0.01,0.00,0.00
2025,SSP3,ZWE,0.11,0.00,0.00,0.00
2030,SSP3,ABW,0.07,0.02,0.18,0.00
2030,SSP3,AFG,0.02,0.00,0.00,0.00
2030,SSP3,AGO,0.12,0.00,0.00,0.00
2030,SSP3,AIA,0.04,0.12,0.05,0.00
2030,SSP3,ALB,0.22,0.09,0.00,0.00
2030,SSP3,AND,0.02,0.69,0.23,0.00
2030,SSP3,ARE,0.11,0.69,0.06,0.00
2030,SSP3,ARG,0.24,0.08,0.00,0.00
2030,SSP3,ARM,0.27,0.06,0.00,0.00
2030,SSP3,ASM,0.04,0.50,0.03,0.00
2030,SSP3,AUS,0.20,0.23,0.34,0.00
2030,SSP3,AUT,0.00,0.01,0.92,0.00
2030,SSP3,AZE,0.27,0.02,0.00,0.00
2030,SSP3,BDI,0.01,0.00,0.00,0.00
2030,SSP3,BEL,0.00,0.08,0.73,0.00
2030,SSP3,BEN,0.01,0.00,0.00,0.00
2030,SSP3,BFA,0.01,0.00,0.00,0.00
2030,SSP3,BGD,0.03,0.00,0.00,0.00
2030,SSP3,BGR,0.01,0.26,0.30,0.00
2030,SSP3,BHR,0.11,0.14,0.61,0.00
2030,SSP3,BHS,0.08,0.00,0.00,0.00
2030,SSP3,BIH,0.25,0.07,0.01,0.00
2030,SSP3,BLR,0.06,0.57,0.17,0.00
2030,SSP3,BLZ,0.09,0.02,0.00,0.00
2030,SSP3,BOL,0.20,0.03,0.00,0.00
2030,SSP3,BRA,0.17,0.13,0.02,0.00
2030,SSP3,BRB,0.02,0.01,0.00,0.00
2030,SSP3,BRN,0.00,0.30,0.00,0.00
2030,SSP3,BTN,0.10,0.02,0.00,0.00
2030,SSP3,BWA,0.05,0.00,0.00,0.00
2030,SSP3,CAF,0.01,0.00,0.00,0.00
2030,SSP3,CAN,0.10,0.50,0.22,0.00
2030,SSP3,CHE,0.00,0.17,0.81,0.00
2030,SSP3,CHL,0.22,0.16,0.34,0.00
2030,SSP3,CHN,0.10,0.30,0.04,0.00
2030,SSP3,CIV,0.03,0.00,0.00,0.00
2030,SSP3,CMR,0.01,0.00,0.00,0.00
2030,SSP3,COD,0.01,0.00,0.00,0.00
2030,SSP3,COG,0.03,0.03,0.00,0.00
2030,SSP3,COL,0.28,0.04,0.00,0.00
2030,SSP3,COM,0.00,0.00,0.00,0.00
2030,SSP3,CPV,0.12,0.07,0.00,0.00
2030,SSP3,CRI,0.12,0.02,0.00,0.00
2030,SSP3,CUB,0.15,0.05,0.00,0.00
2030,SSP3,CYP,0.00,0.41,0.09,0.00
2030,SSP3,CZE,0.00,0.09,0.72,0.00
2030,SSP3,DEU,0.01,0.03,0.93,0.00
2030,SSP3,DJI,0.04,0.00,0.00,0.00
2030,SSP3,DMA,0.11,0.05,0.00,0.00
2030,SSP3,DNK,0.02,0.02,0.87,0.00
2030,SSP3,DOM,0.21,0.09,0.00,0.00
2030,SSP3,DZA,0.24,0.03,0.00,0.00
2030,SSP3,ECU,0.15,0.00,0.00,0.00
2030,SSP3,EGY,0.19,0.21,0.00,0.00
2030,SSP3,ERI,0.00,0.00,0.00,0.00
2030,SSP3,ESH,0.04,0.25,0.00,0.00
2030,SSP3,ESP,0.02,0.30,0.64,0.00
2030,SSP3,EST,0.01,0.11,0.70,0.00
2030,SSP3,ETH,0.01,0.00,0.00,0.00
2030,SSP3,FIN,0.00,0.00,0.85,0.00
2030,SSP3,FJI,0.08,0.04,0.00,0.00
2030,SSP3,FLK,0.07,0.17,0.00,0.00
2030,SSP3,FRA,0.00,0.24,0.60,0.00
2030,SSP3,FRO,0.03,0.68,0.18,0.00
2030,SSP3,GAB,0.01,0.00,0.00,0.00
2030,SSP3,GBR,0.00,0.36,0.61,0.00
2030,SSP3,GEO,0.17,0.02,0.00,0.00
2030,SSP3,GHA,0.02,0.00,0.00,0.00
2030,SSP3,GIN,0.01,0.00,0.00,0.00
2030,SSP3,GLP,0.11,0.28,0.00,0.00
2030,SSP3,GMB,0.02,0.00,0.00,0.00
2030,SSP3,GNB,0.01,0.00,0.00,0.00
2030,SSP3,GNQ,0.03,0.00,0.00,0.00
2030,SSP3,GRC,0.08,0.13,0.57,0.00
2030,SSP3,GRD,0.03,0.06,0.01,0.00
2030,SSP3,GRL,0.01,0.54,0.36,0.00
2030,SSP3,GTM,0.25,0.09,0.00,0.00
2030,SSP3,GUF,0.08,0.16,0.00,0.00
2030,SSP3,GUY,0.03,0.00,0.00,0.00
2030,SSP3,HKG,0.27,0.30,0.17,0.00
2030,SSP3,HND,0.23,0.03,0.00,0.00
2030,SSP3,HRV,0.18,0.29,0.00,0.00
2030,SSP3,HTI,0.00,0.00,0.00,0.00
2030,SSP3,HUN,0.03,0.25,0.47,0.00
2030,SSP3,IDN,0.11,0.00,0.00,0.00
2030,SSP3,IND,0.10,0.00,0.00,0.00
2030,SSP3,IRL,0.08,0.31,0.31,0.00
2030,SSP3,IRN,0.15,0.04,0.00,0.00
2030,SSP3,IRQ,0.19,0.02,0.00,0.00
2030,SSP3,ISL,0.52,0.18,0.14,0.00
2030,SSP3,ISR,0.05,0.37,0.49,0.00
2030,SSP3,ITA,0.03,0.21,0.41,0.00
2030,SSP3,JAM,0.10,0.02,0.00,0.00
2030,SSP3,JOR,0.09,0.51,0.01,0.00
2030,SSP3,JPN,0.00,0.49,0.25,0.00
2030,SSP3,KAZ,0.12,0.29,0.03,0.00
2030,SSP3,KEN,0.04,0.01,0.00,0.00
2030,SSP3,KGZ,0.12,0.00,0.00,0.00
2030,SSP3,KHM,0.04,0.00,0.00,0.00
2030,SSP3,KNA,0.00,0.01,0.08,0.00
2030,SSP3,KOR,0.21,0.39,0.31,0.00
2030,SSP3,KWT,0.15,0.22,0.63,0.00
2030,SSP3,LAO,0.12,0.01,0.00,0.00
2030,SSP3,LBN,0.18,0.11,0.02,0.00
2030,SSP3,LBR,0.01,0.00,0.00,0.00
2030,SSP3,LBY,0.18,0.02,0.00,0.00
2030,SSP3,LCA,0.05,0.00,0.00,0.00
2030,SSP3,LIE,0.00,0.41,0.54,0.00
2030,SSP3,LKA,0.04,0.02,0.00,0.00
2030,SSP3,LSO,0.02,0.00,0.00,0.00
2030,SSP3,LTU,0.07,0.10,0.60,0.00
2030,SSP3,LUX,0.03,0.42,0.51,0.00
2030,SSP3,LVA,0.02,0.27,0.43,0.00
2030,SSP3,MAR,0.24,0.03,0.00,0.00
2030,SSP3,MDA,0.04,0.22,0.00,0.00
2030,SSP3,MDG,0.00,0.00,0.00,0.00
2030,SSP3,MEX,0.16,0.20,0.00,0.00
2030,SSP3,MKD,0.19,0.11,0.02,0.00
2030,SSP3,MLI,0.01,0.00,0.00,0.00
2030,SSP3,MLT,0.05,0.41,0.08,0.00
2030,SSP3,MMR,0.02,0.00,0.00,0.00
2030,SSP3,MNG,0.08,0.06,0.15,0.00
2030,SSP3,MOZ,0.01,0.00,0.00,0.00
2030,SSP3,MRT,0.01,0.00,0.00,0.00
2030,SSP3,MSR,0.18,0.08,0.00,0.00
2030,SSP3,MTQ,0.27,0.00,0.00,0.00
2030,SSP3,MUS,0.18,0.03,0.00,0.00
2030,SSP3,MWI,0.02,0.00,0.00,0.00
2030,SSP3,MYS,0.41,0.18,0.02,0.00
2030,SSP3,NAM,0.19,0.02,0.00,0.00
2030,SSP3,NCL,0.14,0.11,0.07,0.00
2030,SSP3,NER,0.00,0.00,0.00,0.00
2030,SSP3,NGA,0.02,0.00,0.00,0.00
2030,SSP3,NIC,0.19,0.03,0.00,0.00
2030,SSP3,NLD,0.00,0.01,0.98,0.00
2030,SSP3,NOR,0.14,0.05,0.65,0.00
2030,SSP3,NPL,0.03,0.00,0.00,0.00
2030,SSP3,NZL,0.07,0.22,0.52,0.00
2030,SSP3,OMN,0.07,0.14,0.00,0.00
2030,SSP3,PAK,0.16,0.02,0.00,0.00
2030,SSP3,PAN,0.14,0.15,0.05,0.00
2030,SSP3,PER,0.35,0.03,0.00,0.00
2030,SSP3,PHL,0.06,0.02,0.00,0.00
2030,SSP3,PNG,0.05,0.00,0.00,0.00
2030,SSP3,POL,0.00,0.13,0.58,0.00
2030,SSP3,PRI,0.55,0.02,0.00,0.00
2030,SSP3,PRK,0.18,0.12,0.12,0.00
2030,SSP3,PRT,0.05,0.46,0.15,0.00
2030,SSP3,PRY,0.08,0.08,0.01,0.00
2030,SSP3,QAT,0.10,0.11,0.57,0.00
2030,SSP3,REU,0.04,0.00,0.00,0.00
2030,SSP3,ROU,0.06,0.23,0.14,0.00
2030,SSP3,RUS,0.06,0.44,0.01,0.00
2030,SSP3,RWA,0.01,0.00,0.00,0.00
2030,SSP3,SAU,0.07,0.19,0.21,0.00
2030,SSP3,SEN,0.03,0.00,0.00,0.00
2030,SSP3,SGP,0.01,0.15,0.84,0.00
2030,SSP3,SLB,0.04,0.00,0.00,0.00
2030,SSP3,SLE,0.00,0.00,0.00,0.00
2030,SSP3,SLV,0.03,0.00,0.00,0.00
2030,SSP3,SOM,0.00,0.00,0.00,0.00
2030,SSP3,SPM,0.25,0.16,0.00,0.00
2030,SSP3,STP,0.00,0.00,0.00,0.00
2030,SSP3,SUR,0.04,0.02,0.00,0.00
2030,SSP3,SVK,0.11,0.45,0.12,0.00
2030,SSP3,SVN,0.01,0.33,0.25,0.00
2030,SSP3,SWE,0.00,0.06,0.83,0.00
2030,SSP3,SWZ,0.03,0.00,0.00,0.00
2030,SSP3,SYR,0.32,0.12,0.02,0.00
2030,SSP3,TCA,0.03,0.01,0.09,0.00
2030,SSP3,TCD,0.01,0.00,0.00,0.00
2030,SSP3,TGO,0.01,0.00,0.00,0.00
2030,SSP3,THA,0.05,0.03,0.00,0.00
2030,SSP3,TJK,0.08,0.04,0.00,0.00
2030,SSP3,TKM,0.02,0.22,0.06,0.00
2030,SSP3,TLS,0.09,0.05,0.04,0.00
2030,SSP3,TON,0.01,0.03,0.00,0.00
2030,SSP3,TTO,0.11,0.00,0.00,0.00
2030,SSP3,TUN,0.14,0.37,0.01,0.00
2030,SSP3,TUR,0.14,0.21,0.24,0.00
2030,SSP3,TZA,0.01,0.00,0.00,0.00
2030,SSP3,UGA,0.02,0.00,0.00,0.00
2030,SSP3,UKR,0.10,0.24,0.00,0.00
2030,SSP3,URY,0.14,0.15,0.00,0.00
2030,SSP3,USA,0.01,0.30,0.51,0.00
2030,SSP3,UZB,0.14,0.06,0.00,0.00
2030,SSP3,VCT,0.00,0.00,0.00,0.00
2030,SSP3,VEN,0.29,0.04,0.00,0.00
2030,SSP3,VIR,0.26,0.02,0.00,0.00
2030,SSP3,VNM,0.03,0.00,0.00,0.00
2030,SSP3,VUT,0.06,0.01,0.00,0.00
2030,SSP3,WSM,0.02,0.02,0.00,0.00
2030,SSP3,YEM,0.12,0.01,0.00,0.00
2030,SSP3,ZAF,0.35,0.18,0.00,0.00
2030,SSP3,ZMB,0.05,0.01,0.00,0.00
2030,SSP3,ZWE,0.10,0.00,0.00,0.00
2050,SSP3,ABW,0.00,0.06,0.49,0.00
2050,SSP3,AFG,0.03,0.00,0.00,0.00
2050,SSP3,AGO,0.13,0.00,0.00,0.00
2050,SSP3,AIA,0.04,0.48,0.00,0.00
2050,SSP3,ALB,0.58,0.07,0.01,0.00
2050,SSP3,AND,0.00,0.74,0.26,0.00
2050,SSP3,ARE,0.00,0.82,0.10,0.00
2050,SSP3,ARG,0.12,0.12,0.00,0.00
2050,SSP3,ARM,0.36,0.00,0.00,0.00
2050,SSP3,ASM,0.00,0.88,0.06,0.00
2050,SSP3,AUS,0.15,0.11,0.49,0.00
2050,SSP3,AUT,0.00,0.01,0.91,0.00
2050,SSP3,AZE,0.36,0.00,0.00,0.00
2050,SSP3,BDI,0.01,0.00,0.00,0.00
2050,SSP3,BEL,0.00,0.06,0.88,0.00
2050,SSP3,BEN,0.01,0.00,0.00,0.00
2050,SSP3,BFA,0.01,0.00,0.00,0.00
2050,SSP3,BGD,0.03,0.00,0.00,0.00
2050,SSP3,BGR,0.02,0.17,0.59,0.00
2050,SSP3,BHR,0.00,0.00,0.89,0.00
2050,SSP3,BHS,0.07,0.00,0.00,0.00
2050,SSP3,BIH,0.62,0.15,0.01,0.00
2050,SSP3,BLR,0.09,0.60,0.18,0.00
2050,SSP3,BLZ,0.05,0.00,0.00,0.00
2050,SSP3,BOL,0.11,0.00,0.00,0.00
2050,SSP3,BRA,0.10,0.19,0.03,0.00
2050,SSP3,BRB,0.03,0.00,0.00,0.00
2050,SSP3,BRN,0.00,0.44,0.00,0.00
2050,SSP3,BTN,0.26,0.07,0.00,0.00
2050,SSP3,BWA,0.00,0.01,0.00,0.00
2050,SSP3,CAF,0.00,0.00,0.00,0.00
2050,SSP3,CAN,0.00,0.70,0.22,0.00
2050,SSP3,CHE,0.00,0.11,0.87,0.00
2050,SSP3,CHL,0.25,0.24,0.24,0.00
2050,SSP3,CHN,0.00,0.67,0.12,0.00
2050,SSP3,CIV,0.02,0.00,0.00,0.00
2050,SSP3,CMR,0.00,0.00,0.00,0.00
2050,SSP3,COD,0.00,0.00,0.00,0.00
2050,SSP3,COG,0.03,0.02,0.00,0.00
2050,SSP3,COL,0.12,0.00,0.00,0.00
2050,SSP3,COM,0.01,0.00,0.00,0.00
2050,SSP3,CPV,0.00,0.21,0.00,0.00
2050,SSP3,CRI,0.25,0.07,0.00,0.00
2050,SSP3,CUB,0.10,0.10,0.00,0.00
2050,SSP3,CYP,0.00,0.80,0.00,0.00
2050,SSP3,CZE,0.00,0.09,0.80,0.00
2050,SSP3,DEU,0.02,0.02,0.93,0.00
2050,SSP3,DJI,0.04,0.00,0.00,0.00
2050,SSP3,DMA,0.26,0.07,0.00,0.00
2050,SSP3,DNK,0.00,0.02,0.89,0.00
2050,SSP3,DOM,0.22,0.15,0.00,0.00
2050,SSP3,DZA,0.13,0.00,0.00,0.00
2050,SSP3,ECU,0.16,0.00,0.00,0.00
2050,SSP3,EGY,0.11,0.37,0.00,0.00
2050,SSP3,ERI,0.01,0.00,0.00,0.00
2050,SSP3,ESH,0.00,0.38,0.00,0.00
2050,SSP3,ESP,0.02,0.24,0.69,0.00
2050,SSP3,EST,0.00,0.04,0.81,0.00
2050,SSP3,ETH,0.01,0.00,0.00,0.00
2050,SSP3,FIN,0.00,0.00,0.89,0.00
2050,SSP3,FJI,0.04,0.00,0.00,0.00
2050,SSP3,FLK,0.00,0.26,0.00,0.00
2050,SSP3,FRA,0.00,0.10,0.82,0.00
2050,SSP3,FRO,0.00,0.69,0.22,0.00
2050,SSP3,GAB,0.02,0.00,0.00,0.00
2050,SSP3,GBR,0.00,0.12,0.85,0.00
2050,SSP3,GEO,0.19,0.00,0.00,0.00
2050,SSP3,GHA,0.02,0.00,0.00,0.00
2050,SSP3,GIN,0.01,0.00,0.00,0.00
2050,SSP3,GLP,0.00,0.42,0.00,0.00
2050,SSP3,GMB,0.02,0.00,0.00,0.00
2050,SSP3,GNB,0.02,0.00,0.00,0.00
2050,SSP3,GNQ,0.02,0.00,0.00,0.00
2050,SSP3,GRC,0.00,0.06,0.70,0.00
2050,SSP3,GRD,0.08,0.14,0.00,0.00
2050,SSP3,GRL,0.00,0.78,0.17,0.00
2050,SSP3,GTM,0.54,0.00,0.00,0.00
2050,SSP3,GUF,0.00,0.26,0.00,0.00
2050,SSP3,GUY,0.02,0.00,0.00,0.00
2050,SSP3,HKG,0.00,0.62,0.38,0.00
2050,SSP3,HND,0.10,0.00,0.00,0.00
2050,SSP3,HRV,0.20,0.45,0.01,0.00
2050,SSP3,HTI,0.00,0.00,0.00,0.00
2050,SSP3,HUN,0.00,0.09,0.76,0.00
2050,SSP3,IDN,0.32,0.01,0.00,0.00
2050,SSP3,IND,0.19,0.00,0.00,0.00
2050,SSP3,IRL,0.00,0.09,0.70,0.00
2050,SSP3,IRN,0.22,0.00,0.00,0.00
2050,SSP3,IRQ,0.35,0.07,0.00,0.00
2050,SSP3,ISL,0.00,0.72,0.26,0.00
2050,SSP3,ISR,0.05,0.35,0.52,0.00
2050,SSP3,ITA,0.03,0.19,0.41,0.00
2050,SSP3,JAM,0.08,0.00,0.00,0.00
2050,SSP3,JOR,0.00,0.63,0.00,0.00
2050,SSP3,JPN,0.00,0.47,0.34,0.00
2050,SSP3,KAZ,0.00,0.47,0.09,0.00
2050,SSP3,KEN,0.05,0.00,0.00,0.00
2050,SSP3,KGZ,0.12,0.00,0.00,0.00
2050,SSP3,KHM,0.05,0.00,0.00,0.00
2050,SSP3,KNA,0.00,0.03,0.21,0.00
2050,SSP3,KOR,0.00,0.68,0.29,0.00
2050,SSP3,KWT,0.00,0.10,0.90,0.00
2050,SSP3,LAO,0.21,0.02,0.00,0.00
2050,SSP3,LBN,0.11,0.00,0.00,0.00
2050,SSP3,LBR,0.01,0.00,0.00,0.00
2050,SSP3,LBY,0.11,0.00,0.00,0.00
2050,SSP3,LCA,0.01,0.00,0.00,0.00
2050,SSP3,LIE,0.00,0.11,0.89,0.00
2050,SSP3,LKA,0.05,0.06,0.00,0.00
2050,SSP3,LSO,0.01,0.00,0.00,0.00
2050,SSP3,LTU,0.00,0.07,0.84,0.00
2050,SSP3,LUX,0.00,0.11,0.87,0.00
2050,SSP3,LVA,0.00,0.12,0.77,0.00
2050,SSP3,MAR,0.21,0.00,0.00,0.00
2050,SSP3,MDA,0.00,0.28,0.00,0.00
2050,SSP3,MDG,0.01,0.00,0.00,0.00
2050,SSP3,MEX,0.03,0.35,0.00,0.00
2050,SSP3,MKD,0.61,0.18,0.00,0.00
2050,SSP3,MLI,0.01,0.00,0.00,0.00
2050,SSP3,MLT,0.00,0.95,0.03,0.00
2050,SSP3,MMR,0.03,0.01,0.00,0.00
2050,SSP3,MNG,0.00,0.24,0.36,0.00
2050,SSP3,MOZ,0.01,0.00,0.00,0.00
2050,SSP3,MRT,0.02,0.00,0.00,0.00
2050,SSP3,MSR,0.35,0.13,0.00,0.00
2050,SSP3,MTQ,0.25,0.00,0.00,0.00
2050,SSP3,MUS,0.19,0.06,0.00,0.00
2050,SSP3,MWI,0.01,0.00,0.00,0.00
2050,SSP3,MYS,0.35,0.54,0.00,0.00
2050,SSP3,NAM,0.19,0.00,0.00,0.00
2050,SSP3,NCL,0.44,0.42,0.00,0.00
2050,SSP3,NER,0.00,0.00,0.00,0.00
2050,SSP3,NGA,0.03,0.00,0.00,0.00
2050,SSP3,NIC,0.38,0.00,0.00,0.00
2050,SSP3,NLD,0.00,0.01,0.99,0.00
2050,SSP3,NOR,0.00,0.13,0.78,0.00
2050,SSP3,NPL,0.03,0.00,0.00,0.00
2050,SSP3,NZL,0.05,0.12,0.66,0.00
2050,SSP3,OMN,0.10,0.00,0.00,0.00
2050,SSP3,PAK,0.15,0.00,0.00,0.00
2050,SSP3,PAN,0.00,0.43,0.10,0.00
2050,SSP3,PER,0.47,0.00,0.00,0.00
2050,SSP3,PHL,0.07,0.01,0.00,0.00
2050,SSP3,PNG,0.02,0.00,0.00,0.00
2050,SSP3,POL,0.00,0.09,0.74,0.00
2050,SSP3,PRI,0.64,0.00,0.00,0.00
2050,SSP3,PRK,0.00,0.10,0.39,0.00
2050,SSP3,PRT,0.06,0.49,0.10,0.00
2050,SSP3,PRY,0.18,0.13,0.00,0.00
2050,SSP3,QAT,0.00,0.00,0.88,0.00
2050,SSP3,REU,0.01,0.00,0.00,0.00
2050,SSP3,ROU,0.00,0.27,0.37,0.00
2050,SSP3,RUS,0.01,0.68,0.00,0.00
2050,SSP3,RWA,0.01,0.00,0.00,0.00
2050,SSP3,SAU,0.01,0.20,0.38,0.00
2050,SSP3,SEN,0.02,0.00,0.00,0.00
2050,SSP3,SGP,0.00,0.00,1.00,0.00
2050,SSP3,SLB,0.00,0.00,0.00,0.00
2050,SSP3,SLE,0.00,0.00,0.00,0.00
2050,SSP3,SLV,0.03,0.00,0.00,0.00
2050,SSP3,SOM,0.01,0.00,0.00,0.00
2050,SSP3,SPM,0.44,0.48,0.00,0.00
2050,SSP3,STP,0.00,0.00,0.00,0.00
2050,SSP3,SUR,0.12,0.00,0.00,0.00
2050,SSP3,SVK,0.00,0.58,0.24,0.00
2050,SSP3,SVN,0.00,0.27,0.42,0.00
2050,SSP3,SWE,0.00,0.11,0.85,0.00
2050,SSP3,SWZ,0.01,0.00,0.00,0.00
2050,SSP3,SYR,0.34,0.00,0.00,0.00
2050,SSP3,TCA,0.00,0.03,0.23,0.00
2050,SSP3,TCD,0.00,0.00,0.00,0.00
2050,SSP3,TGO,0.00,0.00,0.00,0.00
2050,SSP3,THA,0.10,0.09,0.00,0.00
2050,SSP3,TJK,0.00,0.14,0.00,0.00
2050,SSP3,TKM,0.00,0.35,0.20,0.00
2050,SSP3,TLS,0.35,0.11,0.00,0.00
2050,SSP3,TON,0.00,0.00,0.00,0.00
2050,SSP3,TTO,0.05,0.00,0.00,0.00
2050,SSP3,TUN,0.00,0.52,0.02,0.00
2050,SSP3,TUR,0.15,0.24,0.39,0.00
2050,SSP3,TZA,0.00,0.00,0.00,0.00
2050,SSP3,UGA,0.00,0.00,0.00,0.00
2050,SSP3,UKR,0.02,0.26,0.00,0.00
2050,SSP3,URY,0.04,0.21,0.00,0.00
2050,SSP3,USA,0.00,0.22,0.68,0.00
2050,SSP3,UZB,0.09,0.17,0.00,0.00
2050,SSP3,VCT,0.00,0.00,0.00,0.00
2050,SSP3,VEN,0.42,0.04,0.00,0.00
2050,SSP3,VIR,0.26,0.00,0.00,0.00
2050,SSP3,VNM,0.06,0.01,0.00,0.00
2050,SSP3,VUT,0.00,0.00,0.00,0.00
2050,SSP3,WSM,0.00,0.00,0.00,0.00
2050,SSP3,YEM,0.19,0.00,0.00,0.00
2050,SSP3,ZAF,0.28,0.28,0.00,0.00
2050,SSP3,ZMB,0.01,0.00,0.00,0.00
2050,SSP3,ZWE,0.04,0.00,0.00,0.00
2100,SSP3,ABW,0.00,0.09,0.75,0.00
2100,SSP3,AFG,0.03,0.00,0.00,0.00
2100,SSP3,AGO,0.13,0.00,0.00,0.00
2100,SSP3,AIA,0.00,0.08,0.61,0.00
2100,SSP3,ALB,0.55,0.42,0.01,0.00
2100,SSP3,AND,0.00,0.33,0.67,0.00
2100,SSP3,ARE,0.00,0.82,0.10,0.00
2100,SSP3,ARG,0.12,0.12,0.00,0.00
2100,SSP3,ARM,0.36,0.00,0.00,0.00
2100,SSP3,ASM,0.00,0.77,0.22,0.00
2100,SSP3,AUS,0.15,0.11,0.51,0.00
2100,SSP3,AUT,0.00,0.01,0.91,0.00
2100,SSP3,AZE,0.36,0.00,0.00,0.00
2100,SSP3,BDI,0.01,0.00,0.00,0.00
2100,SSP3,BEL,0.00,0.06,0.91,0.00
2100,SSP3,BEN,0.01,0.00,0.00,0.00
2100,SSP3,BFA,0.01,0.00,0.00,0.00
2100,SSP3,BGD,0.03,0.00,0.00,0.00
2100,SSP3,BGR,0.00,0.10,0.79,0.00
2100,SSP3,BHR,0.00,0.00,0.91,0.00
2100,SSP3,BHS,0.07,0.00,0.00,0.00
2100,SSP3,BIH,0.46,0.34,0.01,0.00
2100,SSP3,BLR,0.09,0.62,0.18,0.00
2100,SSP3,BLZ,0.35,0.08,0.00,0.00
2100,SSP3,BOL,0.80,0.05,0.00,0.00
2100,SSP3,BRA,0.10,0.19,0.03,0.00
2100,SSP3,BRB,0.03,0.00,0.00,0.00
2100,SSP3,BRN,0.00,0.60,0.00,0.00
2100,SSP3,BTN,0.26,0.07,0.00,0.00
2100,SSP3,BWA,0.00,0.01,0.00,0.00
2100,SSP3,CAF,0.00,0.00,0.00,0.00
2100,SSP3,CAN,0.00,0.11,0.87,0.00
2100,SSP3,CHE,0.00,0.11,0.87,0.00
2100,SSP3,CHL,0.25,0.24,0.24,0.00
2100,SSP3,CHN,0.00,0.68,0.12,0.00
2100,SSP3,CIV,0.02,0.00,0.00,0.00
2100,SSP3,CMR,0.00,0.00,0.00,0.00
2100,SSP3,COD,0.00,0.00,0.00,0.00
2100,SSP3,COG,0.24,0.26,0.00,0.00
2100,SSP3,COL,0.12,0.00,0.00,0.00
2100,SSP3,COM,0.01,0.00,0.00,0.00
2100,SSP3,CPV,0.00,0.21,0.00,0.00
2100,SSP3,CRI,0.25,0.07,0.00,0.00
2100,SSP3,CUB,0.10,0.10,0.00,0.00
2100,SSP3,CYP,0.00,0.10,0.78,0.00
2100,SSP3,CZE,0.00,0.09,0.81,0.00
2100,SSP3,DEU,0.02,0.02,0.93,0.00
2100,SSP3,DJI,0.04,0.00,0.00,0.00
2100,SSP3,DMA,0.08,0.42,0.00,0.00
2100,SSP3,DNK,0.00,0.02,0.90,0.00
2100,SSP3,DOM,0.15,0.35,0.00,0.00
2100,SSP3,DZA,0.13,0.00,0.00,0.00
2100,SSP3,ECU,0.23,0.00,0.00,0.00
2100,SSP3,EGY,0.11,0.48,0.00,0.00
2100,SSP3,ERI,0.01,0.00,0.00,0.00
2100,SSP3,ESH,0.00,0.43,0.00,0.00
2100,SSP3,ESP,0.00,0.18,0.82,0.00
2100,SSP3,EST,0.00,0.04,0.81,0.00
2100,SSP3,ETH,0.01,0.00,0.00,0.00
2100,SSP3,FIN,0.00,0.00,0.92,0.00
2100,SSP3,FJI,0.47,0.45,0.00,0.00
2100,SSP3,FLK,0.00,0.26,0.00,0.00
2100,SSP3,FRA,0.00,0.11,0.87,0.00
2100,SSP3,FRO,0.00,0.31,0.60,0.00
2100,SSP3,GAB,0.02,0.00,0.00,0.00
2100,SSP3,GBR,0.00,0.11,0.87,0.00
2100,SSP3,GEO,0.19,0.00,0.00,0.00
2100,SSP3,GHA,0.02,0.00,0.00,0.00
2100,SSP3,GIN,0.01,0.00,0.00,0.00
2100,SSP3,GLP,0.00,0.48,0.00,0.00
2100,SSP3,GMB,0.02,0.00,0.00,0.00
2100,SSP3,GNB,0.02,0.00,0.00,0.00
2100,SSP3,GNQ,0.02,0.00,0.00,0.00
2100,SSP3,GRC,0.00,0.06,0.72,0.00
2100,SSP3,GRD,0.00,0.28,0.11,0.00
2100,SSP3,GRL,0.00,0.42,0.54,0.00
2100,SSP3,GTM,0.04,0.78,0.00,0.00
2100,SSP3,GUF,0.00,0.26,0.00,0.00
2100,SSP3,GUY,0.02,0.00,0.00,0.00
2100,SSP3,HKG,0.00,0.11,0.89,0.00
2100,SSP3,HND,0.77,0.00,0.00,0.00
2100,SSP3,HRV,0.03,0.79,0.01,0.00
2100,SSP3,HTI,0.00,0.00,0.00,0.00
2100,SSP3,HUN,0.00,0.10,0.76,0.00
2100,SSP3,IDN,0.32,0.01,0.00,0.00
2100,SSP3,IND,0.19,0.00,0.00,0.00
2100,SSP3,IRL,0.00,0.09,0.75,0.00
2100,SSP3,IRN,0.22,0.00,0.00,0.00
2100,SSP3,IRQ,0.45,0.07,0.00,0.00
2100,SSP3,ISL,0.00,0.11,0.87,0.00
2100,SSP3,ISR,0.05,0.35,0.52,0.00
2100,SSP3,ITA,0.03,0.19,0.44,0.00
2100,SSP3,JAM,0.08,0.00,0.00,0.00
2100,SSP3,JOR,0.00,0.73,0.00,0.00
2100,SSP3,JPN,0.00,0.29,0.56,0.00
2100,SSP3,KAZ,0.00,0.47,0.09,0.00
2100,SSP3,KEN,0.05,0.00,0.00,0.00
2100,SSP3,KGZ,0.12,0.00,0.00,0.00
2100,SSP3,KHM,0.05,0.00,0.00,0.00
2100,SSP3,KNA,0.00,0.04,0.36,0.00
2100,SSP3,KOR,0.00,0.11,0.88,0.00
2100,SSP3,KWT,0.00,0.10,0.90,0.00
2100,SSP3,LAO,0.41,0.02,0.00,0.00
2100,SSP3,LBN,0.11,0.00,0.00,0.00
2100,SSP3,LBR,0.01,0.00,0.00,0.00
2100,SSP3,LBY,0.11,0.00,0.00,0.00
2100,SSP3,LCA,0.29,0.00,0.00,0.00
2100,SSP3,LIE,0.00,0.11,0.89,0.00
2100,SSP3,LKA,0.05,0.06,0.00,0.00
2100,SSP3,LSO,0.01,0.00,0.00,0.00
2100,SSP3,LTU,0.00,0.07,0.84,0.00
2100,SSP3,LUX,0.00,0.11,0.87,0.00
2100,SSP3,LVA,0.00,0.10,0.80,0.00
2100,SSP3,MAR,0.21,0.00,0.00,0.00
2100,SSP3,MDA,0.00,0.28,0.00,0.00
2100,SSP3,MDG,0.01,0.00,0.00,0.00
2100,SSP3,MEX,0.03,0.35,0.00,0.00
2100,SSP3,MKD,0.00,0.72,0.15,0.00
2100,SSP3,MLI,0.01,0.00,0.00,0.00
2100,SSP3,MLT,0.00,0.11,0.88,0.00
2100,SSP3,MMR,0.03,0.01,0.00,0.00
2100,SSP3,MNG,0.00,0.09,0.75,0.00
2100,SSP3,MOZ,0.01,0.00,0.00,0.00
2100,SSP3,MRT,0.02,0.00,0.00,0.00
2100,SSP3,MSR,0.06,0.59,0.00,0.00
2100,SSP3,MTQ,0.50,0.00,0.00,0.00
2100,SSP3,MUS,0.19,0.06,0.00,0.00
2100,SSP3,MWI,0.01,0.00,0.00,0.00
2100,SSP3,MYS,0.00,0.63,0.27,0.00
2100,SSP3,NAM,0.19,0.00,0.00,0.00
2100,SSP3,NCL,0.00,0.16,0.76,0.00
2100,SSP3,NER,0.00,0.00,0.00,0.00
2100,SSP3,NGA,0.03,0.00,0.00,0.00
2100,SSP3,NIC,0.39,0.35,0.00,0.00
2100,SSP3,NLD,0.00,0.01,0.99,0.00
2100,SSP3,NOR,0.00,0.11,0.88,0.00
2100,SSP3,NPL,0.03,0.00,0.00,0.00
2100,SSP3,NZL,0.00,0.11,0.87,0.00
2100,SSP3,OMN,0.10,0.00,0.00,0.00
2100,SSP3,PAK,0.15,0.00,0.00,0.00
2100,SSP3,PAN,0.00,0.38,0.26,0.00
2100,SSP3,PER,0.47,0.00,0.00,0.00
2100,SSP3,PHL,0.31,0.24,0.00,0.00
2100,SSP3,PNG,0.41,0.00,0.00,0.00
2100,SSP3,POL,0.00,0.10,0.75,0.00
2100,SSP3,PRI,0.64,0.00,0.00,0.00
2100,SSP3,PRK,0.00,0.10,0.39,0.00
2100,SSP3,PRT,0.00,0.74,0.10,0.00
2100,SSP3,PRY,0.00,0.44,0.08,0.00
2100,SSP3,QAT,0.00,0.00,0.88,0.00
2100,SSP3,REU,0.01,0.00,0.00,0.00
2100,SSP3,ROU,0.00,0.14,0.65,0.00
2100,SSP3,RUS,0.01,0.68,0.00,0.00
2100,SSP3,RWA,0.01,0.00,0.00,0.00
2100,SSP3,SAU,0.01,0.20,0.38,0.00
2100,SSP3,SEN,0.02,0.00,0.00,0.00
2100,SSP3,SGP,0.00,0.00,1.00,0.00
2100,SSP3,SLB,0.31,0.00,0.00,0.00
2100,SSP3,SLE,0.00,0.00,0.00,0.00
2100,SSP3,SLV,0.03,0.00,0.00,0.00
2100,SSP3,SOM,0.01,0.00,0.00,0.00
2100,SSP3,SPM,0.35,0.61,0.00,0.00
2100,SSP3,STP,0.00,0.00,0.00,0.00
2100,SSP3,SUR,0.14,0.16,0.00,0.00
2100,SSP3,SVK,0.00,0.53,0.30,0.00
2100,SSP3,SVN,0.01,0.26,0.46,0.00
2100,SSP3,SWE,0.00,0.11,0.87,0.00
2100,SSP3,SWZ,0.01,0.00,0.00,0.00
2100,SSP3,SYR,0.34,0.00,0.00,0.00
2100,SSP3,TCA,0.00,0.05,0.38,0.00
2100,SSP3,TCD,0.00,0.00,0.00,0.00
2100,SSP3,TGO,0.00,0.00,0.00,0.00
2100,SSP3,THA,0.10,0.09,0.00,0.00
2100,SSP3,TJK,0.00,0.14,0.00,0.00
2100,SSP3,TKM,0.00,0.39,0.21,0.00
2100,SSP3,TLS,0.00,0.26,0.49,0.00
2100,SSP3,TON,0.13,0.41,0.00,0.00
2100,SSP3,TTO,0.05,0.00,0.00,0.00
2100,SSP3,TUN,0.00,0.52,0.02,0.00
2100,SSP3,TUR,0.15,0.24,0.39,0.00
2100,SSP3,TZA,0.00,0.00,0.00,0.00
2100,SSP3,UGA,0.19,0.00,0.00,0.00
2100,SSP3,UKR,0.02,0.33,0.00,0.00
2100,SSP3,URY,0.04,0.21,0.00,0.00
2100,SSP3,USA,0.00,0.20,0.72,0.00
2100,SSP3,UZB,0.09,0.20,0.00,0.00
2100,SSP3,VCT,0.00,0.00,0.00,0.00
2100,SSP3,VEN,0.74,0.04,0.00,0.00
2100,SSP3,VIR,0.51,0.00,0.00,0.00
2100,SSP3,VNM,0.06,0.01,0.00,0.00
2100,SSP3,VUT,0.69,0.07,0.00,0.00
2100,SSP3,WSM,0.24,0.27,0.00,0.00
2100,SSP3,YEM,0.19,0.00,0.00,0.00
2100,SSP3,ZAF,0.28,0.28,0.00,0.00
2100,SSP3,ZMB,0.19,0.00,0.00,0.00
2100,SSP3,ZWE,0.04,0.00,0.00,0.00
2025,SSP4,ABW,0.08,0.02,0.18,0.00
2025,SSP4,AFG,0.09,0.01,0.00,0.00
2025,SSP4,AGO,0.12,0.01,0.00,0.00
2025,SSP4,AIA,0.03,0.07,0.08,0.00
2025,SSP4,ALB,0.18,0.14,0.01,0.00
2025,SSP4,AND,0.02,0.60,0.31,0.00
2025,SSP4,ARE,0.12,0.59,0.15,0.00
2025,SSP4,ARG,0.31,0.13,0.00,0.00
2025,SSP4,ARM,0.36,0.12,0.00,0.00
2025,SSP4,ASM,0.05,0.35,0.16,0.00
2025,SSP4,AUS,0.17,0.26,0.39,0.00
2025,SSP4,AUT,0.00,0.01,0.92,0.00
2025,SSP4,AZE,0.23,0.08,0.01,0.00
2025,SSP4,BDI,0.02,0.00,0.00,0.00
2025,SSP4,BEL,0.00,0.08,0.72,0.00
2025,SSP4,BEN,0.03,0.00,0.00,0.00
2025,SSP4,BFA,0.04,0.00,0.00,0.00
2025,SSP4,BGD,0.07,0.01,0.00,0.00
2025,SSP4,BGR,0.01,0.27,0.31,0.00
2025,SSP4,BHR,0.12,0.16,0.59,0.00
2025,SSP4,BHS,0.07,0.05,0.03,0.00
2025,SSP4,BIH,0.13,0.16,0.01,0.00
2025,SSP4,BLR,0.03,0.55,0.23,0.00
2025,SSP4,BLZ,0.06,0.05,0.01,0.00
2025,SSP4,BOL,0.24,0.08,0.03,0.00
2025,SSP4,BRA,0.17,0.20,0.03,0.00
2025,SSP4,BRB,0.02,0.01,0.02,0.00
2025,SSP4,BRN,0.00,0.37,0.03,0.00
2025,SSP4,BTN,0.02,0.09,0.02,0.00
2025,SSP4,BWA,0.05,0.00,0.01,0.00
2025,SSP4,CAF,0.01,0.00,0.00,0.00
2025,SSP4,CAN,0.11,0.49,0.21,0.00
2025,SSP4,CHE,0.00,0.18,0.80,0.00
2025,SSP4,CHL,0.23,0.19,0.36,0.00
2025,SSP4,CHN,0.11,0.17,0.16,0.00
2025,SSP4,CIV,0.10,0.01,0.00,0.00
2025,SSP4,CMR,0.03,0.00,0.00,0.00
2025,SSP4,COD,0.04,0.00,0.00,0.00
2025,SSP4,COG,0.01,0.05,0.00,0.00
2025,SSP4,COL,0.44,0.09,0.00,0.00
2025,SSP4,COM,0.04,0.00,0.00,0.00
2025,SSP4,CPV,0.13,0.06,0.00,0.00
2025,SSP4,CRI,0.04,0.07,0.04,0.00
2025,SSP4,CUB,0.24,0.05,0.00,0.00
2025,SSP4,CYP,0.00,0.35,0.15,0.00
2025,SSP4,CZE,0.00,0.09,0.72,0.00
2025,SSP4,DEU,0.01,0.03,0.93,0.00
2025,SSP4,DJI,0.06,0.02,0.00,0.00
2025,SSP4,DMA,0.05,0.08,0.02,0.00
2025,SSP4,DNK,0.02,0.02,0.87,0.00
2025,SSP4,DOM,0.16,0.10,0.05,0.00
2025,SSP4,DZA,0.43,0.06,0.00,0.00
2025,SSP4,ECU,0.25,0.06,0.00,0.00
2025,SSP4,EGY,0.20,0.26,0.03,0.00
2025,SSP4,ERI,0.03,0.00,0.00,0.00
2025,SSP4,ESH,0.05,0.31,0.02,0.00
2025,SSP4,ESP,0.02,0.27,0.67,0.00
2025,SSP4,EST,0.01,0.11,0.70,0.00
2025,SSP4,ETH,0.04,0.00,0.00,0.00
2025,SSP4,FIN,0.00,0.00,0.85,0.00
2025,SSP4,FJI,0.12,0.00,0.00,0.00
2025,SSP4,FLK,0.07,0.25,0.02,0.00
2025,SSP4,FRA,0.00,0.25,0.59,0.00
2025,SSP4,FRO,0.03,0.60,0.26,0.00
2025,SSP4,GAB,0.02,0.00,0.00,0.00
2025,SSP4,GBR,0.00,0.38,0.59,0.00
2025,SSP4,GEO,0.26,0.09,0.00,0.00
2025,SSP4,GHA,0.05,0.01,0.00,0.00
2025,SSP4,GIN,0.06,0.00,0.00,0.00
2025,SSP4,GLP,0.12,0.28,0.02,0.00
2025,SSP4,GMB,0.04,0.00,0.00,0.00
2025,SSP4,GNB,0.03,0.00,0.00,0.00
2025,SSP4,GNQ,0.03,0.00,0.00,0.00
2025,SSP4,GRC,0.09,0.14,0.58,0.00
2025,SSP4,GRD,0.02,0.02,0.05,0.00
2025,SSP4,GRL,0.01,0.44,0.46,0.00
2025,SSP4,GTM,0.22,0.10,0.01,0.00
2025,SSP4,GUF,0.09,0.22,0.02,0.00
2025,SSP4,GUY,0.02,0.05,0.01,0.00
2025,SSP4,HKG,0.29,0.19,0.23,0.00
2025,SSP4,HND,0.28,0.06,0.00,0.00
2025,SSP4,HRV,0.14,0.26,0.06,0.00
2025,SSP4,HTI,0.06,0.01,0.00,0.00
2025,SSP4,HUN,0.04,0.27,0.46,0.00
2025,SSP4,IDN,0.01,0.10,0.03,0.00
2025,SSP4,IND,0.06,0.09,0.01,0.00
2025,SSP4,IRL,0.09,0.33,0.28,0.00
2025,SSP4,IRN,0.15,0.07,0.00,0.00
2025,SSP4,IRQ,0.08,0.11,0.02,0.00
2025,SSP4,ISL,0.56,0.06,0.20,0.00
2025,SSP4,ISR,0.04,0.34,0.55,0.00
2025,SSP4,ITA,0.03,0.21,0.46,0.00
2025,SSP4,JAM,0.14,0.05,0.00,0.00
2025,SSP4,JOR,0.10,0.53,0.04,0.00
2025,SSP4,JPN,0.00,0.42,0.34,0.00
2025,SSP4,KAZ,0.13,0.20,0.12,0.00
2025,SSP4,KEN,0.07,0.01,0.00,0.00
2025,SSP4,KGZ,0.17,0.03,0.00,0.00
2025,SSP4,KHM,0.11,0.01,0.00,0.00
2025,SSP4,KNA,0.00,0.01,0.06,0.00
2025,SSP4,KOR,0.23,0.29,0.39,0.00
2025,SSP4,KWT,0.16,0.23,0.61,0.00
2025,SSP4,LAO,0.08,0.06,0.00,0.00
2025,SSP4,LBN,0.18,0.12,0.02,0.00
2025,SSP4,LBR,0.05,0.00,0.00,0.00
2025,SSP4,LBY,0.26,0.04,0.00,0.00
2025,SSP4,LCA,0.02,0.02,0.04,0.00
2025,SSP4,LIE,0.00,0.41,0.54,0.00
2025,SSP4,LKA,0.02,0.05,0.01,0.00
2025,SSP4,LSO,0.03,0.00,0.00,0.00
2025,SSP4,LTU,0.08,0.10,0.58,0.00
2025,SSP4,LUX,0.03,0.45,0.47,0.00
2025,SSP4,LVA,0.02,0.28,0.41,0.00
2025,SSP4,MAR,0.35,0.08,0.00,0.00
2025,SSP4,MDA,0.05,0.29,0.00,0.00
2025,SSP4,MDG,0.04,0.00,0.00,0.00
2025,SSP4,MEX,0.17,0.27,0.03,0.00
2025,SSP4,MKD,0.09,0.16,0.03,0.00
2025,SSP4,MLI,0.05,0.00,0.00,0.00
2025,SSP4,MLT,0.05,0.35,0.10,0.00
2025,SSP4,MMR,0.02,0.02,0.00,0.00
2025,SSP4,MNG,0.08,0.02,0.16,0.00
2025,SSP4,MOZ,0.03,0.00,0.00,0.00
2025,SSP4,MRT,0.04,0.01,0.00,0.00
2025,SSP4,MSR,0.10,0.12,0.01,0.00
2025,SSP4,MTQ,0.30,0.06,0.00,0.00
2025,SSP4,MUS,0.16,0.04,0.00,0.00
2025,SSP4,MWI,0.06,0.00,0.00,0.00
2025,SSP4,MYS,0.36,0.19,0.05,0.00
2025,SSP4,NAM,0.23,0.05,0.00,0.00
2025,SSP4,NCL,0.04,0.16,0.06,0.00
2025,SSP4,NER,0.03,0.00,0.00,0.00
2025,SSP4,NGA,0.06,0.01,0.00,0.00
2025,SSP4,NIC,0.14,0.05,0.00,0.00
2025,SSP4,NLD,0.00,0.01,0.98,0.00
2025,SSP4,NOR,0.16,0.04,0.65,0.00
2025,SSP4,NPL,0.09,0.00,0.00,0.00
2025,SSP4,NZL,0.06,0.22,0.54,0.00
2025,SSP4,OMN,0.07,0.17,0.00,0.00
2025,SSP4,PAK,0.22,0.03,0.00,0.00
2025,SSP4,PAN,0.16,0.04,0.13,0.00
2025,SSP4,PER,0.35,0.12,0.00,0.00
2025,SSP4,PHL,0.03,0.05,0.01,0.00
2025,SSP4,PNG,0.07,0.04,0.00,0.00
2025,SSP4,POL,0.00,0.14,0.57,0.00
2025,SSP4,PRI,0.57,0.09,0.00,0.00
2025,SSP4,PRK,0.20,0.12,0.10,0.00
2025,SSP4,PRT,0.04,0.42,0.23,0.00
2025,SSP4,PRY,0.04,0.06,0.07,0.00
2025,SSP4,QAT,0.11,0.12,0.55,0.00
2025,SSP4,REU,0.10,0.00,0.00,0.00
2025,SSP4,ROU,0.07,0.19,0.17,0.00
2025,SSP4,RUS,0.06,0.42,0.08,0.00
2025,SSP4,RWA,0.04,0.00,0.00,0.00
2025,SSP4,SAU,0.07,0.16,0.25,0.00
2025,SSP4,SEN,0.07,0.00,0.00,0.00
2025,SSP4,SGP,0.01,0.17,0.82,0.00
2025,SSP4,SLB,0.10,0.00,0.00,0.00
2025,SSP4,SLE,0.02,0.00,0.00,0.00
2025,SSP4,SLV,0.10,0.00,0.00,0.00
2025,SSP4,SOM,0.01,0.00,0.00,0.00
2025,SSP4,SPM,0.13,0.19,0.06,0.00
2025,SSP4,STP,0.05,0.00,0.00,0.00
2025,SSP4,SUR,0.00,0.02,0.04,0.00
2025,SSP4,SVK,0.12,0.34,0.23,0.00
2025,SSP4,SVN,0.01,0.29,0.30,0.00
2025,SSP4,SWE,0.00,0.06,0.83,0.00
2025,SSP4,SWZ,0.04,0.00,0.00,0.00
2025,SSP4,SYR,0.32,0.13,0.02,0.00
2025,SSP4,TCA,0.04,0.01,0.07,0.00
2025,SSP4,TCD,0.04,0.00,0.00,0.00
2025,SSP4,TGO,0.03,0.00,0.00,0.00
2025,SSP4,THA,0.02,0.04,0.05,0.00
2025,SSP4,TJK,0.15,0.06,0.00,0.00
2025,SSP4,TKM,0.02,0.14,0.13,0.00
2025,SSP4,TLS,0.05,0.05,0.00,0.00
2025,SSP4,TON,0.00,0.02,0.00,0.00
2025,SSP4,TTO,0.12,0.04,0.00,0.00
2025,SSP4,TUN,0.15,0.41,0.03,0.00
2025,SSP4,TUR,0.12,0.22,0.27,0.00
2025,SSP4,TZA,0.06,0.01,0.00,0.00
2025,SSP4,UGA,0.06,0.00,0.00,0.00
2025,SSP4,UKR,0.10,0.31,0.02,0.00
2025,SSP4,URY,0.15,0.22,0.00,0.00
2025,SSP4,USA,0.01,0.28,0.53,0.00
2025,SSP4,UZB,0.14,0.14,0.01,0.00
2025,SSP4,VCT,0.01,0.04,0.00,0.00
2025,SSP4,VEN,0.28,0.13,0.02,0.00
2025,SSP4,VIR,0.27,0.09,0.00,0.00
2025,SSP4,VNM,0.02,0.08,0.00,0.00
2025,SSP4,VUT,0.08,0.01,0.00,0.00
2025,SSP4,WSM,0.01,0.01,0.00,0.00
2025,SSP4,YEM,0.14,0.01,0.00,0.00
2025,SSP4,ZAF,0.31,0.26,0.01,0.00
2025,SSP4,ZMB,0.10,0.03,0.00,0.00
2025,SSP4,ZWE,0.16,0.00,0.00,0.00
2030,SSP4,ABW,0.07,0.03,0.23,0.00
2030,SSP4,AFG,0.11,0.02,0.00,0.00
2030,SSP4,AGO,0.11,0.03,0.00,0.00
2030,SSP4,AIA,0.03,0.08,0.12,0.00
2030,SSP4,ALB,0.18,0.18,0.03,0.00
2030,SSP4,AND,0.02,0.57,0.36,0.00
2030,SSP4,ARE,0.11,0.58,0.18,0.00
2030,SSP4,ARG,0.29,0.17,0.00,0.00
2030,SSP4,ARM,0.36,0.15,0.00,0.00
2030,SSP4,ASM,0.04,0.33,0.21,0.00
2030,SSP4,AUS,0.15,0.25,0.43,0.00
2030,SSP4,AUT,0.00,0.01,0.92,0.00
2030,SSP4,AZE,0.22,0.10,0.04,0.00
2030,SSP4,BDI,0.03,0.00,0.00,0.00
2030,SSP4,BEL,0.00,0.08,0.74,0.00
2030,SSP4,BEN,0.04,0.00,0.00,0.00
2030,SSP4,BFA,0.05,0.00,0.00,0.00
2030,SSP4,BGD,0.08,0.01,0.00,0.00
2030,SSP4,BGR,0.01,0.26,0.36,0.00
2030,SSP4,BHR,0.11,0.14,0.62,0.00
2030,SSP4,BHS,0.06,0.06,0.04,0.00
2030,SSP4,BIH,0.12,0.20,0.02,0.00
2030,SSP4,BLR,0.03,0.52,0.27,0.00
2030,SSP4,BLZ,0.06,0.06,0.02,0.00
2030,SSP4,BOL,0.23,0.09,0.07,0.00
2030,SSP4,BRA,0.16,0.23,0.04,0.00
2030,SSP4,BRB,0.01,0.01,0.03,0.00
2030,SSP4,BRN,0.00,0.39,0.06,0.00
2030,SSP4,BTN,0.02,0.11,0.03,0.00
2030,SSP4,BWA,0.05,0.00,0.01,0.00
2030,SSP4,CAF,0.01,0.00,0.00,0.00
2030,SSP4,CAN,0.10,0.47,0.26,0.00
2030,SSP4,CHE,0.00,0.17,0.81,0.00
2030,SSP4,CHL,0.22,0.20,0.38,0.00
2030,SSP4,CHN,0.10,0.17,0.21,0.00
2030,SSP4,CIV,0.12,0.01,0.00,0.00
2030,SSP4,CMR,0.04,0.01,0.00,0.00
2030,SSP4,COD,0.06,0.00,0.00,0.00
2030,SSP4,COG,0.01,0.07,0.01,0.00
2030,SSP4,COL,0.43,0.14,0.00,0.00
2030,SSP4,COM,0.06,0.01,0.00,0.00
2030,SSP4,CPV,0.12,0.08,0.00,0.00
2030,SSP4,CRI,0.04,0.08,0.06,0.00
2030,SSP4,CUB,0.26,0.07,0.00,0.00
2030,SSP4,CYP,0.00,0.33,0.20,0.00
2030,SSP4,CZE,0.00,0.09,0.73,0.00
2030,SSP4,DEU,0.01,0.03,0.93,0.00
2030,SSP4,DJI,0.07,0.03,0.00,0.00
2030,SSP4,DMA,0.05,0.08,0.05,0.00
2030,SSP4,DNK,0.02,0.02,0.87,0.00
2030,SSP4,DOM,0.15,0.10,0.07,0.00
2030,SSP4,DZA,0.41,0.11,0.00,0.00
2030,SSP4,ECU,0.24,0.11,0.01,0.00
2030,SSP4,EGY,0.19,0.26,0.07,0.00
2030,SSP4,ERI,0.04,0.00,0.00,0.00
2030,SSP4,ESH,0.04,0.31,0.07,0.00
2030,SSP4,ESP,0.02,0.26,0.69,0.00
2030,SSP4,EST,0.01,0.11,0.71,0.00
2030,SSP4,ETH,0.06,0.00,0.00,0.00
2030,SSP4,FIN,0.00,0.00,0.86,0.00
2030,SSP4,FJI,0.14,0.00,0.00,0.00
2030,SSP4,FLK,0.07,0.27,0.05,0.00
2030,SSP4,FRA,0.00,0.24,0.61,0.00
2030,SSP4,FRO,0.03,0.56,0.31,0.00
2030,SSP4,GAB,0.04,0.00,0.00,0.00
2030,SSP4,GBR,0.00,0.36,0.61,0.00
2030,SSP4,GEO,0.26,0.14,0.00,0.00
2030,SSP4,GHA,0.07,0.01,0.00,0.00
2030,SSP4,GIN,0.08,0.00,0.00,0.00
2030,SSP4,GLP,0.11,0.30,0.04,0.00
2030,SSP4,GMB,0.05,0.00,0.00,0.00
2030,SSP4,GNB,0.05,0.00,0.00,0.00
2030,SSP4,GNQ,0.04,0.00,0.00,0.00
2030,SSP4,GRC,0.08,0.14,0.60,0.00
2030,SSP4,GRD,0.02,0.02,0.07,0.00
2030,SSP4,GRL,0.01,0.41,0.49,0.00
2030,SSP4,GTM,0.21,0.13,0.02,0.00
2030,SSP4,GUF,0.08,0.23,0.05,0.00
2030,SSP4,GUY,0.02,0.06,0.02,0.00
2030,SSP4,HKG,0.27,0.18,0.28,0.00
2030,SSP4,HND,0.28,0.10,0.00,0.00
2030,SSP4,HRV,0.13,0.26,0.11,0.00
2030,SSP4,HTI,0.08,0.03,0.00,0.00
2030,SSP4,HUN,0.03,0.25,0.49,0.00
2030,SSP4,IDN,0.01,0.11,0.07,0.00
2030,SSP4,IND,0.06,0.11,0.04,0.00
2030,SSP4,IRL,0.08,0.31,0.32,0.00
2030,SSP4,IRN,0.16,0.07,0.00,0.00
2030,SSP4,IRQ,0.07,0.12,0.06,0.00
2030,SSP4,ISL,0.52,0.07,0.25,0.00
2030,SSP4,ISR,0.04,0.33,0.57,0.00
2030,SSP4,ITA,0.03,0.20,0.48,0.00
2030,SSP4,JAM,0.13,0.08,0.00,0.00
2030,SSP4,JOR,0.09,0.52,0.09,0.00
2030,SSP4,JPN,0.00,0.39,0.38,0.00
2030,SSP4,KAZ,0.12,0.19,0.16,0.00
2030,SSP4,KEN,0.09,0.02,0.00,0.00
2030,SSP4,KGZ,0.19,0.04,0.00,0.00
2030,SSP4,KHM,0.13,0.01,0.00,0.00
2030,SSP4,KNA,0.00,0.01,0.09,0.00
2030,SSP4,KOR,0.21,0.28,0.43,0.00
2030,SSP4,KWT,0.15,0.22,0.63,0.00
2030,SSP4,LAO,0.08,0.10,0.00,0.00
2030,SSP4,LBN,0.18,0.11,0.02,0.00
2030,SSP4,LBR,0.07,0.00,0.00,0.00
2030,SSP4,LBY,0.28,0.05,0.00,0.00
2030,SSP4,LCA,0.02,0.03,0.07,0.00
2030,SSP4,LIE,0.00,0.37,0.58,0.00
2030,SSP4,LKA,0.02,0.06,0.02,0.00
2030,SSP4,LSO,0.03,0.01,0.00,0.00
2030,SSP4,LTU,0.07,0.10,0.60,0.00
2030,SSP4,LUX,0.03,0.42,0.51,0.00
2030,SSP4,LVA,0.02,0.26,0.45,0.00
2030,SSP4,MAR,0.36,0.11,0.00,0.00
2030,SSP4,MDA,0.05,0.32,0.01,0.00
2030,SSP4,MDG,0.07,0.00,0.00,0.00
2030,SSP4,MEX,0.16,0.27,0.08,0.00
2030,SSP4,MKD,0.09,0.17,0.08,0.00
2030,SSP4,MLI,0.07,0.00,0.00,0.00
2030,SSP4,MLT,0.05,0.34,0.15,0.00
2030,SSP4,MMR,0.02,0.02,0.00,0.00
2030,SSP4,MNG,0.08,0.03,0.21,0.00
2030,SSP4,MOZ,0.04,0.00,0.00,0.00
2030,SSP4,MRT,0.06,0.01,0.00,0.00
2030,SSP4,MSR,0.09,0.14,0.04,0.00
2030,SSP4,MTQ,0.30,0.09,0.00,0.00
2030,SSP4,MUS,0.16,0.04,0.00,0.00
2030,SSP4,MWI,0.09,0.00,0.00,0.00
2030,SSP4,MYS,0.33,0.20,0.10,0.00
2030,SSP4,NAM,0.23,0.07,0.00,0.00
2030,SSP4,NCL,0.04,0.17,0.11,0.00
2030,SSP4,NER,0.05,0.00,0.00,0.00
2030,SSP4,NGA,0.07,0.03,0.00,0.00
2030,SSP4,NIC,0.15,0.07,0.00,0.00
2030,SSP4,NLD,0.00,0.01,0.98,0.00
2030,SSP4,NOR,0.14,0.05,0.66,0.00
2030,SSP4,NPL,0.11,0.01,0.00,0.00
2030,SSP4,NZL,0.06,0.21,0.56,0.00
2030,SSP4,OMN,0.07,0.16,0.00,0.00
2030,SSP4,PAK,0.24,0.04,0.00,0.00
2030,SSP4,PAN,0.14,0.04,0.17,0.00
2030,SSP4,PER,0.34,0.17,0.00,0.00
2030,SSP4,PHL,0.03,0.07,0.02,0.00
2030,SSP4,PNG,0.07,0.08,0.00,0.00
2030,SSP4,POL,0.00,0.13,0.59,0.00
2030,SSP4,PRI,0.58,0.10,0.00,0.00
2030,SSP4,PRK,0.18,0.12,0.13,0.00
2030,SSP4,PRT,0.04,0.40,0.26,0.00
2030,SSP4,PRY,0.04,0.06,0.11,0.00
2030,SSP4,QAT,0.10,0.11,0.57,0.00
2030,SSP4,REU,0.13,0.00,0.00,0.00
2030,SSP4,ROU,0.06,0.18,0.21,0.00
2030,SSP4,RUS,0.06,0.41,0.12,0.00
2030,SSP4,RWA,0.06,0.00,0.00,0.00
2030,SSP4,SAU,0.07,0.15,0.29,0.00
2030,SSP4,SEN,0.09,0.00,0.00,0.00
2030,SSP4,SGP,0.01,0.15,0.84,0.00
2030,SSP4,SLB,0.14,0.01,0.00,0.00
2030,SSP4,SLE,0.03,0.00,0.00,0.00
2030,SSP4,SLV,0.12,0.00,0.00,0.00
2030,SSP4,SOM,0.01,0.00,0.00,0.00
2030,SSP4,SPM,0.12,0.20,0.11,0.00
2030,SSP4,STP,0.06,0.00,0.00,0.00
2030,SSP4,SUR,0.00,0.02,0.06,0.00
2030,SSP4,SVK,0.11,0.32,0.27,0.00
2030,SSP4,SVN,0.00,0.27,0.34,0.00
2030,SSP4,SWE,0.00,0.06,0.83,0.00
2030,SSP4,SWZ,0.04,0.00,0.00,0.00
2030,SSP4,SYR,0.33,0.12,0.02,0.00
2030,SSP4,TCA,0.03,0.01,0.09,0.00
2030,SSP4,TCD,0.05,0.00,0.00,0.00
2030,SSP4,TGO,0.03,0.00,0.00,0.00
2030,SSP4,THA,0.02,0.04,0.07,0.00
2030,SSP4,TJK,0.15,0.08,0.00,0.00
2030,SSP4,TKM,0.02,0.14,0.16,0.00
2030,SSP4,TLS,0.06,0.08,0.00,0.00
2030,SSP4,TON,0.01,0.03,0.00,0.00
2030,SSP4,TTO,0.11,0.05,0.00,0.00
2030,SSP4,TUN,0.14,0.43,0.05,0.00
2030,SSP4,TUR,0.11,0.22,0.31,0.00
2030,SSP4,TZA,0.07,0.02,0.00,0.00
2030,SSP4,UGA,0.08,0.01,0.00,0.00
2030,SSP4,UKR,0.10,0.32,0.06,0.00
2030,SSP4,URY,0.14,0.26,0.00,0.00
2030,SSP4,USA,0.01,0.27,0.55,0.00
2030,SSP4,UZB,0.13,0.17,0.04,0.00
2030,SSP4,VCT,0.01,0.05,0.01,0.00
2030,SSP4,VEN,0.27,0.15,0.05,0.00
2030,SSP4,VIR,0.27,0.12,0.00,0.00
2030,SSP4,VNM,0.02,0.10,0.01,0.00
2030,SSP4,VUT,0.10,0.03,0.00,0.00
2030,SSP4,WSM,0.01,0.02,0.00,0.00
2030,SSP4,YEM,0.17,0.01,0.00,0.00
2030,SSP4,ZAF,0.29,0.29,0.04,0.00
2030,SSP4,ZMB,0.11,0.04,0.00,0.00
2030,SSP4,ZWE,0.19,0.01,0.00,0.00
2050,SSP4,ABW,0.00,0.09,0.70,0.00
2050,SSP4,AFG,0.26,0.00,0.00,0.00
2050,SSP4,AGO,0.13,0.00,0.00,0.00
2050,SSP4,AIA,0.00,0.28,0.27,0.00
2050,SSP4,ALB,0.63,0.33,0.01,0.00
2050,SSP4,AND,0.00,0.29,0.71,0.00
2050,SSP4,ARE,0.00,0.47,0.49,0.00
2050,SSP4,ARG,0.39,0.28,0.00,0.00
2050,SSP4,ARM,0.78,0.14,0.00,0.00
2050,SSP4,ASM,0.00,0.39,0.60,0.00
2050,SSP4,AUS,0.00,0.21,0.76,0.00
2050,SSP4,AUT,0.00,0.01,0.91,0.00
2050,SSP4,AZE,0.29,0.21,0.00,0.00
2050,SSP4,BDI,0.04,0.00,0.00,0.00
2050,SSP4,BEL,0.00,0.06,0.90,0.00
2050,SSP4,BEN,0.07,0.01,0.00,0.00
2050,SSP4,BFA,0.10,0.01,0.00,0.00
2050,SSP4,BGD,0.19,0.02,0.00,0.00
2050,SSP4,BGR,0.00,0.16,0.79,0.00
2050,SSP4,BHR,0.00,0.00,0.91,0.00
2050,SSP4,BHS,0.00,0.22,0.08,0.00
2050,SSP4,BIH,0.27,0.54,0.01,0.00
2050,SSP4,BLR,0.00,0.56,0.40,0.00
2050,SSP4,BLZ,0.07,0.14,0.00,0.00
2050,SSP4,BOL,0.52,0.24,0.00,0.00
2050,SSP4,BRA,0.10,0.43,0.03,0.00
2050,SSP4,BRB,0.00,0.03,0.08,0.00
2050,SSP4,BRN,0.00,0.91,0.04,0.00
2050,SSP4,BTN,0.00,0.35,0.06,0.00
2050,SSP4,BWA,0.00,0.00,0.03,0.00
2050,SSP4,CAF,0.02,0.00,0.00,0.00
2050,SSP4,CAN,0.00,0.54,0.38,0.00
2050,SSP4,CHE,0.00,0.11,0.87,0.00
2050,SSP4,CHL,0.36,0.38,0.24,0.00
2050,SSP4,CHN,0.00,0.32,0.58,0.00
2050,SSP4,CIV,0.27,0.02,0.00,0.00
2050,SSP4,CMR,0.09,0.01,0.00,0.00
2050,SSP4,COD,0.11,0.01,0.00,0.00
2050,SSP4,COG,0.03,0.17,0.00,0.00
2050,SSP4,COL,0.80,0.11,0.00,0.00
2050,SSP4,COM,0.12,0.00,0.00,0.00
2050,SSP4,CPV,0.01,0.24,0.00,0.00
2050,SSP4,CRI,0.00,0.31,0.11,0.00
2050,SSP4,CUB,0.46,0.13,0.00,0.00
2050,SSP4,CYP,0.00,0.48,0.43,0.00
2050,SSP4,CZE,0.00,0.10,0.83,0.00
2050,SSP4,DEU,0.02,0.02,0.93,0.00
2050,SSP4,DJI,0.13,0.06,0.00,0.00
2050,SSP4,DMA,0.00,0.32,0.05,0.00
2050,SSP4,DNK,0.00,0.02,0.89,0.00
2050,SSP4,DOM,0.00,0.29,0.14,0.00
2050,SSP4,DZA,0.92,0.00,0.00,0.00
2050,SSP4,ECU,0.64,0.12,0.00,0.00
2050,SSP4,EGY,0.13,0.74,0.00,0.00
2050,SSP4,ERI,0.08,0.00,0.00,0.00
2050,SSP4,ESH,0.00,0.75,0.00,0.00
2050,SSP4,ESP,0.00,0.11,0.89,0.00
2050,SSP4,EST,0.00,0.04,0.83,0.00
2050,SSP4,ETH,0.12,0.00,0.00,0.00
2050,SSP4,FIN,0.00,0.00,0.90,0.00
2050,SSP4,FJI,0.31,0.00,0.00,0.00
2050,SSP4,FLK,0.00,0.61,0.00,0.00
2050,SSP4,FRA,0.00,0.11,0.85,0.00
2050,SSP4,FRO,0.00,0.25,0.66,0.00
2050,SSP4,GAB,0.02,0.00,0.00,0.00
2050,SSP4,GBR,0.00,0.11,0.86,0.00
2050,SSP4,GEO,0.59,0.18,0.00,0.00
2050,SSP4,GHA,0.13,0.02,0.00,0.00
2050,SSP4,GIN,0.20,0.00,0.00,0.00
2050,SSP4,GLP,0.00,0.50,0.07,0.00
2050,SSP4,GMB,0.07,0.00,0.00,0.00
2050,SSP4,GNB,0.09,0.00,0.00,0.00
2050,SSP4,GNQ,0.02,0.00,0.00,0.00
2050,SSP4,GRC,0.00,0.10,0.79,0.00
2050,SSP4,GRD,0.00,0.07,0.18,0.00
2050,SSP4,GRL,0.00,0.35,0.61,0.00
2050,SSP4,GTM,0.41,0.21,0.00,0.00
2050,SSP4,GUF,0.02,0.61,0.00,0.00
2050,SSP4,GUY,0.01,0.17,0.01,0.00
2050,SSP4,HKG,0.00,0.11,0.89,0.00
2050,SSP4,HND,0.52,0.07,0.00,0.00
2050,SSP4,HRV,0.00,0.58,0.17,0.00
2050,SSP4,HTI,0.23,0.03,0.00,0.00
2050,SSP4,HUN,0.00,0.10,0.80,0.00
2050,SSP4,IDN,0.00,0.44,0.04,0.00
2050,SSP4,IND,0.09,0.35,0.00,0.00
2050,SSP4,IRL,0.00,0.09,0.73,0.00
2050,SSP4,IRN,0.27,0.09,0.00,0.00
2050,SSP4,IRQ,0.03,0.47,0.00,0.00
2050,SSP4,ISL,0.00,0.25,0.73,0.00
2050,SSP4,ISR,0.00,0.27,0.72,0.00
2050,SSP4,ITA,0.03,0.19,0.59,0.00
2050,SSP4,JAM,0.24,0.09,0.00,0.00
2050,SSP4,JOR,0.02,0.91,0.00,0.00
2050,SSP4,JPN,0.00,0.10,0.79,0.00
2050,SSP4,KAZ,0.00,0.20,0.43,0.00
2050,SSP4,KEN,0.16,0.01,0.00,0.00
2050,SSP4,KGZ,0.34,0.07,0.00,0.00
2050,SSP4,KHM,0.32,0.02,0.00,0.00
2050,SSP4,KNA,0.00,0.03,0.24,0.00
2050,SSP4,KOR,0.00,0.18,0.78,0.00
2050,SSP4,KWT,0.00,0.10,0.90,0.00
2050,SSP4,LAO,0.17,0.20,0.00,0.00
2050,SSP4,LBN,0.11,0.00,0.00,0.00
2050,SSP4,LBR,0.14,0.01,0.00,0.00
2050,SSP4,LBY,0.35,0.00,0.00,0.00
2050,SSP4,LCA,0.00,0.09,0.15,0.00
2050,SSP4,LIE,0.00,0.00,1.00,0.00
2050,SSP4,LKA,0.00,0.20,0.05,0.00
2050,SSP4,LSO,0.03,0.01,0.00,0.00
2050,SSP4,LTU,0.00,0.07,0.84,0.00
2050,SSP4,LUX,0.00,0.11,0.87,0.00
2050,SSP4,LVA,0.00,0.10,0.83,0.00
2050,SSP4,MAR,0.68,0.13,0.00,0.00
2050,SSP4,MDA,0.03,0.53,0.00,0.00
2050,SSP4,MDG,0.11,0.00,0.00,0.00
2050,SSP4,MEX,0.03,0.76,0.00,0.00
2050,SSP4,MKD,0.20,0.64,0.00,0.00
2050,SSP4,MLI,0.13,0.00,0.00,0.00
2050,SSP4,MLT,0.00,0.66,0.32,0.00
2050,SSP4,MMR,0.04,0.07,0.00,0.00
2050,SSP4,MNG,0.00,0.07,0.60,0.00
2050,SSP4,MOZ,0.08,0.00,0.00,0.00
2050,SSP4,MRT,0.13,0.01,0.00,0.00
2050,SSP4,MSR,0.00,0.51,0.00,0.00
2050,SSP4,MTQ,0.46,0.18,0.00,0.00
2050,SSP4,MUS,0.15,0.11,0.00,0.00
2050,SSP4,MWI,0.14,0.00,0.00,0.00
2050,SSP4,MYS,0.00,0.82,0.12,0.00
2050,SSP4,NAM,0.35,0.08,0.00,0.00
2050,SSP4,NCL,0.00,0.69,0.17,0.00
2050,SSP4,NER,0.07,0.00,0.00,0.00
2050,SSP4,NGA,0.19,0.03,0.00,0.00
2050,SSP4,NIC,0.29,0.16,0.00,0.00
2050,SSP4,NLD,0.00,0.01,0.99,0.00
2050,SSP4,NOR,0.00,0.11,0.84,0.00
2050,SSP4,NPL,0.23,0.00,0.00,0.00
2050,SSP4,NZL,0.00,0.11,0.85,0.00
2050,SSP4,OMN,0.11,0.04,0.00,0.00
2050,SSP4,PAK,0.40,0.02,0.00,0.00
2050,SSP4,PAN,0.00,0.09,0.50,0.00
2050,SSP4,PER,0.60,0.28,0.00,0.00
2050,SSP4,PHL,0.08,0.19,0.00,0.00
2050,SSP4,PNG,0.26,0.07,0.00,0.00
2050,SSP4,POL,0.00,0.10,0.79,0.00
2050,SSP4,PRI,0.74,0.25,0.00,0.00
2050,SSP4,PRK,0.03,0.10,0.39,0.00
2050,SSP4,PRT,0.00,0.45,0.33,0.00
2050,SSP4,PRY,0.00,0.20,0.20,0.00
2050,SSP4,QAT,0.00,0.00,0.88,0.00
2050,SSP4,REU,0.19,0.00,0.00,0.00
2050,SSP4,ROU,0.00,0.08,0.62,0.00
2050,SSP4,RUS,0.00,0.77,0.18,0.00
2050,SSP4,RWA,0.13,0.00,0.00,0.00
2050,SSP4,SAU,0.00,0.07,0.59,0.00
2050,SSP4,SEN,0.14,0.00,0.00,0.00
2050,SSP4,SGP,0.00,0.00,1.00,0.00
2050,SSP4,SLB,0.30,0.00,0.00,0.00
2050,SSP4,SLE,0.06,0.00,0.00,0.00
2050,SSP4,SLV,0.30,0.00,0.00,0.00
2050,SSP4,SOM,0.01,0.00,0.00,0.00
2050,SSP4,SPM,0.00,0.81,0.14,0.00
2050,SSP4,STP,0.17,0.00,0.00,0.00
2050,SSP4,SUR,0.00,0.05,0.14,0.00
2050,SSP4,SVK,0.00,0.17,0.69,0.00
2050,SSP4,SVN,0.00,0.08,0.67,0.00
2050,SSP4,SWE,0.00,0.11,0.85,0.00
2050,SSP4,SWZ,0.06,0.00,0.00,0.00
2050,SSP4,SYR,0.34,0.00,0.00,0.00
2050,SSP4,TCA,0.00,0.03,0.26,0.00
2050,SSP4,TCD,0.08,0.00,0.00,0.00
2050,SSP4,TGO,0.05,0.00,0.00,0.00
2050,SSP4,THA,0.00,0.15,0.17,0.00
2050,SSP4,TJK,0.22,0.18,0.00,0.00
2050,SSP4,TKM,0.00,0.11,0.48,0.00
2050,SSP4,TLS,0.19,0.18,0.00,0.00
2050,SSP4,TON,0.01,0.04,0.00,0.00
2050,SSP4,TTO,0.08,0.16,0.00,0.00
2050,SSP4,TUN,0.00,0.76,0.06,0.00
2050,SSP4,TUR,0.07,0.33,0.54,0.00
2050,SSP4,TZA,0.19,0.03,0.00,0.00
2050,SSP4,UGA,0.19,0.00,0.00,0.00
2050,SSP4,UKR,0.02,0.62,0.00,0.00
2050,SSP4,URY,0.04,0.47,0.00,0.00
2050,SSP4,USA,0.00,0.10,0.83,0.00
2050,SSP4,UZB,0.06,0.54,0.00,0.00
2050,SSP4,VCT,0.01,0.16,0.00,0.00
2050,SSP4,VEN,0.61,0.38,0.00,0.00
2050,SSP4,VIR,0.41,0.20,0.00,0.00
2050,SSP4,VNM,0.05,0.29,0.00,0.00
2050,SSP4,VUT,0.32,0.00,0.00,0.00
2050,SSP4,WSM,0.02,0.03,0.00,0.00
2050,SSP4,YEM,0.24,0.00,0.00,0.00
2050,SSP4,ZAF,0.11,0.63,0.00,0.00
2050,SSP4,ZMB,0.26,0.04,0.00,0.00
2050,SSP4,ZWE,0.22,0.00,0.00,0.00
2100,SSP4,ABW,0.00,0.10,0.80,0.00
2100,SSP4,AFG,0.45,0.18,0.00,0.00
2100,SSP4,AGO,0.08,0.38,0.00,0.00
2100,SSP4,AIA,0.00,0.08,0.61,0.00
2100,SSP4,ALB,0.00,0.66,0.32,0.00
2100,SSP4,AND,0.00,0.11,0.89,0.00
2100,SSP4,ARE,0.00,0.48,0.49,0.00
2100,SSP4,ARG,0.00,0.78,0.03,0.00
2100,SSP4,ARM,0.28,0.69,0.00,0.00
2100,SSP4,ASM,0.00,0.11,0.87,0.00
2100,SSP4,AUS,0.00,0.11,0.88,0.00
2100,SSP4,AUT,0.00,0.01,0.91,0.00
2100,SSP4,AZE,0.00,0.36,0.42,0.00
2100,SSP4,BDI,0.13,0.00,0.00,0.00
2100,SSP4,BEL,0.00,0.06,0.91,0.00
2100,SSP4,BEN,0.17,0.01,0.00,0.00
2100,SSP4,BFA,0.29,0.01,0.00,0.00
2100,SSP4,BGD,0.19,0.02,0.00,0.00
2100,SSP4,BGR,0.00,0.11,0.86,0.00
2100,SSP4,BHR,0.00,0.00,0.91,0.00
2100,SSP4,BHS,0.00,0.06,0.30,0.00
2100,SSP4,BIH,0.00,0.77,0.18,0.00
2100,SSP4,BLR,0.00,0.11,0.87,0.00
2100,SSP4,BLZ,0.00,0.22,0.20,0.00
2100,SSP4,BOL,0.00,0.09,0.88,0.00
2100,SSP4,BRA,0.00,0.67,0.30,0.00
2100,SSP4,BRB,0.00,0.02,0.11,0.00
2100,SSP4,BRN,0.00,0.36,0.59,0.00
2100,SSP4,BTN,0.00,0.31,0.18,0.00
2100,SSP4,BWA,0.00,0.00,0.03,0.00
2100,SSP4,CAF,0.04,0.00,0.00,0.00
2100,SSP4,CAN,0.00,0.11,0.87,0.00
2100,SSP4,CHE,0.00,0.11,0.87,0.00
2100,SSP4,CHL,0.00,0.31,0.68,0.00
2100,SSP4,CHN,0.00,0.11,0.86,0.00
2100,SSP4,CIV,0.34,0.08,0.00,0.00
2100,SSP4,CMR,0.18,0.03,0.00,0.00
2100,SSP4,COD,0.28,0.01,0.00,0.00
2100,SSP4,COG,0.00,0.30,0.11,0.00
2100,SSP4,COL,0.00,0.92,0.05,0.00
2100,SSP4,COM,0.34,0.06,0.00,0.00
2100,SSP4,CPV,0.01,0.25,0.00,0.00
2100,SSP4,CRI,0.00,0.11,0.42,0.00
2100,SSP4,CUB,0.42,0.24,0.00,0.00
2100,SSP4,CYP,0.00,0.11,0.84,0.00
2100,SSP4,CZE,0.00,0.11,0.86,0.00
2100,SSP4,DEU,0.02,0.02,0.93,0.00
2100,SSP4,DJI,0.17,0.21,0.00,0.00
2100,SSP4,DMA,0.00,0.11,0.40,0.00
2100,SSP4,DNK,0.00,0.02,0.90,0.00
2100,SSP4,DOM,0.00,0.06,0.49,0.00
2100,SSP4,DZA,0.00,0.91,0.06,0.00
2100,SSP4,ECU,0.00,0.87,0.09,0.00
2100,SSP4,EGY,0.00,0.11,0.85,0.00
2100,SSP4,ERI,0.22,0.00,0.00,0.00
2100,SSP4,ESH,0.00,0.17,0.78,0.00
2100,SSP4,ESP,0.00,0.11,0.89,0.00
2100,SSP4,EST,0.00,0.04,0.87,0.00
2100,SSP4,ETH,0.33,0.00,0.00,0.00
2100,SSP4,FIN,0.00,0.00,0.92,0.00
2100,SSP4,FJI,0.50,0.00,0.00,0.00
2100,SSP4,FLK,0.00,0.42,0.53,0.00
2100,SSP4,FRA,0.00,0.11,0.87,0.00
2100,SSP4,FRO,0.00,0.10,0.81,0.00
2100,SSP4,GAB,0.38,0.05,0.00,0.00
2100,SSP4,GBR,0.00,0.11,0.86,0.00
2100,SSP4,GEO,0.15,0.83,0.00,0.00
2100,SSP4,GHA,0.23,0.07,0.00,0.00
2100,SSP4,GIN,0.35,0.00,0.00,0.00
2100,SSP4,GLP,0.00,0.47,0.25,0.00
2100,SSP4,GMB,0.16,0.00,0.00,0.00
2100,SSP4,GNB,0.22,0.00,0.00,0.00
2100,SSP4,GNQ,0.04,0.00,0.00,0.00
2100,SSP4,GRC,0.00,0.10,0.83,0.00
2100,SSP4,GRD,0.00,0.04,0.35,0.00
2100,SSP4,GRL,0.00,0.11,0.85,0.00
2100,SSP4,GTM,0.00,0.63,0.24,0.00
2100,SSP4,GUF,0.00,0.23,0.62,0.00
2100,SSP4,GUY,0.00,0.19,0.26,0.00
2100,SSP4,HKG,0.00,0.11,0.89,0.00
2100,SSP4,HND,0.25,0.58,0.00,0.00
2100,SSP4,HRV,0.00,0.10,0.81,0.00
2100,SSP4,HTI,0.27,0.23,0.00,0.00
2100,SSP4,HUN,0.00,0.10,0.84,0.00
2100,SSP4,IDN,0.00,0.08,0.67,0.00
2100,SSP4,IND,0.00,0.26,0.45,0.00
2100,SSP4,IRL,0.00,0.10,0.83,0.00
2100,SSP4,IRN,0.26,0.12,0.00,0.00
2100,SSP4,IRQ,0.00,0.09,0.71,0.00
2100,SSP4,ISL,0.00,0.11,0.87,0.00
2100,SSP4,ISR,0.00,0.11,0.88,0.00
2100,SSP4,ITA,0.00,0.11,0.84,0.00
2100,SSP4,JAM,0.00,0.49,0.01,0.00
2100,SSP4,JOR,0.00,0.11,0.88,0.00
2100,SSP4,JPN,0.00,0.11,0.84,0.00
2100,SSP4,KAZ,0.00,0.08,0.64,0.00
2100,SSP4,KEN,0.30,0.09,0.00,0.00
2100,SSP4,KGZ,0.33,0.29,0.00,0.00
2100,SSP4,KHM,0.35,0.05,0.00,0.00
2100,SSP4,KNA,0.00,0.05,0.36,0.00
2100,SSP4,KOR,0.00,0.11,0.88,0.00
2100,SSP4,KWT,0.00,0.10,0.90,0.00
2100,SSP4,LAO,0.00,0.56,0.00,0.00
2100,SSP4,LBN,0.13,0.00,0.00,0.00
2100,SSP4,LBR,0.39,0.01,0.00,0.00
2100,SSP4,LBY,0.65,0.35,0.00,0.00
2100,SSP4,LCA,0.00,0.05,0.36,0.00
2100,SSP4,LIE,0.00,0.00,1.00,0.00
2100,SSP4,LKA,0.00,0.21,0.07,0.00
2100,SSP4,LSO,0.15,0.03,0.00,0.00
2100,SSP4,LTU,0.00,0.07,0.88,0.00
2100,SSP4,LUX,0.00,0.11,0.87,0.00
2100,SSP4,LVA,0.00,0.11,0.86,0.00
2100,SSP4,MAR,0.30,0.69,0.00,0.00
2100,SSP4,MDA,0.00,0.77,0.09,0.00
2100,SSP4,MDG,0.45,0.03,0.00,0.00
2100,SSP4,MEX,0.00,0.11,0.88,0.00
2100,SSP4,MKD,0.00,0.11,0.87,0.00
2100,SSP4,MLI,0.32,0.00,0.00,0.00
2100,SSP4,MLT,0.00,0.11,0.88,0.00
2100,SSP4,MMR,0.04,0.07,0.00,0.00
2100,SSP4,MNG,0.00,0.11,0.86,0.00
2100,SSP4,MOZ,0.18,0.00,0.00,0.00
2100,SSP4,MRT,0.25,0.10,0.00,0.00
2100,SSP4,MSR,0.00,0.23,0.42,0.00
2100,SSP4,MTQ,0.20,0.58,0.00,0.00
2100,SSP4,MUS,0.15,0.11,0.00,0.00
2100,SSP4,MWI,0.51,0.04,0.00,0.00
2100,SSP4,MYS,0.00,0.11,0.86,0.00
2100,SSP4,NAM,0.23,0.34,0.00,0.00
2100,SSP4,NCL,0.00,0.10,0.82,0.00
2100,SSP4,NER,0.37,0.00,0.00,0.00
2100,SSP4,NGA,0.22,0.23,0.00,0.00
2100,SSP4,NIC,0.22,0.33,0.00,0.00
2100,SSP4,NLD,0.00,0.01,0.99,0.00
2100,SSP4,NOR,0.00,0.11,0.86,0.00
2100,SSP4,NPL,0.35,0.06,0.00,0.00
2100,SSP4,NZL,0.00,0.11,0.87,0.00
2100,SSP4,OMN,0.06,0.11,0.00,0.00
2100,SSP4,PAK,0.43,0.19,0.00,0.00
2100,SSP4,PAN,0.00,0.07,0.60,0.00
2100,SSP4,PER,0.00,0.97,0.01,0.00
2100,SSP4,PHL,0.00,0.33,0.19,0.00
2100,SSP4,PNG,0.00,0.70,0.02,0.00
2100,SSP4,POL,0.00,0.10,0.83,0.00
2100,SSP4,PRI,0.73,0.26,0.00,0.00
2100,SSP4,PRK,0.03,0.10,0.41,0.00
2100,SSP4,PRT,0.00,0.10,0.83,0.00
2100,SSP4,PRY,0.00,0.09,0.73,0.00
2100,SSP4,QAT,0.00,0.00,0.88,0.00
2100,SSP4,REU,0.55,0.00,0.00,0.00
2100,SSP4,ROU,0.00,0.10,0.78,0.00
2100,SSP4,RUS,0.00,0.11,0.86,0.00
2100,SSP4,RWA,0.32,0.02,0.00,0.00
2100,SSP4,SAU,0.00,0.09,0.72,0.00
2100,SSP4,SEN,0.35,0.02,0.00,0.00
2100,SSP4,SGP,0.00,0.00,1.00,0.00
2100,SSP4,SLB,0.73,0.14,0.00,0.00
2100,SSP4,SLE,0.14,0.00,0.00,0.00
2100,SSP4,SLV,0.30,0.00,0.00,0.00
2100,SSP4,SOM,0.02,0.00,0.00,0.00
2100,SSP4,SPM,0.00,0.11,0.86,0.00
2100,SSP4,STP,0.25,0.00,0.00,0.00
2100,SSP4,SUR,0.00,0.04,0.36,0.00
2100,SSP4,SVK,0.00,0.10,0.79,0.00
2100,SSP4,SVN,0.00,0.10,0.80,0.00
2100,SSP4,SWE,0.00,0.11,0.87,0.00
2100,SSP4,SWZ,0.07,0.05,0.00,0.00
2100,SSP4,SYR,0.48,0.00,0.00,0.00
2100,SSP4,TCA,0.00,0.05,0.39,0.00
2100,SSP4,TCD,0.31,0.01,0.00,0.00
2100,SSP4,TGO,0.12,0.00,0.00,0.00
2100,SSP4,THA,0.00,0.05,0.38,0.00
2100,SSP4,TJK,0.23,0.45,0.00,0.00
2100,SSP4,TKM,0.00,0.07,0.60,0.00
2100,SSP4,TLS,0.06,0.42,0.00,0.00
2100,SSP4,TON,0.03,0.21,0.00,0.00
2100,SSP4,TTO,0.08,0.16,0.00,0.00
2100,SSP4,TUN,0.00,0.67,0.30,0.00
2100,SSP4,TUR,0.00,0.11,0.86,0.00
2100,SSP4,TZA,0.27,0.16,0.00,0.00
2100,SSP4,UGA,0.40,0.14,0.00,0.00
2100,SSP4,UKR,0.00,0.29,0.68,0.00
2100,SSP4,URY,0.00,0.78,0.01,0.00
2100,SSP4,USA,0.00,0.11,0.87,0.00
2100,SSP4,UZB,0.00,0.40,0.47,0.00
2100,SSP4,VCT,0.00,0.17,0.10,0.00
2100,SSP4,VEN,0.00,0.39,0.61,0.00
2100,SSP4,VIR,0.15,0.60,0.00,0.00
2100,SSP4,VNM,0.00,0.38,0.13,0.00
2100,SSP4,VUT,0.30,0.31,0.00,0.00
2100,SSP4,WSM,0.04,0.19,0.00,0.00
2100,SSP4,YEM,0.62,0.06,0.00,0.00
2100,SSP4,ZAF,0.00,0.53,0.43,0.00
2100,SSP4,ZMB,0.22,0.34,0.00,0.00
2100,SSP4,ZWE,0.59,0.11,0.00,0.00
2025,SSP5,ABW,0.08,0.01,0.20,0.00
2025,SSP5,AFG,0.06,0.00,0.02,0.00
2025,SSP5,AGO,0.11,0.00,0.02,0.00
2025,SSP5,AIA,0.03,0.03,0.18,0.00
2025,SSP5,ALB,0.18,0.15,0.01,0.00
2025,SSP5,AND,0.02,0.60,0.31,0.00
2025,SSP5,ARE,0.12,0.49,0.25,0.00
2025,SSP5,ARG,0.29,0.15,0.03,0.00
2025,SSP5,ARM,0.39,0.09,0.00,0.00
2025,SSP5,ASM,0.05,0.33,0.18,0.00
2025,SSP5,AUS,0.17,0.25,0.40,0.00
2025,SSP5,AUT,0.00,0.01,0.92,0.00
2025,SSP5,AZE,0.26,0.06,0.03,0.00
2025,SSP5,BDI,0.04,0.00,0.03,0.00
2025,SSP5,BEL,0.00,0.08,0.72,0.00
2025,SSP5,BEN,0.03,0.01,0.01,0.00
2025,SSP5,BFA,0.01,0.03,0.00,0.00
2025,SSP5,BGD,0.13,0.04,0.02,0.00
2025,SSP5,BGR,0.01,0.25,0.33,0.00
2025,SSP5,BHR,0.13,0.16,0.59,0.00
2025,SSP5,BHS,0.07,0.00,0.12,0.00
2025,SSP5,BIH,0.15,0.16,0.01,0.00
2025,SSP5,BLR,0.03,0.52,0.26,0.00
2025,SSP5,BLZ,0.05,0.10,0.04,0.00
2025,SSP5,BOL,0.25,0.10,0.03,0.00
2025,SSP5,BRA,0.17,0.21,0.04,0.00
2025,SSP5,BRB,0.02,0.02,0.06,0.00
2025,SSP5,BRN,0.00,0.23,0.17,0.00
2025,SSP5,BTN,0.02,0.08,0.08,0.00
2025,SSP5,BWA,0.05,0.05,0.01,0.00
2025,SSP5,CAF,0.03,0.00,0.00,0.00
2025,SSP5,CAN,0.11,0.48,0.23,0.00
2025,SSP5,CHE,0.00,0.18,0.80,0.00
2025,SSP5,CHL,0.15,0.23,0.40,0.00
2025,SSP5,CHN,0.11,0.12,0.21,0.00
2025,SSP5,CIV,0.15,0.03,0.01,0.00
2025,SSP5,CMR,0.04,0.02,0.00,0.00
2025,SSP5,COD,0.05,0.00,0.03,0.00
2025,SSP5,COG,0.01,0.07,0.09,0.00
2025,SSP5,COL,0.40,0.13,0.03,0.00
2025,SSP5,COM,0.12,0.03,0.03,0.00
2025,SSP5,CPV,0.13,0.05,0.00,0.00
2025,SSP5,CRI,0.04,0.00,0.17,0.00
2025,SSP5,CUB,0.25,0.10,0.00,0.00
2025,SSP5,CYP,0.00,0.34,0.16,0.00
2025,SSP5,CZE,0.00,0.09,0.72,0.00
2025,SSP5,DEU,0.01,0.03,0.93,0.00
2025,SSP5,DJI,0.08,0.09,0.02,0.00
2025,SSP5,DMA,0.05,0.02,0.15,0.00
2025,SSP5,DNK,0.02,0.02,0.87,0.00
2025,SSP5,DOM,0.16,0.06,0.13,0.00
2025,SSP5,DZA,0.41,0.05,0.03,0.00
2025,SSP5,ECU,0.25,0.07,0.03,0.00
2025,SSP5,EGY,0.17,0.27,0.04,0.00
2025,SSP5,ERI,0.01,0.02,0.00,0.00
2025,SSP5,ESH,0.05,0.35,0.02,0.00
2025,SSP5,ESP,0.02,0.27,0.67,0.00
2025,SSP5,EST,0.01,0.11,0.70,0.00
2025,SSP5,ETH,0.16,0.01,0.03,0.00
2025,SSP5,FIN,0.00,0.00,0.85,0.00
2025,SSP5,FJI,0.16,0.00,0.00,0.00
2025,SSP5,FLK,0.07,0.30,0.02,0.00
2025,SSP5,FRA,0.00,0.25,0.59,0.00
2025,SSP5,FRO,0.03,0.60,0.26,0.00
2025,SSP5,GAB,0.08,0.01,0.00,0.00
2025,SSP5,GBR,0.00,0.38,0.59,0.00
2025,SSP5,GEO,0.31,0.06,0.00,0.00
2025,SSP5,GHA,0.13,0.02,0.01,0.00
2025,SSP5,GIN,0.12,0.01,0.00,0.00
2025,SSP5,GLP,0.12,0.28,0.08,0.00
2025,SSP5,GMB,0.04,0.00,0.00,0.00
2025,SSP5,GNB,0.01,0.03,0.00,0.00
2025,SSP5,GNQ,0.03,0.01,0.00,0.00
2025,SSP5,GRC,0.09,0.13,0.59,0.00
2025,SSP5,GRD,0.02,0.01,0.12,0.00
2025,SSP5,GRL,0.01,0.44,0.46,0.00
2025,SSP5,GTM,0.13,0.17,0.08,0.00
2025,SSP5,GUF,0.08,0.24,0.04,0.00
2025,SSP5,GUY,0.06,0.04,0.01,0.00
2025,SSP5,HKG,0.29,0.16,0.26,0.00
2025,SSP5,HND,0.22,0.16,0.03,0.00
2025,SSP5,HRV,0.14,0.30,0.04,0.00
2025,SSP5,HTI,0.09,0.06,0.03,0.00
2025,SSP5,HUN,0.04,0.27,0.46,0.00
2025,SSP5,IDN,0.01,0.10,0.07,0.00
2025,SSP5,IND,0.04,0.14,0.03,0.00
2025,SSP5,IRL,0.09,0.33,0.28,0.00
2025,SSP5,IRN,0.17,0.10,0.00,0.00
2025,SSP5,IRQ,0.07,0.14,0.03,0.00
2025,SSP5,ISL,0.56,0.02,0.25,0.00
2025,SSP5,ISR,0.04,0.31,0.58,0.00
2025,SSP5,ITA,0.03,0.21,0.45,0.00
2025,SSP5,JAM,0.16,0.06,0.02,0.00
2025,SSP5,JOR,0.10,0.54,0.05,0.00
2025,SSP5,JPN,0.00,0.42,0.35,0.00
2025,SSP5,KAZ,0.13,0.17,0.17,0.00
2025,SSP5,KEN,0.14,0.04,0.03,0.00
2025,SSP5,KGZ,0.22,0.03,0.00,0.00
2025,SSP5,KHM,0.15,0.03,0.02,0.00
2025,SSP5,KNA,0.00,0.02,0.12,0.00
2025,SSP5,KOR,0.23,0.30,0.38,0.00
2025,SSP5,KWT,0.16,0.23,0.61,0.00
2025,SSP5,LAO,0.06,0.14,0.03,0.00
2025,SSP5,LBN,0.20,0.12,0.02,0.00
2025,SSP5,LBR,0.11,0.00,0.03,0.00
2025,SSP5,LBY,0.25,0.05,0.01,0.00
2025,SSP5,LCA,0.02,0.01,0.11,0.00
2025,SSP5,LIE,0.00,0.41,0.54,0.00
2025,SSP5,LKA,0.02,0.08,0.04,0.00
2025,SSP5,LSO,0.09,0.01,0.02,0.00
2025,SSP5,LTU,0.08,0.10,0.58,0.00
2025,SSP5,LUX,0.03,0.45,0.47,0.00
2025,SSP5,LVA,0.02,0.28,0.41,0.00
2025,SSP5,MAR,0.37,0.08,0.01,0.00
2025,SSP5,MDA,0.04,0.26,0.00,0.00
2025,SSP5,MDG,0.13,0.00,0.03,0.00
2025,SSP5,MEX,0.17,0.32,0.03,0.00
2025,SSP5,MKD,0.09,0.19,0.03,0.00
2025,SSP5,MLI,0.05,0.01,0.02,0.00
2025,SSP5,MLT,0.05,0.38,0.06,0.00
2025,SSP5,MMR,0.06,0.06,0.02,0.00
2025,SSP5,MNG,0.08,0.02,0.18,0.00
2025,SSP5,MOZ,0.02,0.01,0.02,0.00
2025,SSP5,MRT,0.02,0.01,0.00,0.00
2025,SSP5,MSR,0.10,0.01,0.17,0.00
2025,SSP5,MTQ,0.23,0.15,0.03,0.00
2025,SSP5,MUS,0.13,0.09,0.06,0.00
2025,SSP5,MWI,0.07,0.00,0.03,0.00
2025,SSP5,MYS,0.36,0.11,0.14,0.00
2025,SSP5,NAM,0.25,0.08,0.00,0.00
2025,SSP5,NCL,0.04,0.15,0.08,0.00
2025,SSP5,NER,0.00,0.00,0.02,0.00
2025,SSP5,NGA,0.10,0.04,0.03,0.00
2025,SSP5,NIC,0.07,0.17,0.03,0.00
2025,SSP5,NLD,0.00,0.01,0.98,0.00
2025,SSP5,NOR,0.16,0.04,0.65,0.00
2025,SSP5,NPL,0.16,0.02,0.02,0.00
2025,SSP5,NZL,0.06,0.22,0.54,0.00
2025,SSP5,OMN,0.04,0.21,0.03,0.00
2025,SSP5,PAK,0.26,0.05,0.03,0.00
2025,SSP5,PAN,0.16,0.04,0.18,0.00
2025,SSP5,PER,0.35,0.12,0.02,0.00
2025,SSP5,PHL,0.02,0.12,0.03,0.00
2025,SSP5,PNG,0.13,0.03,0.02,0.00
2025,SSP5,POL,0.00,0.14,0.58,0.00
2025,SSP5,PRI,0.47,0.19,0.00,0.00
2025,SSP5,PRK,0.19,0.12,0.10,0.00
2025,SSP5,PRT,0.04,0.44,0.21,0.00
2025,SSP5,PRY,0.04,0.04,0.12,0.00
2025,SSP5,QAT,0.12,0.14,0.55,0.00
2025,SSP5,REU,0.19,0.00,0.03,0.00
2025,SSP5,ROU,0.07,0.19,0.19,0.00
2025,SSP5,RUS,0.06,0.38,0.12,0.00
2025,SSP5,RWA,0.15,0.01,0.02,0.00
2025,SSP5,SAU,0.07,0.16,0.27,0.00
2025,SSP5,SEN,0.07,0.02,0.00,0.00
2025,SSP5,SGP,0.01,0.17,0.82,0.00
2025,SSP5,SLB,0.05,0.01,0.00,0.00
2025,SSP5,SLE,0.01,0.02,0.00,0.00
2025,SSP5,SLV,0.15,0.05,0.00,0.00
2025,SSP5,SOM,0.03,0.00,0.00,0.00
2025,SSP5,SPM,0.13,0.19,0.06,0.00
2025,SSP5,STP,0.00,0.00,0.00,0.00
2025,SSP5,SUR,0.00,0.03,0.06,0.00
2025,SSP5,SVK,0.12,0.35,0.22,0.00
2025,SSP5,SVN,0.01,0.29,0.31,0.00
2025,SSP5,SWE,0.00,0.06,0.83,0.00
2025,SSP5,SWZ,0.06,0.06,0.02,0.00
2025,SSP5,SYR,0.32,0.13,0.02,0.00
2025,SSP5,TCA,0.04,0.02,0.13,0.00
2025,SSP5,TCD,0.01,0.02,0.01,0.00
2025,SSP5,TGO,0.01,0.03,0.00,0.00
2025,SSP5,THA,0.02,0.03,0.10,0.00
2025,SSP5,TJK,0.09,0.07,0.00,0.00
2025,SSP5,TKM,0.02,0.15,0.13,0.00
2025,SSP5,TLS,0.01,0.10,0.09,0.00
2025,SSP5,TON,0.00,0.00,0.00,0.00
2025,SSP5,TTO,0.10,0.03,0.07,0.00
2025,SSP5,TUN,0.17,0.42,0.03,0.00
2025,SSP5,TUR,0.11,0.20,0.32,0.00
2025,SSP5,TZA,0.11,0.03,0.02,0.00
2025,SSP5,UGA,0.14,0.02,0.02,0.00
2025,SSP5,UKR,0.10,0.33,0.03,0.00
2025,SSP5,URY,0.15,0.25,0.02,0.00
2025,SSP5,USA,0.01,0.28,0.53,0.00
2025,SSP5,UZB,0.17,0.12,0.02,0.00
2025,SSP5,VCT,0.00,0.07,0.02,0.00
2025,SSP5,VEN,0.17,0.22,0.03,0.00
2025,SSP5,VIR,0.21,0.18,0.03,0.00
2025,SSP5,VNM,0.04,0.08,0.02,0.00
2025,SSP5,VUT,0.07,0.02,0.00,0.00
2025,SSP5,WSM,0.00,0.00,0.00,0.00
2025,SSP5,YEM,0.12,0.02,0.00,0.00
2025,SSP5,ZAF,0.32,0.26,0.03,0.00
2025,SSP5,ZMB,0.11,0.08,0.03,0.00
2025,SSP5,ZWE,0.17,0.01,0.02,0.00
2030,SSP5,ABW,0.08,0.02,0.25,0.00
2030,SSP5,AFG,0.06,0.01,0.07,0.00
2030,SSP5,AGO,0.11,0.01,0.06,0.00
2030,SSP5,AIA,0.03,0.03,0.23,0.00
2030,SSP5,ALB,0.18,0.19,0.01,0.00
2030,SSP5,AND,0.02,0.56,0.36,0.00
2030,SSP5,ARE,0.11,0.46,0.30,0.00
2030,SSP5,ARG,0.27,0.16,0.08,0.00
2030,SSP5,ARM,0.41,0.11,0.00,0.00
2030,SSP5,ASM,0.04,0.31,0.23,0.00
2030,SSP5,AUS,0.15,0.24,0.44,0.00
2030,SSP5,AUT,0.00,0.01,0.92,0.00
2030,SSP5,AZE,0.25,0.07,0.07,0.00
2030,SSP5,BDI,0.04,0.00,0.08,0.00
2030,SSP5,BEL,0.00,0.08,0.74,0.00
2030,SSP5,BEN,0.02,0.04,0.04,0.00
2030,SSP5,BFA,0.01,0.08,0.01,0.00
2030,SSP5,BGD,0.13,0.05,0.05,0.00
2030,SSP5,BGR,0.01,0.24,0.37,0.00
2030,SSP5,BHR,0.13,0.14,0.62,0.00
2030,SSP5,BHS,0.06,0.01,0.16,0.00
2030,SSP5,BIH,0.15,0.21,0.01,0.00
2030,SSP5,BLR,0.03,0.49,0.31,0.00
2030,SSP5,BLZ,0.04,0.10,0.08,0.00
2030,SSP5,BOL,0.25,0.10,0.07,0.00
2030,SSP5,BRA,0.16,0.22,0.09,0.00
2030,SSP5,BRB,0.01,0.02,0.09,0.00
2030,SSP5,BRN,0.00,0.23,0.22,0.00
2030,SSP5,BTN,0.02,0.09,0.13,0.00
2030,SSP5,BWA,0.05,0.05,0.03,0.00
2030,SSP5,CAF,0.07,0.00,0.00,0.00
2030,SSP5,CAN,0.10,0.45,0.28,0.00
2030,SSP5,CHE,0.00,0.17,0.81,0.00
2030,SSP5,CHL,0.14,0.23,0.43,0.00
2030,SSP5,CHN,0.10,0.12,0.26,0.00
2030,SSP5,CIV,0.16,0.08,0.01,0.00
2030,SSP5,CMR,0.04,0.07,0.01,0.00
2030,SSP5,COD,0.05,0.00,0.08,0.00
2030,SSP5,COG,0.01,0.08,0.14,0.00
2030,SSP5,COL,0.38,0.13,0.07,0.00
2030,SSP5,COM,0.13,0.03,0.07,0.00
2030,SSP5,CPV,0.12,0.07,0.00,0.00
2030,SSP5,CRI,0.04,0.01,0.22,0.00
2030,SSP5,CUB,0.24,0.15,0.00,0.00
2030,SSP5,CYP,0.00,0.33,0.21,0.00
2030,SSP5,CZE,0.00,0.09,0.73,0.00
2030,SSP5,DEU,0.01,0.03,0.93,0.00
2030,SSP5,DJI,0.07,0.10,0.07,0.00
2030,SSP5,DMA,0.05,0.02,0.19,0.00
2030,SSP5,DNK,0.02,0.02,0.87,0.00
2030,SSP5,DOM,0.15,0.06,0.18,0.00
2030,SSP5,DZA,0.40,0.06,0.07,0.00
2030,SSP5,ECU,0.24,0.07,0.07,0.00
2030,SSP5,EGY,0.16,0.28,0.09,0.00
2030,SSP5,ERI,0.01,0.07,0.00,0.00
2030,SSP5,ESH,0.04,0.35,0.07,0.00
2030,SSP5,ESP,0.02,0.26,0.69,0.00
2030,SSP5,EST,0.01,0.11,0.72,0.00
2030,SSP5,ETH,0.16,0.01,0.07,0.00
2030,SSP5,FIN,0.00,0.00,0.86,0.00
2030,SSP5,FJI,0.21,0.01,0.00,0.00
2030,SSP5,FLK,0.07,0.30,0.07,0.00
2030,SSP5,FRA,0.00,0.24,0.61,0.00
2030,SSP5,FRO,0.03,0.56,0.31,0.00
2030,SSP5,GAB,0.10,0.04,0.00,0.00
2030,SSP5,GBR,0.00,0.36,0.61,0.00
2030,SSP5,GEO,0.34,0.08,0.00,0.00
2030,SSP5,GHA,0.13,0.05,0.04,0.00
2030,SSP5,GIN,0.15,0.04,0.00,0.00
2030,SSP5,GLP,0.11,0.28,0.13,0.00
2030,SSP5,GMB,0.07,0.00,0.00,0.00
2030,SSP5,GNB,0.01,0.08,0.00,0.00
2030,SSP5,GNQ,0.03,0.03,0.01,0.00
2030,SSP5,GRC,0.08,0.13,0.62,0.00
2030,SSP5,GRD,0.02,0.02,0.16,0.00
2030,SSP5,GRL,0.01,0.41,0.49,0.00
2030,SSP5,GTM,0.12,0.18,0.14,0.00
2030,SSP5,GUF,0.08,0.24,0.09,0.00
2030,SSP5,GUY,0.06,0.06,0.02,0.00
2030,SSP5,HKG,0.27,0.15,0.32,0.00
2030,SSP5,HND,0.21,0.16,0.08,0.00
2030,SSP5,HRV,0.13,0.31,0.07,0.00
2030,SSP5,HTI,0.09,0.06,0.08,0.00
2030,SSP5,HUN,0.03,0.25,0.49,0.00
2030,SSP5,IDN,0.01,0.11,0.12,0.00
2030,SSP5,IND,0.04,0.15,0.07,0.00
2030,SSP5,IRL,0.08,0.31,0.33,0.00
2030,SSP5,IRN,0.16,0.13,0.01,0.00
2030,SSP5,IRQ,0.07,0.15,0.08,0.00
2030,SSP5,ISL,0.52,0.02,0.30,0.00
2030,SSP5,ISR,0.04,0.29,0.61,0.00
2030,SSP5,ITA,0.03,0.20,0.48,0.00
2030,SSP5,JAM,0.15,0.07,0.05,0.00
2030,SSP5,JOR,0.09,0.52,0.10,0.00
2030,SSP5,JPN,0.00,0.39,0.39,0.00
2030,SSP5,KAZ,0.12,0.17,0.22,0.00
2030,SSP5,KEN,0.14,0.04,0.08,0.00
2030,SSP5,KGZ,0.22,0.08,0.01,0.00
2030,SSP5,KHM,0.16,0.04,0.06,0.00
2030,SSP5,KNA,0.00,0.02,0.17,0.00
2030,SSP5,KOR,0.21,0.29,0.42,0.00
2030,SSP5,KWT,0.15,0.22,0.63,0.00
2030,SSP5,LAO,0.06,0.14,0.07,0.00
2030,SSP5,LBN,0.22,0.11,0.02,0.00
2030,SSP5,LBR,0.11,0.01,0.07,0.00
2030,SSP5,LBY,0.24,0.09,0.02,0.00
2030,SSP5,LCA,0.02,0.02,0.15,0.00
2030,SSP5,LIE,0.00,0.37,0.58,0.00
2030,SSP5,LKA,0.02,0.08,0.07,0.00
2030,SSP5,LSO,0.09,0.03,0.05,0.00
2030,SSP5,LTU,0.07,0.10,0.60,0.00
2030,SSP5,LUX,0.03,0.42,0.51,0.00
2030,SSP5,LVA,0.02,0.26,0.45,0.00
2030,SSP5,MAR,0.36,0.12,0.02,0.00
2030,SSP5,MDA,0.04,0.28,0.00,0.00
2030,SSP5,MDG,0.14,0.01,0.07,0.00
2030,SSP5,MEX,0.15,0.32,0.08,0.00
2030,SSP5,MKD,0.08,0.20,0.08,0.00
2030,SSP5,MLI,0.05,0.02,0.06,0.00
2030,SSP5,MLT,0.05,0.40,0.09,0.00
2030,SSP5,MMR,0.06,0.08,0.05,0.00
2030,SSP5,MNG,0.08,0.03,0.23,0.00
2030,SSP5,MOZ,0.02,0.02,0.06,0.00
2030,SSP5,MRT,0.04,0.03,0.00,0.00
2030,SSP5,MSR,0.09,0.02,0.21,0.00
2030,SSP5,MTQ,0.22,0.16,0.07,0.00
2030,SSP5,MUS,0.12,0.10,0.10,0.00
2030,SSP5,MWI,0.07,0.00,0.08,0.00
2030,SSP5,MYS,0.33,0.12,0.19,0.00
2030,SSP5,NAM,0.24,0.12,0.01,0.00
2030,SSP5,NCL,0.04,0.16,0.12,0.00
2030,SSP5,NER,0.00,0.01,0.06,0.00
2030,SSP5,NGA,0.10,0.05,0.07,0.00
2030,SSP5,NIC,0.06,0.18,0.07,0.00
2030,SSP5,NLD,0.00,0.01,0.98,0.00
2030,SSP5,NOR,0.14,0.05,0.67,0.00
2030,SSP5,NPL,0.16,0.02,0.07,0.00
2030,SSP5,NZL,0.06,0.21,0.56,0.00
2030,SSP5,OMN,0.03,0.20,0.05,0.00
2030,SSP5,PAK,0.25,0.05,0.07,0.00
2030,SSP5,PAN,0.14,0.05,0.23,0.00
2030,SSP5,PER,0.33,0.14,0.05,0.00
2030,SSP5,PHL,0.02,0.13,0.07,0.00
2030,SSP5,PNG,0.13,0.03,0.07,0.00
2030,SSP5,POL,0.00,0.14,0.61,0.00
2030,SSP5,PRI,0.44,0.24,0.00,0.00
2030,SSP5,PRK,0.18,0.12,0.12,0.00
2030,SSP5,PRT,0.04,0.42,0.25,0.00
2030,SSP5,PRY,0.04,0.05,0.17,0.00
2030,SSP5,QAT,0.11,0.13,0.58,0.00
2030,SSP5,REU,0.19,0.01,0.08,0.00
2030,SSP5,ROU,0.06,0.18,0.24,0.00
2030,SSP5,RUS,0.06,0.37,0.17,0.00
2030,SSP5,RWA,0.15,0.01,0.07,0.00
2030,SSP5,SAU,0.07,0.16,0.32,0.00
2030,SSP5,SEN,0.06,0.07,0.01,0.00
2030,SSP5,SGP,0.01,0.15,0.84,0.00
2030,SSP5,SLB,0.09,0.02,0.00,0.00
2030,SSP5,SLE,0.02,0.06,0.00,0.00
2030,SSP5,SLV,0.16,0.09,0.01,0.00
2030,SSP5,SOM,0.08,0.00,0.00,0.00
2030,SSP5,SPM,0.12,0.21,0.11,0.00
2030,SSP5,STP,0.00,0.00,0.00,0.00
2030,SSP5,SUR,0.00,0.03,0.10,0.00
2030,SSP5,SVK,0.11,0.34,0.27,0.00
2030,SSP5,SVN,0.00,0.27,0.35,0.00
2030,SSP5,SWE,0.00,0.06,0.83,0.00
2030,SSP5,SWZ,0.05,0.06,0.06,0.00
2030,SSP5,SYR,0.32,0.12,0.02,0.00
2030,SSP5,TCA,0.03,0.02,0.17,0.00
2030,SSP5,TCD,0.01,0.07,0.01,0.00
2030,SSP5,TGO,0.01,0.07,0.01,0.00
2030,SSP5,THA,0.02,0.03,0.14,0.00
2030,SSP5,TJK,0.08,0.10,0.00,0.00
2030,SSP5,TKM,0.02,0.15,0.18,0.00
2030,SSP5,TLS,0.01,0.11,0.14,0.00
2030,SSP5,TON,0.00,0.00,0.00,0.00
2030,SSP5,TTO,0.09,0.03,0.09,0.00
2030,SSP5,TUN,0.16,0.43,0.06,0.00
2030,SSP5,TUR,0.10,0.19,0.36,0.00
2030,SSP5,TZA,0.11,0.03,0.07,0.00
2030,SSP5,UGA,0.14,0.03,0.07,0.00
2030,SSP5,UKR,0.10,0.33,0.07,0.00
2030,SSP5,URY,0.14,0.27,0.05,0.00
2030,SSP5,USA,0.01,0.27,0.56,0.00
2030,SSP5,UZB,0.16,0.13,0.07,0.00
2030,SSP5,VCT,0.00,0.08,0.05,0.00
2030,SSP5,VEN,0.16,0.23,0.08,0.00
2030,SSP5,VIR,0.20,0.19,0.08,0.00
2030,SSP5,VNM,0.04,0.09,0.06,0.00
2030,SSP5,VUT,0.08,0.07,0.00,0.00
2030,SSP5,WSM,0.00,0.00,0.00,0.00
2030,SSP5,YEM,0.15,0.04,0.00,0.00
2030,SSP5,ZAF,0.30,0.26,0.07,0.00
2030,SSP5,ZMB,0.11,0.09,0.07,0.00
2030,SSP5,ZWE,0.16,0.03,0.05,0.00
2050,SSP5,ABW,0.04,0.03,0.75,0.00
2050,SSP5,AFG,0.18,0.00,0.00,0.00
2050,SSP5,AGO,0.13,0.00,0.00,0.00
2050,SSP5,AIA,0.00,0.08,0.68,0.00
2050,SSP5,ALB,0.64,0.33,0.01,0.00
2050,SSP5,AND,0.00,0.28,0.72,0.00
2050,SSP5,ARE,0.00,0.11,0.85,0.00
2050,SSP5,ARG,0.30,0.49,0.00,0.00
2050,SSP5,ARM,0.87,0.05,0.00,0.00
2050,SSP5,ASM,0.00,0.31,0.67,0.00
2050,SSP5,AUS,0.00,0.16,0.81,0.00
2050,SSP5,AUT,0.00,0.01,0.91,0.00
2050,SSP5,AZE,0.40,0.19,0.00,0.00
2050,SSP5,BDI,0.14,0.00,0.00,0.00
2050,SSP5,BEL,0.00,0.06,0.90,0.00
2050,SSP5,BEN,0.06,0.00,0.00,0.00
2050,SSP5,BFA,0.01,0.00,0.00,0.00
2050,SSP5,BGD,0.48,0.12,0.00,0.00
2050,SSP5,BGR,0.00,0.11,0.84,0.00
2050,SSP5,BHR,0.04,0.00,0.90,0.00
2050,SSP5,BHS,0.00,0.00,0.44,0.00
2050,SSP5,BIH,0.35,0.52,0.01,0.00
2050,SSP5,BLR,0.00,0.42,0.53,0.00
2050,SSP5,BLZ,0.00,0.37,0.07,0.00
2050,SSP5,BOL,0.59,0.28,0.00,0.00
2050,SSP5,BRA,0.10,0.59,0.03,0.00
2050,SSP5,BRB,0.00,0.03,0.22,0.00
2050,SSP5,BRN,0.00,0.32,0.63,0.00
2050,SSP5,BTN,0.00,0.34,0.25,0.00
2050,SSP5,BWA,0.00,0.19,0.01,0.00
2050,SSP5,CAF,0.00,0.00,0.00,0.00
2050,SSP5,CAN,0.00,0.49,0.46,0.00
2050,SSP5,CHE,0.00,0.11,0.87,0.00
2050,SSP5,CHL,0.00,0.60,0.38,0.00
2050,SSP5,CHN,0.00,0.10,0.80,0.00
2050,SSP5,CIV,0.57,0.05,0.00,0.00
2050,SSP5,CMR,0.16,0.00,0.00,0.00
2050,SSP5,COD,0.20,0.00,0.00,0.00
2050,SSP5,COG,0.00,0.29,0.27,0.00
2050,SSP5,COL,0.59,0.37,0.00,0.00
2050,SSP5,COM,0.53,0.12,0.00,0.00
2050,SSP5,CPV,0.00,0.21,0.00,0.00
2050,SSP5,CRI,0.00,0.00,0.62,0.00
2050,SSP5,CUB,0.54,0.24,0.00,0.00
2050,SSP5,CYP,0.00,0.47,0.48,0.00
2050,SSP5,CZE,0.00,0.11,0.84,0.00
2050,SSP5,DEU,0.02,0.02,0.93,0.00
2050,SSP5,DJI,0.21,0.38,0.00,0.00
2050,SSP5,DMA,0.00,0.05,0.53,0.00
2050,SSP5,DNK,0.00,0.02,0.89,0.00
2050,SSP5,DOM,0.00,0.11,0.47,0.00
2050,SSP5,DZA,0.85,0.08,0.00,0.00
2050,SSP5,ECU,0.65,0.26,0.00,0.00
2050,SSP5,EGY,0.00,0.82,0.06,0.00
2050,SSP5,ERI,0.01,0.00,0.00,0.00
2050,SSP5,ESH,0.00,0.93,0.00,0.00
2050,SSP5,ESP,0.00,0.11,0.89,0.00
2050,SSP5,EST,0.00,0.04,0.86,0.00
2050,SSP5,ETH,0.67,0.02,0.00,0.00
2050,SSP5,FIN,0.00,0.00,0.90,0.00
2050,SSP5,FJI,0.46,0.00,0.00,0.00
2050,SSP5,FLK,0.00,0.84,0.00,0.00
2050,SSP5,FRA,0.00,0.11,0.85,0.00
2050,SSP5,FRO,0.00,0.25,0.66,0.00
2050,SSP5,GAB,0.30,0.00,0.00,0.00
2050,SSP5,GBR,0.00,0.11,0.87,0.00
2050,SSP5,GEO,0.76,0.09,0.00,0.00
2050,SSP5,GHA,0.50,0.02,0.00,0.00
2050,SSP5,GIN,0.43,0.00,0.00,0.00
2050,SSP5,GLP,0.00,0.56,0.23,0.00
2050,SSP5,GMB,0.02,0.00,0.00,0.00
2050,SSP5,GNB,0.02,0.00,0.00,0.00
2050,SSP5,GNQ,0.02,0.00,0.00,0.00
2050,SSP5,GRC,0.01,0.06,0.84,0.00
2050,SSP5,GRD,0.00,0.05,0.42,0.00
2050,SSP5,GRL,0.00,0.35,0.60,0.00
2050,SSP5,GTM,0.00,0.64,0.25,0.00
2050,SSP5,GUF,0.00,0.67,0.08,0.00
2050,SSP5,GUY,0.18,0.13,0.00,0.00
2050,SSP5,HKG,0.00,0.00,1.00,0.00
2050,SSP5,HND,0.33,0.56,0.00,0.00
2050,SSP5,HRV,0.00,0.70,0.09,0.00
2050,SSP5,HTI,0.39,0.25,0.00,0.00
2050,SSP5,HUN,0.00,0.10,0.82,0.00
2050,SSP5,IDN,0.00,0.44,0.19,0.00
2050,SSP5,IND,0.00,0.62,0.00,0.00
2050,SSP5,IRL,0.00,0.09,0.75,0.00
2050,SSP5,IRN,0.35,0.15,0.00,0.00
2050,SSP5,IRQ,0.00,0.59,0.03,0.00
2050,SSP5,ISL,0.00,0.06,0.92,0.00
2050,SSP5,ISR,0.00,0.11,0.88,0.00
2050,SSP5,ITA,0.03,0.19,0.57,0.00
2050,SSP5,JAM,0.32,0.15,0.00,0.00
2050,SSP5,JOR,0.00,0.91,0.06,0.00
2050,SSP5,JPN,0.00,0.10,0.82,0.00
2050,SSP5,KAZ,0.00,0.09,0.64,0.00
2050,SSP5,KEN,0.48,0.16,0.00,0.00
2050,SSP5,KGZ,0.60,0.00,0.00,0.00
2050,SSP5,KHM,0.57,0.08,0.00,0.00
2050,SSP5,KNA,0.00,0.05,0.43,0.00
2050,SSP5,KOR,0.00,0.22,0.75,0.00
2050,SSP5,KWT,0.00,0.10,0.90,0.00
2050,SSP5,LAO,0.07,0.58,0.00,0.00
2050,SSP5,LBN,0.11,0.00,0.00,0.00
2050,SSP5,LBR,0.43,0.00,0.00,0.00
2050,SSP5,LBY,0.40,0.00,0.00,0.00
2050,SSP5,LCA,0.00,0.05,0.39,0.00
2050,SSP5,LIE,0.00,0.00,1.00,0.00
2050,SSP5,LKA,0.00,0.33,0.09,0.00
2050,SSP5,LSO,0.32,0.00,0.00,0.00
2050,SSP5,LTU,0.00,0.07,0.84,0.00
2050,SSP5,LUX,0.00,0.11,0.87,0.00
2050,SSP5,LVA,0.00,0.10,0.83,0.00
2050,SSP5,MAR,0.78,0.15,0.00,0.00
2050,SSP5,MDA,0.00,0.45,0.00,0.00
2050,SSP5,MDG,0.57,0.00,0.00,0.00
2050,SSP5,MEX,0.01,0.96,0.00,0.00
2050,SSP5,MKD,0.16,0.75,0.00,0.00
2050,SSP5,MLI,0.19,0.00,0.00,0.00
2050,SSP5,MLT,0.00,0.77,0.22,0.00
2050,SSP5,MMR,0.22,0.24,0.00,0.00
2050,SSP5,MNG,0.00,0.09,0.69,0.00
2050,SSP5,MOZ,0.06,0.00,0.00,0.00
2050,SSP5,MRT,0.02,0.00,0.00,0.00
2050,SSP5,MSR,0.00,0.03,0.64,0.00
2050,SSP5,MTQ,0.22,0.64,0.00,0.00
2050,SSP5,MUS,0.00,0.36,0.17,0.00
2050,SSP5,MWI,0.23,0.00,0.00,0.00
2050,SSP5,MYS,0.00,0.46,0.49,0.00
2050,SSP5,NAM,0.47,0.13,0.00,0.00
2050,SSP5,NCL,0.00,0.64,0.22,0.00
2050,SSP5,NER,0.00,0.00,0.00,0.00
2050,SSP5,NGA,0.38,0.18,0.00,0.00
2050,SSP5,NIC,0.01,0.74,0.00,0.00
2050,SSP5,NLD,0.00,0.01,0.99,0.00
2050,SSP5,NOR,0.00,0.11,0.87,0.00
2050,SSP5,NPL,0.59,0.07,0.00,0.00
2050,SSP5,NZL,0.00,0.11,0.85,0.00
2050,SSP5,OMN,0.00,0.21,0.07,0.00
2050,SSP5,PAK,0.61,0.11,0.00,0.00
2050,SSP5,PAN,0.00,0.08,0.66,0.00
2050,SSP5,PER,0.59,0.37,0.00,0.00
2050,SSP5,PHL,0.00,0.52,0.00,0.00
2050,SSP5,PNG,0.48,0.10,0.00,0.00
2050,SSP5,POL,0.00,0.10,0.82,0.00
2050,SSP5,PRI,0.43,0.57,0.00,0.00
2050,SSP5,PRK,0.00,0.10,0.39,0.00
2050,SSP5,PRT,0.00,0.54,0.27,0.00
2050,SSP5,PRY,0.00,0.12,0.42,0.00
2050,SSP5,QAT,0.04,0.05,0.91,0.00
2050,SSP5,REU,0.65,0.00,0.00,0.00
2050,SSP5,ROU,0.00,0.09,0.70,0.00
2050,SSP5,RUS,0.00,0.60,0.35,0.00
2050,SSP5,RWA,0.62,0.02,0.00,0.00
2050,SSP5,SAU,0.00,0.08,0.66,0.00
2050,SSP5,SEN,0.16,0.00,0.00,0.00
2050,SSP5,SGP,0.00,0.00,1.00,0.00
2050,SSP5,SLB,0.09,0.00,0.00,0.00
2050,SSP5,SLE,0.00,0.00,0.00,0.00
2050,SSP5,SLV,0.58,0.09,0.00,0.00
2050,SSP5,SOM,0.01,0.00,0.00,0.00
2050,SSP5,SPM,0.00,0.84,0.14,0.00
2050,SSP5,STP,0.00,0.00,0.00,0.00
2050,SSP5,SUR,0.00,0.10,0.21,0.00
2050,SSP5,SVK,0.00,0.25,0.66,0.00
2050,SSP5,SVN,0.00,0.09,0.71,0.00
2050,SSP5,SWE,0.00,0.11,0.85,0.00
2050,SSP5,SWZ,0.14,0.24,0.00,0.00
2050,SSP5,SYR,0.34,0.00,0.00,0.00
2050,SSP5,TCA,0.00,0.06,0.45,0.00
2050,SSP5,TCD,0.00,0.00,0.00,0.00
2050,SSP5,TGO,0.00,0.00,0.00,0.00
2050,SSP5,THA,0.00,0.10,0.37,0.00
2050,SSP5,TJK,0.00,0.25,0.00,0.00
2050,SSP5,TKM,0.00,0.17,0.48,0.00
2050,SSP5,TLS,0.00,0.42,0.28,0.00
2050,SSP5,TON,0.00,0.00,0.00,0.00
2050,SSP5,TTO,0.00,0.13,0.23,0.00
2050,SSP5,TUN,0.07,0.81,0.02,0.00
2050,SSP5,TUR,0.00,0.21,0.72,0.00
2050,SSP5,TZA,0.47,0.11,0.00,0.00
2050,SSP5,UGA,0.59,0.10,0.00,0.00
2050,SSP5,UKR,0.02,0.73,0.00,0.00
2050,SSP5,URY,0.04,0.64,0.00,0.00
2050,SSP5,USA,0.00,0.11,0.85,0.00
2050,SSP5,UZB,0.21,0.47,0.00,0.00
2050,SSP5,VCT,0.00,0.31,0.02,0.00
2050,SSP5,VEN,0.16,0.83,0.00,0.00
2050,SSP5,VIR,0.17,0.66,0.00,0.00
2050,SSP5,VNM,0.13,0.35,0.00,0.00
2050,SSP5,VUT,0.32,0.00,0.00,0.00
2050,SSP5,WSM,0.00,0.00,0.00,0.00
2050,SSP5,YEM,0.19,0.00,0.00,0.00
2050,SSP5,ZAF,0.17,0.67,0.00,0.00
2050,SSP5,ZMB,0.35,0.30,0.00,0.00
2050,SSP5,ZWE,0.33,0.00,0.00,0.00
2100,SSP5,ABW,0.00,0.10,0.80,0.00
2100,SSP5,AFG,0.00,0.07,0.83,0.00
2100,SSP5,AGO,0.00,0.09,0.76,0.00
2100,SSP5,AIA,0.00,0.11,0.89,0.00
2100,SSP5,ALB,0.00,0.84,0.14,0.00
2100,SSP5,AND,0.00,0.11,0.89,0.00
2100,SSP5,ARE,0.00,0.11,0.88,0.00
2100,SSP5,ARG,0.00,0.11,0.89,0.00
2100,SSP5,ARM,0.57,0.40,0.00,0.00
2100,SSP5,ASM,0.00,0.11,0.87,0.00
2100,SSP5,AUS,0.00,0.11,0.88,0.00
2100,SSP5,AUT,0.00,0.01,0.91,0.00
2100,SSP5,AZE,0.00,0.11,0.86,0.00
2100,SSP5,BDI,0.00,0.00,0.90,0.00
2100,SSP5,BEL,0.00,0.06,0.91,0.00
2100,SSP5,BEN,0.00,0.45,0.50,0.00
2100,SSP5,BFA,0.00,0.90,0.07,0.00
2100,SSP5,BGD,0.00,0.32,0.63,0.00
2100,SSP5,BGR,0.00,0.11,0.86,0.00
2100,SSP5,BHR,0.04,0.00,0.90,0.00
2100,SSP5,BHS,0.00,0.08,0.63,0.00
2100,SSP5,BIH,0.11,0.84,0.01,0.00
2100,SSP5,BLR,0.00,0.11,0.87,0.00
2100,SSP5,BLZ,0.00,0.09,0.73,0.00
2100,SSP5,BOL,0.00,0.11,0.86,0.00
2100,SSP5,BRA,0.00,0.11,0.86,0.00
2100,SSP5,BRB,0.00,0.05,0.43,0.00
2100,SSP5,BRN,0.00,0.11,0.85,0.00
2100,SSP5,BTN,0.00,0.10,0.80,0.00
2100,SSP5,BWA,0.00,0.10,0.31,0.00
2100,SSP5,CAF,0.78,0.00,0.00,0.00
2100,SSP5,CAN,0.00,0.11,0.87,0.00
2100,SSP5,CHE,0.00,0.11,0.87,0.00
2100,SSP5,CHL,0.00,0.11,0.88,0.00
2100,SSP5,CHN,0.00,0.11,0.86,0.00
2100,SSP5,CIV,0.00,0.79,0.17,0.00
2100,SSP5,CMR,0.00,0.82,0.06,0.00
2100,SSP5,COD,0.00,0.04,0.92,0.00
2100,SSP5,COG,0.00,0.11,0.86,0.00
2100,SSP5,COL,0.00,0.11,0.87,0.00
2100,SSP5,COM,0.00,0.00,0.85,0.00
2100,SSP5,CPV,0.00,0.21,0.00,0.00
2100,SSP5,CRI,0.00,0.11,0.84,0.00
2100,SSP5,CUB,0.00,0.93,0.04,0.00
2100,SSP5,CYP,0.00,0.11,0.87,0.00
2100,SSP5,CZE,0.00,0.11,0.86,0.00
2100,SSP5,DEU,0.02,0.02,0.93,0.00
2100,SSP5,DJI,0.00,0.10,0.84,0.00
2100,SSP5,DMA,0.00,0.10,0.83,0.00
2100,SSP5,DNK,0.00,0.02,0.90,0.00
2100,SSP5,DOM,0.00,0.10,0.80,0.00
2100,SSP5,DZA,0.00,0.11,0.86,0.00
2100,SSP5,ECU,0.00,0.11,0.86,0.00
2100,SSP5,EGY,0.00,0.11,0.85,0.00
2100,SSP5,ERI,0.12,0.80,0.00,0.00
2100,SSP5,ESH,0.00,0.11,0.84,0.00
2100,SSP5,ESP,0.00,0.11,0.89,0.00
2100,SSP5,EST,0.00,0.04,0.90,0.00
2100,SSP5,ETH,0.00,0.05,0.87,0.00
2100,SSP5,FIN,0.00,0.00,0.92,0.00
2100,SSP5,FJI,0.79,0.13,0.00,0.00
2100,SSP5,FLK,0.00,0.10,0.84,0.00
2100,SSP5,FRA,0.00,0.11,0.87,0.00
2100,SSP5,FRO,0.00,0.10,0.81,0.00
2100,SSP5,GAB,0.25,0.49,0.00,0.00
2100,SSP5,GBR,0.00,0.11,0.89,0.00
2100,SSP5,GEO,0.60,0.37,0.00,0.00
2100,SSP5,GHA,0.00,0.48,0.46,0.00
2100,SSP5,GIN,0.49,0.46,0.00,0.00
2100,SSP5,GLP,0.00,0.11,0.88,0.00
2100,SSP5,GMB,0.61,0.00,0.00,0.00
2100,SSP5,GNB,0.00,0.94,0.01,0.00
2100,SSP5,GNQ,0.00,0.36,0.06,0.00
2100,SSP5,GRC,0.00,0.11,0.87,0.00
2100,SSP5,GRD,0.00,0.10,0.77,0.00
2100,SSP5,GRL,0.00,0.11,0.85,0.00
2100,SSP5,GTM,0.00,0.00,0.92,0.00
2100,SSP5,GUF,0.00,0.10,0.84,0.00
2100,SSP5,GUY,0.00,0.39,0.19,0.00
2100,SSP5,HKG,0.00,0.00,1.00,0.00
2100,SSP5,HND,0.00,0.00,0.93,0.00
2100,SSP5,HRV,0.00,0.38,0.57,0.00
2100,SSP5,HTI,0.00,0.00,0.95,0.00
2100,SSP5,HUN,0.00,0.11,0.87,0.00
2100,SSP5,IDN,0.00,0.11,0.84,0.00
2100,SSP5,IND,0.00,0.11,0.85,0.00
2100,SSP5,IRL,0.00,0.11,0.86,0.00
2100,SSP5,IRN,0.00,0.57,0.16,0.00
2100,SSP5,IRQ,0.00,0.11,0.86,0.00
2100,SSP5,ISL,0.00,0.06,0.92,0.00
2100,SSP5,ISR,0.00,0.11,0.88,0.00
2100,SSP5,ITA,0.00,0.11,0.86,0.00
2100,SSP5,JAM,0.00,0.24,0.54,0.00
2100,SSP5,JOR,0.00,0.11,0.88,0.00
2100,SSP5,JPN,0.00,0.11,0.86,0.00
2100,SSP5,KAZ,0.00,0.10,0.82,0.00
2100,SSP5,KEN,0.00,0.00,0.89,0.00
2100,SSP5,KGZ,0.00,0.87,0.07,0.00
2100,SSP5,KHM,0.00,0.26,0.68,0.00
2100,SSP5,KNA,0.00,0.10,0.78,0.00
2100,SSP5,KOR,0.00,0.11,0.88,0.00
2100,SSP5,KWT,0.00,0.10,0.90,0.00
2100,SSP5,LAO,0.00,0.11,0.86,0.00
2100,SSP5,LBN,0.60,0.00,0.00,0.00
2100,SSP5,LBR,0.00,0.11,0.86,0.00
2100,SSP5,LBY,0.00,0.75,0.24,0.00
2100,SSP5,LCA,0.00,0.09,0.74,0.00
2100,SSP5,LIE,0.00,0.00,1.00,0.00
2100,SSP5,LKA,0.00,0.08,0.63,0.00
2100,SSP5,LSO,0.00,0.40,0.53,0.00
2100,SSP5,LTU,0.00,0.07,0.88,0.00
2100,SSP5,LUX,0.00,0.11,0.87,0.00
2100,SSP5,LVA,0.00,0.11,0.86,0.00
2100,SSP5,MAR,0.00,0.71,0.28,0.00
2100,SSP5,MDA,0.00,0.46,0.00,0.00
2100,SSP5,MDG,0.00,0.11,0.85,0.00
2100,SSP5,MEX,0.00,0.11,0.88,0.00
2100,SSP5,MKD,0.00,0.12,0.87,0.00
2100,SSP5,MLI,0.00,0.24,0.72,0.00
2100,SSP5,MLT,0.00,0.54,0.45,0.00
2100,SSP5,MMR,0.00,0.23,0.56,0.00
2100,SSP5,MNG,0.00,0.11,0.86,0.00
2100,SSP5,MOZ,0.00,0.21,0.74,0.00
2100,SSP5,MRT,0.37,0.40,0.00,0.00
2100,SSP5,MSR,0.00,0.09,0.75,0.00
2100,SSP5,MTQ,0.00,0.11,0.85,0.00
2100,SSP5,MUS,0.00,0.09,0.72,0.00
2100,SSP5,MWI,0.00,0.00,0.92,0.00
2100,SSP5,MYS,0.00,0.11,0.86,0.00
2100,SSP5,NAM,0.00,0.71,0.16,0.00
2100,SSP5,NCL,0.00,0.10,0.82,0.00
2100,SSP5,NER,0.00,0.16,0.75,0.00
2100,SSP5,NGA,0.00,0.11,0.86,0.00
2100,SSP5,NIC,0.00,0.11,0.87,0.00
2100,SSP5,NLD,0.00,0.01,0.99,0.00
2100,SSP5,NOR,0.00,0.11,0.89,0.00
2100,SSP5,NPL,0.00,0.10,0.83,0.00
2100,SSP5,NZL,0.00,0.11,0.87,0.00
2100,SSP5,OMN,0.00,0.06,0.45,0.00
2100,SSP5,PAK,0.00,0.07,0.87,0.00
2100,SSP5,PAN,0.00,0.11,0.87,0.00
2100,SSP5,PER,0.00,0.37,0.61,0.00
2100,SSP5,PHL,0.00,0.11,0.86,0.00
2100,SSP5,PNG,0.00,0.10,0.83,0.00
2100,SSP5,POL,0.00,0.11,0.87,0.00
2100,SSP5,PRI,0.00,1.00,0.00,0.00
2100,SSP5,PRK,0.00,0.10,0.39,0.00
2100,SSP5,PRT,0.00,0.11,0.87,0.00
2100,SSP5,PRY,0.00,0.11,0.84,0.00
2100,SSP5,QAT,0.03,0.06,0.91,0.00
2100,SSP5,REU,0.00,0.06,0.92,0.00
2100,SSP5,ROU,0.00,0.11,0.85,0.00
2100,SSP5,RUS,0.00,0.11,0.86,0.00
2100,SSP5,RWA,0.00,0.10,0.84,0.00
2100,SSP5,SAU,0.00,0.11,0.87,0.00
2100,SSP5,SEN,0.00,0.82,0.13,0.00
2100,SSP5,SGP,0.00,0.00,1.00,0.00
2100,SSP5,SLB,0.66,0.20,0.00,0.00
2100,SSP5,SLE,0.22,0.72,0.00,0.00
2100,SSP5,SLV,0.00,0.84,0.09,0.00
2100,SSP5,SOM,0.89,0.00,0.00,0.00
2100,SSP5,SPM,0.00,0.11,0.86,0.00
2100,SSP5,STP,0.00,0.00,0.00,0.00
2100,SSP5,SUR,0.00,0.07,0.55,0.00
2100,SSP5,SVK,0.00,0.11,0.87,0.00
2100,SSP5,SVN,0.00,0.11,0.86,0.00
2100,SSP5,SWE,0.00,0.11,0.87,0.00
2100,SSP5,SWZ,0.00,0.09,0.69,0.00
2100,SSP5,SYR,0.34,0.00,0.00,0.00
2100,SSP5,TCA,0.00,0.10,0.81,0.00
2100,SSP5,TCD,0.00,0.78,0.17,0.00
2100,SSP5,TGO,0.00,0.86,0.11,0.00
2100,SSP5,THA,0.00,0.08,0.67,0.00
2100,SSP5,TJK,0.00,0.55,0.00,0.00
2100,SSP5,TKM,0.00,0.10,0.77,0.00
2100,SSP5,TLS,0.00,0.11,0.84,0.00
2100,SSP5,TON,0.00,0.00,0.00,0.00
2100,SSP5,TTO,0.00,0.06,0.45,0.00
2100,SSP5,TUN,0.00,0.43,0.54,0.00
2100,SSP5,TUR,0.00,0.11,0.86,0.00
2100,SSP5,TZA,0.00,0.10,0.84,0.00
2100,SSP5,UGA,0.00,0.10,0.83,0.00
2100,SSP5,UKR,0.00,0.11,0.86,0.00
2100,SSP5,URY,0.00,0.45,0.54,0.00
2100,SSP5,USA,0.00,0.11,0.87,0.00
2100,SSP5,UZB,0.00,0.19,0.76,0.00
2100,SSP5,VCT,0.00,0.06,0.52,0.00
2100,SSP5,VEN,0.00,0.11,0.89,0.00
2100,SSP5,VIR,0.00,0.11,0.88,0.00
2100,SSP5,VNM,0.00,0.09,0.72,0.00
2100,SSP5,VUT,0.08,0.81,0.00,0.00
2100,SSP5,WSM,0.00,0.00,0.00,0.00
2100,SSP5,YEM,0.54,0.42,0.00,0.00
2100,SSP5,ZAF,0.00,0.11,0.87,0.00
2100,SSP5,ZMB,0.00,0.11,0.85,0.00
2100,SSP5,ZWE,0.00,0.30,0.64,0.00
