alpha3,scenario,year,fractionUrban
AFG,SSP1,2025,0.316
AFG,SSP1,2030,0.343
AFG,SSP1,2050,0.457
AFG,SSP1,2100,0.713
ALB,SSP1,2025,0.601
ALB,SSP1,2030,0.627
ALB,SSP1,2050,0.718
ALB,SSP1,2100,0.842
DZA,SSP1,2025,0.744
DZA,SSP1,2030,0.763
DZA,SSP1,2050,0.815
DZA,SSP1,2100,0.921
ASM,SSP1,2025,0.915
ASM,SSP1,2030,0.926
ASM,SSP1,2050,0.96
ASM,SSP1,2100,0.999
AND,SSP1,2025,0.925
AND,SSP1,2030,0.935
AND,SSP1,2050,0.966
AND,SSP1,2100,0.999
AGO,SSP1,2025,0.69
AGO,SSP1,2030,0.718
AGO,SSP1,2050,0.797
AGO,SSP1,2100,0.921
ARG,SSP1,2025,0.939
ARG,SSP1,2030,0.948
ARG,SSP1,2050,0.973
ARG,SSP1,2100,0.999
ARM,SSP1,2025,0.701
ARM,SSP1,2030,0.72
ARM,SSP1,2050,0.78
ARM,SSP1,2100,0.883
AUS,SSP1,2025,0.897
AUS,SSP1,2030,0.909
AUS,SSP1,2050,0.947
AUS,SSP1,2100,0.997
AZE,SSP1,2025,0.611
AZE,SSP1,2030,0.636
AZE,SSP1,2050,0.721
AZE,SSP1,2100,0.838
BHS,SSP1,2025,0.849
BHS,SSP1,2030,0.855
BHS,SSP1,2050,0.911
BHS,SSP1,2100,0.989
BHR,SSP1,2025,0.922
BHR,SSP1,2030,0.932
BHR,SSP1,2050,0.963
BHR,SSP1,2100,0.999
BGD,SSP1,2025,0.405
BGD,SSP1,2030,0.44
BGD,SSP1,2050,0.572
BGD,SSP1,2100,0.792
BLR,SSP1,2025,0.796
BLR,SSP1,2030,0.808
BLR,SSP1,2050,0.847
BLR,SSP1,2100,0.956
BEL,SSP1,2025,0.992
BEL,SSP1,2030,0.994
BEL,SSP1,2050,0.999
BEL,SSP1,2100,1.0
BEN,SSP1,2025,0.534
BEN,SSP1,2030,0.566
BEN,SSP1,2050,0.677
BEN,SSP1,2100,0.831
BTN,SSP1,2025,0.459
BTN,SSP1,2030,0.498
BTN,SSP1,2050,0.629
BTN,SSP1,2100,0.821
BOL,SSP1,2025,0.731
BOL,SSP1,2030,0.749
BOL,SSP1,2050,0.802
BOL,SSP1,2100,0.908
BIH,SSP1,2025,0.54
BIH,SSP1,2030,0.567
BIH,SSP1,2050,0.668
BIH,SSP1,2100,0.821
BWA,SSP1,2025,0.714
BWA,SSP1,2030,0.74
BWA,SSP1,2050,0.815
BWA,SSP1,2100,0.938
BRA,SSP1,2025,0.888
BRA,SSP1,2030,0.902
BRA,SSP1,2050,0.944
BRA,SSP1,2100,0.997
VGB,SSP1,2025,0.545
VGB,SSP1,2030,0.576
VGB,SSP1,2050,0.684
VGB,SSP1,2100,0.831
BRN,SSP1,2025,0.793
BRN,SSP1,2030,0.804
BRN,SSP1,2050,0.84
BRN,SSP1,2100,0.949
BGR,SSP1,2025,0.776
BGR,SSP1,2030,0.789
BGR,SSP1,2050,0.83
BGR,SSP1,2100,0.939
BFA,SSP1,2025,0.342
BFA,SSP1,2030,0.375
BFA,SSP1,2050,0.509
BFA,SSP1,2100,0.765
BDI,SSP1,2025,0.16
BDI,SSP1,2030,0.181
BDI,SSP1,2050,0.289
BDI,SSP1,2100,0.601
CPV,SSP1,2025,0.701
CPV,SSP1,2030,0.725
CPV,SSP1,2050,0.796
CPV,SSP1,2100,0.911
KHM,SSP1,2025,0.276
KHM,SSP1,2030,0.302
KHM,SSP1,2050,0.411
KHM,SSP1,2100,0.678
CMR,SSP1,2025,0.611
CMR,SSP1,2030,0.639
CMR,SSP1,2050,0.736
CMR,SSP1,2100,0.851
CAN,SSP1,2025,0.836
CAN,SSP1,2030,0.844
CAN,SSP1,2050,0.896
CAN,SSP1,2100,0.981
CAF,SSP1,2025,0.471
CAF,SSP1,2030,0.498
CAF,SSP1,2050,0.604
CAF,SSP1,2100,0.79
TCD,SSP1,2025,0.295
TCD,SSP1,2030,0.322
TCD,SSP1,2050,0.435
TCD,SSP1,2100,0.696
CHL,SSP1,2025,0.911
CHL,SSP1,2030,0.921
CHL,SSP1,2050,0.957
CHL,SSP1,2100,0.999
CHN,SSP1,2025,0.59
CHN,SSP1,2030,0.62
CHN,SSP1,2050,0.722
CHN,SSP1,2100,0.849
COL,SSP1,2025,0.816
COL,SSP1,2030,0.826
COL,SSP1,2050,0.866
COL,SSP1,2100,0.968
COM,SSP1,2025,0.359
COM,SSP1,2030,0.386
COM,SSP1,2050,0.497
COM,SSP1,2100,0.736
COG,SSP1,2025,0.705
COG,SSP1,2030,0.725
COG,SSP1,2050,0.788
COG,SSP1,2100,0.896
COK,SSP1,2025,0.781
COK,SSP1,2030,0.793
COK,SSP1,2050,0.833
COK,SSP1,2100,0.941
CRI,SSP1,2025,0.776
CRI,SSP1,2030,0.791
CRI,SSP1,2050,0.836
CRI,SSP1,2100,0.948
HRV,SSP1,2025,0.629
HRV,SSP1,2030,0.653
HRV,SSP1,2050,0.734
HRV,SSP1,2100,0.846
CUB,SSP1,2025,0.801
CUB,SSP1,2030,0.812
CUB,SSP1,2050,0.846
CUB,SSP1,2100,0.956
CUW,SSP1,2025,0.932
CUW,SSP1,2030,0.941
CUW,SSP1,2050,0.969
CUW,SSP1,2100,0.999
CYP,SSP1,2025,0.739
CYP,SSP1,2030,0.756
CYP,SSP1,2050,0.806
CYP,SSP1,2100,0.911
CZE,SSP1,2025,0.776
CZE,SSP1,2030,0.787
CZE,SSP1,2050,0.827
CZE,SSP1,2100,0.939
CIV,SSP1,2025,0.564
CIV,SSP1,2030,0.592
CIV,SSP1,2050,0.692
CIV,SSP1,2100,0.832
COD,SSP1,2025,0.483
COD,SSP1,2030,0.51
COD,SSP1,2050,0.616
COD,SSP1,2100,0.797
DNK,SSP1,2025,0.909
DNK,SSP1,2030,0.919
DNK,SSP1,2050,0.956
DNK,SSP1,2100,0.999
DJI,SSP1,2025,0.806
DJI,SSP1,2030,0.816
DJI,SSP1,2050,0.848
DJI,SSP1,2100,0.957
DMA,SSP1,2025,0.744
DMA,SSP1,2030,0.761
DMA,SSP1,2050,0.81
DMA,SSP1,2100,0.919
DOM,SSP1,2025,0.792
DOM,SSP1,2030,0.805
DOM,SSP1,2050,0.846
DOM,SSP1,2100,0.957
ECU,SSP1,2025,0.698
ECU,SSP1,2030,0.719
ECU,SSP1,2050,0.784
ECU,SSP1,2100,0.886
EGY,SSP1,2025,0.512
EGY,SSP1,2030,0.539
EGY,SSP1,2050,0.641
EGY,SSP1,2100,0.804
SLV,SSP1,2025,0.722
SLV,SSP1,2030,0.74
SLV,SSP1,2050,0.797
SLV,SSP1,2100,0.899
GNQ,SSP1,2025,0.737
GNQ,SSP1,2030,0.757
GNQ,SSP1,2050,0.814
GNQ,SSP1,2100,0.931
ERI,SSP1,2025,0.451
ERI,SSP1,2030,0.485
ERI,SSP1,2050,0.609
ERI,SSP1,2100,0.805
EST,SSP1,2025,0.738
EST,SSP1,2030,0.753
EST,SSP1,2050,0.802
EST,SSP1,2100,0.909
SWZ,SSP1,2025,0.311
SWZ,SSP1,2030,0.343
SWZ,SSP1,2050,0.468
SWZ,SSP1,2100,0.734
ETH,SSP1,2025,0.243
ETH,SSP1,2030,0.268
ETH,SSP1,2050,0.377
ETH,SSP1,2100,0.654
FLK,SSP1,2025,0.781
FLK,SSP1,2030,0.792
FLK,SSP1,2050,0.831
FLK,SSP1,2100,0.94
FRO,SSP1,2025,0.492
FRO,SSP1,2030,0.52
FRO,SSP1,2050,0.624
FRO,SSP1,2100,0.799
FJI,SSP1,2025,0.6
FJI,SSP1,2030,0.625
FJI,SSP1,2050,0.713
FJI,SSP1,2100,0.838
FIN,SSP1,2025,0.871
FIN,SSP1,2030,0.886
FIN,SSP1,2050,0.932
FIN,SSP1,2100,0.995
FRA,SSP1,2025,0.814
FRA,SSP1,2030,0.824
FRA,SSP1,2050,0.854
FRA,SSP1,2100,0.963
GUF,SSP1,2025,0.854
GUF,SSP1,2030,0.87
GUF,SSP1,2050,0.921
GUF,SSP1,2100,0.993
PYF,SSP1,2025,0.675
PYF,SSP1,2030,0.696
PYF,SSP1,2050,0.764
PYF,SSP1,2100,0.868
GAB,SSP1,2025,0.915
GAB,SSP1,2030,0.928
GAB,SSP1,2050,0.97
GAB,SSP1,2100,0.999
GMB,SSP1,2025,0.649
GMB,SSP1,2030,0.676
GMB,SSP1,2050,0.763
GMB,SSP1,2100,0.883
GEO,SSP1,2025,0.632
GEO,SSP1,2030,0.656
GEO,SSP1,2050,0.736
GEO,SSP1,2100,0.845
DEU,SSP1,2025,0.803
DEU,SSP1,2030,0.813
DEU,SSP1,2050,0.846
DEU,SSP1,2100,0.955
GHA,SSP1,2025,0.594
GHA,SSP1,2030,0.621
GHA,SSP1,2050,0.716
GHA,SSP1,2100,0.841
GRC,SSP1,2025,0.799
GRC,SSP1,2030,0.81
GRC,SSP1,2050,0.844
GRC,SSP1,2100,0.954
GRL,SSP1,2025,0.883
GRL,SSP1,2030,0.897
GRL,SSP1,2050,0.94
GRL,SSP1,2100,0.997
GRD,SSP1,2025,0.441
GRD,SSP1,2030,0.468
GRD,SSP1,2050,0.576
GRD,SSP1,2100,0.775
GLP,SSP1,2025,0.995
GLP,SSP1,2030,0.997
GLP,SSP1,2050,0.999
GLP,SSP1,2100,1.0
GUM,SSP1,2025,0.964
GUM,SSP1,2030,0.97
GUM,SSP1,2050,0.993
GUM,SSP1,2100,1.0
GTM,SSP1,2025,0.565
GTM,SSP1,2030,0.59
GTM,SSP1,2050,0.685
GTM,SSP1,2100,0.823
GIN,SSP1,2025,0.426
GIN,SSP1,2030,0.455
GIN,SSP1,2050,0.573
GIN,SSP1,2100,0.784
GNB,SSP1,2025,0.497
GNB,SSP1,2030,0.529
GNB,SSP1,2050,0.643
GNB,SSP1,2100,0.814
HTI,SSP1,2025,0.572
HTI,SSP1,2030,0.602
HTI,SSP1,2050,0.707
HTI,SSP1,2100,0.842
HND,SSP1,2025,0.604
HND,SSP1,2030,0.632
HND,SSP1,2050,0.724
HND,SSP1,2100,0.845
HUN,SSP1,2025,0.744
HUN,SSP1,2030,0.759
HUN,SSP1,2050,0.806
HUN,SSP1,2100,0.911
ISL,SSP1,2025,0.96
ISL,SSP1,2030,0.966
ISL,SSP1,2050,0.99
ISL,SSP1,2100,1.0
IND,SSP1,2025,0.391
IND,SSP1,2030,0.418
IND,SSP1,2050,0.527
IND,SSP1,2100,0.752
IDN,SSP1,2025,0.596
IDN,SSP1,2030,0.625
IDN,SSP1,2050,0.726
IDN,SSP1,2100,0.85
IRN,SSP1,2025,0.766
IRN,SSP1,2030,0.782
IRN,SSP1,2050,0.827
IRN,SSP1,2100,0.939
IRQ,SSP1,2025,0.745
IRQ,SSP1,2030,0.76
IRQ,SSP1,2050,0.807
IRQ,SSP1,2100,0.91
IRL,SSP1,2025,0.686
IRL,SSP1,2030,0.706
IRL,SSP1,2050,0.771
IRL,SSP1,2100,0.869
ISR,SSP1,2025,0.947
ISR,SSP1,2030,0.955
ISR,SSP1,2050,0.981
ISR,SSP1,2100,1.0
ITA,SSP1,2025,0.739
ITA,SSP1,2030,0.755
ITA,SSP1,2050,0.803
ITA,SSP1,2100,0.909
JAM,SSP1,2025,0.614
JAM,SSP1,2030,0.639
JAM,SSP1,2050,0.724
JAM,SSP1,2100,0.84
JPN,SSP1,2025,0.94
JPN,SSP1,2030,0.948
JPN,SSP1,2050,0.978
JPN,SSP1,2100,1.0
JOR,SSP1,2025,0.911
JOR,SSP1,2030,0.922
JOR,SSP1,2050,0.957
JOR,SSP1,2100,0.999
KAZ,SSP1,2025,0.643
KAZ,SSP1,2030,0.667
KAZ,SSP1,2050,0.743
KAZ,SSP1,2100,0.848
KEN,SSP1,2025,0.316
KEN,SSP1,2030,0.344
KEN,SSP1,2050,0.461
KEN,SSP1,2100,0.722
KIR,SSP1,2025,0.567
KIR,SSP1,2030,0.595
KIR,SSP1,2050,0.696
KIR,SSP1,2100,0.835
KGZ,SSP1,2025,0.435
KGZ,SSP1,2030,0.462
KGZ,SSP1,2050,0.57
KGZ,SSP1,2100,0.773
LAO,SSP1,2025,0.396
LAO,SSP1,2030,0.43
LAO,SSP1,2050,0.558
LAO,SSP1,2100,0.783
LVA,SSP1,2025,0.736
LVA,SSP1,2030,0.751
LVA,SSP1,2050,0.801
LVA,SSP1,2100,0.908
LBN,SSP1,2025,0.918
LBN,SSP1,2030,0.928
LBN,SSP1,2050,0.961
LBN,SSP1,2100,0.999
LSO,SSP1,2025,0.345
LSO,SSP1,2030,0.378
LSO,SSP1,2050,0.514
LSO,SSP1,2100,0.769
LBR,SSP1,2025,0.565
LBR,SSP1,2030,0.591
LBR,SSP1,2050,0.691
LBR,SSP1,2100,0.83
LBY,SSP1,2025,0.821
LBY,SSP1,2030,0.832
LBY,SSP1,2050,0.872
LBY,SSP1,2100,0.969
LTU,SSP1,2025,0.729
LTU,SSP1,2030,0.745
LTU,SSP1,2050,0.798
LTU,SSP1,2100,0.899
LUX,SSP1,2025,0.921
LUX,SSP1,2030,0.931
LUX,SSP1,2050,0.963
LUX,SSP1,2100,0.999
MDG,SSP1,2025,0.407
MDG,SSP1,2030,0.437
MDG,SSP1,2050,0.557
MDG,SSP1,2100,0.777
MWI,SSP1,2025,0.221
MWI,SSP1,2030,0.246
MWI,SSP1,2050,0.358
MWI,SSP1,2100,0.645
MYS,SSP1,2025,0.773
MYS,SSP1,2030,0.787
MYS,SSP1,2050,0.834
MYS,SSP1,2100,0.948
MDV,SSP1,2025,0.459
MDV,SSP1,2030,0.492
MDV,SSP1,2050,0.611
MDV,SSP1,2100,0.802
MLI,SSP1,2025,0.456
MLI,SSP1,2030,0.488
MLI,SSP1,2050,0.608
MLI,SSP1,2100,0.801
MLT,SSP1,2025,0.963
MLT,SSP1,2030,0.969
MLT,SSP1,2050,0.993
MLT,SSP1,2100,1.0
MHL,SSP1,2025,0.786
MHL,SSP1,2030,0.799
MHL,SSP1,2050,0.839
MHL,SSP1,2100,0.948
MTQ,SSP1,2025,0.928
MTQ,SSP1,2030,0.938
MTQ,SSP1,2050,0.967
MTQ,SSP1,2100,0.999
MRT,SSP1,2025,0.572
MRT,SSP1,2030,0.603
MRT,SSP1,2050,0.712
MRT,SSP1,2100,0.847
MUS,SSP1,2025,0.497
MUS,SSP1,2030,0.525
MUS,SSP1,2050,0.628
MUS,SSP1,2100,0.799
MYT,SSP1,2025,0.584
MYT,SSP1,2030,0.612
MYT,SSP1,2050,0.712
MYT,SSP1,2100,0.841
MEX,SSP1,2025,0.812
MEX,SSP1,2030,0.822
MEX,SSP1,2050,0.853
MEX,SSP1,2100,0.963
MDA,SSP1,2025,0.509
MDA,SSP1,2030,0.536
MDA,SSP1,2050,0.638
MDA,SSP1,2100,0.804
MNG,SSP1,2025,0.741
MNG,SSP1,2030,0.759
MNG,SSP1,2050,0.81
MNG,SSP1,2100,0.919
MNE,SSP1,2025,0.719
MNE,SSP1,2030,0.742
MNE,SSP1,2050,0.805
MNE,SSP1,2100,0.92
MAR,SSP1,2025,0.659
MAR,SSP1,2030,0.682
MAR,SSP1,2050,0.76
MAR,SSP1,2100,0.868
MOZ,SSP1,2025,0.417
MOZ,SSP1,2030,0.45
MOZ,SSP1,2050,0.578
MOZ,SSP1,2100,0.792
MMR,SSP1,2025,0.369
MMR,SSP1,2030,0.396
MMR,SSP1,2050,0.507
MMR,SSP1,2100,0.739
NAM,SSP1,2025,0.505
NAM,SSP1,2030,0.535
NAM,SSP1,2050,0.642
NAM,SSP1,2100,0.812
NPL,SSP1,2025,0.245
NPL,SSP1,2030,0.275
NPL,SSP1,2050,0.403
NPL,SSP1,2100,0.697
NLD,SSP1,2025,0.914
NLD,SSP1,2030,0.925
NLD,SSP1,2050,0.959
NLD,SSP1,2100,0.999
NCL,SSP1,2025,0.734
NCL,SSP1,2030,0.752
NCL,SSP1,2050,0.804
NCL,SSP1,2100,0.91
NZL,SSP1,2025,0.904
NZL,SSP1,2030,0.916
NZL,SSP1,2050,0.953
NZL,SSP1,2100,0.998
NIC,SSP1,2025,0.644
NIC,SSP1,2030,0.667
NIC,SSP1,2050,0.743
NIC,SSP1,2100,0.848
NER,SSP1,2025,0.228
NER,SSP1,2030,0.252
NER,SSP1,2050,0.357
NER,SSP1,2100,0.634
NGA,SSP1,2025,0.534
NGA,SSP1,2030,0.564
NGA,SSP1,2050,0.674
NGA,SSP1,2100,0.827
NIU,SSP1,2025,0.469
NIU,SSP1,2030,0.497
NIU,SSP1,2050,0.604
NIU,SSP1,2100,0.791
MKD,SSP1,2025,0.646
MKD,SSP1,2030,0.669
MKD,SSP1,2050,0.744
MKD,SSP1,2100,0.849
MNP,SSP1,2025,0.941
MNP,SSP1,2030,0.949
MNP,SSP1,2050,0.978
MNP,SSP1,2100,1.0
NOR,SSP1,2025,0.822
NOR,SSP1,2030,0.831
NOR,SSP1,2050,0.868
NOR,SSP1,2100,0.967
OMN,SSP1,2025,0.807
OMN,SSP1,2030,0.821
OMN,SSP1,2050,0.871
OMN,SSP1,2100,0.971
PAK,SSP1,2025,0.432
PAK,SSP1,2030,0.459
PAK,SSP1,2050,0.567
PAK,SSP1,2100,0.772
PLW,SSP1,2025,0.788
PLW,SSP1,2030,0.799
PLW,SSP1,2050,0.837
PLW,SSP1,2100,0.947
PSE,SSP1,2025,0.786
PSE,SSP1,2030,0.798
PSE,SSP1,2050,0.836
PSE,SSP1,2100,0.946
PAN,SSP1,2025,0.714
PAN,SSP1,2030,0.734
PAN,SSP1,2050,0.79
PAN,SSP1,2100,0.897
PNG,SSP1,2025,0.187
PNG,SSP1,2030,0.21
PNG,SSP1,2050,0.312
PNG,SSP1,2100,0.592
PRY,SSP1,2025,0.666
PRY,SSP1,2030,0.688
PRY,SSP1,2050,0.761
PRY,SSP1,2100,0.867
PER,SSP1,2025,0.803
PER,SSP1,2030,0.813
PER,SSP1,2050,0.847
PER,SSP1,2100,0.956
PHL,SSP1,2025,0.536
PHL,SSP1,2030,0.562
PHL,SSP1,2050,0.661
PHL,SSP1,2100,0.813
POL,SSP1,2025,0.68
POL,SSP1,2030,0.701
POL,SSP1,2050,0.767
POL,SSP1,2100,0.868
PRT,SSP1,2025,0.68
PRT,SSP1,2030,0.701
PRT,SSP1,2050,0.772
PRT,SSP1,2100,0.871
PRI,SSP1,2025,0.969
PRI,SSP1,2030,0.978
PRI,SSP1,2050,0.995
PRI,SSP1,2100,1.0
QAT,SSP1,2025,0.995
QAT,SSP1,2030,0.997
QAT,SSP1,2050,0.999
QAT,SSP1,2100,1.0
ROU,SSP1,2025,0.615
ROU,SSP1,2030,0.64
ROU,SSP1,2050,0.724
ROU,SSP1,2100,0.84
RUS,SSP1,2025,0.78
RUS,SSP1,2030,0.791
RUS,SSP1,2050,0.83
RUS,SSP1,2100,0.94
RWA,SSP1,2025,0.249
RWA,SSP1,2030,0.28
RWA,SSP1,2050,0.412
RWA,SSP1,2100,0.712
REU,SSP1,2025,0.996
REU,SSP1,2030,0.997
REU,SSP1,2050,0.999
REU,SSP1,2100,1.0
KNA,SSP1,2025,0.395
KNA,SSP1,2030,0.422
KNA,SSP1,2050,0.532
KNA,SSP1,2100,0.753
SPM,SSP1,2025,0.932
SPM,SSP1,2030,0.941
SPM,SSP1,2050,0.969
SPM,SSP1,2100,0.999
VCT,SSP1,2025,0.571
VCT,SSP1,2030,0.596
VCT,SSP1,2050,0.691
VCT,SSP1,2100,0.828
WSM,SSP1,2025,0.274
WSM,SSP1,2030,0.301
WSM,SSP1,2050,0.408
WSM,SSP1,2100,0.669
SMR,SSP1,2025,0.98
SMR,SSP1,2030,0.986
SMR,SSP1,2050,0.997
SMR,SSP1,2100,1.0
STP,SSP1,2025,0.728
STP,SSP1,2030,0.749
STP,SSP1,2050,0.809
STP,SSP1,2100,0.922
SAU,SSP1,2025,0.856
SAU,SSP1,2030,0.873
SAU,SSP1,2050,0.925
SAU,SSP1,2100,0.993
SEN,SSP1,2025,0.521
SEN,SSP1,2030,0.548
SEN,SSP1,2050,0.649
SEN,SSP1,2100,0.81
SRB,SSP1,2025,0.626
SRB,SSP1,2030,0.651
SRB,SSP1,2050,0.733
SRB,SSP1,2100,0.845
SYC,SSP1,2025,0.61
SYC,SSP1,2030,0.635
SYC,SSP1,2050,0.721
SYC,SSP1,2100,0.839
SLE,SSP1,2025,0.472
SLE,SSP1,2030,0.5
SLE,SSP1,2050,0.607
SLE,SSP1,2100,0.794
SVK,SSP1,2025,0.622
SVK,SSP1,2030,0.647
SVK,SSP1,2050,0.729
SVK,SSP1,2100,0.842
SVN,SSP1,2025,0.605
SVN,SSP1,2030,0.63
SVN,SSP1,2050,0.717
SVN,SSP1,2100,0.838
SLB,SSP1,2025,0.278
SLB,SSP1,2030,0.306
SLB,SSP1,2050,0.426
SLB,SSP1,2100,0.703
SOM,SSP1,2025,0.479
SOM,SSP1,2030,0.507
SOM,SSP1,2050,0.614
SOM,SSP1,2100,0.8
ZAF,SSP1,2025,0.692
ZAF,SSP1,2030,0.711
ZAF,SSP1,2050,0.774
ZAF,SSP1,2100,0.871
KOR,SSP1,2025,0.854
KOR,SSP1,2030,0.873
KOR,SSP1,2050,0.926
KOR,SSP1,2100,0.993
SSD,SSP1,2025,0.248
SSD,SSP1,2030,0.274
SSD,SSP1,2050,0.381
SSD,SSP1,2100,0.654
ESP,SSP1,2025,0.816
ESP,SSP1,2030,0.825
ESP,SSP1,2050,0.854
ESP,SSP1,2100,0.963
LKA,SSP1,2025,0.253
LKA,SSP1,2030,0.278
LKA,SSP1,2050,0.384
LKA,SSP1,2100,0.648
SDN,SSP1,2025,0.418
SDN,SSP1,2030,0.447
SDN,SSP1,2050,0.564
SDN,SSP1,2100,0.778
SUR,SSP1,2025,0.724
SUR,SSP1,2030,0.741
SUR,SSP1,2050,0.794
SUR,SSP1,2100,0.898
SWE,SSP1,2025,0.896
SWE,SSP1,2030,0.908
SWE,SSP1,2050,0.948
SWE,SSP1,2100,0.997
CHE,SSP1,2025,0.779
CHE,SSP1,2030,0.79
CHE,SSP1,2050,0.829
CHE,SSP1,2100,0.939
SYR,SSP1,2025,0.632
SYR,SSP1,2030,0.656
SYR,SSP1,2050,0.736
SYR,SSP1,2100,0.846
TWN,SSP1,2025,0.797
TWN,SSP1,2030,0.809
TWN,SSP1,2050,0.848
TWN,SSP1,2100,0.957
TZA,SSP1,2025,0.379
TZA,SSP1,2030,0.412
TZA,SSP1,2050,0.545
TZA,SSP1,2100,0.78
THA,SSP1,2025,0.529
THA,SSP1,2030,0.557
THA,SSP1,2050,0.662
THA,SSP1,2100,0.821
TLS,SSP1,2025,0.357
TLS,SSP1,2030,0.386
TLS,SSP1,2050,0.5
TLS,SSP1,2100,0.744
TGO,SSP1,2025,0.473
TGO,SSP1,2030,0.504
TGO,SSP1,2050,0.622
TGO,SSP1,2100,0.807
TON,SSP1,2025,0.311
TON,SSP1,2030,0.338
TON,SSP1,2050,0.447
TON,SSP1,2100,0.699
TTO,SSP1,2025,0.617
TTO,SSP1,2030,0.642
TTO,SSP1,2050,0.725
TTO,SSP1,2100,0.84
TUN,SSP1,2025,0.731
TUN,SSP1,2030,0.748
TUN,SSP1,2050,0.802
TUN,SSP1,2100,0.909
TUR,SSP1,2025,0.768
TUR,SSP1,2030,0.783
TUR,SSP1,2050,0.829
TUR,SSP1,2100,0.94
TKM,SSP1,2025,0.565
TKM,SSP1,2030,0.59
TKM,SSP1,2050,0.685
TKM,SSP1,2100,0.823
TCA,SSP1,2025,0.938
TCA,SSP1,2030,0.947
TCA,SSP1,2050,0.973
TCA,SSP1,2100,0.999
TUV,SSP1,2025,0.64
TUV,SSP1,2030,0.667
TUV,SSP1,2050,0.757
TUV,SSP1,2100,0.87
UGA,SSP1,2025,0.276
UGA,SSP1,2030,0.307
UGA,SSP1,2050,0.436
UGA,SSP1,2100,0.717
UKR,SSP1,2025,0.741
UKR,SSP1,2030,0.757
UKR,SSP1,2050,0.804
UKR,SSP1,2100,0.91
ARE,SSP1,2025,0.87
ARE,SSP1,2030,0.885
ARE,SSP1,2050,0.931
ARE,SSP1,2100,0.995
GBR,SSP1,2025,0.839
GBR,SSP1,2030,0.846
GBR,SSP1,2050,0.897
GBR,SSP1,2100,0.985
USA,SSP1,2025,0.835
USA,SSP1,2030,0.843
USA,SSP1,2050,0.886
USA,SSP1,2100,0.978
VIR,SSP1,2025,0.967
VIR,SSP1,2030,0.973
VIR,SSP1,2050,0.993
VIR,SSP1,2100,1.0
URY,SSP1,2025,0.966
URY,SSP1,2030,0.971
URY,SSP1,2050,0.993
URY,SSP1,2100,1.0
UZB,SSP1,2025,0.588
UZB,SSP1,2030,0.614
UZB,SSP1,2050,0.705
UZB,SSP1,2100,0.833
VUT,SSP1,2025,0.322
VUT,SSP1,2030,0.349
VUT,SSP1,2050,0.463
VUT,SSP1,2100,0.715
VEN,SSP1,2025,0.92
VEN,SSP1,2030,0.93
VEN,SSP1,2050,0.963
VEN,SSP1,2100,0.999
VNM,SSP1,2025,0.385
VNM,SSP1,2030,0.413
VNM,SSP1,2050,0.527
VNM,SSP1,2100,0.755
ESH,SSP1,2025,0.913
ESH,SSP1,2030,0.924
ESH,SSP1,2050,0.959
ESH,SSP1,2100,0.999
YEM,SSP1,2025,0.411
YEM,SSP1,2030,0.443
YEM,SSP1,2050,0.567
YEM,SSP1,2100,0.785
ZMB,SSP1,2025,0.475
ZMB,SSP1,2030,0.503
ZMB,SSP1,2050,0.609
ZMB,SSP1,2100,0.793
ZWE,SSP1,2025,0.415
ZWE,SSP1,2030,0.443
ZWE,SSP1,2050,0.555
ZWE,SSP1,2100,0.771
AFG,SSP2,2025,0.289
AFG,SSP2,2030,0.306
AFG,SSP2,2050,0.378
AFG,SSP2,2100,0.549
ALB,SSP2,2025,0.575
ALB,SSP2,2030,0.592
ALB,SSP2,2050,0.656
ALB,SSP2,2100,0.767
DZA,SSP2,2025,0.727
DZA,SSP2,2030,0.741
DZA,SSP2,2050,0.783
DZA,SSP2,2100,0.841
ASM,SSP2,2025,0.901
ASM,SSP2,2030,0.908
ASM,SSP2,2050,0.939
ASM,SSP2,2100,0.984
AND,SSP2,2025,0.91
AND,SSP2,2030,0.918
AND,SSP2,2050,0.947
AND,SSP2,2100,0.987
AGO,SSP2,2025,0.671
AGO,SSP2,2030,0.692
AGO,SSP2,2050,0.755
AGO,SSP2,2100,0.835
ARG,SSP2,2025,0.932
ARG,SSP2,2030,0.939
ARG,SSP2,2050,0.962
ARG,SSP2,2100,0.992
ARM,SSP2,2025,0.677
ARM,SSP2,2030,0.691
ARM,SSP2,2050,0.736
ARM,SSP2,2100,0.809
AUS,SSP2,2025,0.878
AUS,SSP2,2030,0.886
AUS,SSP2,2050,0.916
AUS,SSP2,2100,0.974
AZE,SSP2,2025,0.583
AZE,SSP2,2030,0.599
AZE,SSP2,2050,0.66
AZE,SSP2,2100,0.77
BHS,SSP2,2025,0.841
BHS,SSP2,2030,0.845
BHS,SSP2,2050,0.869
BHS,SSP2,2100,0.946
BHR,SSP2,2025,0.909
BHR,SSP2,2030,0.916
BHR,SSP2,2050,0.946
BHR,SSP2,2100,0.987
BGD,SSP2,2025,0.382
BGD,SSP2,2030,0.407
BGD,SSP2,2050,0.505
BGD,SSP2,2100,0.696
BLR,SSP2,2025,0.782
BLR,SSP2,2030,0.792
BLR,SSP2,2050,0.821
BLR,SSP2,2100,0.878
BEL,SSP2,2025,0.986
BEL,SSP2,2030,0.988
BEL,SSP2,2050,0.994
BEL,SSP2,2100,0.999
BEN,SSP2,2025,0.508
BEN,SSP2,2030,0.533
BEN,SSP2,2050,0.619
BEN,SSP2,2100,0.765
BTN,SSP2,2025,0.434
BTN,SSP2,2030,0.462
BTN,SSP2,2050,0.567
BTN,SSP2,2100,0.753
BOL,SSP2,2025,0.713
BOL,SSP2,2030,0.727
BOL,SSP2,2050,0.768
BOL,SSP2,2100,0.829
BIH,SSP2,2025,0.514
BIH,SSP2,2030,0.533
BIH,SSP2,2050,0.602
BIH,SSP2,2100,0.735
BWA,SSP2,2025,0.695
BWA,SSP2,2030,0.716
BWA,SSP2,2050,0.78
BWA,SSP2,2100,0.862
BRA,SSP2,2025,0.872
BRA,SSP2,2030,0.882
BRA,SSP2,2050,0.914
BRA,SSP2,2100,0.973
VGB,SSP2,2025,0.522
VGB,SSP2,2030,0.545
VGB,SSP2,2050,0.624
VGB,SSP2,2100,0.76
BRN,SSP2,2025,0.78
BRN,SSP2,2030,0.788
BRN,SSP2,2050,0.816
BRN,SSP2,2100,0.868
BGR,SSP2,2025,0.761
BGR,SSP2,2030,0.77
BGR,SSP2,2050,0.802
BGR,SSP2,2100,0.85
BFA,SSP2,2025,0.321
BFA,SSP2,2030,0.346
BFA,SSP2,2050,0.444
BFA,SSP2,2100,0.653
BDI,SSP2,2025,0.152
BDI,SSP2,2030,0.169
BDI,SSP2,2050,0.246
BDI,SSP2,2100,0.453
CPV,SSP2,2025,0.686
CPV,SSP2,2030,0.704
CPV,SSP2,2050,0.762
CPV,SSP2,2100,0.836
KHM,SSP2,2025,0.251
KHM,SSP2,2030,0.268
KHM,SSP2,2050,0.337
KHM,SSP2,2100,0.512
CMR,SSP2,2025,0.588
CMR,SSP2,2030,0.61
CMR,SSP2,2050,0.688
CMR,SSP2,2100,0.797
CAN,SSP2,2025,0.826
CAN,SSP2,2030,0.831
CAN,SSP2,2050,0.847
CAN,SSP2,2100,0.922
CAF,SSP2,2025,0.441
CAF,SSP2,2030,0.459
CAF,SSP2,2050,0.529
CAF,SSP2,2100,0.687
TCD,SSP2,2025,0.271
TCD,SSP2,2030,0.289
TCD,SSP2,2050,0.357
TCD,SSP2,2100,0.531
CHL,SSP2,2025,0.896
CHL,SSP2,2030,0.903
CHL,SSP2,2050,0.933
CHL,SSP2,2100,0.981
CHN,SSP2,2025,0.569
CHN,SSP2,2030,0.591
CHN,SSP2,2050,0.675
CHN,SSP2,2100,0.794
COL,SSP2,2025,0.807
COL,SSP2,2030,0.814
COL,SSP2,2050,0.836
COL,SSP2,2100,0.901
COM,SSP2,2025,0.331
COM,SSP2,2030,0.348
COM,SSP2,2050,0.421
COM,SSP2,2100,0.591
COG,SSP2,2025,0.686
COG,SSP2,2030,0.702
COG,SSP2,2050,0.752
COG,SSP2,2100,0.82
COK,SSP2,2025,0.767
COK,SSP2,2030,0.776
COK,SSP2,2050,0.807
COK,SSP2,2100,0.853
CRI,SSP2,2025,0.76
CRI,SSP2,2030,0.771
CRI,SSP2,2050,0.805
CRI,SSP2,2100,0.853
HRV,SSP2,2025,0.602
HRV,SSP2,2030,0.618
HRV,SSP2,2050,0.678
HRV,SSP2,2100,0.778
CUB,SSP2,2025,0.787
CUB,SSP2,2030,0.794
CUB,SSP2,2050,0.818
CUB,SSP2,2100,0.869
CUW,SSP2,2025,0.922
CUW,SSP2,2030,0.93
CUW,SSP2,2050,0.956
CUW,SSP2,2100,0.99
CYP,SSP2,2025,0.722
CYP,SSP2,2030,0.734
CYP,SSP2,2050,0.772
CYP,SSP2,2100,0.831
CZE,SSP2,2025,0.76
CZE,SSP2,2030,0.768
CZE,SSP2,2050,0.795
CZE,SSP2,2100,0.846
CIV,SSP2,2025,0.539
CIV,SSP2,2030,0.557
CIV,SSP2,2050,0.624
CIV,SSP2,2100,0.75
COD,SSP2,2025,0.452
COD,SSP2,2030,0.47
COD,SSP2,2050,0.538
COD,SSP2,2100,0.692
DNK,SSP2,2025,0.893
DNK,SSP2,2030,0.9
DNK,SSP2,2050,0.93
DNK,SSP2,2100,0.981
DJI,SSP2,2025,0.795
DJI,SSP2,2030,0.801
DJI,SSP2,2050,0.824
DJI,SSP2,2100,0.879
DMA,SSP2,2025,0.727
DMA,SSP2,2030,0.738
DMA,SSP2,2050,0.778
DMA,SSP2,2100,0.837
DOM,SSP2,2025,0.777
DOM,SSP2,2030,0.787
DOM,SSP2,2050,0.82
DOM,SSP2,2100,0.878
ECU,SSP2,2025,0.677
ECU,SSP2,2030,0.691
ECU,SSP2,2050,0.738
ECU,SSP2,2100,0.811
EGY,SSP2,2025,0.482
EGY,SSP2,2030,0.499
EGY,SSP2,2050,0.565
EGY,SSP2,2100,0.714
SLV,SSP2,2025,0.705
SLV,SSP2,2030,0.719
SLV,SSP2,2050,0.763
SLV,SSP2,2100,0.826
GNQ,SSP2,2025,0.718
GNQ,SSP2,2030,0.735
GNQ,SSP2,2050,0.783
GNQ,SSP2,2100,0.846
ERI,SSP2,2025,0.427
ERI,SSP2,2030,0.45
ERI,SSP2,2050,0.544
ERI,SSP2,2100,0.716
EST,SSP2,2025,0.718
EST,SSP2,2030,0.729
EST,SSP2,2050,0.765
EST,SSP2,2100,0.826
SWZ,SSP2,2025,0.291
SWZ,SSP2,2030,0.313
SWZ,SSP2,2050,0.399
SWZ,SSP2,2100,0.589
ETH,SSP2,2025,0.221
ETH,SSP2,2030,0.238
ETH,SSP2,2050,0.306
ETH,SSP2,2100,0.483
FLK,SSP2,2025,0.767
FLK,SSP2,2030,0.775
FLK,SSP2,2050,0.801
FLK,SSP2,2100,0.849
FRO,SSP2,2025,0.461
FRO,SSP2,2030,0.478
FRO,SSP2,2050,0.546
FRO,SSP2,2100,0.701
FJI,SSP2,2025,0.575
FJI,SSP2,2030,0.591
FJI,SSP2,2050,0.655
FJI,SSP2,2100,0.766
FIN,SSP2,2025,0.859
FIN,SSP2,2030,0.868
FIN,SSP2,2050,0.899
FIN,SSP2,2100,0.965
FRA,SSP2,2025,0.803
FRA,SSP2,2030,0.808
FRA,SSP2,2050,0.829
FRA,SSP2,2100,0.887
GUF,SSP2,2025,0.847
GUF,SSP2,2030,0.851
GUF,SSP2,2050,0.885
GUF,SSP2,2100,0.956
PYF,SSP2,2025,0.652
PYF,SSP2,2030,0.665
PYF,SSP2,2050,0.717
PYF,SSP2,2100,0.798
GAB,SSP2,2025,0.899
GAB,SSP2,2030,0.911
GAB,SSP2,2050,0.943
GAB,SSP2,2100,0.985
GMB,SSP2,2025,0.63
GMB,SSP2,2030,0.653
GMB,SSP2,2050,0.726
GMB,SSP2,2100,0.817
GEO,SSP2,2025,0.604
GEO,SSP2,2030,0.62
GEO,SSP2,2050,0.681
GEO,SSP2,2100,0.779
DEU,SSP2,2025,0.79
DEU,SSP2,2030,0.796
DEU,SSP2,2050,0.819
DEU,SSP2,2100,0.877
GHA,SSP2,2025,0.57
GHA,SSP2,2030,0.588
GHA,SSP2,2050,0.656
GHA,SSP2,2100,0.768
GRC,SSP2,2025,0.785
GRC,SSP2,2030,0.791
GRC,SSP2,2050,0.815
GRC,SSP2,2100,0.868
GRL,SSP2,2025,0.863
GRL,SSP2,2030,0.874
GRL,SSP2,2050,0.905
GRL,SSP2,2100,0.967
GRD,SSP2,2025,0.413
GRD,SSP2,2030,0.43
GRD,SSP2,2050,0.498
GRD,SSP2,2100,0.66
GLP,SSP2,2025,0.993
GLP,SSP2,2030,0.994
GLP,SSP2,2050,0.997
GLP,SSP2,2100,1.0
GUM,SSP2,2025,0.959
GUM,SSP2,2030,0.963
GUM,SSP2,2050,0.978
GUM,SSP2,2100,0.996
GTM,SSP2,2025,0.534
GTM,SSP2,2030,0.551
GTM,SSP2,2050,0.615
GTM,SSP2,2100,0.743
GIN,SSP2,2025,0.401
GIN,SSP2,2030,0.422
GIN,SSP2,2050,0.499
GIN,SSP2,2100,0.666
GNB,SSP2,2025,0.472
GNB,SSP2,2030,0.496
GNB,SSP2,2050,0.577
GNB,SSP2,2100,0.725
HTI,SSP2,2025,0.549
HTI,SSP2,2030,0.571
HTI,SSP2,2050,0.653
HTI,SSP2,2100,0.779
HND,SSP2,2025,0.578
HND,SSP2,2030,0.597
HND,SSP2,2050,0.661
HND,SSP2,2100,0.77
HUN,SSP2,2025,0.725
HUN,SSP2,2030,0.734
HUN,SSP2,2050,0.77
HUN,SSP2,2100,0.829
ISL,SSP2,2025,0.954
ISL,SSP2,2030,0.959
ISL,SSP2,2050,0.975
ISL,SSP2,2100,0.996
IND,SSP2,2025,0.361
IND,SSP2,2030,0.38
IND,SSP2,2050,0.449
IND,SSP2,2100,0.615
IDN,SSP2,2025,0.573
IDN,SSP2,2030,0.596
IDN,SSP2,2050,0.677
IDN,SSP2,2100,0.793
IRN,SSP2,2025,0.751
IRN,SSP2,2030,0.762
IRN,SSP2,2050,0.798
IRN,SSP2,2100,0.849
IRQ,SSP2,2025,0.727
IRQ,SSP2,2030,0.736
IRQ,SSP2,2050,0.771
IRQ,SSP2,2100,0.829
IRL,SSP2,2025,0.661
IRL,SSP2,2030,0.675
IRL,SSP2,2050,0.725
IRL,SSP2,2100,0.803
ISR,SSP2,2025,0.942
ISR,SSP2,2030,0.948
ISR,SSP2,2050,0.967
ISR,SSP2,2100,0.994
ITA,SSP2,2025,0.721
ITA,SSP2,2030,0.731
ITA,SSP2,2050,0.767
ITA,SSP2,2100,0.827
JAM,SSP2,2025,0.587
JAM,SSP2,2030,0.602
JAM,SSP2,2050,0.665
JAM,SSP2,2100,0.771
JPN,SSP2,2025,0.933
JPN,SSP2,2030,0.94
JPN,SSP2,2050,0.962
JPN,SSP2,2100,0.992
JOR,SSP2,2025,0.895
JOR,SSP2,2030,0.903
JOR,SSP2,2050,0.935
JOR,SSP2,2100,0.982
KAZ,SSP2,2025,0.616
KAZ,SSP2,2030,0.633
KAZ,SSP2,2050,0.689
KAZ,SSP2,2100,0.784
KEN,SSP2,2025,0.291
KEN,SSP2,2030,0.308
KEN,SSP2,2050,0.383
KEN,SSP2,2100,0.561
KIR,SSP2,2025,0.545
KIR,SSP2,2030,0.565
KIR,SSP2,2050,0.64
KIR,SSP2,2100,0.76
KGZ,SSP2,2025,0.407
KGZ,SSP2,2030,0.425
KGZ,SSP2,2050,0.495
KGZ,SSP2,2100,0.659
LAO,SSP2,2025,0.373
LAO,SSP2,2030,0.396
LAO,SSP2,2050,0.488
LAO,SSP2,2100,0.672
LVA,SSP2,2025,0.717
LVA,SSP2,2030,0.727
LVA,SSP2,2050,0.763
LVA,SSP2,2100,0.824
LBN,SSP2,2025,0.904
LBN,SSP2,2030,0.911
LBN,SSP2,2050,0.943
LBN,SSP2,2100,0.985
LSO,SSP2,2025,0.324
LSO,SSP2,2030,0.349
LSO,SSP2,2050,0.449
LSO,SSP2,2100,0.66
LBR,SSP2,2025,0.539
LBR,SSP2,2030,0.556
LBR,SSP2,2050,0.623
LBR,SSP2,2100,0.75
LBY,SSP2,2025,0.81
LBY,SSP2,2030,0.818
LBY,SSP2,2050,0.843
LBY,SSP2,2100,0.914
LTU,SSP2,2025,0.708
LTU,SSP2,2030,0.719
LTU,SSP2,2050,0.758
LTU,SSP2,2100,0.822
LUX,SSP2,2025,0.907
LUX,SSP2,2030,0.914
LUX,SSP2,2050,0.945
LUX,SSP2,2100,0.986
MDG,SSP2,2025,0.382
MDG,SSP2,2030,0.403
MDG,SSP2,2050,0.483
MDG,SSP2,2100,0.655
MWI,SSP2,2025,0.201
MWI,SSP2,2030,0.218
MWI,SSP2,2050,0.287
MWI,SSP2,2100,0.464
MYS,SSP2,2025,0.755
MYS,SSP2,2030,0.768
MYS,SSP2,2050,0.806
MYS,SSP2,2100,0.861
MDV,SSP2,2025,0.434
MDV,SSP2,2030,0.455
MDV,SSP2,2050,0.537
MDV,SSP2,2100,0.697
MLI,SSP2,2025,0.431
MLI,SSP2,2030,0.453
MLI,SSP2,2050,0.54
MLI,SSP2,2100,0.699
MLT,SSP2,2025,0.958
MLT,SSP2,2030,0.962
MLT,SSP2,2050,0.978
MLT,SSP2,2100,0.996
MHL,SSP2,2025,0.772
MHL,SSP2,2030,0.782
MHL,SSP2,2050,0.811
MHL,SSP2,2100,0.86
MTQ,SSP2,2025,0.918
MTQ,SSP2,2030,0.925
MTQ,SSP2,2050,0.953
MTQ,SSP2,2100,0.989
MRT,SSP2,2025,0.548
MRT,SSP2,2030,0.572
MRT,SSP2,2050,0.663
MRT,SSP2,2100,0.791
MUS,SSP2,2025,0.466
MUS,SSP2,2030,0.483
MUS,SSP2,2050,0.549
MUS,SSP2,2100,0.701
MYT,SSP2,2025,0.561
MYT,SSP2,2030,0.582
MYT,SSP2,2050,0.658
MYT,SSP2,2100,0.779
MEX,SSP2,2025,0.802
MEX,SSP2,2030,0.809
MEX,SSP2,2050,0.829
MEX,SSP2,2100,0.893
MDA,SSP2,2025,0.478
MDA,SSP2,2030,0.496
MDA,SSP2,2050,0.563
MDA,SSP2,2100,0.713
MNG,SSP2,2025,0.724
MNG,SSP2,2030,0.737
MNG,SSP2,2050,0.779
MNG,SSP2,2100,0.838
MNE,SSP2,2025,0.703
MNE,SSP2,2030,0.72
MNE,SSP2,2050,0.772
MNE,SSP2,2100,0.837
MAR,SSP2,2025,0.636
MAR,SSP2,2030,0.652
MAR,SSP2,2050,0.705
MAR,SSP2,2100,0.792
MOZ,SSP2,2025,0.393
MOZ,SSP2,2030,0.418
MOZ,SSP2,2050,0.512
MOZ,SSP2,2100,0.691
MMR,SSP2,2025,0.34
MMR,SSP2,2030,0.358
MMR,SSP2,2050,0.429
MMR,SSP2,2100,0.596
NAM,SSP2,2025,0.478
NAM,SSP2,2030,0.497
NAM,SSP2,2050,0.571
NAM,SSP2,2100,0.718
NPL,SSP2,2025,0.23
NPL,SSP2,2030,0.252
NPL,SSP2,2050,0.344
NPL,SSP2,2100,0.556
NLD,SSP2,2025,0.9
NLD,SSP2,2030,0.908
NLD,SSP2,2050,0.94
NLD,SSP2,2100,0.984
NCL,SSP2,2025,0.718
NCL,SSP2,2030,0.731
NCL,SSP2,2050,0.77
NCL,SSP2,2100,0.83
NZL,SSP2,2025,0.887
NZL,SSP2,2030,0.895
NZL,SSP2,2050,0.925
NZL,SSP2,2100,0.978
NIC,SSP2,2025,0.617
NIC,SSP2,2030,0.633
NIC,SSP2,2050,0.689
NIC,SSP2,2100,0.784
NER,SSP2,2025,0.205
NER,SSP2,2030,0.221
NER,SSP2,2050,0.288
NER,SSP2,2100,0.464
NGA,SSP2,2025,0.508
NGA,SSP2,2030,0.532
NGA,SSP2,2050,0.612
NGA,SSP2,2100,0.754
NIU,SSP2,2025,0.44
NIU,SSP2,2030,0.457
NIU,SSP2,2050,0.527
NIU,SSP2,2100,0.685
MKD,SSP2,2025,0.619
MKD,SSP2,2030,0.636
MKD,SSP2,2050,0.692
MKD,SSP2,2100,0.785
MNP,SSP2,2025,0.934
MNP,SSP2,2030,0.941
MNP,SSP2,2050,0.962
MNP,SSP2,2100,0.992
NOR,SSP2,2025,0.812
NOR,SSP2,2030,0.818
NOR,SSP2,2050,0.837
NOR,SSP2,2100,0.901
OMN,SSP2,2025,0.792
OMN,SSP2,2030,0.803
OMN,SSP2,2050,0.837
OMN,SSP2,2100,0.912
PAK,SSP2,2025,0.404
PAK,SSP2,2030,0.423
PAK,SSP2,2050,0.492
PAK,SSP2,2100,0.656
PLW,SSP2,2025,0.773
PLW,SSP2,2030,0.78
PLW,SSP2,2050,0.805
PLW,SSP2,2100,0.852
PSE,SSP2,2025,0.774
PSE,SSP2,2030,0.782
PSE,SSP2,2050,0.811
PSE,SSP2,2100,0.86
PAN,SSP2,2025,0.692
PAN,SSP2,2030,0.705
PAN,SSP2,2050,0.746
PAN,SSP2,2100,0.816
PNG,SSP2,2025,0.168
PNG,SSP2,2030,0.182
PNG,SSP2,2050,0.244
PNG,SSP2,2100,0.42
PRY,SSP2,2025,0.642
PRY,SSP2,2030,0.656
PRY,SSP2,2050,0.711
PRY,SSP2,2100,0.794
PER,SSP2,2025,0.791
PER,SSP2,2030,0.799
PER,SSP2,2050,0.822
PER,SSP2,2100,0.878
PHL,SSP2,2025,0.507
PHL,SSP2,2030,0.524
PHL,SSP2,2050,0.59
PHL,SSP2,2100,0.731
POL,SSP2,2025,0.656
POL,SSP2,2030,0.671
POL,SSP2,2050,0.723
POL,SSP2,2100,0.8
PRT,SSP2,2025,0.656
PRT,SSP2,2030,0.671
PRT,SSP2,2050,0.723
PRT,SSP2,2100,0.8
PRI,SSP2,2025,0.958
PRI,SSP2,2030,0.963
PRI,SSP2,2050,0.978
PRI,SSP2,2100,0.996
QAT,SSP2,2025,0.991
QAT,SSP2,2030,0.993
QAT,SSP2,2050,0.996
QAT,SSP2,2100,0.999
ROU,SSP2,2025,0.587
ROU,SSP2,2030,0.603
ROU,SSP2,2050,0.665
ROU,SSP2,2100,0.772
RUS,SSP2,2025,0.765
RUS,SSP2,2030,0.772
RUS,SSP2,2050,0.798
RUS,SSP2,2100,0.848
RWA,SSP2,2025,0.235
RWA,SSP2,2030,0.258
RWA,SSP2,2050,0.356
RWA,SSP2,2100,0.586
REU,SSP2,2025,0.993
REU,SSP2,2030,0.995
REU,SSP2,2050,0.997
REU,SSP2,2100,1.0
KNA,SSP2,2025,0.366
KNA,SSP2,2030,0.384
KNA,SSP2,2050,0.456
KNA,SSP2,2100,0.624
SPM,SSP2,2025,0.922
SPM,SSP2,2030,0.93
SPM,SSP2,2050,0.956
SPM,SSP2,2100,0.99
VCT,SSP2,2025,0.545
VCT,SSP2,2030,0.561
VCT,SSP2,2050,0.626
VCT,SSP2,2100,0.751
WSM,SSP2,2025,0.248
WSM,SSP2,2030,0.265
WSM,SSP2,2050,0.334
WSM,SSP2,2100,0.512
SMR,SSP2,2025,0.971
SMR,SSP2,2030,0.975
SMR,SSP2,2050,0.987
SMR,SSP2,2100,0.998
STP,SSP2,2025,0.711
STP,SSP2,2030,0.727
STP,SSP2,2050,0.777
STP,SSP2,2100,0.842
SAU,SSP2,2025,0.845
SAU,SSP2,2030,0.851
SAU,SSP2,2050,0.889
SAU,SSP2,2100,0.958
SEN,SSP2,2025,0.491
SEN,SSP2,2030,0.508
SEN,SSP2,2050,0.575
SEN,SSP2,2100,0.721
SRB,SSP2,2025,0.601
SRB,SSP2,2030,0.617
SRB,SSP2,2050,0.676
SRB,SSP2,2100,0.778
SYC,SSP2,2025,0.582
SYC,SSP2,2030,0.598
SYC,SSP2,2050,0.659
SYC,SSP2,2100,0.77
SLE,SSP2,2025,0.444
SLE,SSP2,2030,0.461
SLE,SSP2,2050,0.532
SLE,SSP2,2100,0.688
SVK,SSP2,2025,0.596
SVK,SSP2,2030,0.612
SVK,SSP2,2050,0.674
SVK,SSP2,2100,0.777
SVN,SSP2,2025,0.578
SVN,SSP2,2030,0.594
SVN,SSP2,2050,0.657
SVN,SSP2,2100,0.768
SLB,SSP2,2025,0.257
SLB,SSP2,2030,0.276
SLB,SSP2,2050,0.35
SLB,SSP2,2100,0.543
SOM,SSP2,2025,0.452
SOM,SSP2,2030,0.47
SOM,SSP2,2050,0.541
SOM,SSP2,2100,0.697
ZAF,SSP2,2025,0.668
ZAF,SSP2,2030,0.683
ZAF,SSP2,2050,0.731
ZAF,SSP2,2100,0.806
KOR,SSP2,2025,0.844
KOR,SSP2,2030,0.851
KOR,SSP2,2050,0.892
KOR,SSP2,2100,0.961
SSD,SSP2,2025,0.225
SSD,SSP2,2030,0.24
SSD,SSP2,2050,0.309
SSD,SSP2,2100,0.484
ESP,SSP2,2025,0.806
ESP,SSP2,2030,0.812
ESP,SSP2,2050,0.833
ESP,SSP2,2100,0.894
LKA,SSP2,2025,0.229
LKA,SSP2,2030,0.245
LKA,SSP2,2050,0.313
LKA,SSP2,2100,0.491
SDN,SSP2,2025,0.394
SDN,SSP2,2030,0.415
SDN,SSP2,2050,0.492
SDN,SSP2,2100,0.661
SUR,SSP2,2025,0.704
SUR,SSP2,2030,0.716
SUR,SSP2,2050,0.755
SUR,SSP2,2100,0.82
SWE,SSP2,2025,0.877
SWE,SSP2,2030,0.885
SWE,SSP2,2050,0.914
SWE,SSP2,2100,0.973
CHE,SSP2,2025,0.763
CHE,SSP2,2030,0.771
CHE,SSP2,2050,0.797
CHE,SSP2,2100,0.847
SYR,SSP2,2025,0.605
SYR,SSP2,2030,0.621
SYR,SSP2,2050,0.681
SYR,SSP2,2100,0.78
TWN,SSP2,2025,0.784
TWN,SSP2,2030,0.793
TWN,SSP2,2050,0.824
TWN,SSP2,2100,0.885
TZA,SSP2,2025,0.356
TZA,SSP2,2030,0.381
TZA,SSP2,2050,0.477
TZA,SSP2,2100,0.671
THA,SSP2,2025,0.502
THA,SSP2,2030,0.521
THA,SSP2,2050,0.592
THA,SSP2,2100,0.731
TLS,SSP2,2025,0.329
TLS,SSP2,2030,0.347
TLS,SSP2,2050,0.422
TLS,SSP2,2100,0.592
TGO,SSP2,2025,0.447
TGO,SSP2,2030,0.47
TGO,SSP2,2050,0.555
TGO,SSP2,2100,0.712
TON,SSP2,2025,0.285
TON,SSP2,2030,0.302
TON,SSP2,2050,0.372
TON,SSP2,2100,0.545
TTO,SSP2,2025,0.59
TTO,SSP2,2030,0.606
TTO,SSP2,2050,0.669
TTO,SSP2,2100,0.775
TUN,SSP2,2025,0.714
TUN,SSP2,2030,0.728
TUN,SSP2,2050,0.768
TUN,SSP2,2100,0.828
TUR,SSP2,2025,0.752
TUR,SSP2,2030,0.765
TUR,SSP2,2050,0.8
TUR,SSP2,2100,0.85
TKM,SSP2,2025,0.535
TKM,SSP2,2030,0.551
TKM,SSP2,2050,0.616
TKM,SSP2,2100,0.744
TCA,SSP2,2025,0.929
TCA,SSP2,2030,0.937
TCA,SSP2,2050,0.96
TCA,SSP2,2100,0.991
TUV,SSP2,2025,0.619
TUV,SSP2,2030,0.641
TUV,SSP2,2050,0.714
TUV,SSP2,2100,0.81
UGA,SSP2,2025,0.259
UGA,SSP2,2030,0.282
UGA,SSP2,2050,0.371
UGA,SSP2,2100,0.572
UKR,SSP2,2025,0.723
UKR,SSP2,2030,0.732
UKR,SSP2,2050,0.768
UKR,SSP2,2100,0.827
ARE,SSP2,2025,0.852
ARE,SSP2,2030,0.861
ARE,SSP2,2050,0.894
ARE,SSP2,2100,0.962
GBR,SSP2,2025,0.828
GBR,SSP2,2030,0.833
GBR,SSP2,2050,0.849
GBR,SSP2,2100,0.924
USA,SSP2,2025,0.824
USA,SSP2,2030,0.829
USA,SSP2,2050,0.846
USA,SSP2,2100,0.917
VIR,SSP2,2025,0.962
VIR,SSP2,2030,0.966
VIR,SSP2,2050,0.981
VIR,SSP2,2100,0.997
URY,SSP2,2025,0.96
URY,SSP2,2030,0.964
URY,SSP2,2050,0.979
URY,SSP2,2100,0.996
UZB,SSP2,2025,0.56
UZB,SSP2,2030,0.576
UZB,SSP2,2050,0.641
UZB,SSP2,2100,0.759
VUT,SSP2,2025,0.296
VUT,SSP2,2030,0.313
VUT,SSP2,2050,0.385
VUT,SSP2,2100,0.559
VEN,SSP2,2025,0.906
VEN,SSP2,2030,0.913
VEN,SSP2,2050,0.945
VEN,SSP2,2100,0.986
VNM,SSP2,2025,0.356
VNM,SSP2,2030,0.375
VNM,SSP2,2050,0.446
VNM,SSP2,2100,0.613
ESH,SSP2,2025,0.898
ESH,SSP2,2030,0.907
ESH,SSP2,2050,0.939
ESH,SSP2,2100,0.984
YEM,SSP2,2025,0.387
YEM,SSP2,2030,0.409
YEM,SSP2,2050,0.495
YEM,SSP2,2100,0.666
ZMB,SSP2,2025,0.445
ZMB,SSP2,2030,0.463
ZMB,SSP2,2050,0.531
ZMB,SSP2,2100,0.688
ZWE,SSP2,2025,0.389
ZWE,SSP2,2030,0.407
ZWE,SSP2,2050,0.478
ZWE,SSP2,2100,0.645
AFG,SSP3,2025,0.289
AFG,SSP3,2030,0.306
AFG,SSP3,2050,0.378
AFG,SSP3,2100,0.549
ALB,SSP3,2025,0.522
ALB,SSP3,2030,0.522
ALB,SSP3,2050,0.522
ALB,SSP3,2100,0.522
DZA,SSP3,2025,0.727
DZA,SSP3,2030,0.741
DZA,SSP3,2050,0.783
DZA,SSP3,2100,0.841
ASM,SSP3,2025,0.876
ASM,SSP3,2030,0.876
ASM,SSP3,2050,0.876
ASM,SSP3,2100,0.876
AND,SSP3,2025,0.888
AND,SSP3,2030,0.888
AND,SSP3,2050,0.888
AND,SSP3,2100,0.888
AGO,SSP3,2025,0.671
AGO,SSP3,2030,0.692
AGO,SSP3,2050,0.755
AGO,SSP3,2100,0.835
ARG,SSP3,2025,0.932
ARG,SSP3,2030,0.939
ARG,SSP3,2050,0.962
ARG,SSP3,2100,0.992
ARM,SSP3,2025,0.634
ARM,SSP3,2030,0.634
ARM,SSP3,2050,0.634
ARM,SSP3,2100,0.634
AUS,SSP3,2025,0.878
AUS,SSP3,2030,0.886
AUS,SSP3,2050,0.916
AUS,SSP3,2100,0.974
AZE,SSP3,2025,0.534
AZE,SSP3,2030,0.534
AZE,SSP3,2050,0.534
AZE,SSP3,2100,0.534
BHS,SSP3,2025,0.824
BHS,SSP3,2030,0.824
BHS,SSP3,2050,0.824
BHS,SSP3,2100,0.824
BHR,SSP3,2025,0.886
BHR,SSP3,2030,0.886
BHR,SSP3,2050,0.886
BHR,SSP3,2100,0.886
BGD,SSP3,2025,0.382
BGD,SSP3,2030,0.407
BGD,SSP3,2050,0.505
BGD,SSP3,2100,0.696
BLR,SSP3,2025,0.747
BLR,SSP3,2030,0.747
BLR,SSP3,2050,0.747
BLR,SSP3,2100,0.747
BEL,SSP3,2025,0.986
BEL,SSP3,2030,0.988
BEL,SSP3,2050,0.994
BEL,SSP3,2100,0.999
BEN,SSP3,2025,0.508
BEN,SSP3,2030,0.533
BEN,SSP3,2050,0.619
BEN,SSP3,2100,0.765
BTN,SSP3,2025,0.348
BTN,SSP3,2030,0.348
BTN,SSP3,2050,0.348
BTN,SSP3,2100,0.348
BOL,SSP3,2025,0.713
BOL,SSP3,2030,0.727
BOL,SSP3,2050,0.768
BOL,SSP3,2100,0.829
BIH,SSP3,2025,0.456
BIH,SSP3,2030,0.456
BIH,SSP3,2050,0.456
BIH,SSP3,2100,0.456
BWA,SSP3,2025,0.624
BWA,SSP3,2030,0.624
BWA,SSP3,2050,0.624
BWA,SSP3,2100,0.624
BRA,SSP3,2025,0.872
BRA,SSP3,2030,0.882
BRA,SSP3,2050,0.914
BRA,SSP3,2100,0.973
VGB,SSP3,2025,0.448
VGB,SSP3,2030,0.448
VGB,SSP3,2050,0.448
VGB,SSP3,2100,0.448
BRN,SSP3,2025,0.75
BRN,SSP3,2030,0.75
BRN,SSP3,2050,0.75
BRN,SSP3,2100,0.75
BGR,SSP3,2025,0.723
BGR,SSP3,2030,0.723
BGR,SSP3,2050,0.723
BGR,SSP3,2100,0.723
BFA,SSP3,2025,0.321
BFA,SSP3,2030,0.346
BFA,SSP3,2050,0.444
BFA,SSP3,2100,0.653
BDI,SSP3,2025,0.152
BDI,SSP3,2030,0.169
BDI,SSP3,2050,0.246
BDI,SSP3,2100,0.453
CPV,SSP3,2025,0.618
CPV,SSP3,2030,0.618
CPV,SSP3,2050,0.618
CPV,SSP3,2100,0.618
KHM,SSP3,2025,0.251
KHM,SSP3,2030,0.268
KHM,SSP3,2050,0.337
KHM,SSP3,2100,0.512
CMR,SSP3,2025,0.588
CMR,SSP3,2030,0.61
CMR,SSP3,2050,0.688
CMR,SSP3,2100,0.797
CAN,SSP3,2025,0.826
CAN,SSP3,2030,0.831
CAN,SSP3,2050,0.847
CAN,SSP3,2100,0.922
CAF,SSP3,2025,0.389
CAF,SSP3,2030,0.389
CAF,SSP3,2050,0.389
CAF,SSP3,2100,0.389
TCD,SSP3,2025,0.271
TCD,SSP3,2030,0.289
TCD,SSP3,2050,0.357
TCD,SSP3,2100,0.531
CHL,SSP3,2025,0.896
CHL,SSP3,2030,0.903
CHL,SSP3,2050,0.933
CHL,SSP3,2100,0.981
CHN,SSP3,2025,0.569
CHN,SSP3,2030,0.591
CHN,SSP3,2050,0.675
CHN,SSP3,2100,0.794
COL,SSP3,2025,0.807
COL,SSP3,2030,0.814
COL,SSP3,2050,0.836
COL,SSP3,2100,0.901
COM,SSP3,2025,0.28
COM,SSP3,2030,0.28
COM,SSP3,2050,0.28
COM,SSP3,2100,0.28
COG,SSP3,2025,0.633
COG,SSP3,2030,0.633
COG,SSP3,2050,0.633
COG,SSP3,2100,0.633
COK,SSP3,2025,0.733
COK,SSP3,2030,0.733
COK,SSP3,2050,0.733
COK,SSP3,2100,0.733
CRI,SSP3,2025,0.717
CRI,SSP3,2030,0.717
CRI,SSP3,2050,0.717
CRI,SSP3,2100,0.717
HRV,SSP3,2025,0.552
HRV,SSP3,2030,0.552
HRV,SSP3,2050,0.552
HRV,SSP3,2100,0.552
CUB,SSP3,2025,0.787
CUB,SSP3,2030,0.794
CUB,SSP3,2050,0.818
CUB,SSP3,2100,0.869
CUW,SSP3,2025,0.899
CUW,SSP3,2030,0.899
CUW,SSP3,2050,0.899
CUW,SSP3,2100,0.899
CYP,SSP3,2025,0.676
CYP,SSP3,2030,0.676
CYP,SSP3,2050,0.676
CYP,SSP3,2100,0.676
CZE,SSP3,2025,0.76
CZE,SSP3,2030,0.768
CZE,SSP3,2050,0.795
CZE,SSP3,2100,0.846
CIV,SSP3,2025,0.539
CIV,SSP3,2030,0.557
CIV,SSP3,2050,0.624
CIV,SSP3,2100,0.75
COD,SSP3,2025,0.452
COD,SSP3,2030,0.47
COD,SSP3,2050,0.538
COD,SSP3,2100,0.692
DNK,SSP3,2025,0.868
DNK,SSP3,2030,0.868
DNK,SSP3,2050,0.868
DNK,SSP3,2100,0.868
DJI,SSP3,2025,0.77
DJI,SSP3,2030,0.77
DJI,SSP3,2050,0.77
DJI,SSP3,2100,0.77
DMA,SSP3,2025,0.681
DMA,SSP3,2030,0.681
DMA,SSP3,2050,0.681
DMA,SSP3,2100,0.681
DOM,SSP3,2025,0.777
DOM,SSP3,2030,0.787
DOM,SSP3,2050,0.82
DOM,SSP3,2100,0.878
ECU,SSP3,2025,0.677
ECU,SSP3,2030,0.691
ECU,SSP3,2050,0.738
ECU,SSP3,2100,0.811
EGY,SSP3,2025,0.482
EGY,SSP3,2030,0.499
EGY,SSP3,2050,0.565
EGY,SSP3,2100,0.714
SLV,SSP3,2025,0.655
SLV,SSP3,2030,0.655
SLV,SSP3,2050,0.655
SLV,SSP3,2100,0.655
GNQ,SSP3,2025,0.659
GNQ,SSP3,2030,0.659
GNQ,SSP3,2050,0.659
GNQ,SSP3,2100,0.659
ERI,SSP3,2025,0.352
ERI,SSP3,2030,0.352
ERI,SSP3,2050,0.352
ERI,SSP3,2100,0.352
EST,SSP3,2025,0.681
EST,SSP3,2030,0.681
EST,SSP3,2050,0.681
EST,SSP3,2100,0.681
SWZ,SSP3,2025,0.225
SWZ,SSP3,2030,0.225
SWZ,SSP3,2050,0.225
SWZ,SSP3,2100,0.225
ETH,SSP3,2025,0.221
ETH,SSP3,2030,0.238
ETH,SSP3,2050,0.306
ETH,SSP3,2100,0.483
FLK,SSP3,2025,0.737
FLK,SSP3,2030,0.737
FLK,SSP3,2050,0.737
FLK,SSP3,2100,0.737
FRO,SSP3,2025,0.409
FRO,SSP3,2030,0.409
FRO,SSP3,2050,0.409
FRO,SSP3,2100,0.409
FJI,SSP3,2025,0.522
FJI,SSP3,2030,0.522
FJI,SSP3,2050,0.522
FJI,SSP3,2100,0.522
FIN,SSP3,2025,0.838
FIN,SSP3,2030,0.838
FIN,SSP3,2050,0.838
FIN,SSP3,2100,0.838
FRA,SSP3,2025,0.803
FRA,SSP3,2030,0.808
FRA,SSP3,2050,0.829
FRA,SSP3,2100,0.887
GUF,SSP3,2025,0.829
GUF,SSP3,2030,0.829
GUF,SSP3,2050,0.829
GUF,SSP3,2100,0.829
PYF,SSP3,2025,0.603
PYF,SSP3,2030,0.603
PYF,SSP3,2050,0.603
PYF,SSP3,2100,0.603
GAB,SSP3,2025,0.855
GAB,SSP3,2030,0.855
GAB,SSP3,2050,0.855
GAB,SSP3,2100,0.855
GMB,SSP3,2025,0.557
GMB,SSP3,2030,0.557
GMB,SSP3,2050,0.557
GMB,SSP3,2100,0.557
GEO,SSP3,2025,0.555
GEO,SSP3,2030,0.555
GEO,SSP3,2050,0.555
GEO,SSP3,2100,0.555
DEU,SSP3,2025,0.79
DEU,SSP3,2030,0.796
DEU,SSP3,2050,0.819
DEU,SSP3,2100,0.877
GHA,SSP3,2025,0.57
GHA,SSP3,2030,0.588
GHA,SSP3,2050,0.656
GHA,SSP3,2100,0.768
GRC,SSP3,2025,0.785
GRC,SSP3,2030,0.791
GRC,SSP3,2050,0.815
GRC,SSP3,2100,0.868
GRL,SSP3,2025,0.844
GRL,SSP3,2030,0.844
GRL,SSP3,2050,0.844
GRL,SSP3,2100,0.844
GRD,SSP3,2025,0.359
GRD,SSP3,2030,0.359
GRD,SSP3,2050,0.359
GRD,SSP3,2100,0.359
GLP,SSP3,2025,0.984
GLP,SSP3,2030,0.984
GLP,SSP3,2050,0.984
GLP,SSP3,2100,0.984
GUM,SSP3,2025,0.941
GUM,SSP3,2030,0.941
GUM,SSP3,2050,0.941
GUM,SSP3,2100,0.941
GTM,SSP3,2025,0.534
GTM,SSP3,2030,0.551
GTM,SSP3,2050,0.615
GTM,SSP3,2100,0.743
GIN,SSP3,2025,0.401
GIN,SSP3,2030,0.422
GIN,SSP3,2050,0.499
GIN,SSP3,2100,0.666
GNB,SSP3,2025,0.401
GNB,SSP3,2030,0.401
GNB,SSP3,2050,0.401
GNB,SSP3,2100,0.401
HTI,SSP3,2025,0.549
HTI,SSP3,2030,0.571
HTI,SSP3,2050,0.653
HTI,SSP3,2100,0.779
HND,SSP3,2025,0.519
HND,SSP3,2030,0.519
HND,SSP3,2050,0.519
HND,SSP3,2100,0.519
HUN,SSP3,2025,0.689
HUN,SSP3,2030,0.689
HUN,SSP3,2050,0.689
HUN,SSP3,2100,0.689
ISL,SSP3,2025,0.936
ISL,SSP3,2030,0.936
ISL,SSP3,2050,0.936
ISL,SSP3,2100,0.936
IND,SSP3,2025,0.361
IND,SSP3,2030,0.38
IND,SSP3,2050,0.449
IND,SSP3,2100,0.615
IDN,SSP3,2025,0.573
IDN,SSP3,2030,0.596
IDN,SSP3,2050,0.677
IDN,SSP3,2100,0.793
IRN,SSP3,2025,0.751
IRN,SSP3,2030,0.762
IRN,SSP3,2050,0.798
IRN,SSP3,2100,0.849
IRQ,SSP3,2025,0.727
IRQ,SSP3,2030,0.736
IRQ,SSP3,2050,0.771
IRQ,SSP3,2100,0.829
IRL,SSP3,2025,0.615
IRL,SSP3,2030,0.615
IRL,SSP3,2050,0.615
IRL,SSP3,2100,0.615
ISR,SSP3,2025,0.918
ISR,SSP3,2030,0.918
ISR,SSP3,2050,0.918
ISR,SSP3,2100,0.918
ITA,SSP3,2025,0.721
ITA,SSP3,2030,0.731
ITA,SSP3,2050,0.767
ITA,SSP3,2100,0.827
JAM,SSP3,2025,0.537
JAM,SSP3,2030,0.537
JAM,SSP3,2050,0.537
JAM,SSP3,2100,0.537
JPN,SSP3,2025,0.933
JPN,SSP3,2030,0.94
JPN,SSP3,2050,0.962
JPN,SSP3,2100,0.992
JOR,SSP3,2025,0.861
JOR,SSP3,2030,0.861
JOR,SSP3,2050,0.861
JOR,SSP3,2100,0.861
KAZ,SSP3,2025,0.616
KAZ,SSP3,2030,0.633
KAZ,SSP3,2050,0.689
KAZ,SSP3,2100,0.784
KEN,SSP3,2025,0.291
KEN,SSP3,2030,0.308
KEN,SSP3,2050,0.383
KEN,SSP3,2100,0.561
KIR,SSP3,2025,0.474
KIR,SSP3,2030,0.474
KIR,SSP3,2050,0.474
KIR,SSP3,2100,0.474
KGZ,SSP3,2025,0.353
KGZ,SSP3,2030,0.353
KGZ,SSP3,2050,0.353
KGZ,SSP3,2100,0.353
LAO,SSP3,2025,0.301
LAO,SSP3,2030,0.301
LAO,SSP3,2050,0.301
LAO,SSP3,2100,0.301
LVA,SSP3,2025,0.678
LVA,SSP3,2030,0.678
LVA,SSP3,2050,0.678
LVA,SSP3,2100,0.678
LBN,SSP3,2025,0.873
LBN,SSP3,2030,0.873
LBN,SSP3,2050,0.873
LBN,SSP3,2100,0.873
LSO,SSP3,2025,0.248
LSO,SSP3,2030,0.248
LSO,SSP3,2050,0.248
LSO,SSP3,2100,0.248
LBR,SSP3,2025,0.478
LBR,SSP3,2030,0.478
LBR,SSP3,2050,0.478
LBR,SSP3,2100,0.478
LBY,SSP3,2025,0.781
LBY,SSP3,2030,0.781
LBY,SSP3,2050,0.781
LBY,SSP3,2100,0.781
LTU,SSP3,2025,0.668
LTU,SSP3,2030,0.668
LTU,SSP3,2050,0.668
LTU,SSP3,2100,0.668
LUX,SSP3,2025,0.885
LUX,SSP3,2030,0.885
LUX,SSP3,2050,0.885
LUX,SSP3,2100,0.885
MDG,SSP3,2025,0.382
MDG,SSP3,2030,0.403
MDG,SSP3,2050,0.483
MDG,SSP3,2100,0.655
MWI,SSP3,2025,0.201
MWI,SSP3,2030,0.218
MWI,SSP3,2050,0.287
MWI,SSP3,2100,0.464
MYS,SSP3,2025,0.755
MYS,SSP3,2030,0.768
MYS,SSP3,2050,0.806
MYS,SSP3,2100,0.861
MDV,SSP3,2025,0.364
MDV,SSP3,2030,0.364
MDV,SSP3,2050,0.364
MDV,SSP3,2100,0.364
MLI,SSP3,2025,0.431
MLI,SSP3,2030,0.453
MLI,SSP3,2050,0.54
MLI,SSP3,2100,0.699
MLT,SSP3,2025,0.941
MLT,SSP3,2030,0.941
MLT,SSP3,2050,0.941
MLT,SSP3,2100,0.941
MHL,SSP3,2025,0.736
MHL,SSP3,2030,0.736
MHL,SSP3,2050,0.736
MHL,SSP3,2100,0.736
MTQ,SSP3,2025,0.89
MTQ,SSP3,2030,0.89
MTQ,SSP3,2050,0.89
MTQ,SSP3,2100,0.89
MRT,SSP3,2025,0.466
MRT,SSP3,2030,0.466
MRT,SSP3,2050,0.466
MRT,SSP3,2100,0.466
MUS,SSP3,2025,0.416
MUS,SSP3,2030,0.416
MUS,SSP3,2050,0.416
MUS,SSP3,2100,0.416
MYT,SSP3,2025,0.49
MYT,SSP3,2030,0.49
MYT,SSP3,2050,0.49
MYT,SSP3,2100,0.49
MEX,SSP3,2025,0.802
MEX,SSP3,2030,0.809
MEX,SSP3,2050,0.829
MEX,SSP3,2100,0.893
MDA,SSP3,2025,0.426
MDA,SSP3,2030,0.426
MDA,SSP3,2050,0.426
MDA,SSP3,2100,0.426
MNG,SSP3,2025,0.676
MNG,SSP3,2030,0.676
MNG,SSP3,2050,0.676
MNG,SSP3,2100,0.676
MNE,SSP3,2025,0.641
MNE,SSP3,2030,0.641
MNE,SSP3,2050,0.641
MNE,SSP3,2100,0.641
MAR,SSP3,2025,0.636
MAR,SSP3,2030,0.652
MAR,SSP3,2050,0.705
MAR,SSP3,2100,0.792
MOZ,SSP3,2025,0.393
MOZ,SSP3,2030,0.418
MOZ,SSP3,2050,0.512
MOZ,SSP3,2100,0.691
MMR,SSP3,2025,0.34
MMR,SSP3,2030,0.358
MMR,SSP3,2050,0.429
MMR,SSP3,2100,0.596
NAM,SSP3,2025,0.416
NAM,SSP3,2030,0.416
NAM,SSP3,2050,0.416
NAM,SSP3,2100,0.416
NPL,SSP3,2025,0.23
NPL,SSP3,2030,0.252
NPL,SSP3,2050,0.344
NPL,SSP3,2100,0.556
NLD,SSP3,2025,0.9
NLD,SSP3,2030,0.908
NLD,SSP3,2050,0.94
NLD,SSP3,2100,0.984
NCL,SSP3,2025,0.671
NCL,SSP3,2030,0.671
NCL,SSP3,2050,0.671
NCL,SSP3,2100,0.671
NZL,SSP3,2025,0.862
NZL,SSP3,2030,0.862
NZL,SSP3,2050,0.862
NZL,SSP3,2100,0.862
NIC,SSP3,2025,0.569
NIC,SSP3,2030,0.569
NIC,SSP3,2050,0.569
NIC,SSP3,2100,0.569
NER,SSP3,2025,0.205
NER,SSP3,2030,0.221
NER,SSP3,2050,0.288
NER,SSP3,2100,0.464
NGA,SSP3,2025,0.508
NGA,SSP3,2030,0.532
NGA,SSP3,2050,0.612
NGA,SSP3,2100,0.754
NIU,SSP3,2025,0.387
NIU,SSP3,2030,0.387
NIU,SSP3,2050,0.387
NIU,SSP3,2100,0.387
MKD,SSP3,2025,0.571
MKD,SSP3,2030,0.571
MKD,SSP3,2050,0.571
MKD,SSP3,2100,0.571
MNP,SSP3,2025,0.909
MNP,SSP3,2030,0.909
MNP,SSP3,2050,0.909
MNP,SSP3,2100,0.909
NOR,SSP3,2025,0.791
NOR,SSP3,2030,0.791
NOR,SSP3,2050,0.791
NOR,SSP3,2100,0.791
OMN,SSP3,2025,0.752
OMN,SSP3,2030,0.752
OMN,SSP3,2050,0.752
OMN,SSP3,2100,0.752
PAK,SSP3,2025,0.404
PAK,SSP3,2030,0.423
PAK,SSP3,2050,0.492
PAK,SSP3,2100,0.656
PLW,SSP3,2025,0.748
PLW,SSP3,2030,0.748
PLW,SSP3,2050,0.748
PLW,SSP3,2100,0.748
PSE,SSP3,2025,0.741
PSE,SSP3,2030,0.741
PSE,SSP3,2050,0.741
PSE,SSP3,2100,0.741
PAN,SSP3,2025,0.651
PAN,SSP3,2030,0.651
PAN,SSP3,2050,0.651
PAN,SSP3,2100,0.651
PNG,SSP3,2025,0.13
PNG,SSP3,2030,0.13
PNG,SSP3,2050,0.13
PNG,SSP3,2100,0.13
PRY,SSP3,2025,0.593
PRY,SSP3,2030,0.593
PRY,SSP3,2050,0.593
PRY,SSP3,2100,0.593
PER,SSP3,2025,0.791
PER,SSP3,2030,0.799
PER,SSP3,2050,0.822
PER,SSP3,2100,0.878
PHL,SSP3,2025,0.507
PHL,SSP3,2030,0.524
PHL,SSP3,2050,0.59
PHL,SSP3,2100,0.731
POL,SSP3,2025,0.656
POL,SSP3,2030,0.671
POL,SSP3,2050,0.723
POL,SSP3,2100,0.8
PRT,SSP3,2025,0.656
PRT,SSP3,2030,0.671
PRT,SSP3,2050,0.723
PRT,SSP3,2100,0.8
PRI,SSP3,2025,0.938
PRI,SSP3,2030,0.938
PRI,SSP3,2050,0.938
PRI,SSP3,2100,0.938
QAT,SSP3,2025,0.985
QAT,SSP3,2030,0.985
QAT,SSP3,2050,0.985
QAT,SSP3,2100,0.985
ROU,SSP3,2025,0.587
ROU,SSP3,2030,0.603
ROU,SSP3,2050,0.665
ROU,SSP3,2100,0.772
RUS,SSP3,2025,0.765
RUS,SSP3,2030,0.772
RUS,SSP3,2050,0.798
RUS,SSP3,2100,0.848
RWA,SSP3,2025,0.235
RWA,SSP3,2030,0.258
RWA,SSP3,2050,0.356
RWA,SSP3,2100,0.586
REU,SSP3,2025,0.985
REU,SSP3,2030,0.985
REU,SSP3,2050,0.985
REU,SSP3,2100,0.985
KNA,SSP3,2025,0.313
KNA,SSP3,2030,0.313
KNA,SSP3,2050,0.313
KNA,SSP3,2100,0.313
SPM,SSP3,2025,0.899
SPM,SSP3,2030,0.899
SPM,SSP3,2050,0.899
SPM,SSP3,2100,0.899
VCT,SSP3,2025,0.49
VCT,SSP3,2030,0.49
VCT,SSP3,2050,0.49
VCT,SSP3,2100,0.49
WSM,SSP3,2025,0.201
WSM,SSP3,2030,0.201
WSM,SSP3,2050,0.201
WSM,SSP3,2100,0.201
SMR,SSP3,2025,0.957
SMR,SSP3,2030,0.957
SMR,SSP3,2050,0.957
SMR,SSP3,2100,0.957
STP,SSP3,2025,0.65
STP,SSP3,2030,0.65
STP,SSP3,2050,0.65
STP,SSP3,2100,0.65
SAU,SSP3,2025,0.845
SAU,SSP3,2030,0.851
SAU,SSP3,2050,0.889
SAU,SSP3,2100,0.958
SEN,SSP3,2025,0.491
SEN,SSP3,2030,0.508
SEN,SSP3,2050,0.575
SEN,SSP3,2100,0.721
SRB,SSP3,2025,0.55
SRB,SSP3,2030,0.55
SRB,SSP3,2050,0.55
SRB,SSP3,2100,0.55
SYC,SSP3,2025,0.533
SYC,SSP3,2030,0.533
SYC,SSP3,2050,0.533
SYC,SSP3,2100,0.533
SLE,SSP3,2025,0.389
SLE,SSP3,2030,0.389
SLE,SSP3,2050,0.389
SLE,SSP3,2100,0.389
SVK,SSP3,2025,0.547
SVK,SSP3,2030,0.547
SVK,SSP3,2050,0.547
SVK,SSP3,2100,0.547
SVN,SSP3,2025,0.527
SVN,SSP3,2030,0.527
SVN,SSP3,2050,0.527
SVN,SSP3,2100,0.527
SLB,SSP3,2025,0.2
SLB,SSP3,2030,0.2
SLB,SSP3,2050,0.2
SLB,SSP3,2100,0.2
SOM,SSP3,2025,0.452
SOM,SSP3,2030,0.47
SOM,SSP3,2050,0.541
SOM,SSP3,2100,0.697
ZAF,SSP3,2025,0.668
ZAF,SSP3,2030,0.683
ZAF,SSP3,2050,0.731
ZAF,SSP3,2100,0.806
KOR,SSP3,2025,0.844
KOR,SSP3,2030,0.851
KOR,SSP3,2050,0.892
KOR,SSP3,2100,0.961
SSD,SSP3,2025,0.225
SSD,SSP3,2030,0.24
SSD,SSP3,2050,0.309
SSD,SSP3,2100,0.484
ESP,SSP3,2025,0.806
ESP,SSP3,2030,0.812
ESP,SSP3,2050,0.833
ESP,SSP3,2100,0.894
LKA,SSP3,2025,0.229
LKA,SSP3,2030,0.245
LKA,SSP3,2050,0.313
LKA,SSP3,2100,0.491
SDN,SSP3,2025,0.394
SDN,SSP3,2030,0.415
SDN,SSP3,2050,0.492
SDN,SSP3,2100,0.661
SUR,SSP3,2025,0.663
SUR,SSP3,2030,0.663
SUR,SSP3,2050,0.663
SUR,SSP3,2100,0.663
SWE,SSP3,2025,0.851
SWE,SSP3,2030,0.851
SWE,SSP3,2050,0.851
SWE,SSP3,2100,0.851
CHE,SSP3,2025,0.736
CHE,SSP3,2030,0.736
CHE,SSP3,2050,0.736
CHE,SSP3,2100,0.736
SYR,SSP3,2025,0.605
SYR,SSP3,2030,0.621
SYR,SSP3,2050,0.681
SYR,SSP3,2100,0.78
TWN,SSP3,2025,0.784
TWN,SSP3,2030,0.793
TWN,SSP3,2050,0.824
TWN,SSP3,2100,0.885
TZA,SSP3,2025,0.356
TZA,SSP3,2030,0.381
TZA,SSP3,2050,0.477
TZA,SSP3,2100,0.671
THA,SSP3,2025,0.502
THA,SSP3,2030,0.521
THA,SSP3,2050,0.592
THA,SSP3,2100,0.731
TLS,SSP3,2025,0.277
TLS,SSP3,2030,0.277
TLS,SSP3,2050,0.277
TLS,SSP3,2100,0.277
TGO,SSP3,2025,0.375
TGO,SSP3,2030,0.375
TGO,SSP3,2050,0.375
TGO,SSP3,2100,0.375
TON,SSP3,2025,0.234
TON,SSP3,2030,0.234
TON,SSP3,2050,0.234
TON,SSP3,2100,0.234
TTO,SSP3,2025,0.54
TTO,SSP3,2030,0.54
TTO,SSP3,2050,0.54
TTO,SSP3,2100,0.54
TUN,SSP3,2025,0.714
TUN,SSP3,2030,0.728
TUN,SSP3,2050,0.768
TUN,SSP3,2100,0.828
TUR,SSP3,2025,0.752
TUR,SSP3,2030,0.765
TUR,SSP3,2050,0.8
TUR,SSP3,2100,0.85
TKM,SSP3,2025,0.485
TKM,SSP3,2030,0.485
TKM,SSP3,2050,0.485
TKM,SSP3,2100,0.485
TCA,SSP3,2025,0.902
TCA,SSP3,2030,0.902
TCA,SSP3,2050,0.902
TCA,SSP3,2100,0.902
TUV,SSP3,2025,0.548
TUV,SSP3,2030,0.548
TUV,SSP3,2050,0.548
TUV,SSP3,2100,0.548
UGA,SSP3,2025,0.259
UGA,SSP3,2030,0.282
UGA,SSP3,2050,0.371
UGA,SSP3,2100,0.572
UKR,SSP3,2025,0.723
UKR,SSP3,2030,0.732
UKR,SSP3,2050,0.768
UKR,SSP3,2100,0.827
ARE,SSP3,2025,0.841
ARE,SSP3,2030,0.841
ARE,SSP3,2050,0.841
ARE,SSP3,2100,0.841
GBR,SSP3,2025,0.828
GBR,SSP3,2030,0.833
GBR,SSP3,2050,0.849
GBR,SSP3,2100,0.924
USA,SSP3,2025,0.824
USA,SSP3,2030,0.829
USA,SSP3,2050,0.846
USA,SSP3,2100,0.917
VIR,SSP3,2025,0.946
VIR,SSP3,2030,0.946
VIR,SSP3,2050,0.946
VIR,SSP3,2100,0.946
URY,SSP3,2025,0.944
URY,SSP3,2030,0.944
URY,SSP3,2050,0.944
URY,SSP3,2100,0.944
UZB,SSP3,2025,0.56
UZB,SSP3,2030,0.576
UZB,SSP3,2050,0.641
UZB,SSP3,2100,0.759
VUT,SSP3,2025,0.245
VUT,SSP3,2030,0.245
VUT,SSP3,2050,0.245
VUT,SSP3,2100,0.245
VEN,SSP3,2025,0.906
VEN,SSP3,2030,0.913
VEN,SSP3,2050,0.945
VEN,SSP3,2100,0.986
VNM,SSP3,2025,0.356
VNM,SSP3,2030,0.375
VNM,SSP3,2050,0.446
VNM,SSP3,2100,0.613
ESH,SSP3,2025,0.863
ESH,SSP3,2030,0.863
ESH,SSP3,2050,0.863
ESH,SSP3,2100,0.863
YEM,SSP3,2025,0.387
YEM,SSP3,2030,0.409
YEM,SSP3,2050,0.495
YEM,SSP3,2100,0.666
ZMB,SSP3,2025,0.445
ZMB,SSP3,2030,0.463
ZMB,SSP3,2050,0.531
ZMB,SSP3,2100,0.688
ZWE,SSP3,2025,0.389
ZWE,SSP3,2030,0.407
ZWE,SSP3,2050,0.478
ZWE,SSP3,2100,0.645
AFG,SSP4,2025,0.289
AFG,SSP4,2030,0.306
AFG,SSP4,2050,0.378
AFG,SSP4,2100,0.549
ALB,SSP4,2025,0.601
ALB,SSP4,2030,0.627
ALB,SSP4,2050,0.718
ALB,SSP4,2100,0.842
DZA,SSP4,2025,0.744
DZA,SSP4,2030,0.763
DZA,SSP4,2050,0.815
DZA,SSP4,2100,0.921
ASM,SSP4,2025,0.915
ASM,SSP4,2030,0.926
ASM,SSP4,2050,0.96
ASM,SSP4,2100,0.999
AND,SSP4,2025,0.925
AND,SSP4,2030,0.935
AND,SSP4,2050,0.966
AND,SSP4,2100,0.999
AGO,SSP4,2025,0.69
AGO,SSP4,2030,0.718
AGO,SSP4,2050,0.797
AGO,SSP4,2100,0.921
ARG,SSP4,2025,0.939
ARG,SSP4,2030,0.948
ARG,SSP4,2050,0.973
ARG,SSP4,2100,0.999
ARM,SSP4,2025,0.701
ARM,SSP4,2030,0.72
ARM,SSP4,2050,0.78
ARM,SSP4,2100,0.883
AUS,SSP4,2025,0.897
AUS,SSP4,2030,0.909
AUS,SSP4,2050,0.947
AUS,SSP4,2100,0.997
AZE,SSP4,2025,0.611
AZE,SSP4,2030,0.636
AZE,SSP4,2050,0.721
AZE,SSP4,2100,0.838
BHS,SSP4,2025,0.849
BHS,SSP4,2030,0.855
BHS,SSP4,2050,0.911
BHS,SSP4,2100,0.989
BHR,SSP4,2025,0.922
BHR,SSP4,2030,0.932
BHR,SSP4,2050,0.963
BHR,SSP4,2100,0.999
BGD,SSP4,2025,0.405
BGD,SSP4,2030,0.44
BGD,SSP4,2050,0.572
BGD,SSP4,2100,0.792
BLR,SSP4,2025,0.796
BLR,SSP4,2030,0.808
BLR,SSP4,2050,0.847
BLR,SSP4,2100,0.956
BEL,SSP4,2025,0.992
BEL,SSP4,2030,0.994
BEL,SSP4,2050,0.999
BEL,SSP4,2100,1.0
BEN,SSP4,2025,0.508
BEN,SSP4,2030,0.533
BEN,SSP4,2050,0.619
BEN,SSP4,2100,0.765
BTN,SSP4,2025,0.459
BTN,SSP4,2030,0.498
BTN,SSP4,2050,0.629
BTN,SSP4,2100,0.821
BOL,SSP4,2025,0.731
BOL,SSP4,2030,0.749
BOL,SSP4,2050,0.802
BOL,SSP4,2100,0.908
BIH,SSP4,2025,0.54
BIH,SSP4,2030,0.567
BIH,SSP4,2050,0.668
BIH,SSP4,2100,0.821
BWA,SSP4,2025,0.714
BWA,SSP4,2030,0.74
BWA,SSP4,2050,0.815
BWA,SSP4,2100,0.938
BRA,SSP4,2025,0.888
BRA,SSP4,2030,0.902
BRA,SSP4,2050,0.944
BRA,SSP4,2100,0.997
VGB,SSP4,2025,0.545
VGB,SSP4,2030,0.576
VGB,SSP4,2050,0.684
VGB,SSP4,2100,0.831
BRN,SSP4,2025,0.793
BRN,SSP4,2030,0.804
BRN,SSP4,2050,0.84
BRN,SSP4,2100,0.949
BGR,SSP4,2025,0.776
BGR,SSP4,2030,0.789
BGR,SSP4,2050,0.83
BGR,SSP4,2100,0.939
BFA,SSP4,2025,0.321
BFA,SSP4,2030,0.346
BFA,SSP4,2050,0.444
BFA,SSP4,2100,0.653
BDI,SSP4,2025,0.152
BDI,SSP4,2030,0.169
BDI,SSP4,2050,0.246
BDI,SSP4,2100,0.453
CPV,SSP4,2025,0.701
CPV,SSP4,2030,0.725
CPV,SSP4,2050,0.796
CPV,SSP4,2100,0.911
KHM,SSP4,2025,0.276
KHM,SSP4,2030,0.302
KHM,SSP4,2050,0.411
KHM,SSP4,2100,0.678
CMR,SSP4,2025,0.611
CMR,SSP4,2030,0.639
CMR,SSP4,2050,0.736
CMR,SSP4,2100,0.851
CAN,SSP4,2025,0.836
CAN,SSP4,2030,0.844
CAN,SSP4,2050,0.896
CAN,SSP4,2100,0.981
CAF,SSP4,2025,0.441
CAF,SSP4,2030,0.459
CAF,SSP4,2050,0.529
CAF,SSP4,2100,0.687
TCD,SSP4,2025,0.271
TCD,SSP4,2030,0.289
TCD,SSP4,2050,0.357
TCD,SSP4,2100,0.531
CHL,SSP4,2025,0.911
CHL,SSP4,2030,0.921
CHL,SSP4,2050,0.957
CHL,SSP4,2100,0.999
CHN,SSP4,2025,0.59
CHN,SSP4,2030,0.62
CHN,SSP4,2050,0.722
CHN,SSP4,2100,0.849
COL,SSP4,2025,0.816
COL,SSP4,2030,0.826
COL,SSP4,2050,0.866
COL,SSP4,2100,0.968
COM,SSP4,2025,0.359
COM,SSP4,2030,0.386
COM,SSP4,2050,0.497
COM,SSP4,2100,0.736
COG,SSP4,2025,0.705
COG,SSP4,2030,0.725
COG,SSP4,2050,0.788
COG,SSP4,2100,0.896
CRI,SSP4,2025,0.776
CRI,SSP4,2030,0.791
CRI,SSP4,2050,0.836
CRI,SSP4,2100,0.948
HRV,SSP4,2025,0.629
HRV,SSP4,2030,0.653
HRV,SSP4,2050,0.734
HRV,SSP4,2100,0.846
CUB,SSP4,2025,0.801
CUB,SSP4,2030,0.812
CUB,SSP4,2050,0.846
CUB,SSP4,2100,0.956
CUW,SSP4,2025,0.932
CUW,SSP4,2030,0.941
CUW,SSP4,2050,0.969
CUW,SSP4,2100,0.999
CYP,SSP4,2025,0.739
CYP,SSP4,2030,0.756
CYP,SSP4,2050,0.806
CYP,SSP4,2100,0.911
CZE,SSP4,2025,0.776
CZE,SSP4,2030,0.787
CZE,SSP4,2050,0.827
CZE,SSP4,2100,0.939
CIV,SSP4,2025,0.564
CIV,SSP4,2030,0.592
CIV,SSP4,2050,0.692
CIV,SSP4,2100,0.832
COD,SSP4,2025,0.452
COD,SSP4,2030,0.47
COD,SSP4,2050,0.538
COD,SSP4,2100,0.692
DNK,SSP4,2025,0.909
DNK,SSP4,2030,0.919
DNK,SSP4,2050,0.956
DNK,SSP4,2100,0.999
DJI,SSP4,2025,0.806
DJI,SSP4,2030,0.816
DJI,SSP4,2050,0.848
DJI,SSP4,2100,0.957
DMA,SSP4,2025,0.744
DMA,SSP4,2030,0.761
DMA,SSP4,2050,0.81
DMA,SSP4,2100,0.919
DOM,SSP4,2025,0.792
DOM,SSP4,2030,0.805
DOM,SSP4,2050,0.846
DOM,SSP4,2100,0.957
ECU,SSP4,2025,0.698
ECU,SSP4,2030,0.719
ECU,SSP4,2050,0.784
ECU,SSP4,2100,0.886
EGY,SSP4,2025,0.512
EGY,SSP4,2030,0.539
EGY,SSP4,2050,0.641
EGY,SSP4,2100,0.804
SLV,SSP4,2025,0.722
SLV,SSP4,2030,0.74
SLV,SSP4,2050,0.797
SLV,SSP4,2100,0.899
GNQ,SSP4,2025,0.737
GNQ,SSP4,2030,0.757
GNQ,SSP4,2050,0.814
GNQ,SSP4,2100,0.931
ERI,SSP4,2025,0.427
ERI,SSP4,2030,0.45
ERI,SSP4,2050,0.544
ERI,SSP4,2100,0.716
EST,SSP4,2025,0.738
EST,SSP4,2030,0.753
EST,SSP4,2050,0.802
EST,SSP4,2100,0.909
SWZ,SSP4,2025,0.311
SWZ,SSP4,2030,0.343
SWZ,SSP4,2050,0.468
SWZ,SSP4,2100,0.734
ETH,SSP4,2025,0.221
ETH,SSP4,2030,0.238
ETH,SSP4,2050,0.306
ETH,SSP4,2100,0.483
FRO,SSP4,2025,0.492
FRO,SSP4,2030,0.52
FRO,SSP4,2050,0.624
FRO,SSP4,2100,0.799
FJI,SSP4,2025,0.6
FJI,SSP4,2030,0.625
FJI,SSP4,2050,0.713
FJI,SSP4,2100,0.838
FIN,SSP4,2025,0.871
FIN,SSP4,2030,0.886
FIN,SSP4,2050,0.932
FIN,SSP4,2100,0.995
FRA,SSP4,2025,0.814
FRA,SSP4,2030,0.824
FRA,SSP4,2050,0.854
FRA,SSP4,2100,0.963
PYF,SSP4,2025,0.675
PYF,SSP4,2030,0.696
PYF,SSP4,2050,0.764
PYF,SSP4,2100,0.868
GAB,SSP4,2025,0.915
GAB,SSP4,2030,0.928
GAB,SSP4,2050,0.97
GAB,SSP4,2100,0.999
GMB,SSP4,2025,0.63
GMB,SSP4,2030,0.653
GMB,SSP4,2050,0.726
GMB,SSP4,2100,0.817
GEO,SSP4,2025,0.632
GEO,SSP4,2030,0.656
GEO,SSP4,2050,0.736
GEO,SSP4,2100,0.845
DEU,SSP4,2025,0.803
DEU,SSP4,2030,0.813
DEU,SSP4,2050,0.846
DEU,SSP4,2100,0.955
GHA,SSP4,2025,0.594
GHA,SSP4,2030,0.621
GHA,SSP4,2050,0.716
GHA,SSP4,2100,0.841
GRC,SSP4,2025,0.799
GRC,SSP4,2030,0.81
GRC,SSP4,2050,0.844
GRC,SSP4,2100,0.954
GRL,SSP4,2025,0.883
GRL,SSP4,2030,0.897
GRL,SSP4,2050,0.94
GRL,SSP4,2100,0.997
GRD,SSP4,2025,0.441
GRD,SSP4,2030,0.468
GRD,SSP4,2050,0.576
GRD,SSP4,2100,0.775
GUM,SSP4,2025,0.964
GUM,SSP4,2030,0.97
GUM,SSP4,2050,0.993
GUM,SSP4,2100,1.0
GTM,SSP4,2025,0.565
GTM,SSP4,2030,0.59
GTM,SSP4,2050,0.685
GTM,SSP4,2100,0.823
GIN,SSP4,2025,0.401
GIN,SSP4,2030,0.422
GIN,SSP4,2050,0.499
GIN,SSP4,2100,0.666
GNB,SSP4,2025,0.472
GNB,SSP4,2030,0.496
GNB,SSP4,2050,0.577
GNB,SSP4,2100,0.725
HTI,SSP4,2025,0.549
HTI,SSP4,2030,0.571
HTI,SSP4,2050,0.653
HTI,SSP4,2100,0.779
HND,SSP4,2025,0.604
HND,SSP4,2030,0.632
HND,SSP4,2050,0.724
HND,SSP4,2100,0.845
HUN,SSP4,2025,0.744
HUN,SSP4,2030,0.759
HUN,SSP4,2050,0.806
HUN,SSP4,2100,0.911
ISL,SSP4,2025,0.96
ISL,SSP4,2030,0.966
ISL,SSP4,2050,0.99
ISL,SSP4,2100,1.0
IND,SSP4,2025,0.391
IND,SSP4,2030,0.418
IND,SSP4,2050,0.527
IND,SSP4,2100,0.752
IDN,SSP4,2025,0.596
IDN,SSP4,2030,0.625
IDN,SSP4,2050,0.726
IDN,SSP4,2100,0.85
IRN,SSP4,2025,0.766
IRN,SSP4,2030,0.782
IRN,SSP4,2050,0.827
IRN,SSP4,2100,0.939
IRQ,SSP4,2025,0.745
IRQ,SSP4,2030,0.76
IRQ,SSP4,2050,0.807
IRQ,SSP4,2100,0.91
IRL,SSP4,2025,0.686
IRL,SSP4,2030,0.706
IRL,SSP4,2050,0.771
IRL,SSP4,2100,0.869
ISR,SSP4,2025,0.947
ISR,SSP4,2030,0.955
ISR,SSP4,2050,0.981
ISR,SSP4,2100,1.0
ITA,SSP4,2025,0.739
ITA,SSP4,2030,0.755
ITA,SSP4,2050,0.803
ITA,SSP4,2100,0.909
JAM,SSP4,2025,0.614
JAM,SSP4,2030,0.639
JAM,SSP4,2050,0.724
JAM,SSP4,2100,0.84
JPN,SSP4,2025,0.94
JPN,SSP4,2030,0.948
JPN,SSP4,2050,0.978
JPN,SSP4,2100,1.0
JOR,SSP4,2025,0.911
JOR,SSP4,2030,0.922
JOR,SSP4,2050,0.957
JOR,SSP4,2100,0.999
KAZ,SSP4,2025,0.643
KAZ,SSP4,2030,0.667
KAZ,SSP4,2050,0.743
KAZ,SSP4,2100,0.848
KEN,SSP4,2025,0.316
KEN,SSP4,2030,0.344
KEN,SSP4,2050,0.461
KEN,SSP4,2100,0.722
KIR,SSP4,2025,0.567
KIR,SSP4,2030,0.595
KIR,SSP4,2050,0.696
KIR,SSP4,2100,0.835
KGZ,SSP4,2025,0.435
KGZ,SSP4,2030,0.462
KGZ,SSP4,2050,0.57
KGZ,SSP4,2100,0.773
LAO,SSP4,2025,0.396
LAO,SSP4,2030,0.43
LAO,SSP4,2050,0.558
LAO,SSP4,2100,0.783
LVA,SSP4,2025,0.736
LVA,SSP4,2030,0.751
LVA,SSP4,2050,0.801
LVA,SSP4,2100,0.908
LBN,SSP4,2025,0.918
LBN,SSP4,2030,0.928
LBN,SSP4,2050,0.961
LBN,SSP4,2100,0.999
LSO,SSP4,2025,0.345
LSO,SSP4,2030,0.378
LSO,SSP4,2050,0.514
LSO,SSP4,2100,0.769
LBR,SSP4,2025,0.539
LBR,SSP4,2030,0.556
LBR,SSP4,2050,0.623
LBR,SSP4,2100,0.75
LBY,SSP4,2025,0.821
LBY,SSP4,2030,0.832
LBY,SSP4,2050,0.872
LBY,SSP4,2100,0.969
LTU,SSP4,2025,0.729
LTU,SSP4,2030,0.745
LTU,SSP4,2050,0.798
LTU,SSP4,2100,0.899
LUX,SSP4,2025,0.921
LUX,SSP4,2030,0.931
LUX,SSP4,2050,0.963
LUX,SSP4,2100,0.999
MDG,SSP4,2025,0.382
MDG,SSP4,2030,0.403
MDG,SSP4,2050,0.483
MDG,SSP4,2100,0.655
MWI,SSP4,2025,0.201
MWI,SSP4,2030,0.218
MWI,SSP4,2050,0.287
MWI,SSP4,2100,0.464
MYS,SSP4,2025,0.773
MYS,SSP4,2030,0.787
MYS,SSP4,2050,0.834
MYS,SSP4,2100,0.948
MDV,SSP4,2025,0.459
MDV,SSP4,2030,0.492
MDV,SSP4,2050,0.611
MDV,SSP4,2100,0.802
MLI,SSP4,2025,0.431
MLI,SSP4,2030,0.453
MLI,SSP4,2050,0.54
MLI,SSP4,2100,0.699
MLT,SSP4,2025,0.963
MLT,SSP4,2030,0.969
MLT,SSP4,2050,0.993
MLT,SSP4,2100,1.0
MHL,SSP4,2025,0.786
MHL,SSP4,2030,0.799
MHL,SSP4,2050,0.839
MHL,SSP4,2100,0.948
MRT,SSP4,2025,0.572
MRT,SSP4,2030,0.603
MRT,SSP4,2050,0.712
MRT,SSP4,2100,0.847
MUS,SSP4,2025,0.497
MUS,SSP4,2030,0.525
MUS,SSP4,2050,0.628
MUS,SSP4,2100,0.799
MEX,SSP4,2025,0.812
MEX,SSP4,2030,0.822
MEX,SSP4,2050,0.853
MEX,SSP4,2100,0.963
MDA,SSP4,2025,0.509
MDA,SSP4,2030,0.536
MDA,SSP4,2050,0.638
MDA,SSP4,2100,0.804
MNG,SSP4,2025,0.741
MNG,SSP4,2030,0.759
MNG,SSP4,2050,0.81
MNG,SSP4,2100,0.919
MNE,SSP4,2025,0.719
MNE,SSP4,2030,0.742
MNE,SSP4,2050,0.805
MNE,SSP4,2100,0.92
MAR,SSP4,2025,0.659
MAR,SSP4,2030,0.682
MAR,SSP4,2050,0.76
MAR,SSP4,2100,0.868
MOZ,SSP4,2025,0.393
MOZ,SSP4,2030,0.418
MOZ,SSP4,2050,0.512
MOZ,SSP4,2100,0.691
MMR,SSP4,2025,0.369
MMR,SSP4,2030,0.396
MMR,SSP4,2050,0.507
MMR,SSP4,2100,0.739
NAM,SSP4,2025,0.505
NAM,SSP4,2030,0.535
NAM,SSP4,2050,0.642
NAM,SSP4,2100,0.812
NPL,SSP4,2025,0.23
NPL,SSP4,2030,0.252
NPL,SSP4,2050,0.344
NPL,SSP4,2100,0.556
NLD,SSP4,2025,0.914
NLD,SSP4,2030,0.925
NLD,SSP4,2050,0.959
NLD,SSP4,2100,0.999
NCL,SSP4,2025,0.734
NCL,SSP4,2030,0.752
NCL,SSP4,2050,0.804
NCL,SSP4,2100,0.91
NZL,SSP4,2025,0.904
NZL,SSP4,2030,0.916
NZL,SSP4,2050,0.953
NZL,SSP4,2100,0.998
NIC,SSP4,2025,0.644
NIC,SSP4,2030,0.667
NIC,SSP4,2050,0.743
NIC,SSP4,2100,0.848
NER,SSP4,2025,0.205
NER,SSP4,2030,0.221
NER,SSP4,2050,0.288
NER,SSP4,2100,0.464
NGA,SSP4,2025,0.534
NGA,SSP4,2030,0.564
NGA,SSP4,2050,0.674
NGA,SSP4,2100,0.827
MKD,SSP4,2025,0.646
MKD,SSP4,2030,0.669
MKD,SSP4,2050,0.744
MKD,SSP4,2100,0.849
MNP,SSP4,2025,0.941
MNP,SSP4,2030,0.949
MNP,SSP4,2050,0.978
MNP,SSP4,2100,1.0
NOR,SSP4,2025,0.822
NOR,SSP4,2030,0.831
NOR,SSP4,2050,0.868
NOR,SSP4,2100,0.967
OMN,SSP4,2025,0.807
OMN,SSP4,2030,0.821
OMN,SSP4,2050,0.871
OMN,SSP4,2100,0.971
PAK,SSP4,2025,0.432
PAK,SSP4,2030,0.459
PAK,SSP4,2050,0.567
PAK,SSP4,2100,0.772
PLW,SSP4,2025,0.788
PLW,SSP4,2030,0.799
PLW,SSP4,2050,0.837
PLW,SSP4,2100,0.947
PSE,SSP4,2025,0.786
PSE,SSP4,2030,0.798
PSE,SSP4,2050,0.836
PSE,SSP4,2100,0.946
PAN,SSP4,2025,0.714
PAN,SSP4,2030,0.734
PAN,SSP4,2050,0.79
PAN,SSP4,2100,0.897
PNG,SSP4,2025,0.187
PNG,SSP4,2030,0.21
PNG,SSP4,2050,0.312
PNG,SSP4,2100,0.592
PRY,SSP4,2025,0.666
PRY,SSP4,2030,0.688
PRY,SSP4,2050,0.761
PRY,SSP4,2100,0.867
PER,SSP4,2025,0.803
PER,SSP4,2030,0.813
PER,SSP4,2050,0.847
PER,SSP4,2100,0.956
PHL,SSP4,2025,0.536
PHL,SSP4,2030,0.562
PHL,SSP4,2050,0.661
PHL,SSP4,2100,0.813
POL,SSP4,2025,0.68
POL,SSP4,2030,0.701
POL,SSP4,2050,0.767
POL,SSP4,2100,0.868
PRT,SSP4,2025,0.68
PRT,SSP4,2030,0.701
PRT,SSP4,2050,0.772
PRT,SSP4,2100,0.871
PRI,SSP4,2025,0.969
PRI,SSP4,2030,0.978
PRI,SSP4,2050,0.995
PRI,SSP4,2100,1.0
QAT,SSP4,2025,0.995
QAT,SSP4,2030,0.997
QAT,SSP4,2050,0.999
QAT,SSP4,2100,1.0
ROU,SSP4,2025,0.615
ROU,SSP4,2030,0.64
ROU,SSP4,2050,0.724
ROU,SSP4,2100,0.84
RUS,SSP4,2025,0.78
RUS,SSP4,2030,0.791
RUS,SSP4,2050,0.83
RUS,SSP4,2100,0.94
RWA,SSP4,2025,0.235
RWA,SSP4,2030,0.258
RWA,SSP4,2050,0.356
RWA,SSP4,2100,0.586
KNA,SSP4,2025,0.395
KNA,SSP4,2030,0.422
KNA,SSP4,2050,0.532
KNA,SSP4,2100,0.753
VCT,SSP4,2025,0.571
VCT,SSP4,2030,0.596
VCT,SSP4,2050,0.691
VCT,SSP4,2100,0.828
WSM,SSP4,2025,0.274
WSM,SSP4,2030,0.301
WSM,SSP4,2050,0.408
WSM,SSP4,2100,0.669
SMR,SSP4,2025,0.98
SMR,SSP4,2030,0.986
SMR,SSP4,2050,0.997
SMR,SSP4,2100,1.0
STP,SSP4,2025,0.728
STP,SSP4,2030,0.749
STP,SSP4,2050,0.809
STP,SSP4,2100,0.922
SAU,SSP4,2025,0.856
SAU,SSP4,2030,0.873
SAU,SSP4,2050,0.925
SAU,SSP4,2100,0.993
SEN,SSP4,2025,0.521
SEN,SSP4,2030,0.548
SEN,SSP4,2050,0.649
SEN,SSP4,2100,0.81
SRB,SSP4,2025,0.626
SRB,SSP4,2030,0.651
SRB,SSP4,2050,0.733
SRB,SSP4,2100,0.845
SYC,SSP4,2025,0.61
SYC,SSP4,2030,0.635
SYC,SSP4,2050,0.721
SYC,SSP4,2100,0.839
SLE,SSP4,2025,0.444
SLE,SSP4,2030,0.461
SLE,SSP4,2050,0.532
SLE,SSP4,2100,0.688
SVK,SSP4,2025,0.622
SVK,SSP4,2030,0.647
SVK,SSP4,2050,0.729
SVK,SSP4,2100,0.842
SVN,SSP4,2025,0.605
SVN,SSP4,2030,0.63
SVN,SSP4,2050,0.717
SVN,SSP4,2100,0.838
SLB,SSP4,2025,0.278
SLB,SSP4,2030,0.306
SLB,SSP4,2050,0.426
SLB,SSP4,2100,0.703
SOM,SSP4,2025,0.452
SOM,SSP4,2030,0.47
SOM,SSP4,2050,0.541
SOM,SSP4,2100,0.697
ZAF,SSP4,2025,0.692
ZAF,SSP4,2030,0.711
ZAF,SSP4,2050,0.774
ZAF,SSP4,2100,0.871
KOR,SSP4,2025,0.854
KOR,SSP4,2030,0.873
KOR,SSP4,2050,0.926
KOR,SSP4,2100,0.993
SSD,SSP4,2025,0.225
SSD,SSP4,2030,0.24
SSD,SSP4,2050,0.309
SSD,SSP4,2100,0.484
ESP,SSP4,2025,0.816
ESP,SSP4,2030,0.825
ESP,SSP4,2050,0.854
ESP,SSP4,2100,0.963
LKA,SSP4,2025,0.253
LKA,SSP4,2030,0.278
LKA,SSP4,2050,0.384
LKA,SSP4,2100,0.648
SDN,SSP4,2025,0.418
SDN,SSP4,2030,0.447
SDN,SSP4,2050,0.564
SDN,SSP4,2100,0.778
SUR,SSP4,2025,0.724
SUR,SSP4,2030,0.741
SUR,SSP4,2050,0.794
SUR,SSP4,2100,0.898
SWE,SSP4,2025,0.896
SWE,SSP4,2030,0.908
SWE,SSP4,2050,0.948
SWE,SSP4,2100,0.997
CHE,SSP4,2025,0.779
CHE,SSP4,2030,0.79
CHE,SSP4,2050,0.829
CHE,SSP4,2100,0.939
SYR,SSP4,2025,0.605
SYR,SSP4,2030,0.621
SYR,SSP4,2050,0.681
SYR,SSP4,2100,0.78
TWN,SSP4,2025,0.797
TWN,SSP4,2030,0.809
TWN,SSP4,2050,0.848
TWN,SSP4,2100,0.957
TZA,SSP4,2025,0.356
TZA,SSP4,2030,0.381
TZA,SSP4,2050,0.477
TZA,SSP4,2100,0.671
THA,SSP4,2025,0.529
THA,SSP4,2030,0.557
THA,SSP4,2050,0.662
THA,SSP4,2100,0.821
TLS,SSP4,2025,0.357
TLS,SSP4,2030,0.386
TLS,SSP4,2050,0.5
TLS,SSP4,2100,0.744
TGO,SSP4,2025,0.447
TGO,SSP4,2030,0.47
TGO,SSP4,2050,0.555
TGO,SSP4,2100,0.712
TON,SSP4,2025,0.311
TON,SSP4,2030,0.338
TON,SSP4,2050,0.447
TON,SSP4,2100,0.699
TTO,SSP4,2025,0.617
TTO,SSP4,2030,0.642
TTO,SSP4,2050,0.725
TTO,SSP4,2100,0.84
TUN,SSP4,2025,0.731
TUN,SSP4,2030,0.748
TUN,SSP4,2050,0.802
TUN,SSP4,2100,0.909
TUR,SSP4,2025,0.768
TUR,SSP4,2030,0.783
TUR,SSP4,2050,0.829
TUR,SSP4,2100,0.94
TKM,SSP4,2025,0.565
TKM,SSP4,2030,0.59
TKM,SSP4,2050,0.685
TKM,SSP4,2100,0.823
TCA,SSP4,2025,0.938
TCA,SSP4,2030,0.947
TCA,SSP4,2050,0.973
TCA,SSP4,2100,0.999
TUV,SSP4,2025,0.64
TUV,SSP4,2030,0.667
TUV,SSP4,2050,0.757
TUV,SSP4,2100,0.87
UGA,SSP4,2025,0.259
UGA,SSP4,2030,0.282
UGA,SSP4,2050,0.371
UGA,SSP4,2100,0.572
UKR,SSP4,2025,0.741
UKR,SSP4,2030,0.757
UKR,SSP4,2050,0.804
UKR,SSP4,2100,0.91
ARE,SSP4,2025,0.87
ARE,SSP4,2030,0.885
ARE,SSP4,2050,0.931
ARE,SSP4,2100,0.995
GBR,SSP4,2025,0.839
GBR,SSP4,2030,0.846
GBR,SSP4,2050,0.897
GBR,SSP4,2100,0.985
USA,SSP4,2025,0.835
USA,SSP4,2030,0.843
USA,SSP4,2050,0.886
USA,SSP4,2100,0.978
VIR,SSP4,2025,0.967
VIR,SSP4,2030,0.973
VIR,SSP4,2050,0.993
VIR,SSP4,2100,1.0
URY,SSP4,2025,0.966
URY,SSP4,2030,0.971
URY,SSP4,2050,0.993
URY,SSP4,2100,1.0
UZB,SSP4,2025,0.588
UZB,SSP4,2030,0.614
UZB,SSP4,2050,0.705
UZB,SSP4,2100,0.833
VUT,SSP4,2025,0.322
VUT,SSP4,2030,0.349
VUT,SSP4,2050,0.463
VUT,SSP4,2100,0.715
VEN,SSP4,2025,0.92
VEN,SSP4,2030,0.93
VEN,SSP4,2050,0.963
VEN,SSP4,2100,0.999
VNM,SSP4,2025,0.385
VNM,SSP4,2030,0.413
VNM,SSP4,2050,0.527
VNM,SSP4,2100,0.755
YEM,SSP4,2025,0.387
YEM,SSP4,2030,0.409
YEM,SSP4,2050,0.495
YEM,SSP4,2100,0.666
ZMB,SSP4,2025,0.475
ZMB,SSP4,2030,0.503
ZMB,SSP4,2050,0.609
ZMB,SSP4,2100,0.793
ZWE,SSP4,2025,0.415
ZWE,SSP4,2030,0.443
ZWE,SSP4,2050,0.555
ZWE,SSP4,2100,0.771
AFG,SSP5,2025,0.336
AFG,SSP5,2030,0.371
AFG,SSP5,2050,0.526
AFG,SSP5,2100,0.814
ALB,SSP5,2025,0.624
ALB,SSP5,2030,0.656
ALB,SSP5,2050,0.766
ALB,SSP5,2100,0.928
DZA,SSP5,2025,0.763
DZA,SSP5,2030,0.787
DZA,SSP5,2050,0.855
DZA,SSP5,2100,0.989
ASM,SSP5,2025,0.927
ASM,SSP5,2030,0.942
ASM,SSP5,2050,0.984
ASM,SSP5,2100,1.0
AND,SSP5,2025,0.933
AND,SSP5,2030,0.947
AND,SSP5,2050,0.985
AND,SSP5,2100,1.0
AGO,SSP5,2025,0.742
AGO,SSP5,2030,0.778
AGO,SSP5,2050,0.862
AGO,SSP5,2100,0.993
ARG,SSP5,2025,0.95
ARG,SSP5,2030,0.961
ARG,SSP5,2050,0.992
ARG,SSP5,2100,1.0
ARM,SSP5,2025,0.717
ARM,SSP5,2030,0.741
ARM,SSP5,2050,0.812
ARM,SSP5,2100,0.954
AUS,SSP5,2025,0.911
AUS,SSP5,2030,0.924
AUS,SSP5,2050,0.974
AUS,SSP5,2100,1.0
AZE,SSP5,2025,0.631
AZE,SSP5,2030,0.66
AZE,SSP5,2050,0.761
AZE,SSP5,2100,0.913
BHS,SSP5,2025,0.86
BHS,SSP5,2030,0.884
BHS,SSP5,2050,0.944
BHS,SSP5,2100,0.999
BHR,SSP5,2025,0.932
BHR,SSP5,2030,0.946
BHR,SSP5,2050,0.985
BHR,SSP5,2100,1.0
BGD,SSP5,2025,0.444
BGD,SSP5,2030,0.493
BGD,SSP5,2050,0.668
BGD,SSP5,2100,0.906
BLR,SSP5,2025,0.816
BLR,SSP5,2030,0.834
BLR,SSP5,2050,0.904
BLR,SSP5,2100,0.996
BEL,SSP5,2025,0.993
BEL,SSP5,2030,0.996
BEL,SSP5,2050,0.999
BEL,SSP5,2100,1.0
BEN,SSP5,2025,0.572
BEN,SSP5,2030,0.616
BEN,SSP5,2050,0.753
BEN,SSP5,2100,0.942
BTN,SSP5,2025,0.52
BTN,SSP5,2030,0.574
BTN,SSP5,2050,0.761
BTN,SSP5,2100,0.965
BOL,SSP5,2025,0.749
BOL,SSP5,2030,0.772
BOL,SSP5,2050,0.84
BOL,SSP5,2100,0.983
BIH,SSP5,2025,0.567
BIH,SSP5,2030,0.601
BIH,SSP5,2050,0.725
BIH,SSP5,2100,0.911
BWA,SSP5,2025,0.759
BWA,SSP5,2030,0.792
BWA,SSP5,2050,0.89
BWA,SSP5,2100,0.998
BRA,SSP5,2025,0.906
BRA,SSP5,2030,0.921
BRA,SSP5,2050,0.97
BRA,SSP5,2100,1.0
VGB,SSP5,2025,0.577
VGB,SSP5,2030,0.617
VGB,SSP5,2050,0.75
VGB,SSP5,2100,0.931
BRN,SSP5,2025,0.811
BRN,SSP5,2030,0.826
BRN,SSP5,2050,0.895
BRN,SSP5,2100,0.995
BGR,SSP5,2025,0.792
BGR,SSP5,2030,0.811
BGR,SSP5,2050,0.876
BGR,SSP5,2100,0.993
BFA,SSP5,2025,0.374
BFA,SSP5,2030,0.422
BFA,SSP5,2050,0.61
BFA,SSP5,2100,0.879
BDI,SSP5,2025,0.176
BDI,SSP5,2030,0.207
BDI,SSP5,2050,0.366
BDI,SSP5,2100,0.764
CPV,SSP5,2025,0.742
CPV,SSP5,2030,0.776
CPV,SSP5,2050,0.858
CPV,SSP5,2100,0.992
KHM,SSP5,2025,0.294
KHM,SSP5,2030,0.328
KHM,SSP5,2050,0.475
KHM,SSP5,2100,0.788
CMR,SSP5,2025,0.645
CMR,SSP5,2030,0.682
CMR,SSP5,2050,0.793
CMR,SSP5,2100,0.956
CAN,SSP5,2025,0.844
CAN,SSP5,2030,0.853
CAN,SSP5,2050,0.925
CAN,SSP5,2100,0.998
CAF,SSP5,2025,0.498
CAF,SSP5,2030,0.533
CAF,SSP5,2050,0.662
CAF,SSP5,2100,0.853
TCD,SSP5,2025,0.315
TCD,SSP5,2030,0.35
TCD,SSP5,2050,0.504
TCD,SSP5,2100,0.804
CHL,SSP5,2025,0.922
CHL,SSP5,2030,0.937
CHL,SSP5,2050,0.981
CHL,SSP5,2100,1.0
CHN,SSP5,2025,0.627
CHN,SSP5,2030,0.666
CHN,SSP5,2050,0.787
CHN,SSP5,2100,0.957
COL,SSP5,2025,0.835
COL,SSP5,2030,0.849
COL,SSP5,2050,0.919
COL,SSP5,2100,0.997
COM,SSP5,2025,0.382
COM,SSP5,2030,0.418
COM,SSP5,2050,0.566
COM,SSP5,2100,0.82
COG,SSP5,2025,0.724
COG,SSP5,2030,0.751
COG,SSP5,2050,0.828
COG,SSP5,2100,0.974
COK,SSP5,2025,0.799
COK,SSP5,2030,0.817
COK,SSP5,2050,0.88
COK,SSP5,2100,0.993
CRI,SSP5,2025,0.796
CRI,SSP5,2030,0.816
CRI,SSP5,2050,0.896
CRI,SSP5,2100,0.995
HRV,SSP5,2025,0.648
HRV,SSP5,2030,0.677
HRV,SSP5,2050,0.775
HRV,SSP5,2100,0.927
CUB,SSP5,2025,0.814
CUB,SSP5,2030,0.826
CUB,SSP5,2050,0.88
CUB,SSP5,2100,0.993
CUW,SSP5,2025,0.943
CUW,SSP5,2030,0.955
CUW,SSP5,2050,0.989
CUW,SSP5,2100,1.0
CYP,SSP5,2025,0.756
CYP,SSP5,2030,0.777
CYP,SSP5,2050,0.839
CYP,SSP5,2100,0.983
CZE,SSP5,2025,0.791
CZE,SSP5,2030,0.805
CZE,SSP5,2050,0.851
CZE,SSP5,2100,0.988
CIV,SSP5,2025,0.589
CIV,SSP5,2030,0.626
CIV,SSP5,2050,0.747
CIV,SSP5,2100,0.926
COD,SSP5,2025,0.509
COD,SSP5,2030,0.544
COD,SSP5,2050,0.673
COD,SSP5,2100,0.858
DNK,SSP5,2025,0.922
DNK,SSP5,2030,0.938
DNK,SSP5,2050,0.981
DNK,SSP5,2100,1.0
DJI,SSP5,2025,0.818
DJI,SSP5,2030,0.831
DJI,SSP5,2050,0.895
DJI,SSP5,2100,0.995
DMA,SSP5,2025,0.762
DMA,SSP5,2030,0.783
DMA,SSP5,2050,0.847
DMA,SSP5,2100,0.984
DOM,SSP5,2025,0.821
DOM,SSP5,2030,0.84
DOM,SSP5,2050,0.917
DOM,SSP5,2100,0.997
ECU,SSP5,2025,0.717
ECU,SSP5,2030,0.743
ECU,SSP5,2050,0.819
ECU,SSP5,2100,0.963
EGY,SSP5,2025,0.537
EGY,SSP5,2030,0.571
EGY,SSP5,2050,0.691
EGY,SSP5,2100,0.856
SLV,SSP5,2025,0.74
SLV,SSP5,2030,0.764
SLV,SSP5,2050,0.834
SLV,SSP5,2100,0.976
GNQ,SSP5,2025,0.773
GNQ,SSP5,2030,0.802
GNQ,SSP5,2050,0.885
GNQ,SSP5,2100,0.995
ERI,SSP5,2025,0.485
ERI,SSP5,2030,0.53
ERI,SSP5,2050,0.692
ERI,SSP5,2100,0.914
EST,SSP5,2025,0.754
EST,SSP5,2030,0.774
EST,SSP5,2050,0.83
EST,SSP5,2100,0.974
SWZ,SSP5,2025,0.339
SWZ,SSP5,2030,0.381
SWZ,SSP5,2050,0.556
SWZ,SSP5,2100,0.841
ETH,SSP5,2025,0.259
ETH,SSP5,2030,0.292
ETH,SSP5,2050,0.443
ETH,SSP5,2100,0.781
FLK,SSP5,2025,0.797
FLK,SSP5,2030,0.812
FLK,SSP5,2050,0.858
FLK,SSP5,2100,0.989
FRO,SSP5,2025,0.517
FRO,SSP5,2030,0.552
FRO,SSP5,2050,0.679
FRO,SSP5,2100,0.859
FJI,SSP5,2025,0.622
FJI,SSP5,2030,0.652
FJI,SSP5,2050,0.76
FJI,SSP5,2100,0.917
FIN,SSP5,2025,0.896
FIN,SSP5,2030,0.913
FIN,SSP5,2050,0.964
FIN,SSP5,2100,1.0
FRA,SSP5,2025,0.825
FRA,SSP5,2030,0.836
FRA,SSP5,2050,0.898
FRA,SSP5,2100,0.995
GUF,SSP5,2025,0.878
GUF,SSP5,2030,0.897
GUF,SSP5,2050,0.954
GUF,SSP5,2100,0.999
PYF,SSP5,2025,0.691
PYF,SSP5,2030,0.717
PYF,SSP5,2050,0.798
PYF,SSP5,2100,0.941
GAB,SSP5,2025,0.945
GAB,SSP5,2030,0.962
GAB,SSP5,2050,0.994
GAB,SSP5,2100,1.0
GMB,SSP5,2025,0.688
GMB,SSP5,2030,0.725
GMB,SSP5,2050,0.831
GMB,SSP5,2100,0.981
GEO,SSP5,2025,0.651
GEO,SSP5,2030,0.679
GEO,SSP5,2050,0.773
GEO,SSP5,2100,0.924
DEU,SSP5,2025,0.815
DEU,SSP5,2030,0.828
DEU,SSP5,2050,0.882
DEU,SSP5,2100,0.993
GHA,SSP5,2025,0.62
GHA,SSP5,2030,0.653
GHA,SSP5,2050,0.766
GHA,SSP5,2100,0.941
GRC,SSP5,2025,0.812
GRC,SSP5,2030,0.824
GRC,SSP5,2050,0.879
GRC,SSP5,2100,0.993
GRL,SSP5,2025,0.898
GRL,SSP5,2030,0.914
GRL,SSP5,2050,0.964
GRL,SSP5,2100,1.0
GRD,SSP5,2025,0.466
GRD,SSP5,2030,0.502
GRD,SSP5,2050,0.634
GRD,SSP5,2100,0.838
GLP,SSP5,2025,0.996
GLP,SSP5,2030,0.998
GLP,SSP5,2050,1.0
GLP,SSP5,2100,1.0
GUM,SSP5,2025,0.979
GUM,SSP5,2030,0.986
GUM,SSP5,2050,0.998
GUM,SSP5,2100,1.0
GTM,SSP5,2025,0.586
GTM,SSP5,2030,0.618
GTM,SSP5,2050,0.729
GTM,SSP5,2100,0.897
GIN,SSP5,2025,0.453
GIN,SSP5,2030,0.494
GIN,SSP5,2050,0.646
GIN,SSP5,2100,0.874
GNB,SSP5,2025,0.528
GNB,SSP5,2030,0.57
GNB,SSP5,2050,0.714
GNB,SSP5,2100,0.915
HTI,SSP5,2025,0.603
HTI,SSP5,2030,0.645
HTI,SSP5,2050,0.769
HTI,SSP5,2100,0.944
HND,SSP5,2025,0.628
HND,SSP5,2030,0.661
HND,SSP5,2050,0.77
HND,SSP5,2100,0.941
HUN,SSP5,2025,0.762
HUN,SSP5,2030,0.78
HUN,SSP5,2050,0.835
HUN,SSP5,2100,0.974
ISL,SSP5,2025,0.971
ISL,SSP5,2030,0.981
ISL,SSP5,2050,0.997
ISL,SSP5,2100,1.0
IND,SSP5,2025,0.413
IND,SSP5,2030,0.449
IND,SSP5,2050,0.589
IND,SSP5,2100,0.826
IDN,SSP5,2025,0.633
IDN,SSP5,2030,0.672
IDN,SSP5,2050,0.789
IDN,SSP5,2100,0.956
IRN,SSP5,2025,0.786
IRN,SSP5,2030,0.807
IRN,SSP5,2050,0.877
IRN,SSP5,2100,0.993
IRQ,SSP5,2025,0.764
IRQ,SSP5,2030,0.783
IRQ,SSP5,2050,0.838
IRQ,SSP5,2100,0.976
IRL,SSP5,2025,0.701
IRL,SSP5,2030,0.726
IRL,SSP5,2050,0.804
IRL,SSP5,2100,0.952
ISR,SSP5,2025,0.957
ISR,SSP5,2030,0.966
ISR,SSP5,2050,0.993
ISR,SSP5,2100,1.0
ITA,SSP5,2025,0.756
ITA,SSP5,2030,0.776
ITA,SSP5,2050,0.831
ITA,SSP5,2100,0.971
JAM,SSP5,2025,0.634
JAM,SSP5,2030,0.664
JAM,SSP5,2050,0.765
JAM,SSP5,2100,0.916
JPN,SSP5,2025,0.95
JPN,SSP5,2030,0.961
JPN,SSP5,2050,0.992
JPN,SSP5,2100,1.0
JOR,SSP5,2025,0.925
JOR,SSP5,2030,0.941
JOR,SSP5,2050,0.983
JOR,SSP5,2100,1.0
KAZ,SSP5,2025,0.661
KAZ,SSP5,2030,0.689
KAZ,SSP5,2050,0.78
KAZ,SSP5,2100,0.926
KEN,SSP5,2025,0.338
KEN,SSP5,2030,0.376
KEN,SSP5,2050,0.539
KEN,SSP5,2100,0.826
KIR,SSP5,2025,0.595
KIR,SSP5,2030,0.633
KIR,SSP5,2050,0.757
KIR,SSP5,2100,0.931
KGZ,SSP5,2025,0.459
KGZ,SSP5,2030,0.496
KGZ,SSP5,2050,0.629
KGZ,SSP5,2100,0.834
LAO,SSP5,2025,0.429
LAO,SSP5,2030,0.474
LAO,SSP5,2050,0.648
LAO,SSP5,2100,0.885
LVA,SSP5,2025,0.752
LVA,SSP5,2030,0.772
LVA,SSP5,2050,0.829
LVA,SSP5,2100,0.972
LBN,SSP5,2025,0.929
LBN,SSP5,2030,0.944
LBN,SSP5,2050,0.985
LBN,SSP5,2100,1.0
LSO,SSP5,2025,0.379
LSO,SSP5,2030,0.428
LSO,SSP5,2050,0.619
LSO,SSP5,2100,0.888
LBR,SSP5,2025,0.59
LBR,SSP5,2030,0.624
LBR,SSP5,2050,0.744
LBR,SSP5,2100,0.916
LBY,SSP5,2025,0.845
LBY,SSP5,2030,0.859
LBY,SSP5,2050,0.931
LBY,SSP5,2100,0.998
LTU,SSP5,2025,0.746
LTU,SSP5,2030,0.768
LTU,SSP5,2050,0.83
LTU,SSP5,2100,0.972
LUX,SSP5,2025,0.931
LUX,SSP5,2030,0.946
LUX,SSP5,2050,0.985
LUX,SSP5,2100,1.0
MDG,SSP5,2025,0.434
MDG,SSP5,2030,0.474
MDG,SSP5,2050,0.631
MDG,SSP5,2100,0.857
MWI,SSP5,2025,0.236
MWI,SSP5,2030,0.269
MWI,SSP5,2050,0.423
MWI,SSP5,2100,0.778
MYS,SSP5,2025,0.803
MYS,SSP5,2030,0.826
MYS,SSP5,2050,0.904
MYS,SSP5,2100,0.997
MDV,SSP5,2025,0.488
MDV,SSP5,2030,0.53
MDV,SSP5,2050,0.68
MDV,SSP5,2100,0.897
MLI,SSP5,2025,0.486
MLI,SSP5,2030,0.529
MLI,SSP5,2050,0.683
MLI,SSP5,2100,0.899
MLT,SSP5,2025,0.974
MLT,SSP5,2030,0.983
MLT,SSP5,2050,0.997
MLT,SSP5,2100,1.0
MHL,SSP5,2025,0.806
MHL,SSP5,2030,0.825
MHL,SSP5,2050,0.897
MHL,SSP5,2100,0.995
MTQ,SSP5,2025,0.941
MTQ,SSP5,2030,0.953
MTQ,SSP5,2050,0.989
MTQ,SSP5,2100,1.0
MRT,SSP5,2025,0.627
MRT,SSP5,2030,0.674
MRT,SSP5,2050,0.81
MRT,SSP5,2100,0.974
MUS,SSP5,2025,0.524
MUS,SSP5,2030,0.558
MUS,SSP5,2050,0.681
MUS,SSP5,2100,0.851
MYT,SSP5,2025,0.614
MYT,SSP5,2030,0.65
MYT,SSP5,2050,0.771
MYT,SSP5,2100,0.943
MEX,SSP5,2025,0.827
MEX,SSP5,2030,0.84
MEX,SSP5,2050,0.911
MEX,SSP5,2100,0.997
MDA,SSP5,2025,0.533
MDA,SSP5,2030,0.567
MDA,SSP5,2050,0.687
MDA,SSP5,2100,0.858
MNG,SSP5,2025,0.761
MNG,SSP5,2030,0.783
MNG,SSP5,2050,0.849
MNG,SSP5,2100,0.985
MNE,SSP5,2025,0.751
MNE,SSP5,2030,0.78
MNE,SSP5,2050,0.858
MNE,SSP5,2100,0.992
MAR,SSP5,2025,0.677
MAR,SSP5,2030,0.706
MAR,SSP5,2050,0.798
MAR,SSP5,2100,0.954
MOZ,SSP5,2025,0.452
MOZ,SSP5,2030,0.499
MOZ,SSP5,2050,0.668
MOZ,SSP5,2100,0.901
MMR,SSP5,2025,0.391
MMR,SSP5,2030,0.427
MMR,SSP5,2050,0.569
MMR,SSP5,2100,0.817
NAM,SSP5,2025,0.534
NAM,SSP5,2030,0.573
NAM,SSP5,2050,0.703
NAM,SSP5,2100,0.898
NPL,SSP5,2025,0.269
NPL,SSP5,2030,0.31
NPL,SSP5,2050,0.495
NPL,SSP5,2100,0.826
NLD,SSP5,2025,0.925
NLD,SSP5,2030,0.94
NLD,SSP5,2050,0.983
NLD,SSP5,2100,1.0
NCL,SSP5,2025,0.752
NCL,SSP5,2030,0.774
NCL,SSP5,2050,0.837
NCL,SSP5,2100,0.976
NZL,SSP5,2025,0.919
NZL,SSP5,2030,0.931
NZL,SSP5,2050,0.977
NZL,SSP5,2100,1.0
NIC,SSP5,2025,0.662
NIC,SSP5,2030,0.689
NIC,SSP5,2050,0.781
NIC,SSP5,2100,0.927
NER,SSP5,2025,0.243
NER,SSP5,2030,0.274
NER,SSP5,2050,0.414
NER,SSP5,2100,0.755
NGA,SSP5,2025,0.563
NGA,SSP5,2030,0.604
NGA,SSP5,2050,0.743
NGA,SSP5,2100,0.928
NIU,SSP5,2025,0.495
NIU,SSP5,2030,0.531
NIU,SSP5,2050,0.663
NIU,SSP5,2100,0.854
MKD,SSP5,2025,0.663
MKD,SSP5,2030,0.691
MKD,SSP5,2050,0.783
MKD,SSP5,2100,0.928
MNP,SSP5,2025,0.951
MNP,SSP5,2030,0.961
MNP,SSP5,2050,0.992
MNP,SSP5,2100,1.0
NOR,SSP5,2025,0.834
NOR,SSP5,2030,0.846
NOR,SSP5,2050,0.913
NOR,SSP5,2100,0.997
OMN,SSP5,2025,0.836
OMN,SSP5,2030,0.853
OMN,SSP5,2050,0.939
OMN,SSP5,2100,0.999
PAK,SSP5,2025,0.456
PAK,SSP5,2030,0.493
PAK,SSP5,2050,0.627
PAK,SSP5,2100,0.84
PLW,SSP5,2025,0.803
PLW,SSP5,2030,0.817
PLW,SSP5,2050,0.875
PLW,SSP5,2100,0.992
PSE,SSP5,2025,0.803
PSE,SSP5,2030,0.818
PSE,SSP5,2050,0.878
PSE,SSP5,2100,0.993
PAN,SSP5,2025,0.733
PAN,SSP5,2030,0.756
PAN,SSP5,2050,0.825
PAN,SSP5,2100,0.965
PNG,SSP5,2025,0.199
PNG,SSP5,2030,0.228
PNG,SSP5,2050,0.364
PNG,SSP5,2100,0.726
PRY,SSP5,2025,0.683
PRY,SSP5,2030,0.712
PRY,SSP5,2050,0.798
PRY,SSP5,2100,0.944
PER,SSP5,2025,0.82
PER,SSP5,2030,0.834
PER,SSP5,2050,0.898
PER,SSP5,2100,0.995
PHL,SSP5,2025,0.56
PHL,SSP5,2030,0.592
PHL,SSP5,2050,0.708
PHL,SSP5,2100,0.879
POL,SSP5,2025,0.696
POL,SSP5,2030,0.722
POL,SSP5,2050,0.8
POL,SSP5,2100,0.941
PRT,SSP5,2025,0.697
PRT,SSP5,2030,0.724
PRT,SSP5,2050,0.807
PRT,SSP5,2100,0.955
PRI,SSP5,2025,0.98
PRI,SSP5,2030,0.987
PRI,SSP5,2050,0.998
PRI,SSP5,2100,1.0
QAT,SSP5,2025,0.996
QAT,SSP5,2030,0.997
QAT,SSP5,2050,1.0
QAT,SSP5,2100,1.0
ROU,SSP5,2025,0.635
ROU,SSP5,2030,0.664
ROU,SSP5,2050,0.765
ROU,SSP5,2100,0.915
RUS,SSP5,2025,0.795
RUS,SSP5,2030,0.809
RUS,SSP5,2050,0.853
RUS,SSP5,2100,0.989
RWA,SSP5,2025,0.279
RWA,SSP5,2030,0.322
RWA,SSP5,2050,0.515
RWA,SSP5,2100,0.848
REU,SSP5,2025,0.997
REU,SSP5,2030,0.998
REU,SSP5,2050,1.0
REU,SSP5,2100,1.0
KNA,SSP5,2025,0.417
KNA,SSP5,2030,0.453
KNA,SSP5,2050,0.592
KNA,SSP5,2100,0.821
SPM,SSP5,2025,0.943
SPM,SSP5,2030,0.955
SPM,SSP5,2050,0.989
SPM,SSP5,2100,1.0
VCT,SSP5,2025,0.594
VCT,SSP5,2030,0.626
VCT,SSP5,2050,0.741
VCT,SSP5,2100,0.912
WSM,SSP5,2025,0.292
WSM,SSP5,2030,0.326
WSM,SSP5,2050,0.466
WSM,SSP5,2100,0.767
SMR,SSP5,2025,0.988
SMR,SSP5,2030,0.993
SMR,SSP5,2050,0.999
SMR,SSP5,2100,1.0
STP,SSP5,2025,0.768
STP,SSP5,2030,0.797
STP,SSP5,2050,0.884
STP,SSP5,2100,0.994
SAU,SSP5,2025,0.886
SAU,SSP5,2030,0.908
SAU,SSP5,2050,0.961
SAU,SSP5,2100,1.0
SEN,SSP5,2025,0.545
SEN,SSP5,2030,0.579
SEN,SSP5,2050,0.701
SEN,SSP5,2100,0.882
SRB,SSP5,2025,0.646
SRB,SSP5,2030,0.676
SRB,SSP5,2050,0.776
SRB,SSP5,2100,0.929
SYC,SSP5,2025,0.63
SYC,SSP5,2030,0.659
SYC,SSP5,2050,0.762
SYC,SSP5,2100,0.915
SLE,SSP5,2025,0.5
SLE,SSP5,2030,0.536
SLE,SSP5,2050,0.668
SLE,SSP5,2100,0.859
SVK,SSP5,2025,0.643
SVK,SSP5,2030,0.672
SVK,SSP5,2050,0.769
SVK,SSP5,2100,0.925
SVN,SSP5,2025,0.625
SVN,SSP5,2030,0.655
SVN,SSP5,2050,0.761
SVN,SSP5,2100,0.916
SLB,SSP5,2025,0.298
SLB,SSP5,2030,0.337
SLB,SSP5,2050,0.504
SLB,SSP5,2100,0.815
SOM,SSP5,2025,0.508
SOM,SSP5,2030,0.545
SOM,SSP5,2050,0.682
SOM,SSP5,2100,0.879
ZAF,SSP5,2025,0.707
ZAF,SSP5,2030,0.732
ZAF,SSP5,2050,0.808
ZAF,SSP5,2100,0.953
KOR,SSP5,2025,0.887
KOR,SSP5,2030,0.909
KOR,SSP5,2050,0.963
KOR,SSP5,2100,1.0
SSD,SSP5,2025,0.264
SSD,SSP5,2030,0.297
SSD,SSP5,2050,0.441
SSD,SSP5,2100,0.771
ESP,SSP5,2025,0.827
ESP,SSP5,2030,0.839
ESP,SSP5,2050,0.9
ESP,SSP5,2100,0.995
LKA,SSP5,2025,0.269
LKA,SSP5,2030,0.302
LKA,SSP5,2050,0.442
LKA,SSP5,2100,0.752
SDN,SSP5,2025,0.445
SDN,SSP5,2030,0.486
SDN,SSP5,2050,0.639
SDN,SSP5,2100,0.859
SUR,SSP5,2025,0.741
SUR,SSP5,2030,0.763
SUR,SSP5,2050,0.824
SUR,SSP5,2100,0.963
SWE,SSP5,2025,0.91
SWE,SSP5,2030,0.924
SWE,SSP5,2050,0.972
SWE,SSP5,2100,1.0
CHE,SSP5,2025,0.794
CHE,SSP5,2030,0.808
CHE,SSP5,2050,0.852
CHE,SSP5,2100,0.988
SYR,SSP5,2025,0.651
SYR,SSP5,2030,0.679
SYR,SSP5,2050,0.775
SYR,SSP5,2100,0.926
TWN,SSP5,2025,0.825
TWN,SSP5,2030,0.843
TWN,SSP5,2050,0.919
TWN,SSP5,2100,0.997
TZA,SSP5,2025,0.415
TZA,SSP5,2030,0.463
TZA,SSP5,2050,0.643
TZA,SSP5,2100,0.885
THA,SSP5,2025,0.555
THA,SSP5,2030,0.592
THA,SSP5,2050,0.72
THA,SSP5,2100,0.912
TLS,SSP5,2025,0.381
TLS,SSP5,2030,0.418
TLS,SSP5,2050,0.575
TLS,SSP5,2100,0.831
TGO,SSP5,2025,0.505
TGO,SSP5,2030,0.547
TGO,SSP5,2050,0.698
TGO,SSP5,2100,0.904
TON,SSP5,2025,0.331
TON,SSP5,2030,0.365
TON,SSP5,2050,0.508
TON,SSP5,2100,0.791
TTO,SSP5,2025,0.637
TTO,SSP5,2030,0.666
TTO,SSP5,2050,0.766
TTO,SSP5,2100,0.915
TUN,SSP5,2025,0.749
TUN,SSP5,2030,0.771
TUN,SSP5,2050,0.837
TUN,SSP5,2100,0.976
TUR,SSP5,2025,0.789
TUR,SSP5,2030,0.81
TUR,SSP5,2050,0.88
TUR,SSP5,2100,0.993
TKM,SSP5,2025,0.586
TKM,SSP5,2030,0.618
TKM,SSP5,2050,0.728
TKM,SSP5,2100,0.892
TCA,SSP5,2025,0.954
TCA,SSP5,2030,0.967
TCA,SSP5,2050,0.993
TCA,SSP5,2100,1.0
TUV,SSP5,2025,0.674
TUV,SSP5,2030,0.707
TUV,SSP5,2050,0.81
TUV,SSP5,2100,0.965
UGA,SSP5,2025,0.303
UGA,SSP5,2030,0.345
UGA,SSP5,2050,0.526
UGA,SSP5,2100,0.835
UKR,SSP5,2025,0.759
UKR,SSP5,2030,0.779
UKR,SSP5,2050,0.836
UKR,SSP5,2100,0.975
ARE,SSP5,2025,0.894
ARE,SSP5,2030,0.911
ARE,SSP5,2050,0.962
ARE,SSP5,2100,1.0
GBR,SSP5,2025,0.847
GBR,SSP5,2030,0.856
GBR,SSP5,2050,0.926
GBR,SSP5,2100,0.998
USA,SSP5,2025,0.842
USA,SSP5,2030,0.852
USA,SSP5,2050,0.925
USA,SSP5,2100,0.998
VIR,SSP5,2025,0.982
VIR,SSP5,2030,0.987
VIR,SSP5,2050,0.998
VIR,SSP5,2100,1.0
URY,SSP5,2025,0.976
URY,SSP5,2030,0.985
URY,SSP5,2050,0.997
URY,SSP5,2100,1.0
UZB,SSP5,2025,0.61
UZB,SSP5,2030,0.64
UZB,SSP5,2050,0.748
UZB,SSP5,2100,0.911
VUT,SSP5,2025,0.344
VUT,SSP5,2030,0.379
VUT,SSP5,2050,0.534
VUT,SSP5,2100,0.813
VEN,SSP5,2025,0.929
VEN,SSP5,2030,0.943
VEN,SSP5,2050,0.984
VEN,SSP5,2100,1.0
VNM,SSP5,2025,0.409
VNM,SSP5,2030,0.447
VNM,SSP5,2050,0.594
VNM,SSP5,2100,0.836
ESH,SSP5,2025,0.927
ESH,SSP5,2030,0.942
ESH,SSP5,2050,0.985
ESH,SSP5,2100,1.0
YEM,SSP5,2025,0.442
YEM,SSP5,2030,0.485
YEM,SSP5,2050,0.648
YEM,SSP5,2100,0.88
ZMB,SSP5,2025,0.503
ZMB,SSP5,2030,0.538
ZMB,SSP5,2050,0.666
ZMB,SSP5,2100,0.854
ZWE,SSP5,2025,0.441
ZWE,SSP5,2030,0.478
ZWE,SSP5,2050,0.623
ZWE,SSP5,2100,0.847
AFG,SSP1,2025,0.315
AFG,SSP1,2030,0.341
AFG,SSP1,2050,0.448
AFG,SSP1,2100,0.7
ALB,SSP1,2025,0.597
ALB,SSP1,2030,0.622
ALB,SSP1,2050,0.712
ALB,SSP1,2100,0.839
DZA,SSP1,2025,0.742
DZA,SSP1,2030,0.76
DZA,SSP1,2050,0.816
DZA,SSP1,2100,0.924
ASM,SSP1,2025,0.916
ASM,SSP1,2030,0.927
ASM,SSP1,2050,0.962
ASM,SSP1,2100,0.996
AND,SSP1,2025,0.924
AND,SSP1,2030,0.934
AND,SSP1,2050,0.966
AND,SSP1,2100,0.996
AGO,SSP1,2025,0.688
AGO,SSP1,2030,0.713
AGO,SSP1,2050,0.79
AGO,SSP1,2100,0.914
ARG,SSP1,2025,0.941
ARG,SSP1,2030,0.95
ARG,SSP1,2050,0.976
ARG,SSP1,2100,0.997
ARM,SSP1,2025,0.703
ARM,SSP1,2030,0.721
ARM,SSP1,2050,0.781
ARM,SSP1,2100,0.881
AUS,SSP1,2025,0.895
AUS,SSP1,2030,0.906
AUS,SSP1,2050,0.946
AUS,SSP1,2100,0.995
AZE,SSP1,2025,0.613
AZE,SSP1,2030,0.637
AZE,SSP1,2050,0.719
AZE,SSP1,2100,0.837
BHS,SSP1,2025,0.849
BHS,SSP1,2030,0.863
BHS,SSP1,2050,0.913
BHS,SSP1,2100,0.987
BHR,SSP1,2025,0.92
BHR,SSP1,2030,0.931
BHR,SSP1,2050,0.964
BHR,SSP1,2100,0.996
BGD,SSP1,2025,0.4
BGD,SSP1,2030,0.433
BGD,SSP1,2050,0.565
BGD,SSP1,2100,0.79
BLR,SSP1,2025,0.797
BLR,SSP1,2030,0.81
BLR,SSP1,2050,0.849
BLR,SSP1,2100,0.959
BEL,SSP1,2025,0.99
BEL,SSP1,2030,0.993
BEL,SSP1,2050,0.996
BEL,SSP1,2100,0.999
BEN,SSP1,2025,0.53
BEN,SSP1,2030,0.562
BEN,SSP1,2050,0.671
BEN,SSP1,2100,0.828
BTN,SSP1,2025,0.457
BTN,SSP1,2030,0.493
BTN,SSP1,2050,0.626
BTN,SSP1,2100,0.823
BOL,SSP1,2025,0.732
BOL,SSP1,2030,0.751
BOL,SSP1,2050,0.808
BOL,SSP1,2100,0.913
BIH,SSP1,2025,0.54
BIH,SSP1,2030,0.566
BIH,SSP1,2050,0.665
BIH,SSP1,2100,0.816
BWA,SSP1,2025,0.708
BWA,SSP1,2030,0.733
BWA,SSP1,2050,0.811
BWA,SSP1,2100,0.938
BRA,SSP1,2025,0.886
BRA,SSP1,2030,0.899
BRA,SSP1,2050,0.942
BRA,SSP1,2100,0.994
VGB,SSP1,2025,0.55
VGB,SSP1,2030,0.581
VGB,SSP1,2050,0.688
VGB,SSP1,2100,0.836
BRN,SSP1,2025,0.792
BRN,SSP1,2030,0.804
BRN,SSP1,2050,0.84
BRN,SSP1,2100,0.949
BGR,SSP1,2025,0.774
BGR,SSP1,2030,0.787
BGR,SSP1,2050,0.828
BGR,SSP1,2100,0.935
BFA,SSP1,2025,0.339
BFA,SSP1,2030,0.372
BFA,SSP1,2050,0.504
BFA,SSP1,2100,0.763
BDI,SSP1,2025,0.161
BDI,SSP1,2030,0.182
BDI,SSP1,2050,0.286
BDI,SSP1,2100,0.598
CPV,SSP1,2025,0.7
CPV,SSP1,2030,0.723
CPV,SSP1,2050,0.797
CPV,SSP1,2100,0.916
KHM,SSP1,2025,0.274
KHM,SSP1,2030,0.299
KHM,SSP1,2050,0.405
KHM,SSP1,2100,0.665
CMR,SSP1,2025,0.611
CMR,SSP1,2030,0.639
CMR,SSP1,2050,0.733
CMR,SSP1,2100,0.853
CAN,SSP1,2025,0.835
CAN,SSP1,2030,0.842
CAN,SSP1,2050,0.888
CAN,SSP1,2100,0.976
CAF,SSP1,2025,0.47
CAF,SSP1,2030,0.495
CAF,SSP1,2050,0.599
CAF,SSP1,2100,0.785
TCD,SSP1,2025,0.298
TCD,SSP1,2030,0.323
TCD,SSP1,2050,0.429
TCD,SSP1,2100,0.683
CHL,SSP1,2025,0.91
CHL,SSP1,2030,0.92
CHL,SSP1,2050,0.958
CHL,SSP1,2100,0.996
CHN,SSP1,2025,0.587
CHN,SSP1,2030,0.618
CHN,SSP1,2050,0.719
CHN,SSP1,2100,0.851
COL,SSP1,2025,0.816
COL,SSP1,2030,0.826
COL,SSP1,2050,0.863
COL,SSP1,2100,0.965
COM,SSP1,2025,0.362
COM,SSP1,2030,0.388
COM,SSP1,2050,0.492
COM,SSP1,2100,0.726
COG,SSP1,2025,0.702
COG,SSP1,2030,0.721
COG,SSP1,2050,0.786
COG,SSP1,2100,0.893
CRI,SSP1,2025,0.773
CRI,SSP1,2030,0.789
CRI,SSP1,2050,0.839
CRI,SSP1,2100,0.951
HRV,SSP1,2025,0.629
HRV,SSP1,2030,0.652
HRV,SSP1,2050,0.73
HRV,SSP1,2100,0.842
CUB,SSP1,2025,0.803
CUB,SSP1,2030,0.813
CUB,SSP1,2050,0.845
CUB,SSP1,2100,0.955
CUW,SSP1,2025,0.933
CUW,SSP1,2030,0.944
CUW,SSP1,2050,0.971
CUW,SSP1,2100,0.997
CYP,SSP1,2025,0.741
CYP,SSP1,2030,0.758
CYP,SSP1,2050,0.809
CYP,SSP1,2100,0.913
CZE,SSP1,2025,0.78
CZE,SSP1,2030,0.792
CZE,SSP1,2050,0.83
CZE,SSP1,2100,0.935
CIV,SSP1,2025,0.557
CIV,SSP1,2030,0.583
CIV,SSP1,2050,0.679
CIV,SSP1,2100,0.823
COD,SSP1,2025,0.48
COD,SSP1,2030,0.506
COD,SSP1,2050,0.612
COD,SSP1,2100,0.794
DNK,SSP1,2025,0.906
DNK,SSP1,2030,0.916
DNK,SSP1,2050,0.955
DNK,SSP1,2100,0.995
DJI,SSP1,2025,0.806
DJI,SSP1,2030,0.815
DJI,SSP1,2050,0.847
DJI,SSP1,2100,0.956
DMA,SSP1,2025,0.747
DMA,SSP1,2030,0.764
DMA,SSP1,2050,0.816
DMA,SSP1,2100,0.922
DOM,SSP1,2025,0.787
DOM,SSP1,2030,0.802
DOM,SSP1,2050,0.846
DOM,SSP1,2100,0.957
ECU,SSP1,2025,0.698
ECU,SSP1,2030,0.718
ECU,SSP1,2050,0.783
ECU,SSP1,2100,0.888
EGY,SSP1,2025,0.513
EGY,SSP1,2030,0.539
EGY,SSP1,2050,0.639
EGY,SSP1,2100,0.803
SLV,SSP1,2025,0.72
SLV,SSP1,2030,0.739
SLV,SSP1,2050,0.8
SLV,SSP1,2100,0.906
GNQ,SSP1,2025,0.727
GNQ,SSP1,2030,0.748
GNQ,SSP1,2050,0.813
GNQ,SSP1,2100,0.929
ERI,SSP1,2025,0.45
ERI,SSP1,2030,0.484
ERI,SSP1,2050,0.609
ERI,SSP1,2100,0.809
EST,SSP1,2025,0.74
EST,SSP1,2030,0.755
EST,SSP1,2050,0.804
EST,SSP1,2100,0.906
SWZ,SSP1,2025,0.303
SWZ,SSP1,2030,0.33
SWZ,SSP1,2050,0.44
SWZ,SSP1,2100,0.695
ETH,SSP1,2025,0.238
ETH,SSP1,2030,0.262
ETH,SSP1,2050,0.367
ETH,SSP1,2100,0.637
FRO,SSP1,2025,0.49
FRO,SSP1,2030,0.517
FRO,SSP1,2050,0.62
FRO,SSP1,2100,0.796
FJI,SSP1,2025,0.601
FJI,SSP1,2030,0.625
FJI,SSP1,2050,0.712
FJI,SSP1,2100,0.836
FIN,SSP1,2025,0.869
FIN,SSP1,2030,0.883
FIN,SSP1,2050,0.928
FIN,SSP1,2100,0.991
FRA,SSP1,2025,0.814
FRA,SSP1,2030,0.823
FRA,SSP1,2050,0.854
FRA,SSP1,2100,0.962
PYF,SSP1,2025,0.673
PYF,SSP1,2030,0.693
PYF,SSP1,2050,0.76
PYF,SSP1,2100,0.857
GAB,SSP1,2025,0.91
GAB,SSP1,2030,0.923
GAB,SSP1,2050,0.961
GAB,SSP1,2100,0.996
GMB,SSP1,2025,0.647
GMB,SSP1,2030,0.674
GMB,SSP1,2050,0.762
GMB,SSP1,2100,0.886
GEO,SSP1,2025,0.63
GEO,SSP1,2030,0.654
GEO,SSP1,2050,0.731
GEO,SSP1,2100,0.842
DEU,SSP1,2025,0.804
DEU,SSP1,2030,0.814
DEU,SSP1,2050,0.845
DEU,SSP1,2100,0.955
GHA,SSP1,2025,0.592
GHA,SSP1,2030,0.618
GHA,SSP1,2050,0.71
GHA,SSP1,2100,0.84
GRC,SSP1,2025,0.799
GRC,SSP1,2030,0.809
GRC,SSP1,2050,0.842
GRC,SSP1,2100,0.95
GRL,SSP1,2025,0.878
GRL,SSP1,2030,0.891
GRL,SSP1,2050,0.933
GRL,SSP1,2100,0.992
GRD,SSP1,2025,0.444
GRD,SSP1,2030,0.469
GRD,SSP1,2050,0.573
GRD,SSP1,2100,0.772
GUM,SSP1,2025,0.964
GUM,SSP1,2030,0.969
GUM,SSP1,2050,0.989
GUM,SSP1,2100,0.998
GTM,SSP1,2025,0.565
GTM,SSP1,2030,0.59
GTM,SSP1,2050,0.683
GTM,SSP1,2100,0.822
GIN,SSP1,2025,0.421
GIN,SSP1,2030,0.448
GIN,SSP1,2050,0.556
GIN,SSP1,2100,0.768
GNB,SSP1,2025,0.501
GNB,SSP1,2030,0.533
GNB,SSP1,2050,0.648
GNB,SSP1,2100,0.82
HTI,SSP1,2025,0.573
HTI,SSP1,2030,0.604
HTI,SSP1,2050,0.707
HTI,SSP1,2100,0.845
HND,SSP1,2025,0.6
HND,SSP1,2030,0.626
HND,SSP1,2050,0.715
HND,SSP1,2100,0.841
HUN,SSP1,2025,0.741
HUN,SSP1,2030,0.757
HUN,SSP1,2050,0.805
HUN,SSP1,2100,0.907
ISL,SSP1,2025,0.961
ISL,SSP1,2030,0.966
ISL,SSP1,2050,0.987
ISL,SSP1,2100,0.998
IND,SSP1,2025,0.388
IND,SSP1,2030,0.415
IND,SSP1,2050,0.519
IND,SSP1,2100,0.743
IDN,SSP1,2025,0.599
IDN,SSP1,2030,0.629
IDN,SSP1,2050,0.726
IDN,SSP1,2100,0.854
IRN,SSP1,2025,0.767
IRN,SSP1,2030,0.783
IRN,SSP1,2050,0.83
IRN,SSP1,2100,0.94
IRQ,SSP1,2025,0.745
IRQ,SSP1,2030,0.76
IRQ,SSP1,2050,0.808
IRQ,SSP1,2100,0.91
IRL,SSP1,2025,0.686
IRL,SSP1,2030,0.705
IRL,SSP1,2050,0.769
IRL,SSP1,2100,0.869
ISR,SSP1,2025,0.95
ISR,SSP1,2030,0.957
ISR,SSP1,2050,0.981
ISR,SSP1,2100,0.998
ITA,SSP1,2025,0.74
ITA,SSP1,2030,0.755
ITA,SSP1,2050,0.804
ITA,SSP1,2100,0.906
JAM,SSP1,2025,0.616
JAM,SSP1,2030,0.64
JAM,SSP1,2050,0.721
JAM,SSP1,2100,0.838
JPN,SSP1,2025,0.937
JPN,SSP1,2030,0.946
JPN,SSP1,2050,0.973
JPN,SSP1,2100,0.997
JOR,SSP1,2025,0.902
JOR,SSP1,2030,0.914
JOR,SSP1,2050,0.954
JOR,SSP1,2100,0.995
KAZ,SSP1,2025,0.645
KAZ,SSP1,2030,0.668
KAZ,SSP1,2050,0.741
KAZ,SSP1,2100,0.846
KEN,SSP1,2025,0.314
KEN,SSP1,2030,0.341
KEN,SSP1,2050,0.452
KEN,SSP1,2100,0.705
KIR,SSP1,2025,0.56
KIR,SSP1,2030,0.588
KIR,SSP1,2050,0.686
KIR,SSP1,2100,0.83
LAO,SSP1,2025,0.397
LAO,SSP1,2030,0.43
LAO,SSP1,2050,0.561
LAO,SSP1,2100,0.788
LVA,SSP1,2025,0.737
LVA,SSP1,2030,0.752
LVA,SSP1,2050,0.803
LVA,SSP1,2100,0.904
LBN,SSP1,2025,0.915
LBN,SSP1,2030,0.925
LBN,SSP1,2050,0.961
LBN,SSP1,2100,0.996
LSO,SSP1,2025,0.34
LSO,SSP1,2030,0.371
LSO,SSP1,2050,0.501
LSO,SSP1,2100,0.757
LBR,SSP1,2025,0.561
LBR,SSP1,2030,0.588
LBR,SSP1,2050,0.682
LBR,SSP1,2100,0.824
LBY,SSP1,2025,0.82
LBY,SSP1,2030,0.831
LBY,SSP1,2050,0.872
LBY,SSP1,2100,0.969
LTU,SSP1,2025,0.729
LTU,SSP1,2030,0.745
LTU,SSP1,2050,0.798
LTU,SSP1,2100,0.9
LUX,SSP1,2025,0.919
LUX,SSP1,2030,0.929
LUX,SSP1,2050,0.963
LUX,SSP1,2100,0.996
MDG,SSP1,2025,0.402
MDG,SSP1,2030,0.431
MDG,SSP1,2050,0.542
MDG,SSP1,2100,0.763
MWI,SSP1,2025,0.22
MWI,SSP1,2030,0.243
MWI,SSP1,2050,0.35
MWI,SSP1,2100,0.625
MYS,SSP1,2025,0.769
MYS,SSP1,2030,0.786
MYS,SSP1,2050,0.837
MYS,SSP1,2100,0.949
MDV,SSP1,2025,0.461
MDV,SSP1,2030,0.494
MDV,SSP1,2050,0.614
MDV,SSP1,2100,0.805
MLI,SSP1,2025,0.453
MLI,SSP1,2030,0.486
MLI,SSP1,2050,0.607
MLI,SSP1,2100,0.801
MLT,SSP1,2025,0.964
MLT,SSP1,2030,0.969
MLT,SSP1,2050,0.989
MLT,SSP1,2100,0.998
MHL,SSP1,2025,0.785
MHL,SSP1,2030,0.798
MHL,SSP1,2050,0.837
MHL,SSP1,2100,0.945
MRT,SSP1,2025,0.566
MRT,SSP1,2030,0.597
MRT,SSP1,2050,0.702
MRT,SSP1,2100,0.843
MUS,SSP1,2025,0.498
MUS,SSP1,2030,0.525
MUS,SSP1,2050,0.626
MUS,SSP1,2100,0.797
MEX,SSP1,2025,0.814
MEX,SSP1,2030,0.823
MEX,SSP1,2050,0.857
MEX,SSP1,2100,0.963
MDA,SSP1,2025,0.508
MDA,SSP1,2030,0.535
MDA,SSP1,2050,0.635
MDA,SSP1,2100,0.801
MNG,SSP1,2025,0.733
MNG,SSP1,2030,0.75
MNG,SSP1,2050,0.805
MNG,SSP1,2100,0.91
MNE,SSP1,2025,0.72
MNE,SSP1,2030,0.742
MNE,SSP1,2050,0.808
MNE,SSP1,2100,0.922
MAR,SSP1,2025,0.654
MAR,SSP1,2030,0.677
MAR,SSP1,2050,0.753
MAR,SSP1,2100,0.86
MOZ,SSP1,2025,0.417
MOZ,SSP1,2030,0.45
MOZ,SSP1,2050,0.578
MOZ,SSP1,2100,0.794
MMR,SSP1,2025,0.37
MMR,SSP1,2030,0.396
MMR,SSP1,2050,0.5
MMR,SSP1,2100,0.73
NAM,SSP1,2025,0.495
NAM,SSP1,2030,0.523
NAM,SSP1,2050,0.629
NAM,SSP1,2100,0.806
NPL,SSP1,2025,0.245
NPL,SSP1,2030,0.274
NPL,SSP1,2050,0.401
NPL,SSP1,2100,0.698
NLD,SSP1,2025,0.911
NLD,SSP1,2030,0.923
NLD,SSP1,2050,0.959
NLD,SSP1,2100,0.996
NCL,SSP1,2025,0.727
NCL,SSP1,2030,0.744
NCL,SSP1,2050,0.798
NCL,SSP1,2100,0.9
NZL,SSP1,2025,0.904
NZL,SSP1,2030,0.915
NZL,SSP1,2050,0.953
NZL,SSP1,2100,0.995
NIC,SSP1,2025,0.645
NIC,SSP1,2030,0.668
NIC,SSP1,2050,0.741
NIC,SSP1,2100,0.846
NER,SSP1,2025,0.228
NER,SSP1,2030,0.252
NER,SSP1,2050,0.354
NER,SSP1,2100,0.62
NGA,SSP1,2025,0.53
NGA,SSP1,2030,0.562
NGA,SSP1,2050,0.672
NGA,SSP1,2100,0.829
MKD,SSP1,2025,0.649
MKD,SSP1,2030,0.671
MKD,SSP1,2050,0.744
MKD,SSP1,2100,0.847
MNP,SSP1,2025,0.943
MNP,SSP1,2030,0.952
MNP,SSP1,2050,0.977
MNP,SSP1,2100,0.997
NOR,SSP1,2025,0.822
NOR,SSP1,2030,0.831
NOR,SSP1,2050,0.871
NOR,SSP1,2100,0.968
OMN,SSP1,2025,0.807
OMN,SSP1,2030,0.82
OMN,SSP1,2050,0.867
OMN,SSP1,2100,0.968
PAK,SSP1,2025,0.432
PAK,SSP1,2030,0.458
PAK,SSP1,2050,0.561
PAK,SSP1,2100,0.766
PLW,SSP1,2025,0.786
PLW,SSP1,2030,0.798
PLW,SSP1,2050,0.834
PLW,SSP1,2100,0.941
PAN,SSP1,2025,0.715
PAN,SSP1,2030,0.734
PAN,SSP1,2050,0.791
PAN,SSP1,2100,0.895
PNG,SSP1,2025,0.189
PNG,SSP1,2030,0.21
PNG,SSP1,2050,0.307
PNG,SSP1,2100,0.573
PRY,SSP1,2025,0.668
PRY,SSP1,2030,0.689
PRY,SSP1,2050,0.762
PRY,SSP1,2100,0.869
PER,SSP1,2025,0.805
PER,SSP1,2030,0.816
PER,SSP1,2050,0.849
PER,SSP1,2100,0.958
PHL,SSP1,2025,0.538
PHL,SSP1,2030,0.564
PHL,SSP1,2050,0.661
PHL,SSP1,2100,0.812
POL,SSP1,2025,0.683
POL,SSP1,2030,0.703
POL,SSP1,2050,0.767
POL,SSP1,2100,0.866
PRT,SSP1,2025,0.677
PRT,SSP1,2030,0.698
PRT,SSP1,2050,0.769
PRT,SSP1,2100,0.877
PRI,SSP1,2025,0.965
PRI,SSP1,2030,0.97
PRI,SSP1,2050,0.989
PRI,SSP1,2100,0.998
QAT,SSP1,2025,0.993
QAT,SSP1,2030,0.995
QAT,SSP1,2050,0.997
QAT,SSP1,2100,0.999
ROU,SSP1,2025,0.618
ROU,SSP1,2030,0.642
ROU,SSP1,2050,0.722
ROU,SSP1,2100,0.838
RUS,SSP1,2025,0.783
RUS,SSP1,2030,0.795
RUS,SSP1,2050,0.832
RUS,SSP1,2100,0.937
RWA,SSP1,2025,0.253
RWA,SSP1,2030,0.283
RWA,SSP1,2050,0.414
RWA,SSP1,2100,0.713
VCT,SSP1,2025,0.571
VCT,SSP1,2030,0.597
VCT,SSP1,2050,0.689
VCT,SSP1,2100,0.826
SMR,SSP1,2025,0.978
SMR,SSP1,2030,0.983
SMR,SSP1,2050,0.994
SMR,SSP1,2100,0.999
STP,SSP1,2025,0.721
STP,SSP1,2030,0.742
STP,SSP1,2050,0.809
STP,SSP1,2100,0.924
SAU,SSP1,2025,0.854
SAU,SSP1,2030,0.87
SAU,SSP1,2050,0.921
SAU,SSP1,2100,0.989
SEN,SSP1,2025,0.516
SEN,SSP1,2030,0.543
SEN,SSP1,2050,0.643
SEN,SSP1,2100,0.805
SYC,SSP1,2025,0.61
SYC,SSP1,2030,0.635
SYC,SSP1,2050,0.717
SYC,SSP1,2100,0.837
SLE,SSP1,2025,0.469
SLE,SSP1,2030,0.494
SLE,SSP1,2050,0.6
SLE,SSP1,2100,0.786
SVK,SSP1,2025,0.628
SVK,SSP1,2030,0.652
SVK,SSP1,2050,0.73
SVK,SSP1,2100,0.841
SVN,SSP1,2025,0.606
SVN,SSP1,2030,0.63
SVN,SSP1,2050,0.714
SVN,SSP1,2100,0.835
SLB,SSP1,2025,0.273
SLB,SSP1,2030,0.3
SLB,SSP1,2050,0.413
SLB,SSP1,2100,0.679
SOM,SSP1,2025,0.462
SOM,SSP1,2030,0.488
SOM,SSP1,2050,0.595
SOM,SSP1,2100,0.786
ZAF,SSP1,2025,0.689
ZAF,SSP1,2030,0.708
ZAF,SSP1,2050,0.771
ZAF,SSP1,2100,0.872
KOR,SSP1,2025,0.858
KOR,SSP1,2030,0.876
KOR,SSP1,2050,0.927
KOR,SSP1,2100,0.991
SSD,SSP1,2025,0.248
SSD,SSP1,2030,0.273
SSD,SSP1,2050,0.38
SSD,SSP1,2100,0.648
ESP,SSP1,2025,0.815
ESP,SSP1,2030,0.824
ESP,SSP1,2050,0.857
ESP,SSP1,2100,0.963
LKA,SSP1,2025,0.253
LKA,SSP1,2030,0.278
LKA,SSP1,2050,0.381
LKA,SSP1,2100,0.639
SDN,SSP1,2025,0.417
SDN,SSP1,2030,0.444
SDN,SSP1,2050,0.552
SDN,SSP1,2100,0.766
SUR,SSP1,2025,0.725
SUR,SSP1,2030,0.742
SUR,SSP1,2050,0.795
SUR,SSP1,2100,0.897
SWE,SSP1,2025,0.891
SWE,SSP1,2030,0.903
SWE,SSP1,2050,0.944
SWE,SSP1,2100,0.994
CHE,SSP1,2025,0.782
CHE,SSP1,2030,0.793
CHE,SSP1,2050,0.831
CHE,SSP1,2100,0.937
SYR,SSP1,2025,0.631
SYR,SSP1,2030,0.655
SYR,SSP1,2050,0.732
SYR,SSP1,2100,0.843
TZA,SSP1,2025,0.375
TZA,SSP1,2030,0.408
TZA,SSP1,2050,0.539
TZA,SSP1,2100,0.776
THA,SSP1,2025,0.519
THA,SSP1,2030,0.548
THA,SSP1,2050,0.654
THA,SSP1,2100,0.818
TLS,SSP1,2025,0.36
TLS,SSP1,2030,0.387
TLS,SSP1,2050,0.497
TLS,SSP1,2100,0.736
TGO,SSP1,2025,0.459
TGO,SSP1,2030,0.487
TGO,SSP1,2050,0.596
TGO,SSP1,2100,0.79
TON,SSP1,2025,0.314
TON,SSP1,2030,0.339
TON,SSP1,2050,0.444
TON,SSP1,2100,0.69
TTO,SSP1,2025,0.622
TTO,SSP1,2030,0.646
TTO,SSP1,2050,0.725
TTO,SSP1,2100,0.84
TUN,SSP1,2025,0.731
TUN,SSP1,2030,0.749
TUN,SSP1,2050,0.804
TUN,SSP1,2100,0.908
TUR,SSP1,2025,0.769
TUR,SSP1,2030,0.786
TUR,SSP1,2050,0.835
TUR,SSP1,2100,0.946
TKM,SSP1,2025,0.565
TKM,SSP1,2030,0.591
TKM,SSP1,2050,0.683
TKM,SSP1,2100,0.822
TCA,SSP1,2025,0.939
TCA,SSP1,2030,0.949
TCA,SSP1,2050,0.975
TCA,SSP1,2100,0.997
TUV,SSP1,2025,0.636
TUV,SSP1,2030,0.662
TUV,SSP1,2050,0.751
TUV,SSP1,2100,0.871
UGA,SSP1,2025,0.271
UGA,SSP1,2030,0.301
UGA,SSP1,2050,0.426
UGA,SSP1,2100,0.708
UKR,SSP1,2025,0.741
UKR,SSP1,2030,0.757
UKR,SSP1,2050,0.805
UKR,SSP1,2100,0.908
ARE,SSP1,2025,0.868
ARE,SSP1,2030,0.882
ARE,SSP1,2050,0.926
ARE,SSP1,2100,0.991
GBR,SSP1,2025,0.837
GBR,SSP1,2030,0.844
GBR,SSP1,2050,0.892
GBR,SSP1,2100,0.978
USA,SSP1,2025,0.834
USA,SSP1,2030,0.841
USA,SSP1,2050,0.888
USA,SSP1,2100,0.975
VIR,SSP1,2025,0.966
VIR,SSP1,2030,0.972
VIR,SSP1,2050,0.99
VIR,SSP1,2100,0.998
URY,SSP1,2025,0.965
URY,SSP1,2030,0.97
URY,SSP1,2050,0.99
URY,SSP1,2100,0.998
UZB,SSP1,2025,0.587
UZB,SSP1,2030,0.612
UZB,SSP1,2050,0.7
UZB,SSP1,2100,0.83
VUT,SSP1,2025,0.323
VUT,SSP1,2030,0.35
VUT,SSP1,2050,0.457
VUT,SSP1,2100,0.706
VEN,SSP1,2025,0.918
VEN,SSP1,2030,0.929
VEN,SSP1,2050,0.963
VEN,SSP1,2100,0.996
VNM,SSP1,2025,0.38
VNM,SSP1,2030,0.407
VNM,SSP1,2050,0.514
VNM,SSP1,2100,0.744
YEM,SSP1,2025,0.408
YEM,SSP1,2030,0.439
YEM,SSP1,2050,0.56
YEM,SSP1,2100,0.778
ZMB,SSP1,2025,0.472
ZMB,SSP1,2030,0.497
ZMB,SSP1,2050,0.6
ZMB,SSP1,2100,0.786
ZWE,SSP1,2025,0.419
ZWE,SSP1,2030,0.446
ZWE,SSP1,2050,0.553
ZWE,SSP1,2100,0.765
AFG,SSP2,2025,0.287
AFG,SSP2,2030,0.304
AFG,SSP2,2050,0.371
AFG,SSP2,2100,0.531
ALB,SSP2,2025,0.563
ALB,SSP2,2030,0.579
ALB,SSP2,2050,0.636
ALB,SSP2,2100,0.743
DZA,SSP2,2025,0.721
DZA,SSP2,2030,0.734
DZA,SSP2,2050,0.773
DZA,SSP2,2100,0.828
ASM,SSP2,2025,0.903
ASM,SSP2,2030,0.91
ASM,SSP2,2050,0.938
ASM,SSP2,2100,0.981
AND,SSP2,2025,0.908
AND,SSP2,2030,0.914
AND,SSP2,2050,0.942
AND,SSP2,2100,0.982
AGO,SSP2,2025,0.667
AGO,SSP2,2030,0.686
AGO,SSP2,2050,0.75
AGO,SSP2,2100,0.829
ARG,SSP2,2025,0.93
ARG,SSP2,2030,0.937
ARG,SSP2,2050,0.959
ARG,SSP2,2100,0.989
ARM,SSP2,2025,0.675
ARM,SSP2,2030,0.686
ARM,SSP2,2050,0.727
ARM,SSP2,2100,0.799
AUS,SSP2,2025,0.874
AUS,SSP2,2030,0.881
AUS,SSP2,2050,0.906
AUS,SSP2,2100,0.965
AZE,SSP2,2025,0.576
AZE,SSP2,2030,0.591
AZE,SSP2,2050,0.647
AZE,SSP2,2100,0.749
BHS,SSP2,2025,0.84
BHS,SSP2,2030,0.844
BHS,SSP2,2050,0.871
BHS,SSP2,2100,0.936
BHR,SSP2,2025,0.905
BHR,SSP2,2030,0.91
BHR,SSP2,2050,0.938
BHR,SSP2,2100,0.981
BGD,SSP2,2025,0.374
BGD,SSP2,2030,0.398
BGD,SSP2,2050,0.484
BGD,SSP2,2100,0.649
BLR,SSP2,2025,0.781
BLR,SSP2,2030,0.79
BLR,SSP2,2050,0.817
BLR,SSP2,2100,0.868
BEL,SSP2,2025,0.985
BEL,SSP2,2030,0.987
BEL,SSP2,2050,0.992
BEL,SSP2,2100,0.998
BEN,SSP2,2025,0.496
BEN,SSP2,2030,0.516
BEN,SSP2,2050,0.585
BEN,SSP2,2100,0.713
BTN,SSP2,2025,0.426
BTN,SSP2,2030,0.451
BTN,SSP2,2050,0.55
BTN,SSP2,2100,0.729
BOL,SSP2,2025,0.71
BOL,SSP2,2030,0.722
BOL,SSP2,2050,0.759
BOL,SSP2,2100,0.819
BIH,SSP2,2025,0.504
BIH,SSP2,2030,0.52
BIH,SSP2,2050,0.576
BIH,SSP2,2100,0.704
BWA,SSP2,2025,0.686
BWA,SSP2,2030,0.706
BWA,SSP2,2050,0.77
BWA,SSP2,2100,0.848
BRA,SSP2,2025,0.865
BRA,SSP2,2030,0.874
BRA,SSP2,2050,0.905
BRA,SSP2,2100,0.965
VGB,SSP2,2025,0.517
VGB,SSP2,2030,0.539
VGB,SSP2,2050,0.606
VGB,SSP2,2100,0.727
BRN,SSP2,2025,0.773
BRN,SSP2,2030,0.78
BRN,SSP2,2050,0.803
BRN,SSP2,2100,0.848
BGR,SSP2,2025,0.751
BGR,SSP2,2030,0.759
BGR,SSP2,2050,0.787
BGR,SSP2,2100,0.837
BFA,SSP2,2025,0.315
BFA,SSP2,2030,0.339
BFA,SSP2,2050,0.432
BFA,SSP2,2100,0.612
BDI,SSP2,2025,0.148
BDI,SSP2,2030,0.163
BDI,SSP2,2050,0.231
BDI,SSP2,2100,0.411
CPV,SSP2,2025,0.681
CPV,SSP2,2030,0.699
CPV,SSP2,2050,0.757
CPV,SSP2,2100,0.831
KHM,SSP2,2025,0.245
KHM,SSP2,2030,0.261
KHM,SSP2,2050,0.327
KHM,SSP2,2100,0.491
CMR,SSP2,2025,0.58
CMR,SSP2,2030,0.6
CMR,SSP2,2050,0.666
CMR,SSP2,2100,0.765
CAN,SSP2,2025,0.823
CAN,SSP2,2030,0.828
CAN,SSP2,2050,0.844
CAN,SSP2,2100,0.908
CAF,SSP2,2025,0.438
CAF,SSP2,2030,0.455
CAF,SSP2,2050,0.516
CAF,SSP2,2100,0.657
TCD,SSP2,2025,0.268
TCD,SSP2,2030,0.285
TCD,SSP2,2050,0.351
TCD,SSP2,2100,0.513
CHL,SSP2,2025,0.893
CHL,SSP2,2030,0.899
CHL,SSP2,2050,0.924
CHL,SSP2,2100,0.975
CHN,SSP2,2025,0.558
CHN,SSP2,2030,0.581
CHN,SSP2,2050,0.665
CHN,SSP2,2100,0.776
COL,SSP2,2025,0.803
COL,SSP2,2030,0.809
COL,SSP2,2050,0.828
COL,SSP2,2100,0.885
COM,SSP2,2025,0.333
COM,SSP2,2030,0.349
COM,SSP2,2050,0.417
COM,SSP2,2100,0.569
COG,SSP2,2025,0.676
COG,SSP2,2030,0.687
COG,SSP2,2050,0.728
COG,SSP2,2100,0.8
CRI,SSP2,2025,0.755
CRI,SSP2,2030,0.768
CRI,SSP2,2050,0.805
CRI,SSP2,2100,0.859
HRV,SSP2,2025,0.596
HRV,SSP2,2030,0.609
HRV,SSP2,2050,0.664
HRV,SSP2,2100,0.76
CUB,SSP2,2025,0.786
CUB,SSP2,2030,0.792
CUB,SSP2,2050,0.814
CUB,SSP2,2100,0.862
CUW,SSP2,2025,0.923
CUW,SSP2,2030,0.929
CUW,SSP2,2050,0.954
CUW,SSP2,2100,0.987
CYP,SSP2,2025,0.716
CYP,SSP2,2030,0.726
CYP,SSP2,2050,0.759
CYP,SSP2,2100,0.819
CZE,SSP2,2025,0.76
CZE,SSP2,2030,0.767
CZE,SSP2,2050,0.793
CZE,SSP2,2100,0.842
CIV,SSP2,2025,0.524
CIV,SSP2,2030,0.539
CIV,SSP2,2050,0.595
CIV,SSP2,2100,0.718
COD,SSP2,2025,0.447
COD,SSP2,2030,0.463
COD,SSP2,2050,0.524
COD,SSP2,2100,0.663
DNK,SSP2,2025,0.889
DNK,SSP2,2030,0.896
DNK,SSP2,2050,0.92
DNK,SSP2,2100,0.973
DJI,SSP2,2025,0.79
DJI,SSP2,2030,0.795
DJI,SSP2,2050,0.817
DJI,SSP2,2100,0.866
DMA,SSP2,2025,0.724
DMA,SSP2,2030,0.735
DMA,SSP2,2050,0.769
DMA,SSP2,2100,0.825
DOM,SSP2,2025,0.77
DOM,SSP2,2030,0.781
DOM,SSP2,2050,0.814
DOM,SSP2,2100,0.869
ECU,SSP2,2025,0.671
ECU,SSP2,2030,0.682
ECU,SSP2,2050,0.724
ECU,SSP2,2100,0.797
EGY,SSP2,2025,0.481
EGY,SSP2,2030,0.496
EGY,SSP2,2050,0.555
EGY,SSP2,2100,0.688
SLV,SSP2,2025,0.698
SLV,SSP2,2030,0.711
SLV,SSP2,2050,0.751
SLV,SSP2,2100,0.814
GNQ,SSP2,2025,0.707
GNQ,SSP2,2030,0.723
GNQ,SSP2,2050,0.776
GNQ,SSP2,2100,0.841
ERI,SSP2,2025,0.423
ERI,SSP2,2030,0.446
ERI,SSP2,2050,0.53
ERI,SSP2,2100,0.678
EST,SSP2,2025,0.716
EST,SSP2,2030,0.726
EST,SSP2,2050,0.759
EST,SSP2,2100,0.819
SWZ,SSP2,2025,0.275
SWZ,SSP2,2030,0.292
SWZ,SSP2,2050,0.359
SWZ,SSP2,2100,0.52
ETH,SSP2,2025,0.211
ETH,SSP2,2030,0.225
ETH,SSP2,2050,0.288
ETH,SSP2,2100,0.455
FRO,SSP2,2025,0.458
FRO,SSP2,2030,0.474
FRO,SSP2,2050,0.535
FRO,SSP2,2100,0.672
FJI,SSP2,2025,0.563
FJI,SSP2,2030,0.577
FJI,SSP2,2050,0.633
FJI,SSP2,2100,0.741
FIN,SSP2,2025,0.852
FIN,SSP2,2030,0.86
FIN,SSP2,2050,0.889
FIN,SSP2,2100,0.952
FRA,SSP2,2025,0.799
FRA,SSP2,2030,0.805
FRA,SSP2,2050,0.824
FRA,SSP2,2100,0.878
PYF,SSP2,2025,0.643
PYF,SSP2,2030,0.656
PYF,SSP2,2050,0.701
PYF,SSP2,2100,0.784
GAB,SSP2,2025,0.892
GAB,SSP2,2030,0.902
GAB,SSP2,2050,0.935
GAB,SSP2,2100,0.98
GMB,SSP2,2025,0.626
GMB,SSP2,2030,0.648
GMB,SSP2,2050,0.717
GMB,SSP2,2100,0.804
GEO,SSP2,2025,0.597
GEO,SSP2,2030,0.611
GEO,SSP2,2050,0.666
GEO,SSP2,2100,0.761
DEU,SSP2,2025,0.788
DEU,SSP2,2030,0.794
DEU,SSP2,2050,0.816
DEU,SSP2,2100,0.865
GHA,SSP2,2025,0.558
GHA,SSP2,2030,0.574
GHA,SSP2,2050,0.633
GHA,SSP2,2100,0.741
GRC,SSP2,2025,0.782
GRC,SSP2,2030,0.788
GRC,SSP2,2050,0.81
GRC,SSP2,2100,0.856
GRL,SSP2,2025,0.859
GRL,SSP2,2030,0.867
GRL,SSP2,2050,0.895
GRL,SSP2,2100,0.956
GRD,SSP2,2025,0.414
GRD,SSP2,2030,0.43
GRD,SSP2,2050,0.493
GRD,SSP2,2100,0.636
GUM,SSP2,2025,0.957
GUM,SSP2,2030,0.962
GUM,SSP2,2050,0.976
GUM,SSP2,2100,0.994
GTM,SSP2,2025,0.53
GTM,SSP2,2030,0.545
GTM,SSP2,2050,0.601
GTM,SSP2,2100,0.722
GIN,SSP2,2025,0.391
GIN,SSP2,2030,0.409
GIN,SSP2,2050,0.476
GIN,SSP2,2100,0.621
GNB,SSP2,2025,0.467
GNB,SSP2,2030,0.488
GNB,SSP2,2050,0.56
GNB,SSP2,2100,0.695
HTI,SSP2,2025,0.541
HTI,SSP2,2030,0.563
HTI,SSP2,2050,0.64
HTI,SSP2,2100,0.754
HND,SSP2,2025,0.567
HND,SSP2,2030,0.583
HND,SSP2,2050,0.64
HND,SSP2,2100,0.746
HUN,SSP2,2025,0.719
HUN,SSP2,2030,0.727
HUN,SSP2,2050,0.76
HUN,SSP2,2100,0.82
ISL,SSP2,2025,0.954
ISL,SSP2,2030,0.958
ISL,SSP2,2050,0.974
ISL,SSP2,2100,0.993
IND,SSP2,2025,0.359
IND,SSP2,2030,0.376
IND,SSP2,2050,0.442
IND,SSP2,2100,0.591
IDN,SSP2,2025,0.57
IDN,SSP2,2030,0.593
IDN,SSP2,2050,0.675
IDN,SSP2,2100,0.78
IRN,SSP2,2025,0.747
IRN,SSP2,2030,0.758
IRN,SSP2,2050,0.792
IRN,SSP2,2100,0.841
IRQ,SSP2,2025,0.723
IRQ,SSP2,2030,0.731
IRQ,SSP2,2050,0.764
IRQ,SSP2,2100,0.822
IRL,SSP2,2025,0.659
IRL,SSP2,2030,0.671
IRL,SSP2,2050,0.714
IRL,SSP2,2100,0.791
ISR,SSP2,2025,0.941
ISR,SSP2,2030,0.948
ISR,SSP2,2050,0.966
ISR,SSP2,2100,0.991
ITA,SSP2,2025,0.716
ITA,SSP2,2030,0.726
ITA,SSP2,2050,0.759
ITA,SSP2,2100,0.819
JAM,SSP2,2025,0.581
JAM,SSP2,2030,0.595
JAM,SSP2,2050,0.651
JAM,SSP2,2100,0.752
JPN,SSP2,2025,0.925
JPN,SSP2,2030,0.932
JPN,SSP2,2050,0.956
JPN,SSP2,2100,0.988
JOR,SSP2,2025,0.881
JOR,SSP2,2030,0.89
JOR,SSP2,2050,0.921
JOR,SSP2,2100,0.973
KAZ,SSP2,2025,0.612
KAZ,SSP2,2030,0.626
KAZ,SSP2,2050,0.678
KAZ,SSP2,2100,0.77
KEN,SSP2,2025,0.285
KEN,SSP2,2030,0.301
KEN,SSP2,2050,0.368
KEN,SSP2,2100,0.528
KIR,SSP2,2025,0.527
KIR,SSP2,2030,0.544
KIR,SSP2,2050,0.606
KIR,SSP2,2100,0.725
LAO,SSP2,2025,0.371
LAO,SSP2,2030,0.395
LAO,SSP2,2050,0.48
LAO,SSP2,2100,0.645
LVA,SSP2,2025,0.713
LVA,SSP2,2030,0.723
LVA,SSP2,2050,0.756
LVA,SSP2,2100,0.817
LBN,SSP2,2025,0.901
LBN,SSP2,2030,0.909
LBN,SSP2,2050,0.938
LBN,SSP2,2100,0.981
LSO,SSP2,2025,0.313
LSO,SSP2,2030,0.336
LSO,SSP2,2050,0.421
LSO,SSP2,2100,0.592
LBR,SSP2,2025,0.528
LBR,SSP2,2030,0.542
LBR,SSP2,2050,0.598
LBR,SSP2,2100,0.72
LBY,SSP2,2025,0.806
LBY,SSP2,2030,0.813
LBY,SSP2,2050,0.833
LBY,SSP2,2100,0.893
LTU,SSP2,2025,0.704
LTU,SSP2,2030,0.714
LTU,SSP2,2050,0.749
LTU,SSP2,2100,0.813
LUX,SSP2,2025,0.907
LUX,SSP2,2030,0.914
LUX,SSP2,2050,0.942
LUX,SSP2,2100,0.982
MDG,SSP2,2025,0.373
MDG,SSP2,2030,0.392
MDG,SSP2,2050,0.463
MDG,SSP2,2100,0.612
MWI,SSP2,2025,0.198
MWI,SSP2,2030,0.214
MWI,SSP2,2050,0.278
MWI,SSP2,2100,0.444
MYS,SSP2,2025,0.751
MYS,SSP2,2030,0.764
MYS,SSP2,2050,0.804
MYS,SSP2,2100,0.858
MDV,SSP2,2025,0.432
MDV,SSP2,2030,0.453
MDV,SSP2,2050,0.527
MDV,SSP2,2100,0.672
MLI,SSP2,2025,0.423
MLI,SSP2,2030,0.443
MLI,SSP2,2050,0.516
MLI,SSP2,2100,0.665
MLT,SSP2,2025,0.957
MLT,SSP2,2030,0.962
MLT,SSP2,2050,0.976
MLT,SSP2,2100,0.994
MHL,SSP2,2025,0.764
MHL,SSP2,2030,0.772
MHL,SSP2,2050,0.798
MHL,SSP2,2100,0.844
MRT,SSP2,2025,0.533
MRT,SSP2,2030,0.556
MRT,SSP2,2050,0.633
MRT,SSP2,2100,0.75
MUS,SSP2,2025,0.468
MUS,SSP2,2030,0.483
MUS,SSP2,2050,0.544
MUS,SSP2,2100,0.679
MEX,SSP2,2025,0.799
MEX,SSP2,2030,0.805
MEX,SSP2,2050,0.825
MEX,SSP2,2100,0.878
MDA,SSP2,2025,0.477
MDA,SSP2,2030,0.493
MDA,SSP2,2050,0.552
MDA,SSP2,2100,0.685
MNG,SSP2,2025,0.71
MNG,SSP2,2030,0.722
MNG,SSP2,2050,0.757
MNG,SSP2,2100,0.818
MNE,SSP2,2025,0.701
MNE,SSP2,2030,0.717
MNE,SSP2,2050,0.766
MNE,SSP2,2100,0.829
MAR,SSP2,2025,0.624
MAR,SSP2,2030,0.638
MAR,SSP2,2050,0.687
MAR,SSP2,2100,0.775
MOZ,SSP2,2025,0.39
MOZ,SSP2,2030,0.413
MOZ,SSP2,2050,0.494
MOZ,SSP2,2100,0.652
MMR,SSP2,2025,0.34
MMR,SSP2,2030,0.357
MMR,SSP2,2050,0.425
MMR,SSP2,2100,0.575
NAM,SSP2,2025,0.464
NAM,SSP2,2030,0.481
NAM,SSP2,2050,0.549
NAM,SSP2,2100,0.685
NPL,SSP2,2025,0.228
NPL,SSP2,2030,0.249
NPL,SSP2,2050,0.336
NPL,SSP2,2100,0.53
NLD,SSP2,2025,0.895
NLD,SSP2,2030,0.903
NLD,SSP2,2050,0.932
NLD,SSP2,2100,0.979
NCL,SSP2,2025,0.702
NCL,SSP2,2030,0.712
NCL,SSP2,2050,0.747
NCL,SSP2,2100,0.812
NZL,SSP2,2025,0.885
NZL,SSP2,2030,0.892
NZL,SSP2,2050,0.916
NZL,SSP2,2100,0.971
NIC,SSP2,2025,0.612
NIC,SSP2,2030,0.626
NIC,SSP2,2050,0.677
NIC,SSP2,2100,0.769
NER,SSP2,2025,0.203
NER,SSP2,2030,0.217
NER,SSP2,2050,0.279
NER,SSP2,2100,0.446
NGA,SSP2,2025,0.496
NGA,SSP2,2030,0.517
NGA,SSP2,2050,0.587
NGA,SSP2,2100,0.714
MKD,SSP2,2025,0.616
MKD,SSP2,2030,0.63
MKD,SSP2,2050,0.681
MKD,SSP2,2100,0.771
MNP,SSP2,2025,0.933
MNP,SSP2,2030,0.94
MNP,SSP2,2050,0.961
MNP,SSP2,2100,0.989
NOR,SSP2,2025,0.809
NOR,SSP2,2030,0.814
NOR,SSP2,2050,0.833
NOR,SSP2,2100,0.891
OMN,SSP2,2025,0.789
OMN,SSP2,2030,0.8
OMN,SSP2,2050,0.831
OMN,SSP2,2100,0.894
PAK,SSP2,2025,0.403
PAK,SSP2,2030,0.419
PAK,SSP2,2050,0.483
PAK,SSP2,2100,0.627
PLW,SSP2,2025,0.768
PLW,SSP2,2030,0.775
PLW,SSP2,2050,0.799
PLW,SSP2,2100,0.845
PAN,SSP2,2025,0.686
PAN,SSP2,2030,0.697
PAN,SSP2,2050,0.736
PAN,SSP2,2100,0.805
PNG,SSP2,2025,0.168
PNG,SSP2,2030,0.181
PNG,SSP2,2050,0.236
PNG,SSP2,2100,0.403
PRY,SSP2,2025,0.636
PRY,SSP2,2030,0.651
PRY,SSP2,2050,0.697
PRY,SSP2,2100,0.781
PER,SSP2,2025,0.789
PER,SSP2,2030,0.796
PER,SSP2,2050,0.817
PER,SSP2,2100,0.868
PHL,SSP2,2025,0.504
PHL,SSP2,2030,0.519
PHL,SSP2,2050,0.576
PHL,SSP2,2100,0.704
POL,SSP2,2025,0.656
POL,SSP2,2030,0.668
POL,SSP2,2050,0.712
POL,SSP2,2100,0.79
PRT,SSP2,2025,0.647
PRT,SSP2,2030,0.661
PRT,SSP2,2050,0.705
PRT,SSP2,2100,0.786
PRI,SSP2,2025,0.96
PRI,SSP2,2030,0.964
PRI,SSP2,2050,0.978
PRI,SSP2,2100,0.994
QAT,SSP2,2025,0.989
QAT,SSP2,2030,0.991
QAT,SSP2,2050,0.995
QAT,SSP2,2100,0.998
ROU,SSP2,2025,0.582
ROU,SSP2,2030,0.597
ROU,SSP2,2050,0.653
ROU,SSP2,2100,0.753
RUS,SSP2,2025,0.763
RUS,SSP2,2030,0.771
RUS,SSP2,2050,0.796
RUS,SSP2,2100,0.843
RWA,SSP2,2025,0.235
RWA,SSP2,2030,0.257
RWA,SSP2,2050,0.351
RWA,SSP2,2100,0.56
VCT,SSP2,2025,0.535
VCT,SSP2,2030,0.549
VCT,SSP2,2050,0.605
VCT,SSP2,2100,0.725
SMR,SSP2,2025,0.97
SMR,SSP2,2030,0.973
SMR,SSP2,2050,0.985
SMR,SSP2,2100,0.996
STP,SSP2,2025,0.702
STP,SSP2,2030,0.718
STP,SSP2,2050,0.77
STP,SSP2,2100,0.833
SAU,SSP2,2025,0.843
SAU,SSP2,2030,0.848
SAU,SSP2,2050,0.88
SAU,SSP2,2100,0.945
SEN,SSP2,2025,0.485
SEN,SSP2,2030,0.5
SEN,SSP2,2050,0.559
SEN,SSP2,2100,0.691
SYC,SSP2,2025,0.574
SYC,SSP2,2030,0.588
SYC,SSP2,2050,0.644
SYC,SSP2,2100,0.748
SLE,SSP2,2025,0.436
SLE,SSP2,2030,0.452
SLE,SSP2,2050,0.515
SLE,SSP2,2100,0.656
SVK,SSP2,2025,0.595
SVK,SSP2,2030,0.609
SVK,SSP2,2050,0.664
SVK,SSP2,2100,0.76
SVN,SSP2,2025,0.568
SVN,SSP2,2030,0.583
SVN,SSP2,2050,0.638
SVN,SSP2,2100,0.744
SLB,SSP2,2025,0.248
SLB,SSP2,2030,0.265
SLB,SSP2,2050,0.332
SLB,SSP2,2100,0.496
SOM,SSP2,2025,0.43
SOM,SSP2,2030,0.445
SOM,SSP2,2050,0.509
SOM,SSP2,2100,0.651
ZAF,SSP2,2025,0.662
ZAF,SSP2,2030,0.673
ZAF,SSP2,2050,0.716
ZAF,SSP2,2100,0.792
KOR,SSP2,2025,0.843
KOR,SSP2,2030,0.849
KOR,SSP2,2050,0.884
KOR,SSP2,2100,0.953
SSD,SSP2,2025,0.224
SSD,SSP2,2030,0.24
SSD,SSP2,2050,0.306
SSD,SSP2,2100,0.471
ESP,SSP2,2025,0.8
ESP,SSP2,2030,0.806
ESP,SSP2,2050,0.826
ESP,SSP2,2100,0.879
LKA,SSP2,2025,0.226
LKA,SSP2,2030,0.241
LKA,SSP2,2050,0.306
LKA,SSP2,2100,0.472
SDN,SSP2,2025,0.387
SDN,SSP2,2030,0.405
SDN,SSP2,2050,0.471
SDN,SSP2,2100,0.617
SUR,SSP2,2025,0.7
SUR,SSP2,2030,0.711
SUR,SSP2,2050,0.745
SUR,SSP2,2100,0.811
SWE,SSP2,2025,0.872
SWE,SSP2,2030,0.879
SWE,SSP2,2050,0.904
SWE,SSP2,2100,0.964
CHE,SSP2,2025,0.762
CHE,SSP2,2030,0.77
CHE,SSP2,2050,0.795
CHE,SSP2,2100,0.843
SYR,SSP2,2025,0.598
SYR,SSP2,2030,0.612
SYR,SSP2,2050,0.666
SYR,SSP2,2100,0.761
TZA,SSP2,2025,0.35
TZA,SSP2,2030,0.372
TZA,SSP2,2050,0.456
TZA,SSP2,2100,0.622
THA,SSP2,2025,0.485
THA,SSP2,2030,0.503
THA,SSP2,2050,0.568
THA,SSP2,2100,0.701
TLS,SSP2,2025,0.327
TLS,SSP2,2030,0.344
TLS,SSP2,2050,0.412
TLS,SSP2,2100,0.565
TGO,SSP2,2025,0.43
TGO,SSP2,2030,0.448
TGO,SSP2,2050,0.514
TGO,SSP2,2100,0.655
TON,SSP2,2025,0.284
TON,SSP2,2030,0.301
TON,SSP2,2050,0.368
TON,SSP2,2100,0.528
TTO,SSP2,2025,0.588
TTO,SSP2,2030,0.602
TTO,SSP2,2050,0.658
TTO,SSP2,2100,0.756
TUN,SSP2,2025,0.708
TUN,SSP2,2030,0.719
TUN,SSP2,2050,0.754
TUN,SSP2,2100,0.816
TUR,SSP2,2025,0.75
TUR,SSP2,2030,0.762
TUR,SSP2,2050,0.798
TUR,SSP2,2100,0.846
TKM,SSP2,2025,0.531
TKM,SSP2,2030,0.545
TKM,SSP2,2050,0.601
TKM,SSP2,2100,0.722
TCA,SSP2,2025,0.926
TCA,SSP2,2030,0.934
TCA,SSP2,2050,0.958
TCA,SSP2,2100,0.988
TUV,SSP2,2025,0.611
TUV,SSP2,2030,0.632
TUV,SSP2,2050,0.701
TUV,SSP2,2100,0.79
UGA,SSP2,2025,0.251
UGA,SSP2,2030,0.271
UGA,SSP2,2050,0.35
UGA,SSP2,2100,0.531
UKR,SSP2,2025,0.719
UKR,SSP2,2030,0.728
UKR,SSP2,2050,0.761
UKR,SSP2,2100,0.82
ARE,SSP2,2025,0.849
ARE,SSP2,2030,0.856
ARE,SSP2,2050,0.885
ARE,SSP2,2100,0.949
GBR,SSP2,2025,0.825
GBR,SSP2,2030,0.83
GBR,SSP2,2050,0.846
GBR,SSP2,2100,0.91
USA,SSP2,2025,0.822
USA,SSP2,2030,0.826
USA,SSP2,2050,0.843
USA,SSP2,2100,0.906
VIR,SSP2,2025,0.962
VIR,SSP2,2030,0.966
VIR,SSP2,2050,0.979
VIR,SSP2,2100,0.995
URY,SSP2,2025,0.959
URY,SSP2,2030,0.963
URY,SSP2,2050,0.977
URY,SSP2,2100,0.994
UZB,SSP2,2025,0.551
UZB,SSP2,2030,0.564
UZB,SSP2,2050,0.621
UZB,SSP2,2100,0.734
VUT,SSP2,2025,0.295
VUT,SSP2,2030,0.312
VUT,SSP2,2050,0.38
VUT,SSP2,2100,0.538
VEN,SSP2,2025,0.906
VEN,SSP2,2030,0.913
VEN,SSP2,2050,0.94
VEN,SSP2,2100,0.982
VNM,SSP2,2025,0.351
VNM,SSP2,2030,0.368
VNM,SSP2,2050,0.434
VNM,SSP2,2100,0.584
YEM,SSP2,2025,0.38
YEM,SSP2,2030,0.4
YEM,SSP2,2050,0.472
YEM,SSP2,2100,0.63
ZMB,SSP2,2025,0.44
ZMB,SSP2,2030,0.456
ZMB,SSP2,2050,0.519
ZMB,SSP2,2100,0.659
ZWE,SSP2,2025,0.389
ZWE,SSP2,2030,0.406
ZWE,SSP2,2050,0.47
ZWE,SSP2,2100,0.616
AFG,SSP3,2025,0.287
AFG,SSP3,2030,0.304
AFG,SSP3,2050,0.371
AFG,SSP3,2100,0.531
ALB,SSP3,2025,0.511
ALB,SSP3,2030,0.511
ALB,SSP3,2050,0.511
ALB,SSP3,2100,0.511
DZA,SSP3,2025,0.721
DZA,SSP3,2030,0.734
DZA,SSP3,2050,0.773
DZA,SSP3,2100,0.828
ASM,SSP3,2025,0.877
ASM,SSP3,2030,0.877
ASM,SSP3,2050,0.877
ASM,SSP3,2100,0.877
AND,SSP3,2025,0.889
AND,SSP3,2030,0.889
AND,SSP3,2050,0.889
AND,SSP3,2100,0.889
AGO,SSP3,2025,0.667
AGO,SSP3,2030,0.686
AGO,SSP3,2050,0.75
AGO,SSP3,2100,0.829
ARG,SSP3,2025,0.93
ARG,SSP3,2030,0.937
ARG,SSP3,2050,0.959
ARG,SSP3,2100,0.989
ARM,SSP3,2025,0.635
ARM,SSP3,2030,0.635
ARM,SSP3,2050,0.635
ARM,SSP3,2100,0.635
AUS,SSP3,2025,0.874
AUS,SSP3,2030,0.881
AUS,SSP3,2050,0.906
AUS,SSP3,2100,0.965
AZE,SSP3,2025,0.532
AZE,SSP3,2030,0.532
AZE,SSP3,2050,0.532
AZE,SSP3,2100,0.532
BHS,SSP3,2025,0.824
BHS,SSP3,2030,0.824
BHS,SSP3,2050,0.824
BHS,SSP3,2100,0.824
BHR,SSP3,2025,0.886
BHR,SSP3,2030,0.886
BHR,SSP3,2050,0.886
BHR,SSP3,2100,0.886
BGD,SSP3,2025,0.374
BGD,SSP3,2030,0.398
BGD,SSP3,2050,0.484
BGD,SSP3,2100,0.649
BLR,SSP3,2025,0.742
BLR,SSP3,2030,0.742
BLR,SSP3,2050,0.742
BLR,SSP3,2100,0.742
BEL,SSP3,2025,0.985
BEL,SSP3,2030,0.987
BEL,SSP3,2050,0.992
BEL,SSP3,2100,0.998
BEN,SSP3,2025,0.496
BEN,SSP3,2030,0.516
BEN,SSP3,2050,0.585
BEN,SSP3,2100,0.713
BTN,SSP3,2025,0.34
BTN,SSP3,2030,0.34
BTN,SSP3,2050,0.34
BTN,SSP3,2100,0.34
BOL,SSP3,2025,0.71
BOL,SSP3,2030,0.722
BOL,SSP3,2050,0.759
BOL,SSP3,2100,0.819
BIH,SSP3,2025,0.452
BIH,SSP3,2030,0.452
BIH,SSP3,2050,0.452
BIH,SSP3,2100,0.452
BWA,SSP3,2025,0.609
BWA,SSP3,2030,0.609
BWA,SSP3,2050,0.609
BWA,SSP3,2100,0.609
BRA,SSP3,2025,0.865
BRA,SSP3,2030,0.874
BRA,SSP3,2050,0.905
BRA,SSP3,2100,0.965
VGB,SSP3,2025,0.445
VGB,SSP3,2030,0.445
VGB,SSP3,2050,0.445
VGB,SSP3,2100,0.445
BRN,SSP3,2025,0.746
BRN,SSP3,2030,0.746
BRN,SSP3,2050,0.746
BRN,SSP3,2100,0.746
BGR,SSP3,2025,0.72
BGR,SSP3,2030,0.72
BGR,SSP3,2050,0.72
BGR,SSP3,2100,0.72
BFA,SSP3,2025,0.315
BFA,SSP3,2030,0.339
BFA,SSP3,2050,0.432
BFA,SSP3,2100,0.612
BDI,SSP3,2025,0.148
BDI,SSP3,2030,0.163
BDI,SSP3,2050,0.231
BDI,SSP3,2100,0.411
CPV,SSP3,2025,0.61
CPV,SSP3,2030,0.61
CPV,SSP3,2050,0.61
CPV,SSP3,2100,0.61
KHM,SSP3,2025,0.245
KHM,SSP3,2030,0.261
KHM,SSP3,2050,0.327
KHM,SSP3,2100,0.491
CMR,SSP3,2025,0.58
CMR,SSP3,2030,0.6
CMR,SSP3,2050,0.666
CMR,SSP3,2100,0.765
CAN,SSP3,2025,0.823
CAN,SSP3,2030,0.828
CAN,SSP3,2050,0.844
CAN,SSP3,2100,0.908
CAF,SSP3,2025,0.387
CAF,SSP3,2030,0.387
CAF,SSP3,2050,0.387
CAF,SSP3,2100,0.387
TCD,SSP3,2025,0.268
TCD,SSP3,2030,0.285
TCD,SSP3,2050,0.351
TCD,SSP3,2100,0.513
CHL,SSP3,2025,0.893
CHL,SSP3,2030,0.899
CHL,SSP3,2050,0.924
CHL,SSP3,2100,0.975
CHN,SSP3,2025,0.558
CHN,SSP3,2030,0.581
CHN,SSP3,2050,0.665
CHN,SSP3,2100,0.776
COL,SSP3,2025,0.803
COL,SSP3,2030,0.809
COL,SSP3,2050,0.828
COL,SSP3,2100,0.885
COM,SSP3,2025,0.279
COM,SSP3,2030,0.279
COM,SSP3,2050,0.279
COM,SSP3,2100,0.279
COG,SSP3,2025,0.628
COG,SSP3,2030,0.628
COG,SSP3,2050,0.628
COG,SSP3,2100,0.628
CRI,SSP3,2025,0.706
CRI,SSP3,2030,0.706
CRI,SSP3,2050,0.706
CRI,SSP3,2100,0.706
HRV,SSP3,2025,0.55
HRV,SSP3,2030,0.55
HRV,SSP3,2050,0.55
HRV,SSP3,2100,0.55
CUB,SSP3,2025,0.786
CUB,SSP3,2030,0.792
CUB,SSP3,2050,0.814
CUB,SSP3,2100,0.862
CUW,SSP3,2025,0.9
CUW,SSP3,2030,0.9
CUW,SSP3,2050,0.9
CUW,SSP3,2100,0.9
CYP,SSP3,2025,0.677
CYP,SSP3,2030,0.677
CYP,SSP3,2050,0.677
CYP,SSP3,2100,0.677
CZE,SSP3,2025,0.76
CZE,SSP3,2030,0.767
CZE,SSP3,2050,0.793
CZE,SSP3,2100,0.842
CIV,SSP3,2025,0.524
CIV,SSP3,2030,0.539
CIV,SSP3,2050,0.595
CIV,SSP3,2100,0.718
COD,SSP3,2025,0.447
COD,SSP3,2030,0.463
COD,SSP3,2050,0.524
COD,SSP3,2100,0.663
DNK,SSP3,2025,0.867
DNK,SSP3,2030,0.867
DNK,SSP3,2050,0.867
DNK,SSP3,2100,0.867
DJI,SSP3,2025,0.769
DJI,SSP3,2030,0.769
DJI,SSP3,2050,0.769
DJI,SSP3,2100,0.769
DMA,SSP3,2025,0.678
DMA,SSP3,2030,0.678
DMA,SSP3,2050,0.678
DMA,SSP3,2100,0.678
DOM,SSP3,2025,0.77
DOM,SSP3,2030,0.781
DOM,SSP3,2050,0.814
DOM,SSP3,2100,0.869
ECU,SSP3,2025,0.671
ECU,SSP3,2030,0.682
ECU,SSP3,2050,0.724
ECU,SSP3,2100,0.797
EGY,SSP3,2025,0.481
EGY,SSP3,2030,0.496
EGY,SSP3,2050,0.555
EGY,SSP3,2100,0.688
SLV,SSP3,2025,0.646
SLV,SSP3,2030,0.646
SLV,SSP3,2050,0.646
SLV,SSP3,2100,0.646
GNQ,SSP3,2025,0.644
GNQ,SSP3,2030,0.644
GNQ,SSP3,2050,0.644
GNQ,SSP3,2100,0.644
ERI,SSP3,2025,0.346
ERI,SSP3,2030,0.346
ERI,SSP3,2050,0.346
ERI,SSP3,2100,0.346
EST,SSP3,2025,0.682
EST,SSP3,2030,0.682
EST,SSP3,2050,0.682
EST,SSP3,2100,0.682
SWZ,SSP3,2025,0.223
SWZ,SSP3,2030,0.223
SWZ,SSP3,2050,0.223
SWZ,SSP3,2100,0.223
ETH,SSP3,2025,0.211
ETH,SSP3,2030,0.225
ETH,SSP3,2050,0.288
ETH,SSP3,2100,0.455
FRO,SSP3,2025,0.407
FRO,SSP3,2030,0.407
FRO,SSP3,2050,0.407
FRO,SSP3,2100,0.407
FJI,SSP3,2025,0.517
FJI,SSP3,2030,0.517
FJI,SSP3,2050,0.517
FJI,SSP3,2100,0.517
FIN,SSP3,2025,0.834
FIN,SSP3,2030,0.834
FIN,SSP3,2050,0.834
FIN,SSP3,2100,0.834
FRA,SSP3,2025,0.799
FRA,SSP3,2030,0.805
FRA,SSP3,2050,0.824
FRA,SSP3,2100,0.878
PYF,SSP3,2025,0.597
PYF,SSP3,2030,0.597
PYF,SSP3,2050,0.597
PYF,SSP3,2100,0.597
GAB,SSP3,2025,0.85
GAB,SSP3,2030,0.85
GAB,SSP3,2050,0.85
GAB,SSP3,2100,0.85
GMB,SSP3,2025,0.549
GMB,SSP3,2030,0.549
GMB,SSP3,2050,0.549
GMB,SSP3,2100,0.549
GEO,SSP3,2025,0.551
GEO,SSP3,2030,0.551
GEO,SSP3,2050,0.551
GEO,SSP3,2100,0.551
DEU,SSP3,2025,0.788
DEU,SSP3,2030,0.794
DEU,SSP3,2050,0.816
DEU,SSP3,2100,0.865
GHA,SSP3,2025,0.558
GHA,SSP3,2030,0.574
GHA,SSP3,2050,0.633
GHA,SSP3,2100,0.741
GRC,SSP3,2025,0.782
GRC,SSP3,2030,0.788
GRC,SSP3,2050,0.81
GRC,SSP3,2100,0.856
GRL,SSP3,2025,0.841
GRL,SSP3,2030,0.841
GRL,SSP3,2050,0.841
GRL,SSP3,2100,0.841
GRD,SSP3,2025,0.359
GRD,SSP3,2030,0.359
GRD,SSP3,2050,0.359
GRD,SSP3,2100,0.359
GUM,SSP3,2025,0.94
GUM,SSP3,2030,0.94
GUM,SSP3,2050,0.94
GUM,SSP3,2100,0.94
GTM,SSP3,2025,0.53
GTM,SSP3,2030,0.545
GTM,SSP3,2050,0.601
GTM,SSP3,2100,0.722
GIN,SSP3,2025,0.391
GIN,SSP3,2030,0.409
GIN,SSP3,2050,0.476
GIN,SSP3,2100,0.621
GNB,SSP3,2025,0.397
GNB,SSP3,2030,0.397
GNB,SSP3,2050,0.397
GNB,SSP3,2100,0.397
HTI,SSP3,2025,0.541
HTI,SSP3,2030,0.563
HTI,SSP3,2050,0.64
HTI,SSP3,2100,0.754
HND,SSP3,2025,0.512
HND,SSP3,2030,0.512
HND,SSP3,2050,0.512
HND,SSP3,2100,0.512
HUN,SSP3,2025,0.685
HUN,SSP3,2030,0.685
HUN,SSP3,2050,0.685
HUN,SSP3,2100,0.685
ISL,SSP3,2025,0.935
ISL,SSP3,2030,0.935
ISL,SSP3,2050,0.935
ISL,SSP3,2100,0.935
IND,SSP3,2025,0.359
IND,SSP3,2030,0.376
IND,SSP3,2050,0.442
IND,SSP3,2100,0.591
IDN,SSP3,2025,0.57
IDN,SSP3,2030,0.593
IDN,SSP3,2050,0.675
IDN,SSP3,2100,0.78
IRN,SSP3,2025,0.747
IRN,SSP3,2030,0.758
IRN,SSP3,2050,0.792
IRN,SSP3,2100,0.841
IRQ,SSP3,2025,0.723
IRQ,SSP3,2030,0.731
IRQ,SSP3,2050,0.764
IRQ,SSP3,2100,0.822
IRL,SSP3,2025,0.613
IRL,SSP3,2030,0.613
IRL,SSP3,2050,0.613
IRL,SSP3,2100,0.613
ISR,SSP3,2025,0.918
ISR,SSP3,2030,0.918
ISR,SSP3,2050,0.918
ISR,SSP3,2100,0.918
ITA,SSP3,2025,0.716
ITA,SSP3,2030,0.726
ITA,SSP3,2050,0.759
ITA,SSP3,2100,0.819
JAM,SSP3,2025,0.536
JAM,SSP3,2030,0.536
JAM,SSP3,2050,0.536
JAM,SSP3,2100,0.536
JPN,SSP3,2025,0.925
JPN,SSP3,2030,0.932
JPN,SSP3,2050,0.956
JPN,SSP3,2100,0.988
JOR,SSP3,2025,0.849
JOR,SSP3,2030,0.849
JOR,SSP3,2050,0.849
JOR,SSP3,2100,0.849
KAZ,SSP3,2025,0.612
KAZ,SSP3,2030,0.626
KAZ,SSP3,2050,0.678
KAZ,SSP3,2100,0.77
KEN,SSP3,2025,0.285
KEN,SSP3,2030,0.301
KEN,SSP3,2050,0.368
KEN,SSP3,2100,0.528
KIR,SSP3,2025,0.465
KIR,SSP3,2030,0.465
KIR,SSP3,2050,0.465
KIR,SSP3,2100,0.465
LAO,SSP3,2025,0.295
LAO,SSP3,2030,0.295
LAO,SSP3,2050,0.295
LAO,SSP3,2100,0.295
LVA,SSP3,2025,0.678
LVA,SSP3,2030,0.678
LVA,SSP3,2050,0.678
LVA,SSP3,2100,0.678
LBN,SSP3,2025,0.872
LBN,SSP3,2030,0.872
LBN,SSP3,2050,0.872
LBN,SSP3,2100,0.872
LSO,SSP3,2025,0.243
LSO,SSP3,2030,0.243
LSO,SSP3,2050,0.243
LSO,SSP3,2100,0.243
LBR,SSP3,2025,0.474
LBR,SSP3,2030,0.474
LBR,SSP3,2050,0.474
LBR,SSP3,2100,0.474
LBY,SSP3,2025,0.778
LBY,SSP3,2030,0.778
LBY,SSP3,2050,0.778
LBY,SSP3,2100,0.778
LTU,SSP3,2025,0.668
LTU,SSP3,2030,0.668
LTU,SSP3,2050,0.668
LTU,SSP3,2100,0.668
LUX,SSP3,2025,0.882
LUX,SSP3,2030,0.882
LUX,SSP3,2050,0.882
LUX,SSP3,2100,0.882
MDG,SSP3,2025,0.373
MDG,SSP3,2030,0.392
MDG,SSP3,2050,0.463
MDG,SSP3,2100,0.612
MWI,SSP3,2025,0.198
MWI,SSP3,2030,0.214
MWI,SSP3,2050,0.278
MWI,SSP3,2100,0.444
MYS,SSP3,2025,0.751
MYS,SSP3,2030,0.764
MYS,SSP3,2050,0.804
MYS,SSP3,2100,0.858
MDV,SSP3,2025,0.36
MDV,SSP3,2030,0.36
MDV,SSP3,2050,0.36
MDV,SSP3,2100,0.36
MLI,SSP3,2025,0.423
MLI,SSP3,2030,0.443
MLI,SSP3,2050,0.516
MLI,SSP3,2100,0.665
MLT,SSP3,2025,0.94
MLT,SSP3,2030,0.94
MLT,SSP3,2050,0.94
MLT,SSP3,2100,0.94
MHL,SSP3,2025,0.731
MHL,SSP3,2030,0.731
MHL,SSP3,2050,0.731
MHL,SSP3,2100,0.731
MRT,SSP3,2025,0.457
MRT,SSP3,2030,0.457
MRT,SSP3,2050,0.457
MRT,SSP3,2100,0.457
MUS,SSP3,2025,0.417
MUS,SSP3,2030,0.417
MUS,SSP3,2050,0.417
MUS,SSP3,2100,0.417
MEX,SSP3,2025,0.799
MEX,SSP3,2030,0.805
MEX,SSP3,2050,0.825
MEX,SSP3,2100,0.878
MDA,SSP3,2025,0.427
MDA,SSP3,2030,0.427
MDA,SSP3,2050,0.427
MDA,SSP3,2100,0.427
MNG,SSP3,2025,0.666
MNG,SSP3,2030,0.666
MNG,SSP3,2050,0.666
MNG,SSP3,2100,0.666
MNE,SSP3,2025,0.638
MNE,SSP3,2030,0.638
MNE,SSP3,2050,0.638
MNE,SSP3,2100,0.638
MAR,SSP3,2025,0.624
MAR,SSP3,2030,0.638
MAR,SSP3,2050,0.687
MAR,SSP3,2100,0.775
MOZ,SSP3,2025,0.39
MOZ,SSP3,2030,0.413
MOZ,SSP3,2050,0.494
MOZ,SSP3,2100,0.652
MMR,SSP3,2025,0.34
MMR,SSP3,2030,0.357
MMR,SSP3,2050,0.425
MMR,SSP3,2100,0.575
NAM,SSP3,2025,0.406
NAM,SSP3,2030,0.406
NAM,SSP3,2050,0.406
NAM,SSP3,2100,0.406
NPL,SSP3,2025,0.228
NPL,SSP3,2030,0.249
NPL,SSP3,2050,0.336
NPL,SSP3,2100,0.53
NLD,SSP3,2025,0.895
NLD,SSP3,2030,0.903
NLD,SSP3,2050,0.932
NLD,SSP3,2100,0.979
NCL,SSP3,2025,0.666
NCL,SSP3,2030,0.666
NCL,SSP3,2050,0.666
NCL,SSP3,2100,0.666
NZL,SSP3,2025,0.862
NZL,SSP3,2030,0.862
NZL,SSP3,2050,0.862
NZL,SSP3,2100,0.862
NIC,SSP3,2025,0.567
NIC,SSP3,2030,0.567
NIC,SSP3,2050,0.567
NIC,SSP3,2100,0.567
NER,SSP3,2025,0.203
NER,SSP3,2030,0.217
NER,SSP3,2050,0.279
NER,SSP3,2100,0.446
NGA,SSP3,2025,0.496
NGA,SSP3,2030,0.517
NGA,SSP3,2050,0.587
NGA,SSP3,2100,0.714
MKD,SSP3,2025,0.571
MKD,SSP3,2030,0.571
MKD,SSP3,2050,0.571
MKD,SSP3,2100,0.571
MNP,SSP3,2025,0.909
MNP,SSP3,2030,0.909
MNP,SSP3,2050,0.909
MNP,SSP3,2100,0.909
NOR,SSP3,2025,0.788
NOR,SSP3,2030,0.788
NOR,SSP3,2050,0.788
NOR,SSP3,2100,0.788
OMN,SSP3,2025,0.746
OMN,SSP3,2030,0.746
OMN,SSP3,2050,0.746
OMN,SSP3,2100,0.746
PAK,SSP3,2025,0.403
PAK,SSP3,2030,0.419
PAK,SSP3,2050,0.483
PAK,SSP3,2100,0.627
PLW,SSP3,2025,0.741
PLW,SSP3,2030,0.741
PLW,SSP3,2050,0.741
PLW,SSP3,2100,0.741
PAN,SSP3,2025,0.649
PAN,SSP3,2030,0.649
PAN,SSP3,2050,0.649
PAN,SSP3,2100,0.649
PNG,SSP3,2025,0.13
PNG,SSP3,2030,0.13
PNG,SSP3,2050,0.13
PNG,SSP3,2100,0.13
PRY,SSP3,2025,0.589
PRY,SSP3,2030,0.589
PRY,SSP3,2050,0.589
PRY,SSP3,2100,0.589
PER,SSP3,2025,0.789
PER,SSP3,2030,0.796
PER,SSP3,2050,0.817
PER,SSP3,2100,0.868
PHL,SSP3,2025,0.504
PHL,SSP3,2030,0.519
PHL,SSP3,2050,0.576
PHL,SSP3,2100,0.704
POL,SSP3,2025,0.656
POL,SSP3,2030,0.668
POL,SSP3,2050,0.712
POL,SSP3,2100,0.79
PRT,SSP3,2025,0.647
PRT,SSP3,2030,0.661
PRT,SSP3,2050,0.705
PRT,SSP3,2100,0.786
PRI,SSP3,2025,0.939
PRI,SSP3,2030,0.939
PRI,SSP3,2050,0.939
PRI,SSP3,2100,0.939
QAT,SSP3,2025,0.983
QAT,SSP3,2030,0.983
QAT,SSP3,2050,0.983
QAT,SSP3,2100,0.983
ROU,SSP3,2025,0.582
ROU,SSP3,2030,0.597
ROU,SSP3,2050,0.653
ROU,SSP3,2100,0.753
RUS,SSP3,2025,0.763
RUS,SSP3,2030,0.771
RUS,SSP3,2050,0.796
RUS,SSP3,2100,0.843
RWA,SSP3,2025,0.235
RWA,SSP3,2030,0.257
RWA,SSP3,2050,0.351
RWA,SSP3,2100,0.56
VCT,SSP3,2025,0.486
VCT,SSP3,2030,0.486
VCT,SSP3,2050,0.486
VCT,SSP3,2100,0.486
SMR,SSP3,2025,0.955
SMR,SSP3,2030,0.955
SMR,SSP3,2050,0.955
SMR,SSP3,2100,0.955
STP,SSP3,2025,0.638
STP,SSP3,2030,0.638
STP,SSP3,2050,0.638
STP,SSP3,2100,0.638
SAU,SSP3,2025,0.843
SAU,SSP3,2030,0.848
SAU,SSP3,2050,0.88
SAU,SSP3,2100,0.945
SEN,SSP3,2025,0.485
SEN,SSP3,2030,0.5
SEN,SSP3,2050,0.559
SEN,SSP3,2100,0.691
SYC,SSP3,2025,0.53
SYC,SSP3,2030,0.53
SYC,SSP3,2050,0.53
SYC,SSP3,2100,0.53
SLE,SSP3,2025,0.385
SLE,SSP3,2030,0.385
SLE,SSP3,2050,0.385
SLE,SSP3,2100,0.385
SVK,SSP3,2025,0.55
SVK,SSP3,2030,0.55
SVK,SSP3,2050,0.55
SVK,SSP3,2100,0.55
SVN,SSP3,2025,0.524
SVN,SSP3,2030,0.524
SVN,SSP3,2050,0.524
SVN,SSP3,2100,0.524
SLB,SSP3,2025,0.196
SLB,SSP3,2030,0.196
SLB,SSP3,2050,0.196
SLB,SSP3,2100,0.196
SOM,SSP3,2025,0.43
SOM,SSP3,2030,0.445
SOM,SSP3,2050,0.509
SOM,SSP3,2100,0.651
ZAF,SSP3,2025,0.662
ZAF,SSP3,2030,0.673
ZAF,SSP3,2050,0.716
ZAF,SSP3,2100,0.792
KOR,SSP3,2025,0.843
KOR,SSP3,2030,0.849
KOR,SSP3,2050,0.884
KOR,SSP3,2100,0.953
SSD,SSP3,2025,0.224
SSD,SSP3,2030,0.24
SSD,SSP3,2050,0.306
SSD,SSP3,2100,0.471
ESP,SSP3,2025,0.8
ESP,SSP3,2030,0.806
ESP,SSP3,2050,0.826
ESP,SSP3,2100,0.879
LKA,SSP3,2025,0.226
LKA,SSP3,2030,0.241
LKA,SSP3,2050,0.306
LKA,SSP3,2100,0.472
SDN,SSP3,2025,0.387
SDN,SSP3,2030,0.405
SDN,SSP3,2050,0.471
SDN,SSP3,2100,0.617
SUR,SSP3,2025,0.664
SUR,SSP3,2030,0.664
SUR,SSP3,2050,0.664
SUR,SSP3,2100,0.664
SWE,SSP3,2025,0.849
SWE,SSP3,2030,0.849
SWE,SSP3,2050,0.849
SWE,SSP3,2100,0.849
CHE,SSP3,2025,0.736
CHE,SSP3,2030,0.736
CHE,SSP3,2050,0.736
CHE,SSP3,2100,0.736
SYR,SSP3,2025,0.598
SYR,SSP3,2030,0.612
SYR,SSP3,2050,0.666
SYR,SSP3,2100,0.761
TZA,SSP3,2025,0.35
TZA,SSP3,2030,0.372
TZA,SSP3,2050,0.456
TZA,SSP3,2100,0.622
THA,SSP3,2025,0.485
THA,SSP3,2030,0.503
THA,SSP3,2050,0.568
THA,SSP3,2100,0.701
TLS,SSP3,2025,0.274
TLS,SSP3,2030,0.274
TLS,SSP3,2050,0.274
TLS,SSP3,2100,0.274
TGO,SSP3,2025,0.371
TGO,SSP3,2030,0.371
TGO,SSP3,2050,0.371
TGO,SSP3,2100,0.371
TON,SSP3,2025,0.233
TON,SSP3,2030,0.233
TON,SSP3,2050,0.233
TON,SSP3,2100,0.233
TTO,SSP3,2025,0.542
TTO,SSP3,2030,0.542
TTO,SSP3,2050,0.542
TTO,SSP3,2100,0.542
TUN,SSP3,2025,0.708
TUN,SSP3,2030,0.719
TUN,SSP3,2050,0.754
TUN,SSP3,2100,0.816
TUR,SSP3,2025,0.75
TUR,SSP3,2030,0.762
TUR,SSP3,2050,0.798
TUR,SSP3,2100,0.846
TKM,SSP3,2025,0.482
TKM,SSP3,2030,0.482
TKM,SSP3,2050,0.482
TKM,SSP3,2100,0.482
TCA,SSP3,2025,0.898
TCA,SSP3,2030,0.898
TCA,SSP3,2050,0.898
TCA,SSP3,2100,0.898
TUV,SSP3,2025,0.538
TUV,SSP3,2030,0.538
TUV,SSP3,2050,0.538
TUV,SSP3,2100,0.538
UGA,SSP3,2025,0.251
UGA,SSP3,2030,0.271
UGA,SSP3,2050,0.35
UGA,SSP3,2100,0.531
UKR,SSP3,2025,0.719
UKR,SSP3,2030,0.728
UKR,SSP3,2050,0.761
UKR,SSP3,2100,0.82
ARE,SSP3,2025,0.837
ARE,SSP3,2030,0.837
ARE,SSP3,2050,0.837
ARE,SSP3,2100,0.837
GBR,SSP3,2025,0.825
GBR,SSP3,2030,0.83
GBR,SSP3,2050,0.846
GBR,SSP3,2100,0.91
USA,SSP3,2025,0.822
USA,SSP3,2030,0.826
USA,SSP3,2050,0.843
USA,SSP3,2100,0.906
VIR,SSP3,2025,0.944
VIR,SSP3,2030,0.944
VIR,SSP3,2050,0.944
VIR,SSP3,2100,0.944
URY,SSP3,2025,0.942
URY,SSP3,2030,0.942
URY,SSP3,2050,0.942
URY,SSP3,2100,0.942
UZB,SSP3,2025,0.551
UZB,SSP3,2030,0.564
UZB,SSP3,2050,0.621
UZB,SSP3,2100,0.734
VUT,SSP3,2025,0.243
VUT,SSP3,2030,0.243
VUT,SSP3,2050,0.243
VUT,SSP3,2100,0.243
VEN,SSP3,2025,0.906
VEN,SSP3,2030,0.913
VEN,SSP3,2050,0.94
VEN,SSP3,2100,0.982
VNM,SSP3,2025,0.351
VNM,SSP3,2030,0.368
VNM,SSP3,2050,0.434
VNM,SSP3,2100,0.584
YEM,SSP3,2025,0.38
YEM,SSP3,2030,0.4
YEM,SSP3,2050,0.472
YEM,SSP3,2100,0.63
ZMB,SSP3,2025,0.44
ZMB,SSP3,2030,0.456
ZMB,SSP3,2050,0.519
ZMB,SSP3,2100,0.659
ZWE,SSP3,2025,0.389
ZWE,SSP3,2030,0.406
ZWE,SSP3,2050,0.47
ZWE,SSP3,2100,0.616
AFG,SSP4,2025,0.287
AFG,SSP4,2030,0.304
AFG,SSP4,2050,0.371
AFG,SSP4,2100,0.531
ALB,SSP4,2025,0.597
ALB,SSP4,2030,0.622
ALB,SSP4,2050,0.712
ALB,SSP4,2100,0.839
DZA,SSP4,2025,0.742
DZA,SSP4,2030,0.76
DZA,SSP4,2050,0.816
DZA,SSP4,2100,0.924
ASM,SSP4,2025,0.916
ASM,SSP4,2030,0.927
ASM,SSP4,2050,0.962
ASM,SSP4,2100,0.996
AND,SSP4,2025,0.924
AND,SSP4,2030,0.934
AND,SSP4,2050,0.966
AND,SSP4,2100,0.996
AGO,SSP4,2025,0.688
AGO,SSP4,2030,0.713
AGO,SSP4,2050,0.79
AGO,SSP4,2100,0.914
ARG,SSP4,2025,0.941
ARG,SSP4,2030,0.95
ARG,SSP4,2050,0.976
ARG,SSP4,2100,0.997
ARM,SSP4,2025,0.703
ARM,SSP4,2030,0.721
ARM,SSP4,2050,0.781
ARM,SSP4,2100,0.881
AUS,SSP4,2025,0.895
AUS,SSP4,2030,0.906
AUS,SSP4,2050,0.946
AUS,SSP4,2100,0.995
AZE,SSP4,2025,0.613
AZE,SSP4,2030,0.637
AZE,SSP4,2050,0.719
AZE,SSP4,2100,0.837
BHS,SSP4,2025,0.849
BHS,SSP4,2030,0.863
BHS,SSP4,2050,0.913
BHS,SSP4,2100,0.987
BHR,SSP4,2025,0.92
BHR,SSP4,2030,0.931
BHR,SSP4,2050,0.964
BHR,SSP4,2100,0.996
BGD,SSP4,2025,0.4
BGD,SSP4,2030,0.433
BGD,SSP4,2050,0.565
BGD,SSP4,2100,0.79
BLR,SSP4,2025,0.797
BLR,SSP4,2030,0.81
BLR,SSP4,2050,0.849
BLR,SSP4,2100,0.959
BEL,SSP4,2025,0.99
BEL,SSP4,2030,0.993
BEL,SSP4,2050,0.996
BEL,SSP4,2100,0.999
BEN,SSP4,2025,0.496
BEN,SSP4,2030,0.516
BEN,SSP4,2050,0.585
BEN,SSP4,2100,0.713
BTN,SSP4,2025,0.457
BTN,SSP4,2030,0.493
BTN,SSP4,2050,0.626
BTN,SSP4,2100,0.823
BOL,SSP4,2025,0.732
BOL,SSP4,2030,0.751
BOL,SSP4,2050,0.808
BOL,SSP4,2100,0.913
BIH,SSP4,2025,0.54
BIH,SSP4,2030,0.566
BIH,SSP4,2050,0.665
BIH,SSP4,2100,0.816
BWA,SSP4,2025,0.708
BWA,SSP4,2030,0.733
BWA,SSP4,2050,0.811
BWA,SSP4,2100,0.938
BRA,SSP4,2025,0.886
BRA,SSP4,2030,0.899
BRA,SSP4,2050,0.942
BRA,SSP4,2100,0.994
VGB,SSP4,2025,0.55
VGB,SSP4,2030,0.581
VGB,SSP4,2050,0.688
VGB,SSP4,2100,0.836
BRN,SSP4,2025,0.792
BRN,SSP4,2030,0.804
BRN,SSP4,2050,0.84
BRN,SSP4,2100,0.949
BGR,SSP4,2025,0.774
BGR,SSP4,2030,0.787
BGR,SSP4,2050,0.828
BGR,SSP4,2100,0.935
BFA,SSP4,2025,0.315
BFA,SSP4,2030,0.339
BFA,SSP4,2050,0.432
BFA,SSP4,2100,0.612
BDI,SSP4,2025,0.148
BDI,SSP4,2030,0.163
BDI,SSP4,2050,0.231
BDI,SSP4,2100,0.411
CPV,SSP4,2025,0.7
CPV,SSP4,2030,0.723
CPV,SSP4,2050,0.797
CPV,SSP4,2100,0.916
KHM,SSP4,2025,0.274
KHM,SSP4,2030,0.299
KHM,SSP4,2050,0.405
KHM,SSP4,2100,0.665
CMR,SSP4,2025,0.611
CMR,SSP4,2030,0.639
CMR,SSP4,2050,0.733
CMR,SSP4,2100,0.853
CAN,SSP4,2025,0.835
CAN,SSP4,2030,0.842
CAN,SSP4,2050,0.888
CAN,SSP4,2100,0.976
CAF,SSP4,2025,0.438
CAF,SSP4,2030,0.455
CAF,SSP4,2050,0.516
CAF,SSP4,2100,0.657
TCD,SSP4,2025,0.268
TCD,SSP4,2030,0.285
TCD,SSP4,2050,0.351
TCD,SSP4,2100,0.513
CHL,SSP4,2025,0.91
CHL,SSP4,2030,0.92
CHL,SSP4,2050,0.958
CHL,SSP4,2100,0.996
CHN,SSP4,2025,0.587
CHN,SSP4,2030,0.618
CHN,SSP4,2050,0.719
CHN,SSP4,2100,0.851
COL,SSP4,2025,0.816
COL,SSP4,2030,0.826
COL,SSP4,2050,0.863
COL,SSP4,2100,0.965
COM,SSP4,2025,0.362
COM,SSP4,2030,0.388
COM,SSP4,2050,0.492
COM,SSP4,2100,0.726
COG,SSP4,2025,0.702
COG,SSP4,2030,0.721
COG,SSP4,2050,0.786
COG,SSP4,2100,0.893
CRI,SSP4,2025,0.773
CRI,SSP4,2030,0.789
CRI,SSP4,2050,0.839
CRI,SSP4,2100,0.951
HRV,SSP4,2025,0.629
HRV,SSP4,2030,0.652
HRV,SSP4,2050,0.73
HRV,SSP4,2100,0.842
CUB,SSP4,2025,0.803
CUB,SSP4,2030,0.813
CUB,SSP4,2050,0.845
CUB,SSP4,2100,0.955
CUW,SSP4,2025,0.933
CUW,SSP4,2030,0.944
CUW,SSP4,2050,0.971
CUW,SSP4,2100,0.997
CYP,SSP4,2025,0.741
CYP,SSP4,2030,0.758
CYP,SSP4,2050,0.809
CYP,SSP4,2100,0.913
CZE,SSP4,2025,0.78
CZE,SSP4,2030,0.792
CZE,SSP4,2050,0.83
CZE,SSP4,2100,0.935
CIV,SSP4,2025,0.557
CIV,SSP4,2030,0.583
CIV,SSP4,2050,0.679
CIV,SSP4,2100,0.823
COD,SSP4,2025,0.447
COD,SSP4,2030,0.463
COD,SSP4,2050,0.524
COD,SSP4,2100,0.663
DNK,SSP4,2025,0.906
DNK,SSP4,2030,0.916
DNK,SSP4,2050,0.955
DNK,SSP4,2100,0.995
DJI,SSP4,2025,0.806
DJI,SSP4,2030,0.815
DJI,SSP4,2050,0.847
DJI,SSP4,2100,0.956
DMA,SSP4,2025,0.747
DMA,SSP4,2030,0.764
DMA,SSP4,2050,0.816
DMA,SSP4,2100,0.922
DOM,SSP4,2025,0.787
DOM,SSP4,2030,0.802
DOM,SSP4,2050,0.846
DOM,SSP4,2100,0.957
ECU,SSP4,2025,0.698
ECU,SSP4,2030,0.718
ECU,SSP4,2050,0.783
ECU,SSP4,2100,0.888
EGY,SSP4,2025,0.513
EGY,SSP4,2030,0.539
EGY,SSP4,2050,0.639
EGY,SSP4,2100,0.803
SLV,SSP4,2025,0.72
SLV,SSP4,2030,0.739
SLV,SSP4,2050,0.8
SLV,SSP4,2100,0.906
GNQ,SSP4,2025,0.727
GNQ,SSP4,2030,0.748
GNQ,SSP4,2050,0.813
GNQ,SSP4,2100,0.929
ERI,SSP4,2025,0.423
ERI,SSP4,2030,0.446
ERI,SSP4,2050,0.53
ERI,SSP4,2100,0.678
EST,SSP4,2025,0.74
EST,SSP4,2030,0.755
EST,SSP4,2050,0.804
EST,SSP4,2100,0.906
SWZ,SSP4,2025,0.303
SWZ,SSP4,2030,0.33
SWZ,SSP4,2050,0.44
SWZ,SSP4,2100,0.695
ETH,SSP4,2025,0.211
ETH,SSP4,2030,0.225
ETH,SSP4,2050,0.288
ETH,SSP4,2100,0.455
FRO,SSP4,2025,0.49
FRO,SSP4,2030,0.517
FRO,SSP4,2050,0.62
FRO,SSP4,2100,0.796
FJI,SSP4,2025,0.601
FJI,SSP4,2030,0.625
FJI,SSP4,2050,0.712
FJI,SSP4,2100,0.836
FIN,SSP4,2025,0.869
FIN,SSP4,2030,0.883
FIN,SSP4,2050,0.928
FIN,SSP4,2100,0.991
FRA,SSP4,2025,0.814
FRA,SSP4,2030,0.823
FRA,SSP4,2050,0.854
FRA,SSP4,2100,0.962
PYF,SSP4,2025,0.673
PYF,SSP4,2030,0.693
PYF,SSP4,2050,0.76
PYF,SSP4,2100,0.857
GAB,SSP4,2025,0.91
GAB,SSP4,2030,0.923
GAB,SSP4,2050,0.961
GAB,SSP4,2100,0.996
GMB,SSP4,2025,0.626
GMB,SSP4,2030,0.648
GMB,SSP4,2050,0.717
GMB,SSP4,2100,0.804
GEO,SSP4,2025,0.63
GEO,SSP4,2030,0.654
GEO,SSP4,2050,0.731
GEO,SSP4,2100,0.842
DEU,SSP4,2025,0.804
DEU,SSP4,2030,0.814
DEU,SSP4,2050,0.845
DEU,SSP4,2100,0.955
GHA,SSP4,2025,0.592
GHA,SSP4,2030,0.618
GHA,SSP4,2050,0.71
GHA,SSP4,2100,0.84
GRC,SSP4,2025,0.799
GRC,SSP4,2030,0.809
GRC,SSP4,2050,0.842
GRC,SSP4,2100,0.95
GRL,SSP4,2025,0.878
GRL,SSP4,2030,0.891
GRL,SSP4,2050,0.933
GRL,SSP4,2100,0.992
GRD,SSP4,2025,0.444
GRD,SSP4,2030,0.469
GRD,SSP4,2050,0.573
GRD,SSP4,2100,0.772
GUM,SSP4,2025,0.964
GUM,SSP4,2030,0.969
GUM,SSP4,2050,0.989
GUM,SSP4,2100,0.998
GTM,SSP4,2025,0.565
GTM,SSP4,2030,0.59
GTM,SSP4,2050,0.683
GTM,SSP4,2100,0.822
GIN,SSP4,2025,0.391
GIN,SSP4,2030,0.409
GIN,SSP4,2050,0.476
GIN,SSP4,2100,0.621
GNB,SSP4,2025,0.467
GNB,SSP4,2030,0.488
GNB,SSP4,2050,0.56
GNB,SSP4,2100,0.695
HTI,SSP4,2025,0.541
HTI,SSP4,2030,0.563
HTI,SSP4,2050,0.64
HTI,SSP4,2100,0.754
HND,SSP4,2025,0.6
HND,SSP4,2030,0.626
HND,SSP4,2050,0.715
HND,SSP4,2100,0.841
HUN,SSP4,2025,0.741
HUN,SSP4,2030,0.757
HUN,SSP4,2050,0.805
HUN,SSP4,2100,0.907
ISL,SSP4,2025,0.961
ISL,SSP4,2030,0.966
ISL,SSP4,2050,0.987
ISL,SSP4,2100,0.998
IND,SSP4,2025,0.388
IND,SSP4,2030,0.415
IND,SSP4,2050,0.519
IND,SSP4,2100,0.743
IDN,SSP4,2025,0.599
IDN,SSP4,2030,0.629
IDN,SSP4,2050,0.726
IDN,SSP4,2100,0.854
IRN,SSP4,2025,0.767
IRN,SSP4,2030,0.783
IRN,SSP4,2050,0.83
IRN,SSP4,2100,0.94
IRQ,SSP4,2025,0.745
IRQ,SSP4,2030,0.76
IRQ,SSP4,2050,0.808
IRQ,SSP4,2100,0.91
IRL,SSP4,2025,0.686
IRL,SSP4,2030,0.705
IRL,SSP4,2050,0.769
IRL,SSP4,2100,0.869
ISR,SSP4,2025,0.95
ISR,SSP4,2030,0.957
ISR,SSP4,2050,0.981
ISR,SSP4,2100,0.998
ITA,SSP4,2025,0.74
ITA,SSP4,2030,0.755
ITA,SSP4,2050,0.804
ITA,SSP4,2100,0.906
JAM,SSP4,2025,0.616
JAM,SSP4,2030,0.64
JAM,SSP4,2050,0.721
JAM,SSP4,2100,0.838
JPN,SSP4,2025,0.937
JPN,SSP4,2030,0.946
JPN,SSP4,2050,0.973
JPN,SSP4,2100,0.997
JOR,SSP4,2025,0.902
JOR,SSP4,2030,0.914
JOR,SSP4,2050,0.954
JOR,SSP4,2100,0.995
KAZ,SSP4,2025,0.645
KAZ,SSP4,2030,0.668
KAZ,SSP4,2050,0.741
KAZ,SSP4,2100,0.846
KEN,SSP4,2025,0.314
KEN,SSP4,2030,0.341
KEN,SSP4,2050,0.452
KEN,SSP4,2100,0.705
KIR,SSP4,2025,0.56
KIR,SSP4,2030,0.588
KIR,SSP4,2050,0.686
KIR,SSP4,2100,0.83
LAO,SSP4,2025,0.397
LAO,SSP4,2030,0.43
LAO,SSP4,2050,0.561
LAO,SSP4,2100,0.788
LVA,SSP4,2025,0.737
LVA,SSP4,2030,0.752
LVA,SSP4,2050,0.803
LVA,SSP4,2100,0.904
LBN,SSP4,2025,0.915
LBN,SSP4,2030,0.925
LBN,SSP4,2050,0.961
LBN,SSP4,2100,0.996
LSO,SSP4,2025,0.34
LSO,SSP4,2030,0.371
LSO,SSP4,2050,0.501
LSO,SSP4,2100,0.757
LBR,SSP4,2025,0.528
LBR,SSP4,2030,0.542
LBR,SSP4,2050,0.598
LBR,SSP4,2100,0.72
LBY,SSP4,2025,0.82
LBY,SSP4,2030,0.831
LBY,SSP4,2050,0.872
LBY,SSP4,2100,0.969
LTU,SSP4,2025,0.729
LTU,SSP4,2030,0.745
LTU,SSP4,2050,0.798
LTU,SSP4,2100,0.9
LUX,SSP4,2025,0.919
LUX,SSP4,2030,0.929
LUX,SSP4,2050,0.963
LUX,SSP4,2100,0.996
MDG,SSP4,2025,0.373
MDG,SSP4,2030,0.392
MDG,SSP4,2050,0.463
MDG,SSP4,2100,0.612
MWI,SSP4,2025,0.198
MWI,SSP4,2030,0.214
MWI,SSP4,2050,0.278
MWI,SSP4,2100,0.444
MYS,SSP4,2025,0.769
MYS,SSP4,2030,0.786
MYS,SSP4,2050,0.837
MYS,SSP4,2100,0.949
MDV,SSP4,2025,0.461
MDV,SSP4,2030,0.494
MDV,SSP4,2050,0.614
MDV,SSP4,2100,0.805
MLI,SSP4,2025,0.423
MLI,SSP4,2030,0.443
MLI,SSP4,2050,0.516
MLI,SSP4,2100,0.665
MLT,SSP4,2025,0.964
MLT,SSP4,2030,0.969
MLT,SSP4,2050,0.989
MLT,SSP4,2100,0.998
MHL,SSP4,2025,0.785
MHL,SSP4,2030,0.798
MHL,SSP4,2050,0.837
MHL,SSP4,2100,0.945
MRT,SSP4,2025,0.566
MRT,SSP4,2030,0.597
MRT,SSP4,2050,0.702
MRT,SSP4,2100,0.843
MUS,SSP4,2025,0.498
MUS,SSP4,2030,0.525
MUS,SSP4,2050,0.626
MUS,SSP4,2100,0.797
MEX,SSP4,2025,0.814
MEX,SSP4,2030,0.823
MEX,SSP4,2050,0.857
MEX,SSP4,2100,0.963
MDA,SSP4,2025,0.508
MDA,SSP4,2030,0.535
MDA,SSP4,2050,0.635
MDA,SSP4,2100,0.801
MNG,SSP4,2025,0.733
MNG,SSP4,2030,0.75
MNG,SSP4,2050,0.805
MNG,SSP4,2100,0.91
MNE,SSP4,2025,0.72
MNE,SSP4,2030,0.742
MNE,SSP4,2050,0.808
MNE,SSP4,2100,0.922
MAR,SSP4,2025,0.654
MAR,SSP4,2030,0.677
MAR,SSP4,2050,0.753
MAR,SSP4,2100,0.86
MOZ,SSP4,2025,0.39
MOZ,SSP4,2030,0.413
MOZ,SSP4,2050,0.494
MOZ,SSP4,2100,0.652
MMR,SSP4,2025,0.37
MMR,SSP4,2030,0.396
MMR,SSP4,2050,0.5
MMR,SSP4,2100,0.73
NAM,SSP4,2025,0.495
NAM,SSP4,2030,0.523
NAM,SSP4,2050,0.629
NAM,SSP4,2100,0.806
NPL,SSP4,2025,0.228
NPL,SSP4,2030,0.249
NPL,SSP4,2050,0.336
NPL,SSP4,2100,0.53
NLD,SSP4,2025,0.911
NLD,SSP4,2030,0.923
NLD,SSP4,2050,0.959
NLD,SSP4,2100,0.996
NCL,SSP4,2025,0.727
NCL,SSP4,2030,0.744
NCL,SSP4,2050,0.798
NCL,SSP4,2100,0.9
NZL,SSP4,2025,0.904
NZL,SSP4,2030,0.915
NZL,SSP4,2050,0.953
NZL,SSP4,2100,0.995
NIC,SSP4,2025,0.645
NIC,SSP4,2030,0.668
NIC,SSP4,2050,0.741
NIC,SSP4,2100,0.846
NER,SSP4,2025,0.203
NER,SSP4,2030,0.217
NER,SSP4,2050,0.279
NER,SSP4,2100,0.446
NGA,SSP4,2025,0.53
NGA,SSP4,2030,0.562
NGA,SSP4,2050,0.672
NGA,SSP4,2100,0.829
MKD,SSP4,2025,0.649
MKD,SSP4,2030,0.671
MKD,SSP4,2050,0.744
MKD,SSP4,2100,0.847
MNP,SSP4,2025,0.943
MNP,SSP4,2030,0.952
MNP,SSP4,2050,0.977
MNP,SSP4,2100,0.997
NOR,SSP4,2025,0.822
NOR,SSP4,2030,0.831
NOR,SSP4,2050,0.871
NOR,SSP4,2100,0.968
OMN,SSP4,2025,0.807
OMN,SSP4,2030,0.82
OMN,SSP4,2050,0.867
OMN,SSP4,2100,0.968
PAK,SSP4,2025,0.432
PAK,SSP4,2030,0.458
PAK,SSP4,2050,0.561
PAK,SSP4,2100,0.766
PLW,SSP4,2025,0.786
PLW,SSP4,2030,0.798
PLW,SSP4,2050,0.834
PLW,SSP4,2100,0.941
PAN,SSP4,2025,0.715
PAN,SSP4,2030,0.734
PAN,SSP4,2050,0.791
PAN,SSP4,2100,0.895
PNG,SSP4,2025,0.189
PNG,SSP4,2030,0.21
PNG,SSP4,2050,0.307
PNG,SSP4,2100,0.573
PRY,SSP4,2025,0.668
PRY,SSP4,2030,0.689
PRY,SSP4,2050,0.762
PRY,SSP4,2100,0.869
PER,SSP4,2025,0.805
PER,SSP4,2030,0.816
PER,SSP4,2050,0.849
PER,SSP4,2100,0.958
PHL,SSP4,2025,0.538
PHL,SSP4,2030,0.564
PHL,SSP4,2050,0.661
PHL,SSP4,2100,0.812
POL,SSP4,2025,0.683
POL,SSP4,2030,0.703
POL,SSP4,2050,0.767
POL,SSP4,2100,0.866
PRT,SSP4,2025,0.677
PRT,SSP4,2030,0.698
PRT,SSP4,2050,0.769
PRT,SSP4,2100,0.877
PRI,SSP4,2025,0.965
PRI,SSP4,2030,0.97
PRI,SSP4,2050,0.989
PRI,SSP4,2100,0.998
QAT,SSP4,2025,0.993
QAT,SSP4,2030,0.995
QAT,SSP4,2050,0.997
QAT,SSP4,2100,0.999
ROU,SSP4,2025,0.618
ROU,SSP4,2030,0.642
ROU,SSP4,2050,0.722
ROU,SSP4,2100,0.838
RUS,SSP4,2025,0.783
RUS,SSP4,2030,0.795
RUS,SSP4,2050,0.832
RUS,SSP4,2100,0.937
RWA,SSP4,2025,0.235
RWA,SSP4,2030,0.257
RWA,SSP4,2050,0.351
RWA,SSP4,2100,0.56
VCT,SSP4,2025,0.571
VCT,SSP4,2030,0.597
VCT,SSP4,2050,0.689
VCT,SSP4,2100,0.826
SMR,SSP4,2025,0.978
SMR,SSP4,2030,0.983
SMR,SSP4,2050,0.994
SMR,SSP4,2100,0.999
STP,SSP4,2025,0.721
STP,SSP4,2030,0.742
STP,SSP4,2050,0.809
STP,SSP4,2100,0.924
SAU,SSP4,2025,0.854
SAU,SSP4,2030,0.87
SAU,SSP4,2050,0.921
SAU,SSP4,2100,0.989
SEN,SSP4,2025,0.516
SEN,SSP4,2030,0.543
SEN,SSP4,2050,0.643
SEN,SSP4,2100,0.805
SYC,SSP4,2025,0.61
SYC,SSP4,2030,0.635
SYC,SSP4,2050,0.717
SYC,SSP4,2100,0.837
SLE,SSP4,2025,0.436
SLE,SSP4,2030,0.452
SLE,SSP4,2050,0.515
SLE,SSP4,2100,0.656
SVK,SSP4,2025,0.628
SVK,SSP4,2030,0.652
SVK,SSP4,2050,0.73
SVK,SSP4,2100,0.841
SVN,SSP4,2025,0.606
SVN,SSP4,2030,0.63
SVN,SSP4,2050,0.714
SVN,SSP4,2100,0.835
SLB,SSP4,2025,0.273
SLB,SSP4,2030,0.3
SLB,SSP4,2050,0.413
SLB,SSP4,2100,0.679
SOM,SSP4,2025,0.43
SOM,SSP4,2030,0.445
SOM,SSP4,2050,0.509
SOM,SSP4,2100,0.651
ZAF,SSP4,2025,0.689
ZAF,SSP4,2030,0.708
ZAF,SSP4,2050,0.771
ZAF,SSP4,2100,0.872
KOR,SSP4,2025,0.858
KOR,SSP4,2030,0.876
KOR,SSP4,2050,0.927
KOR,SSP4,2100,0.991
SSD,SSP4,2025,0.224
SSD,SSP4,2030,0.24
SSD,SSP4,2050,0.306
SSD,SSP4,2100,0.471
ESP,SSP4,2025,0.815
ESP,SSP4,2030,0.824
ESP,SSP4,2050,0.857
ESP,SSP4,2100,0.963
LKA,SSP4,2025,0.253
LKA,SSP4,2030,0.278
LKA,SSP4,2050,0.381
LKA,SSP4,2100,0.639
SDN,SSP4,2025,0.417
SDN,SSP4,2030,0.444
SDN,SSP4,2050,0.552
SDN,SSP4,2100,0.766
SUR,SSP4,2025,0.725
SUR,SSP4,2030,0.742
SUR,SSP4,2050,0.795
SUR,SSP4,2100,0.897
SWE,SSP4,2025,0.891
SWE,SSP4,2030,0.903
SWE,SSP4,2050,0.944
SWE,SSP4,2100,0.994
CHE,SSP4,2025,0.782
CHE,SSP4,2030,0.793
CHE,SSP4,2050,0.831
CHE,SSP4,2100,0.937
SYR,SSP4,2025,0.598
SYR,SSP4,2030,0.612
SYR,SSP4,2050,0.666
SYR,SSP4,2100,0.761
TZA,SSP4,2025,0.35
TZA,SSP4,2030,0.372
TZA,SSP4,2050,0.456
TZA,SSP4,2100,0.622
THA,SSP4,2025,0.519
THA,SSP4,2030,0.548
THA,SSP4,2050,0.654
THA,SSP4,2100,0.818
TLS,SSP4,2025,0.36
TLS,SSP4,2030,0.387
TLS,SSP4,2050,0.497
TLS,SSP4,2100,0.736
TGO,SSP4,2025,0.43
TGO,SSP4,2030,0.448
TGO,SSP4,2050,0.514
TGO,SSP4,2100,0.655
TON,SSP4,2025,0.314
TON,SSP4,2030,0.339
TON,SSP4,2050,0.444
TON,SSP4,2100,0.69
TTO,SSP4,2025,0.622
TTO,SSP4,2030,0.646
TTO,SSP4,2050,0.725
TTO,SSP4,2100,0.84
TUN,SSP4,2025,0.731
TUN,SSP4,2030,0.749
TUN,SSP4,2050,0.804
TUN,SSP4,2100,0.908
TUR,SSP4,2025,0.769
TUR,SSP4,2030,0.786
TUR,SSP4,2050,0.835
TUR,SSP4,2100,0.946
TKM,SSP4,2025,0.565
TKM,SSP4,2030,0.591
TKM,SSP4,2050,0.683
TKM,SSP4,2100,0.822
TCA,SSP4,2025,0.939
TCA,SSP4,2030,0.949
TCA,SSP4,2050,0.975
TCA,SSP4,2100,0.997
TUV,SSP4,2025,0.636
TUV,SSP4,2030,0.662
TUV,SSP4,2050,0.751
TUV,SSP4,2100,0.871
UGA,SSP4,2025,0.251
UGA,SSP4,2030,0.271
UGA,SSP4,2050,0.35
UGA,SSP4,2100,0.531
UKR,SSP4,2025,0.741
UKR,SSP4,2030,0.757
UKR,SSP4,2050,0.805
UKR,SSP4,2100,0.908
ARE,SSP4,2025,0.868
ARE,SSP4,2030,0.882
ARE,SSP4,2050,0.926
ARE,SSP4,2100,0.991
GBR,SSP4,2025,0.837
GBR,SSP4,2030,0.844
GBR,SSP4,2050,0.892
GBR,SSP4,2100,0.978
USA,SSP4,2025,0.834
USA,SSP4,2030,0.841
USA,SSP4,2050,0.888
USA,SSP4,2100,0.975
VIR,SSP4,2025,0.966
VIR,SSP4,2030,0.972
VIR,SSP4,2050,0.99
VIR,SSP4,2100,0.998
URY,SSP4,2025,0.965
URY,SSP4,2030,0.97
URY,SSP4,2050,0.99
URY,SSP4,2100,0.998
UZB,SSP4,2025,0.587
UZB,SSP4,2030,0.612
UZB,SSP4,2050,0.7
UZB,SSP4,2100,0.83
VUT,SSP4,2025,0.323
VUT,SSP4,2030,0.35
VUT,SSP4,2050,0.457
VUT,SSP4,2100,0.706
VEN,SSP4,2025,0.918
VEN,SSP4,2030,0.929
VEN,SSP4,2050,0.963
VEN,SSP4,2100,0.996
VNM,SSP4,2025,0.38
VNM,SSP4,2030,0.407
VNM,SSP4,2050,0.514
VNM,SSP4,2100,0.744
YEM,SSP4,2025,0.38
YEM,SSP4,2030,0.4
YEM,SSP4,2050,0.472
YEM,SSP4,2100,0.63
ZMB,SSP4,2025,0.472
ZMB,SSP4,2030,0.497
ZMB,SSP4,2050,0.6
ZMB,SSP4,2100,0.786
ZWE,SSP4,2025,0.419
ZWE,SSP4,2030,0.446
ZWE,SSP4,2050,0.553
ZWE,SSP4,2100,0.765
AFG,SSP5,2025,0.338
AFG,SSP5,2030,0.374
AFG,SSP5,2050,0.531
AFG,SSP5,2100,0.827
ALB,SSP5,2025,0.626
ALB,SSP5,2030,0.66
ALB,SSP5,2050,0.775
ALB,SSP5,2100,0.946
DZA,SSP5,2025,0.769
DZA,SSP5,2030,0.793
DZA,SSP5,2050,0.867
DZA,SSP5,2100,0.987
ASM,SSP5,2025,0.929
ASM,SSP5,2030,0.942
ASM,SSP5,2050,0.978
ASM,SSP5,2100,0.999
AND,SSP5,2025,0.935
AND,SSP5,2030,0.948
AND,SSP5,2050,0.982
AND,SSP5,2100,0.999
AGO,SSP5,2025,0.75
AGO,SSP5,2030,0.784
AGO,SSP5,2050,0.877
AGO,SSP5,2100,0.993
ARG,SSP5,2025,0.949
ARG,SSP5,2030,0.958
ARG,SSP5,2050,0.988
ARG,SSP5,2100,0.999
ARM,SSP5,2025,0.722
ARM,SSP5,2030,0.745
ARM,SSP5,2050,0.814
ARM,SSP5,2100,0.954
AUS,SSP5,2025,0.911
AUS,SSP5,2030,0.925
AUS,SSP5,2050,0.966
AUS,SSP5,2100,0.999
AZE,SSP5,2025,0.636
AZE,SSP5,2030,0.665
AZE,SSP5,2050,0.761
AZE,SSP5,2100,0.917
BHS,SSP5,2025,0.874
BHS,SSP5,2030,0.893
BHS,SSP5,2050,0.949
BHS,SSP5,2100,0.998
BHR,SSP5,2025,0.933
BHR,SSP5,2030,0.946
BHR,SSP5,2050,0.981
BHR,SSP5,2100,0.999
BGD,SSP5,2025,0.443
BGD,SSP5,2030,0.492
BGD,SSP5,2050,0.674
BGD,SSP5,2100,0.916
BLR,SSP5,2025,0.819
BLR,SSP5,2030,0.836
BLR,SSP5,2050,0.912
BLR,SSP5,2100,0.995
BEL,SSP5,2025,0.993
BEL,SSP5,2030,0.995
BEL,SSP5,2050,0.998
BEL,SSP5,2100,1.0
BEN,SSP5,2025,0.567
BEN,SSP5,2030,0.61
BEN,SSP5,2050,0.75
BEN,SSP5,2100,0.94
BTN,SSP5,2025,0.529
BTN,SSP5,2030,0.587
BTN,SSP5,2050,0.772
BTN,SSP5,2100,0.966
BOL,SSP5,2025,0.758
BOL,SSP5,2030,0.783
BOL,SSP5,2050,0.855
BOL,SSP5,2100,0.984
BIH,SSP5,2025,0.57
BIH,SSP5,2030,0.604
BIH,SSP5,2050,0.727
BIH,SSP5,2100,0.913
BWA,SSP5,2025,0.761
BWA,SSP5,2030,0.793
BWA,SSP5,2050,0.891
BWA,SSP5,2100,0.995
BRA,SSP5,2025,0.913
BRA,SSP5,2030,0.928
BRA,SSP5,2050,0.968
BRA,SSP5,2100,0.999
VGB,SSP5,2025,0.59
VGB,SSP5,2030,0.633
VGB,SSP5,2050,0.767
VGB,SSP5,2100,0.947
BRN,SSP5,2025,0.808
BRN,SSP5,2030,0.824
BRN,SSP5,2050,0.886
BRN,SSP5,2100,0.991
BGR,SSP5,2025,0.792
BGR,SSP5,2030,0.811
BGR,SSP5,2050,0.874
BGR,SSP5,2100,0.988
BFA,SSP5,2025,0.376
BFA,SSP5,2030,0.423
BFA,SSP5,2050,0.617
BFA,SSP5,2100,0.892
BDI,SSP5,2025,0.18
BDI,SSP5,2030,0.213
BDI,SSP5,2050,0.371
BDI,SSP5,2100,0.78
CPV,SSP5,2025,0.753
CPV,SSP5,2030,0.786
CPV,SSP5,2050,0.881
CPV,SSP5,2100,0.994
KHM,SSP5,2025,0.294
KHM,SSP5,2030,0.328
KHM,SSP5,2050,0.478
KHM,SSP5,2100,0.803
CMR,SSP5,2025,0.65
CMR,SSP5,2030,0.688
CMR,SSP5,2050,0.801
CMR,SSP5,2100,0.959
CAN,SSP5,2025,0.844
CAN,SSP5,2030,0.856
CAN,SSP5,2050,0.926
CAN,SSP5,2100,0.996
CAF,SSP5,2025,0.502
CAF,SSP5,2030,0.537
CAF,SSP5,2050,0.667
CAF,SSP5,2100,0.864
TCD,SSP5,2025,0.319
TCD,SSP5,2030,0.353
TCD,SSP5,2050,0.504
TCD,SSP5,2100,0.811
CHL,SSP5,2025,0.924
CHL,SSP5,2030,0.937
CHL,SSP5,2050,0.974
CHL,SSP5,2100,0.999
CHN,SSP5,2025,0.633
CHN,SSP5,2030,0.674
CHN,SSP5,2050,0.797
CHN,SSP5,2100,0.961
COL,SSP5,2025,0.836
COL,SSP5,2030,0.849
COL,SSP5,2050,0.922
COL,SSP5,2100,0.996
COM,SSP5,2025,0.386
COM,SSP5,2030,0.422
COM,SSP5,2050,0.568
COM,SSP5,2100,0.825
COG,SSP5,2025,0.727
COG,SSP5,2030,0.753
COG,SSP5,2050,0.832
COG,SSP5,2100,0.968
CRI,SSP5,2025,0.799
CRI,SSP5,2030,0.82
CRI,SSP5,2050,0.899
CRI,SSP5,2100,0.994
HRV,SSP5,2025,0.65
HRV,SSP5,2030,0.679
HRV,SSP5,2050,0.775
HRV,SSP5,2100,0.931
CUB,SSP5,2025,0.817
CUB,SSP5,2030,0.83
CUB,SSP5,2050,0.893
CUB,SSP5,2100,0.992
CUW,SSP5,2025,0.945
CUW,SSP5,2030,0.954
CUW,SSP5,2050,0.986
CUW,SSP5,2100,0.999
CYP,SSP5,2025,0.76
CYP,SSP5,2030,0.781
CYP,SSP5,2050,0.845
CYP,SSP5,2100,0.977
CZE,SSP5,2025,0.795
CZE,SSP5,2030,0.81
CZE,SSP5,2050,0.86
CZE,SSP5,2100,0.984
CIV,SSP5,2025,0.586
CIV,SSP5,2030,0.62
CIV,SSP5,2050,0.741
CIV,SSP5,2100,0.922
COD,SSP5,2025,0.513
COD,SSP5,2030,0.549
COD,SSP5,2050,0.683
COD,SSP5,2100,0.889
DNK,SSP5,2025,0.92
DNK,SSP5,2030,0.933
DNK,SSP5,2050,0.97
DNK,SSP5,2100,0.999
DJI,SSP5,2025,0.819
DJI,SSP5,2030,0.831
DJI,SSP5,2050,0.896
DJI,SSP5,2100,0.992
DMA,SSP5,2025,0.772
DMA,SSP5,2030,0.795
DMA,SSP5,2050,0.866
DMA,SSP5,2100,0.987
DOM,SSP5,2025,0.812
DOM,SSP5,2030,0.831
DOM,SSP5,2050,0.908
DOM,SSP5,2100,0.994
ECU,SSP5,2025,0.722
ECU,SSP5,2030,0.748
ECU,SSP5,2050,0.828
ECU,SSP5,2100,0.967
EGY,SSP5,2025,0.545
EGY,SSP5,2030,0.578
EGY,SSP5,2050,0.697
EGY,SSP5,2100,0.87
SLV,SSP5,2025,0.748
SLV,SSP5,2030,0.775
SLV,SSP5,2050,0.848
SLV,SSP5,2100,0.982
GNQ,SSP5,2025,0.772
GNQ,SSP5,2030,0.802
GNQ,SSP5,2050,0.897
GNQ,SSP5,2100,0.995
ERI,SSP5,2025,0.493
ERI,SSP5,2030,0.54
ERI,SSP5,2050,0.71
ERI,SSP5,2100,0.928
EST,SSP5,2025,0.758
EST,SSP5,2030,0.777
EST,SSP5,2050,0.833
EST,SSP5,2100,0.966
SWZ,SSP5,2025,0.326
SWZ,SSP5,2030,0.363
SWZ,SSP5,2050,0.526
SWZ,SSP5,2100,0.83
ETH,SSP5,2025,0.256
ETH,SSP5,2030,0.289
ETH,SSP5,2050,0.44
ETH,SSP5,2100,0.792
FRO,SSP5,2025,0.524
FRO,SSP5,2030,0.56
FRO,SSP5,2050,0.689
FRO,SSP5,2100,0.889
FJI,SSP5,2025,0.626
FJI,SSP5,2030,0.657
FJI,SSP5,2050,0.765
FJI,SSP5,2100,0.932
FIN,SSP5,2025,0.894
FIN,SSP5,2030,0.911
FIN,SSP5,2050,0.959
FIN,SSP5,2100,0.998
FRA,SSP5,2025,0.827
FRA,SSP5,2030,0.838
FRA,SSP5,2050,0.903
FRA,SSP5,2100,0.993
PYF,SSP5,2025,0.692
PYF,SSP5,2030,0.717
PYF,SSP5,2050,0.796
PYF,SSP5,2100,0.944
GAB,SSP5,2025,0.945
GAB,SSP5,2030,0.961
GAB,SSP5,2050,0.991
GAB,SSP5,2100,1.0
GMB,SSP5,2025,0.691
GMB,SSP5,2030,0.725
GMB,SSP5,2050,0.827
GMB,SSP5,2100,0.974
GEO,SSP5,2025,0.652
GEO,SSP5,2030,0.68
GEO,SSP5,2050,0.771
GEO,SSP5,2100,0.926
DEU,SSP5,2025,0.817
DEU,SSP5,2030,0.829
DEU,SSP5,2050,0.889
DEU,SSP5,2100,0.991
GHA,SSP5,2025,0.625
GHA,SSP5,2030,0.662
GHA,SSP5,2050,0.781
GHA,SSP5,2100,0.951
GRC,SSP5,2025,0.813
GRC,SSP5,2030,0.826
GRC,SSP5,2050,0.886
GRC,SSP5,2100,0.991
GRL,SSP5,2025,0.9
GRL,SSP5,2030,0.916
GRL,SSP5,2050,0.961
GRL,SSP5,2100,0.998
GRD,SSP5,2025,0.471
GRD,SSP5,2030,0.507
GRD,SSP5,2050,0.639
GRD,SSP5,2100,0.844
GUM,SSP5,2025,0.969
GUM,SSP5,2030,0.979
GUM,SSP5,2050,0.995
GUM,SSP5,2100,1.0
GTM,SSP5,2025,0.593
GTM,SSP5,2030,0.624
GTM,SSP5,2050,0.737
GTM,SSP5,2100,0.91
GIN,SSP5,2025,0.452
GIN,SSP5,2030,0.492
GIN,SSP5,2050,0.648
GIN,SSP5,2100,0.883
GNB,SSP5,2025,0.541
GNB,SSP5,2030,0.586
GNB,SSP5,2050,0.735
GNB,SSP5,2100,0.932
HTI,SSP5,2025,0.615
HTI,SSP5,2030,0.657
HTI,SSP5,2050,0.786
HTI,SSP5,2100,0.957
HND,SSP5,2025,0.633
HND,SSP5,2030,0.669
HND,SSP5,2050,0.783
HND,SSP5,2100,0.95
HUN,SSP5,2025,0.759
HUN,SSP5,2030,0.778
HUN,SSP5,2050,0.835
HUN,SSP5,2100,0.967
ISL,SSP5,2025,0.964
ISL,SSP5,2030,0.972
ISL,SSP5,2050,0.994
ISL,SSP5,2100,1.0
IND,SSP5,2025,0.415
IND,SSP5,2030,0.452
IND,SSP5,2050,0.597
IND,SSP5,2100,0.839
IDN,SSP5,2025,0.643
IDN,SSP5,2030,0.684
IDN,SSP5,2050,0.803
IDN,SSP5,2100,0.963
IRN,SSP5,2025,0.791
IRN,SSP5,2030,0.813
IRN,SSP5,2050,0.888
IRN,SSP5,2100,0.991
IRQ,SSP5,2025,0.763
IRQ,SSP5,2030,0.781
IRQ,SSP5,2050,0.838
IRQ,SSP5,2100,0.969
IRL,SSP5,2025,0.704
IRL,SSP5,2030,0.729
IRL,SSP5,2050,0.805
IRL,SSP5,2100,0.951
ISR,SSP5,2025,0.955
ISR,SSP5,2030,0.963
ISR,SSP5,2050,0.991
ISR,SSP5,2100,1.0
ITA,SSP5,2025,0.758
ITA,SSP5,2030,0.777
ITA,SSP5,2050,0.833
ITA,SSP5,2100,0.966
JAM,SSP5,2025,0.639
JAM,SSP5,2030,0.668
JAM,SSP5,2050,0.766
JAM,SSP5,2100,0.924
JPN,SSP5,2025,0.946
JPN,SSP5,2030,0.955
JPN,SSP5,2050,0.986
JPN,SSP5,2100,0.999
JOR,SSP5,2025,0.923
JOR,SSP5,2030,0.938
JOR,SSP5,2050,0.979
JOR,SSP5,2100,0.999
KAZ,SSP5,2025,0.666
KAZ,SSP5,2030,0.693
KAZ,SSP5,2050,0.78
KAZ,SSP5,2100,0.931
KEN,SSP5,2025,0.338
KEN,SSP5,2030,0.376
KEN,SSP5,2050,0.543
KEN,SSP5,2100,0.838
KIR,SSP5,2025,0.595
KIR,SSP5,2030,0.633
KIR,SSP5,2050,0.762
KIR,SSP5,2100,0.942
LAO,SSP5,2025,0.436
LAO,SSP5,2030,0.483
LAO,SSP5,2050,0.666
LAO,SSP5,2100,0.912
LVA,SSP5,2025,0.755
LVA,SSP5,2030,0.774
LVA,SSP5,2050,0.832
LVA,SSP5,2100,0.966
LBN,SSP5,2025,0.931
LBN,SSP5,2030,0.945
LBN,SSP5,2050,0.979
LBN,SSP5,2100,0.999
LSO,SSP5,2025,0.373
LSO,SSP5,2030,0.418
LSO,SSP5,2050,0.604
LSO,SSP5,2100,0.878
LBR,SSP5,2025,0.59
LBR,SSP5,2030,0.623
LBR,SSP5,2050,0.741
LBR,SSP5,2100,0.919
LBY,SSP5,2025,0.84
LBY,SSP5,2030,0.856
LBY,SSP5,2050,0.929
LBY,SSP5,2100,0.996
LTU,SSP5,2025,0.748
LTU,SSP5,2030,0.768
LTU,SSP5,2050,0.831
LTU,SSP5,2100,0.966
LUX,SSP5,2025,0.932
LUX,SSP5,2030,0.945
LUX,SSP5,2050,0.979
LUX,SSP5,2100,0.999
MDG,SSP5,2025,0.433
MDG,SSP5,2030,0.475
MDG,SSP5,2050,0.639
MDG,SSP5,2100,0.884
MWI,SSP5,2025,0.239
MWI,SSP5,2030,0.272
MWI,SSP5,2050,0.433
MWI,SSP5,2100,0.795
MYS,SSP5,2025,0.798
MYS,SSP5,2030,0.82
MYS,SSP5,2050,0.905
MYS,SSP5,2100,0.994
MDV,SSP5,2025,0.499
MDV,SSP5,2030,0.544
MDV,SSP5,2050,0.704
MDV,SSP5,2100,0.919
MLI,SSP5,2025,0.49
MLI,SSP5,2030,0.534
MLI,SSP5,2050,0.697
MLI,SSP5,2100,0.916
MLT,SSP5,2025,0.968
MLT,SSP5,2030,0.978
MLT,SSP5,2050,0.995
MLT,SSP5,2100,1.0
MHL,SSP5,2025,0.805
MHL,SSP5,2030,0.823
MHL,SSP5,2050,0.893
MHL,SSP5,2100,0.992
MRT,SSP5,2025,0.61
MRT,SSP5,2030,0.654
MRT,SSP5,2050,0.785
MRT,SSP5,2100,0.957
MUS,SSP5,2025,0.531
MUS,SSP5,2030,0.566
MUS,SSP5,2050,0.687
MUS,SSP5,2100,0.861
MEX,SSP5,2025,0.831
MEX,SSP5,2030,0.844
MEX,SSP5,2050,0.916
MEX,SSP5,2100,0.995
MDA,SSP5,2025,0.541
MDA,SSP5,2030,0.575
MDA,SSP5,2050,0.695
MDA,SSP5,2100,0.877
MNG,SSP5,2025,0.756
MNG,SSP5,2030,0.779
MNG,SSP5,2050,0.846
MNG,SSP5,2100,0.979
MNE,SSP5,2025,0.753
MNE,SSP5,2030,0.781
MNE,SSP5,2050,0.857
MNE,SSP5,2100,0.987
MAR,SSP5,2025,0.679
MAR,SSP5,2030,0.709
MAR,SSP5,2050,0.804
MAR,SSP5,2100,0.956
MOZ,SSP5,2025,0.457
MOZ,SSP5,2030,0.503
MOZ,SSP5,2050,0.679
MOZ,SSP5,2100,0.914
MMR,SSP5,2025,0.394
MMR,SSP5,2030,0.43
MMR,SSP5,2050,0.575
MMR,SSP5,2100,0.826
NAM,SSP5,2025,0.534
NAM,SSP5,2030,0.574
NAM,SSP5,2050,0.718
NAM,SSP5,2100,0.922
NPL,SSP5,2025,0.274
NPL,SSP5,2030,0.316
NPL,SSP5,2050,0.504
NPL,SSP5,2100,0.839
NLD,SSP5,2025,0.931
NLD,SSP5,2030,0.946
NLD,SSP5,2050,0.983
NLD,SSP5,2100,0.999
NCL,SSP5,2025,0.749
NCL,SSP5,2030,0.771
NCL,SSP5,2050,0.836
NCL,SSP5,2100,0.969
NZL,SSP5,2025,0.918
NZL,SSP5,2030,0.931
NZL,SSP5,2050,0.969
NZL,SSP5,2100,0.999
NIC,SSP5,2025,0.665
NIC,SSP5,2030,0.693
NIC,SSP5,2050,0.781
NIC,SSP5,2100,0.934
NER,SSP5,2025,0.246
NER,SSP5,2030,0.277
NER,SSP5,2050,0.418
NER,SSP5,2100,0.771
NGA,SSP5,2025,0.568
NGA,SSP5,2030,0.61
NGA,SSP5,2050,0.751
NGA,SSP5,2100,0.94
MKD,SSP5,2025,0.669
MKD,SSP5,2030,0.696
MKD,SSP5,2050,0.783
MKD,SSP5,2100,0.934
MNP,SSP5,2025,0.95
MNP,SSP5,2030,0.959
MNP,SSP5,2050,0.988
MNP,SSP5,2100,0.999
NOR,SSP5,2025,0.837
NOR,SSP5,2030,0.848
NOR,SSP5,2050,0.921
NOR,SSP5,2100,0.996
OMN,SSP5,2025,0.835
OMN,SSP5,2030,0.852
OMN,SSP5,2050,0.938
OMN,SSP5,2100,0.997
PAK,SSP5,2025,0.46
PAK,SSP5,2030,0.496
PAK,SSP5,2050,0.633
PAK,SSP5,2100,0.847
PLW,SSP5,2025,0.803
PLW,SSP5,2030,0.817
PLW,SSP5,2050,0.874
PLW,SSP5,2100,0.988
PAN,SSP5,2025,0.737
PAN,SSP5,2030,0.76
PAN,SSP5,2050,0.832
PAN,SSP5,2100,0.968
PNG,SSP5,2025,0.202
PNG,SSP5,2030,0.23
PNG,SSP5,2050,0.36
PNG,SSP5,2100,0.723
PRY,SSP5,2025,0.691
PRY,SSP5,2030,0.719
PRY,SSP5,2050,0.81
PRY,SSP5,2100,0.958
PER,SSP5,2025,0.824
PER,SSP5,2030,0.838
PER,SSP5,2050,0.907
PER,SSP5,2100,0.994
PHL,SSP5,2025,0.567
PHL,SSP5,2030,0.6
PHL,SSP5,2050,0.715
PHL,SSP5,2100,0.893
POL,SSP5,2025,0.701
POL,SSP5,2030,0.726
POL,SSP5,2050,0.802
POL,SSP5,2100,0.946
PRT,SSP5,2025,0.7
PRT,SSP5,2030,0.728
PRT,SSP5,2050,0.816
PRT,SSP5,2100,0.961
PRI,SSP5,2025,0.98
PRI,SSP5,2030,0.987
PRI,SSP5,2050,0.997
PRI,SSP5,2100,1.0
QAT,SSP5,2025,0.995
QAT,SSP5,2030,0.996
QAT,SSP5,2050,0.999
QAT,SSP5,2100,1.0
ROU,SSP5,2025,0.64
ROU,SSP5,2030,0.669
ROU,SSP5,2050,0.765
ROU,SSP5,2100,0.924
RUS,SSP5,2025,0.798
RUS,SSP5,2030,0.812
RUS,SSP5,2050,0.864
RUS,SSP5,2100,0.985
RWA,SSP5,2025,0.294
RWA,SSP5,2030,0.343
RWA,SSP5,2050,0.558
RWA,SSP5,2100,0.886
VCT,SSP5,2025,0.6
VCT,SSP5,2030,0.632
VCT,SSP5,2050,0.747
VCT,SSP5,2100,0.924
SMR,SSP5,2025,0.987
SMR,SSP5,2030,0.991
SMR,SSP5,2050,0.998
SMR,SSP5,2100,1.0
STP,SSP5,2025,0.756
STP,SSP5,2030,0.785
STP,SSP5,2050,0.869
STP,SSP5,2100,0.989
SAU,SSP5,2025,0.889
SAU,SSP5,2030,0.909
SAU,SSP5,2050,0.958
SAU,SSP5,2100,0.998
SEN,SSP5,2025,0.549
SEN,SSP5,2030,0.583
SEN,SSP5,2050,0.706
SEN,SSP5,2100,0.893
SYC,SSP5,2025,0.634
SYC,SSP5,2030,0.663
SYC,SSP5,2050,0.764
SYC,SSP5,2100,0.924
SLE,SSP5,2025,0.502
SLE,SSP5,2030,0.539
SLE,SSP5,2050,0.672
SLE,SSP5,2100,0.878
SVK,SSP5,2025,0.65
SVK,SSP5,2030,0.678
SVK,SSP5,2050,0.771
SVK,SSP5,2100,0.926
SVN,SSP5,2025,0.629
SVN,SSP5,2030,0.659
SVN,SSP5,2050,0.761
SVN,SSP5,2100,0.924
SLB,SSP5,2025,0.296
SLB,SSP5,2030,0.335
SLB,SSP5,2050,0.505
SLB,SSP5,2100,0.828
SOM,SSP5,2025,0.494
SOM,SSP5,2030,0.531
SOM,SSP5,2050,0.671
SOM,SSP5,2100,0.882
ZAF,SSP5,2025,0.707
ZAF,SSP5,2030,0.732
ZAF,SSP5,2050,0.811
ZAF,SSP5,2100,0.956
KOR,SSP5,2025,0.893
KOR,SSP5,2030,0.914
KOR,SSP5,2050,0.965
KOR,SSP5,2100,0.999
SSD,SSP5,2025,0.267
SSD,SSP5,2030,0.301
SSD,SSP5,2050,0.457
SSD,SSP5,2100,0.801
ESP,SSP5,2025,0.828
ESP,SSP5,2030,0.839
ESP,SSP5,2050,0.906
ESP,SSP5,2100,0.994
LKA,SSP5,2025,0.272
LKA,SSP5,2030,0.305
LKA,SSP5,2050,0.443
LKA,SSP5,2100,0.759
SDN,SSP5,2025,0.447
SDN,SSP5,2030,0.487
SDN,SSP5,2050,0.643
SDN,SSP5,2100,0.879
SUR,SSP5,2025,0.744
SUR,SSP5,2030,0.765
SUR,SSP5,2050,0.829
SUR,SSP5,2100,0.964
SWE,SSP5,2025,0.908
SWE,SSP5,2030,0.923
SWE,SSP5,2050,0.965
SWE,SSP5,2100,0.999
CHE,SSP5,2025,0.797
CHE,SSP5,2030,0.812
CHE,SSP5,2050,0.86
CHE,SSP5,2100,0.984
SYR,SSP5,2025,0.652
SYR,SSP5,2030,0.681
SYR,SSP5,2050,0.776
SYR,SSP5,2100,0.931
TZA,SSP5,2025,0.412
TZA,SSP5,2030,0.458
TZA,SSP5,2050,0.641
TZA,SSP5,2100,0.897
THA,SSP5,2025,0.558
THA,SSP5,2030,0.598
THA,SSP5,2050,0.737
THA,SSP5,2100,0.931
TLS,SSP5,2025,0.386
TLS,SSP5,2030,0.425
TLS,SSP5,2050,0.59
TLS,SSP5,2100,0.851
TGO,SSP5,2025,0.494
TGO,SSP5,2030,0.535
TGO,SSP5,2050,0.687
TGO,SSP5,2100,0.906
TON,SSP5,2025,0.335
TON,SSP5,2030,0.369
TON,SSP5,2050,0.513
TON,SSP5,2100,0.798
TTO,SSP5,2025,0.644
TTO,SSP5,2030,0.673
TTO,SSP5,2050,0.767
TTO,SSP5,2100,0.924
TUN,SSP5,2025,0.754
TUN,SSP5,2030,0.777
TUN,SSP5,2050,0.845
TUN,SSP5,2100,0.978
TUR,SSP5,2025,0.793
TUR,SSP5,2030,0.814
TUR,SSP5,2050,0.889
TUR,SSP5,2100,0.991
TKM,SSP5,2025,0.593
TKM,SSP5,2030,0.624
TKM,SSP5,2050,0.732
TKM,SSP5,2100,0.897
TCA,SSP5,2025,0.965
TCA,SSP5,2030,0.976
TCA,SSP5,2050,0.995
TCA,SSP5,2100,1.0
TUV,SSP5,2025,0.676
TUV,SSP5,2030,0.713
TUV,SSP5,2050,0.818
TUV,SSP5,2100,0.966
UGA,SSP5,2025,0.302
UGA,SSP5,2030,0.344
UGA,SSP5,2050,0.528
UGA,SSP5,2100,0.843
UKR,SSP5,2025,0.76
UKR,SSP5,2030,0.779
UKR,SSP5,2050,0.837
UKR,SSP5,2100,0.969
ARE,SSP5,2025,0.889
ARE,SSP5,2030,0.906
ARE,SSP5,2050,0.955
ARE,SSP5,2100,0.998
GBR,SSP5,2025,0.846
GBR,SSP5,2030,0.86
GBR,SSP5,2050,0.928
GBR,SSP5,2100,0.996
USA,SSP5,2025,0.843
USA,SSP5,2030,0.855
USA,SSP5,2050,0.925
USA,SSP5,2100,0.996
VIR,SSP5,2025,0.981
VIR,SSP5,2030,0.987
VIR,SSP5,2050,0.997
VIR,SSP5,2100,1.0
URY,SSP5,2025,0.969
URY,SSP5,2030,0.978
URY,SSP5,2050,0.995
URY,SSP5,2100,1.0
UZB,SSP5,2025,0.614
UZB,SSP5,2030,0.645
UZB,SSP5,2050,0.753
UZB,SSP5,2100,0.921
VUT,SSP5,2025,0.348
VUT,SSP5,2030,0.384
VUT,SSP5,2050,0.544
VUT,SSP5,2100,0.833
VEN,SSP5,2025,0.931
VEN,SSP5,2030,0.944
VEN,SSP5,2050,0.979
VEN,SSP5,2100,0.999
VNM,SSP5,2025,0.407
VNM,SSP5,2030,0.445
VNM,SSP5,2050,0.599
VNM,SSP5,2100,0.848
YEM,SSP5,2025,0.445
YEM,SSP5,2030,0.489
YEM,SSP5,2050,0.657
YEM,SSP5,2100,0.897
ZMB,SSP5,2025,0.503
ZMB,SSP5,2030,0.539
ZMB,SSP5,2050,0.667
ZMB,SSP5,2100,0.86
ZWE,SSP5,2025,0.449
ZWE,SSP5,2030,0.487
ZWE,SSP5,2050,0.637
ZWE,SSP5,2100,0.866
