alpha3,country,context,year,source,hdi,flushSewer,flushSeptic,flushPit,flushUnknown,flushOpen,pitSlab,pitNoSlab,hangingToilet,bucketLatrine,compostingToilet,openDefecation,other
ABW,Aruba,Rural,1990,ABW_1990_CEN,,0.132,0.823,0.0,0.0,0.0,0.03,0.0,0.0,0.0,0.0,0.008,0.007
ABW,Aruba,Rural,2000,ABW_2000_CEN,,0.146,0.824,0.0,0.0,0.0,0.013,0.0,0.0,0.0,0.0,0.01,0.007
ABW,Aruba,Rural,2020,ABW_2020_CEN,,0.0,0.0,0.0,0.0,0.0,0.991,0.0,0.0,0.0,0.0,0.007,0.002
ABW,Aruba,Urban,1990,ABW_1990_CEN,,0.132,0.823,0.0,0.0,0.0,0.03,0.0,0.0,0.0,0.0,0.008,0.007
ABW,Aruba,Urban,2000,ABW_2000_CEN,,0.146,0.824,0.0,0.0,0.0,0.013,0.0,0.0,0.0,0.0,0.01,0.007
ABW,Aruba,Urban,2020,ABW_2020_CEN,,0.0,0.0,0.0,0.0,0.0,0.991,0.0,0.0,0.0,0.0,0.007,0.002
AFG,Afghanistan,Rural,2003,AFG_2003_MICS,0.392,0.004,0.0,0.0,0.0,0.0,0.512,0.062,0.0,0.0,0.0,0.392,0.03
AFG,Afghanistan,Rural,2010,AFG_2010_MS,0.465,0.004,0.023,0.022,0.0,0.01,0.311,0.41,0.0,0.0,0.0,0.201,0.019
AFG,Afghanistan,Rural,2011,AFG_2011_MICS,0.474,0.026,0.049,0.031,0.001,0.012,0.26799999999999996,0.197,0.0,0.011,0.011,0.177,0.217
AFG,Afghanistan,Rural,2013,AFG_2013_NNS,0.492,0.034,0.056,0.026,0.0,0.006,0.289,0.449,0.0,0.0,0.0,0.129,0.011
AFG,Afghanistan,Rural,2020,AFG_2020_IELFS,0.501,0.017,0.019,0.007,0.0,0.003,0.577,0.222,0.0,0.0,0.0,0.149,0.006
AFG,Afghanistan,Urban,2003,AFG_2003_MICS,0.392,0.082,0.0,0.0,0.0,0.0,0.72,0.065,0.0,0.0,0.0,0.128,0.005
AFG,Afghanistan,Urban,2010,AFG_2010_MS,0.465,0.004,0.023,0.022,0.0,0.01,0.311,0.41,0.0,0.0,0.0,0.201,0.019
AFG,Afghanistan,Urban,2011,AFG_2011_MICS,0.474,0.026,0.049,0.031,0.001,0.012,0.26799999999999996,0.197,0.0,0.011,0.011,0.177,0.217
AFG,Afghanistan,Urban,2013,AFG_2013_NNS,0.492,0.034,0.056,0.026,0.0,0.006,0.289,0.449,0.0,0.0,0.0,0.129,0.011
AFG,Afghanistan,Urban,2014,AFG_2014_ALCS,0.497,0.134,0.217,0.0,0.0,0.0,0.415,0.227,0.0,0.0,0.0,0.007,0.0
AFG,Afghanistan,Urban,2020,AFG_2020_IELFS,0.501,0.1,0.226,0.023,0.0,0.01,0.48600000000000004,0.152,0.0,0.0,0.0,0.002,0.001
AGO,Angola,Rural,2001,AGO_2001_MICS,0.401,0.022,0.013,0.031,0.0,0.0,0.19,0.01,0.0,0.0,0.0,0.734,0.0
AGO,Angola,Rural,2004,AGO_2004_QUIBB,0.448,0.057,0.066,0.076,0.0,0.008,0.298,0.0,0.0,0.008,0.0,0.487,0.0
AGO,Angola,Urban,2001,AGO_2001_MICS,0.401,0.185,0.112,0.096,0.0,0.0,0.348,0.01,0.0,0.003,0.0,0.242,0.004
AGO,Angola,Urban,2004,AGO_2004_QUIBB,0.448,0.399,0.144,0.072,0.0,0.005,0.229,0.0,0.0,0.007,0.0,0.144,0.0
AGO,Angola,Urban,2016,AGO_2016_IIMS,0.609,0.117,0.756,0.0,0.0,0.04,0.0,0.0,0.0,0.004,0.0,0.078,0.005
ALB,Albania,Rural,2001,ALB_2001_CEN,0.691,0.281,0.0,0.0,0.0,0.0,0.7070000000000001,0.0,0.0,0.0,0.0,0.012,0.0
ALB,Albania,Rural,2003,ALB_2003_LSMS,0.705,0.569,0.0,0.0,0.0,0.0,0.429,0.0,0.0,0.0,0.0,0.0,0.002
ALB,Albania,Rural,2006,ALB_2006_MICS,0.732,0.612,0.213,0.003,0.0,0.0,0.157,0.01,0.0,0.0,0.0,0.0,0.005
ALB,Albania,Rural,2011,ALB_2011_CEN,0.781,0.863,0.0,0.0,0.0,0.0,0.126,0.0,0.0,0.0,0.0,0.011,0.0
ALB,Albania,Urban,2001,ALB_2001_CEN,0.691,0.875,0.0,0.0,0.0,0.0,0.12,0.0,0.0,0.0,0.0,0.005,0.0
ALB,Albania,Urban,2003,ALB_2003_LSMS,0.705,0.965,0.0,0.0,0.0,0.0,0.033,0.0,0.0,0.0,0.0,0.0,0.002
ALB,Albania,Urban,2006,ALB_2006_MICS,0.732,0.972,0.016,0.0,0.0,0.0,0.006,0.004,0.0,0.0,0.0,0.0,0.002
ALB,Albania,Urban,2011,ALB_2011_CEN,0.781,0.98,0.0,0.0,0.0,0.0,0.017,0.0,0.0,0.0,0.0,0.003,0.0
ALB,Albania,Urban,2012,ALB_2012_LSMS,0.79,0.982,0.0,0.0,0.0,0.0,0.018,0.0,0.0,0.0,0.0,0.0,0.0
ALB,Albania,Urban,2013,ALB_2013_WRA,0.793,0.51,0.0,0.0,0.0,0.0,0.0,0.0,0.0,0.0,0.0,0.0,0.49
ALB,Albania,Urban,2014,ALB_2014_WRA,0.797,0.51,0.0,0.0,0.0,0.0,0.0,0.0,0.0,0.0,0.0,0.0,0.49
AND,Andorra,Rural,1990,AND_1990_GA,,1.0,0.0,0.0,0.0,0.0,0.0,0.0,0.0,0.0,0.0,0.0,0.0
AND,Andorra,Rural,1995,AND_1995_GA,,1.0,0.0,0.0,0.0,0.0,0.0,0.0,0.0,0.0,0.0,0.0,0.0
AND,Andorra,Rural,1999,AND_1999_JMP,,0.0,0.0,0.0,0.0,0.0,1.0,0.0,0.0,0.0,0.0,0.0,0.0
AND,Andorra,Rural,2000,AND_2000_GA,0.825,1.0,0.0,0.0,0.0,0.0,0.0,0.0,0.0,0.0,0.0,0.0,0.0
AND,Andorra,Rural,2001,AND_2001_GA,0.832,1.0,0.0,0.0,0.0,0.0,0.0,0.0,0.0,0.0,0.0,0.0,0.0
AND,Andorra,Rural,2002,AND_2002_GA,0.838,1.0,0.0,0.0,0.0,0.0,0.0,0.0,0.0,0.0,0.0,0.0,0.0
AND,Andorra,Rural,2003,AND_2003_GA,0.84,1.0,0.0,0.0,0.0,0.0,0.0,0.0,0.0,0.0,0.0,0.0,0.0
AND,Andorra,Rural,2004,AND_2004_GA,0.849,1.0,0.0,0.0,0.0,0.0,0.0,0.0,0.0,0.0,0.0,0.0,0.0
AND,Andorra,Rural,2005,AND_2005_GA,0.842,1.0,0.0,0.0,0.0,0.0,0.0,0.0,0.0,0.0,0.0,0.0,0.0
AND,Andorra,Rural,2006,AND_2006_GA,0.851,1.0,0.0,0.0,0.0,0.0,0.0,0.0,0.0,0.0,0.0,0.0,0.0
AND,Andorra,Rural,2007,AND_2007_GA,0.859,1.0,0.0,0.0,0.0,0.0,0.0,0.0,0.0,0.0,0.0,0.0,0.0
AND,Andorra,Rural,2008,AND_2008_GA,0.864,1.0,0.0,0.0,0.0,0.0,0.0,0.0,0.0,0.0,0.0,0.0,0.0
AND,Andorra,Rural,2009,AND_2009_GA,0.866,1.0,0.0,0.0,0.0,0.0,0.0,0.0,0.0,0.0,0.0,0.0,0.0
AND,Andorra,Rural,2010,AND_2010_GA,0.87,1.0,0.0,0.0,0.0,0.0,0.0,0.0,0.0,0.0,0.0,0.0,0.0
AND,Andorra,Rural,2011,AND_2011_GA,0.875,1.0,0.0,0.0,0.0,0.0,0.0,0.0,0.0,0.0,0.0,0.0,0.0
AND,Andorra,Rural,2012,AND_2012_GA,0.876,1.0,0.0,0.0,0.0,0.0,0.0,0.0,0.0,0.0,0.0,0.0,0.0
AND,Andorra,Urban,1990,AND_1990_GA,,1.0,0.0,0.0,0.0,0.0,0.0,0.0,0.0,0.0,0.0,0.0,0.0
AND,Andorra,Urban,1995,AND_1995_GA,,1.0,0.0,0.0,0.0,0.0,0.0,0.0,0.0,0.0,0.0,0.0,0.0
AND,Andorra,Urban,1999,AND_1999_JMP,,1.0,0.0,0.0,0.0,0.0,0.0,0.0,0.0,0.0,0.0,0.0,0.0
AND,Andorra,Urban,2000,AND_2000_GA,0.825,1.0,0.0,0.0,0.0,0.0,0.0,0.0,0.0,0.0,0.0,0.0,0.0
AND,Andorra,Urban,2001,AND_2001_GA,0.832,1.0,0.0,0.0,0.0,0.0,0.0,0.0,0.0,0.0,0.0,0.0,0.0
AND,Andorra,Urban,2002,AND_2002_GA,0.838,1.0,0.0,0.0,0.0,0.0,0.0,0.0,0.0,0.0,0.0,0.0,0.0
AND,Andorra,Urban,2003,AND_2003_GA,0.84,1.0,0.0,0.0,0.0,0.0,0.0,0.0,0.0,0.0,0.0,0.0,0.0
AND,Andorra,Urban,2004,AND_2004_GA,0.849,1.0,0.0,0.0,0.0,0.0,0.0,0.0,0.0,0.0,0.0,0.0,0.0
AND,Andorra,Urban,2005,AND_2005_GA,0.842,1.0,0.0,0.0,0.0,0.0,0.0,0.0,0.0,0.0,0.0,0.0,0.0
AND,Andorra,Urban,2006,AND_2006_GA,0.851,1.0,0.0,0.0,0.0,0.0,0.0,0.0,0.0,0.0,0.0,0.0,0.0
AND,Andorra,Urban,2007,AND_2007_GA,0.859,1.0,0.0,0.0,0.0,0.0,0.0,0.0,0.0,0.0,0.0,0.0,0.0
AND,Andorra,Urban,2008,AND_2008_GA,0.864,1.0,0.0,0.0,0.0,0.0,0.0,0.0,0.0,0.0,0.0,0.0,0.0
AND,Andorra,Urban,2009,AND_2009_GA,0.866,1.0,0.0,0.0,0.0,0.0,0.0,0.0,0.0,0.0,0.0,0.0,0.0
AND,Andorra,Urban,2010,AND_2010_GA,0.87,1.0,0.0,0.0,0.0,0.0,0.0,0.0,0.0,0.0,0.0,0.0,0.0
AND,Andorra,Urban,2011,AND_2011_GA,0.875,1.0,0.0,0.0,0.0,0.0,0.0,0.0,0.0,0.0,0.0,0.0,0.0
AND,Andorra,Urban,2012,AND_2012_GA,0.876,1.0,0.0,0.0,0.0,0.0,0.0,0.0,0.0,0.0,0.0,0.0,0.0
ARE,United Arab Emirates,Rural,2008,ARE_2008_FEI,0.831,0.783,0.201,0.0,0.0,0.0,0.0,0.0,0.0,0.0,0.0,0.0,0.016
ARE,United Arab Emirates,Urban,2008,ARE_2008_FEI,0.831,0.783,0.201,0.0,0.0,0.0,0.0,0.0,0.0,0.0,0.0,0.0,0.016
ARG,Argentina,Rural,2001,ARG_2001_CEN,0.795,0.02,0.283,0.185,0.0,0.0,0.512,0.0,0.0,0.0,0.0,0.0,0.0
ARG,Argentina,Rural,2005,ARG_2005_ENGH,0.812,0.021,0.242,0.21,0.002,0.002,0.523,0.0,0.0,0.0,0.0,0.0,0.0
ARG,Argentina,Rural,2010,ARG_2010_CEN,0.844,0.045,0.375,0.381,0.0,0.0,0.0,0.122,0.0,0.0,0.0,0.077,0.0
ARG,Argentina,Urban,2001,ARG_2001_CEN,0.795,0.473,0.247,0.114,0.0,0.0,0.166,0.0,0.0,0.0,0.0,0.0,0.0
ARG,Argentina,Urban,2005,ARG_2005_ENGH,0.812,0.512,0.266,0.101,0.003,0.001,0.117,0.0,0.0,0.0,0.0,0.0,0.0
ARG,Argentina,Urban,2009,ARG_2009_ENFR,0.835,0.591,0.27,0.116,0.0,0.002,0.017,0.0,0.0,0.0,0.0,0.004,0.0
ARG,Argentina,Urban,2010,ARG_2010_CEN,0.844,0.538,0.254,0.187,0.0,0.0,0.0,0.0,0.0,0.0,0.0,0.021,0.0
ARG,Argentina,Urban,2012,ARG_2012_MICS,0.85,0.58,0.216,0.163,0.002,0.01,0.0,0.0,0.0,0.0,0.0,0.028,0.001
ARG,Argentina,Urban,2013,ARG_2013_ENFR,0.852,0.614,0.254,0.114,0.0,0.002,0.009,0.0,0.0,0.0,0.0,0.007,0.0
ARG,Argentina,Urban,2013,ARG_2013_ENGH,0.852,0.597,0.226,0.148,0.0,0.001,0.017,0.0,0.0,0.0,0.0,0.011,0.0
ARG,Argentina,Urban,2017,ARG_2017_ENV,0.861,0.642,0.235,0.104,0.0,0.002,0.003,0.004,0.0,0.0,0.0,0.01,0.0
ARG,Argentina,Urban,2018,ARG_2018_ENFR,0.861,0.64,0.213,0.133,0.0,0.005,0.007,0.0,0.0,0.0,0.0,0.002,0.0
ARM,Armenia,Rural,1998,ARM_1998_HN,0.655,0.327,0.011,0.0,0.0,0.0,0.573,0.089,0.0,0.0,0.0,0.0,0.0
ARM,Armenia,Rural,1999,ARM_1999_ISLS,0.661,0.174,0.0,0.0,0.0,0.0,0.0,0.0,0.0,0.0,0.0,0.0,0.826
ARM,Armenia,Rural,2000,ARM_2000_ASB,0.667,0.177,0.0,0.0,0.0,0.0,0.0,0.0,0.0,0.0,0.0,0.0,0.823
ARM,Armenia,Rural,2001,ARM_2001_ASB,0.672,0.246,0.0,0.0,0.0,0.0,0.0,0.0,0.0,0.0,0.0,0.0,0.754
ARM,Armenia,Rural,2002,ARM_2002_ASB,0.682,0.225,0.0,0.0,0.0,0.0,0.0,0.0,0.0,0.0,0.0,0.0,0.775
ARM,Armenia,Rural,2003,ARM_2003_ASB,0.692,0.223,0.0,0.0,0.0,0.0,0.0,0.0,0.0,0.0,0.0,0.0,0.777
ARM,Armenia,Rural,2004,ARM_2004_ASB,0.7,0.128,0.0,0.0,0.0,0.0,0.0,0.0,0.0,0.0,0.0,0.0,0.872
ARM,Armenia,Rural,2005,ARM_2005_ASB,0.711,0.177,0.0,0.0,0.0,0.0,0.0,0.0,0.0,0.0,0.0,0.0,0.823
ARM,Armenia,Rural,2006,ARM_2006_ASB,0.725,0.191,0.0,0.0,0.0,0.0,0.0,0.0,0.0,0.0,0.0,0.0,0.809
ARM,Armenia,Rural,2007,ARM_2007_ASB,0.739,0.211,0.0,0.0,0.0,0.0,0.0,0.0,0.0,0.0,0.0,0.0,0.789
ARM,Armenia,Rural,2008,ARM_2008_ASB,0.743,0.19,0.0,0.0,0.0,0.0,0.0,0.0,0.0,0.0,0.0,0.0,0.81
ARM,Armenia,Rural,2009,ARM_2009_ASB,0.741,0.214,0.0,0.0,0.0,0.0,0.0,0.0,0.0,0.0,0.0,0.0,0.786
ARM,Armenia,Rural,2010,ARM_2010_ASB,0.747,0.164,0.0,0.0,0.0,0.0,0.0,0.0,0.0,0.0,0.0,0.0,0.836
ARM,Armenia,Rural,2010,ARM_2010_DHS,0.747,0.229,0.012,0.045,0.001,0.001,0.206,0.504,0.0,0.0,0.0,0.001,0.001
ARM,Armenia,Rural,2011,ARM_2011_ASB,0.752,0.17,0.0,0.0,0.0,0.0,0.0,0.0,0.0,0.0,0.0,0.0,0.83
ARM,Armenia,Rural,2012,ARM_2012_ASB,0.761,0.13,0.0,0.0,0.0,0.0,0.0,0.0,0.0,0.0,0.0,0.0,0.87
ARM,Armenia,Rural,2013,ARM_2013_ASB,0.766,0.175,0.0,0.0,0.0,0.0,0.0,0.0,0.0,0.0,0.0,0.0,0.825
ARM,Armenia,Rural,2014,ARM_2014_ASB,0.772,0.165,0.0,0.0,0.0,0.0,0.0,0.0,0.0,0.0,0.0,0.0,0.835
ARM,Armenia,Rural,2015,ARM_2015_ASB,0.777,0.203,0.0,0.0,0.0,0.0,0.0,0.0,0.0,0.0,0.0,0.0,0.797
ARM,Armenia,Rural,2016,ARM_2016_ASB,0.783,0.203,0.0,0.0,0.0,0.0,0.0,0.0,0.0,0.0,0.0,0.0,0.797
ARM,Armenia,Rural,2017,ARM_2017_ASB,0.785,0.253,0.0,0.0,0.0,0.0,0.0,0.0,0.0,0.0,0.0,0.0,0.747
ARM,Armenia,Rural,2018,ARM_2018_ASB,0.789,0.286,0.0,0.0,0.0,0.0,0.0,0.0,0.0,0.0,0.0,0.0,0.714
ARM,Armenia,Urban,1998,ARM_1998_HN,0.655,0.952,0.0,0.0,0.0,0.0,0.048,0.0,0.0,0.0,0.0,0.0,0.0
ARM,Armenia,Urban,1999,ARM_1999_ISLS,0.661,0.902,0.0,0.0,0.0,0.0,0.0,0.0,0.0,0.0,0.0,0.0,0.098
ARM,Armenia,Urban,2000,ARM_2000_ASB,0.667,0.822,0.0,0.0,0.0,0.0,0.0,0.0,0.0,0.0,0.0,0.0,0.178
ARM,Armenia,Urban,2001,ARM_2001_ASB,0.672,0.808,0.0,0.0,0.0,0.0,0.0,0.0,0.0,0.0,0.0,0.0,0.192
ARM,Armenia,Urban,2002,ARM_2002_ASB,0.682,0.822,0.0,0.0,0.0,0.0,0.0,0.0,0.0,0.0,0.0,0.0,0.178
ARM,Armenia,Urban,2003,ARM_2003_ASB,0.692,0.849,0.0,0.0,0.0,0.0,0.0,0.0,0.0,0.0,0.0,0.0,0.151
ARM,Armenia,Urban,2004,ARM_2004_ASB,0.7,0.79,0.0,0.0,0.0,0.0,0.0,0.0,0.0,0.0,0.0,0.0,0.21
ARM,Armenia,Urban,2005,ARM_2005_ASB,0.711,0.833,0.0,0.0,0.0,0.0,0.0,0.0,0.0,0.0,0.0,0.0,0.167
ARM,Armenia,Urban,2005,ARM_2005_DHS,0.711,0.921,0.003,0.01,0.0,0.005,0.051000000000000004,0.005,0.0,0.002,0.0,0.001,0.002
ARM,Armenia,Urban,2006,ARM_2006_ASB,0.725,0.901,0.0,0.0,0.0,0.0,0.0,0.0,0.0,0.0,0.0,0.0,0.099
ARM,Armenia,Urban,2007,ARM_2007_ASB,0.739,0.904,0.0,0.0,0.0,0.0,0.0,0.0,0.0,0.0,0.0,0.0,0.096
ARM,Armenia,Urban,2008,ARM_2008_ASB,0.743,0.911,0.0,0.0,0.0,0.0,0.0,0.0,0.0,0.0,0.0,0.0,0.089
ARM,Armenia,Urban,2009,ARM_2009_ASB,0.741,0.635,0.0,0.0,0.0,0.0,0.0,0.0,0.0,0.0,0.0,0.0,0.365
ARM,Armenia,Urban,2010,ARM_2010_ASB,0.747,0.961,0.0,0.0,0.0,0.0,0.0,0.0,0.0,0.0,0.0,0.0,0.039
ARM,Armenia,Urban,2010,ARM_2010_DHS,0.747,0.956,0.001,0.007,0.0,0.003,0.014,0.017,0.0,0.001,0.0,0.0,0.001
ARM,Armenia,Urban,2011,ARM_2011_ASB,0.752,0.964,0.0,0.0,0.0,0.0,0.0,0.0,0.0,0.0,0.0,0.0,0.036
ARM,Armenia,Urban,2012,ARM_2012_ASB,0.761,0.959,0.0,0.0,0.0,0.0,0.0,0.0,0.0,0.0,0.0,0.0,0.041
ARM,Armenia,Urban,2013,ARM_2013_ASB,0.766,0.962,0.0,0.0,0.0,0.0,0.0,0.0,0.0,0.0,0.0,0.0,0.038
ARM,Armenia,Urban,2013,ARM_2013_STEPWB,0.766,0.961,0.01,0.017,0.0,0.001,0.004,0.007,0.0,0.0,0.0,0.0,0.0
ARM,Armenia,Urban,2014,ARM_2014_ASB,0.772,0.949,0.0,0.0,0.0,0.0,0.0,0.0,0.0,0.0,0.0,0.0,0.051
ARM,Armenia,Urban,2015,ARM_2015_ASB,0.777,0.964,0.0,0.0,0.0,0.0,0.0,0.0,0.0,0.0,0.0,0.0,0.036
ARM,Armenia,Urban,2016,ARM_2016_ASB,0.783,0.961,0.0,0.0,0.0,0.0,0.0,0.0,0.0,0.0,0.0,0.0,0.039
ARM,Armenia,Urban,2017,ARM_2017_ASB,0.785,0.978,0.0,0.0,0.0,0.0,0.0,0.0,0.0,0.0,0.0,0.0,0.022
ARM,Armenia,Urban,2018,ARM_2018_ASB,0.789,0.981,0.0,0.0,0.0,0.0,0.0,0.0,0.0,0.0,0.0,0.0,0.019
ASM,American Samoa,Rural,1980,ASM_1980_CEN,,0.121,0.714,0.0,0.0,0.0,0.0,0.0,0.0,0.0,0.0,0.0,0.165
ASM,American Samoa,Rural,1990,ASM_1990_CEN,,0.17,0.515,0.0,0.0,0.0,0.0,0.0,0.0,0.0,0.0,0.0,0.315
ASM,American Samoa,Rural,1995,ASM_1995_CEN,,0.301,0.668,0.0,0.0,0.0,0.0,0.0,0.0,0.0,0.0,0.0,0.031
ASM,American Samoa,Rural,2020,ASM_2020_CEN,,0.521,0.442,0.0,0.0,0.0,0.0,0.0,0.0,0.0,0.0,0.0,0.037
ASM,American Samoa,Urban,1980,ASM_1980_CEN,,0.121,0.714,0.0,0.0,0.0,0.0,0.0,0.0,0.0,0.0,0.0,0.165
ASM,American Samoa,Urban,1990,ASM_1990_CEN,,0.17,0.515,0.0,0.0,0.0,0.0,0.0,0.0,0.0,0.0,0.0,0.315
ASM,American Samoa,Urban,1995,ASM_1995_CEN,,0.301,0.668,0.0,0.0,0.0,0.0,0.0,0.0,0.0,0.0,0.0,0.031
ASM,American Samoa,Urban,2020,ASM_2020_CEN,,0.521,0.442,0.0,0.0,0.0,0.0,0.0,0.0,0.0,0.0,0.0,0.037
ATG,Antigua and Barbuda,Rural,2001,ATG_2001_CEN,,0.727,0.0,0.0,0.0,0.0,0.253,0.0,0.0,0.0,0.0,0.014,0.006
ATG,Antigua and Barbuda,Rural,2005,ATG_2005_LCHBS,,0.042,0.729,0.0,0.0,0.0,0.213,0.0,0.0,0.0,0.0,0.007,0.009000000000000001
ATG,Antigua and Barbuda,Rural,2015,ATG_2015_LFS,0.839,0.02,0.666,0.237,0.0,0.0,0.056,0.0,0.0,0.0,0.0,0.009,0.012
ATG,Antigua and Barbuda,Urban,2001,ATG_2001_CEN,,0.727,0.0,0.0,0.0,0.0,0.253,0.0,0.0,0.0,0.0,0.014,0.006
ATG,Antigua and Barbuda,Urban,2005,ATG_2005_LCHBS,,0.042,0.729,0.0,0.0,0.0,0.213,0.0,0.0,0.0,0.0,0.007,0.009000000000000001
ATG,Antigua and Barbuda,Urban,2015,ATG_2015_LFS,0.839,0.015,0.454,0.391,0.0,0.0,0.128,0.0,0.0,0.0,0.0,0.003,0.009
ATG,Antigua and Barbuda,Urban,2018,ATG_2018_LFS,0.85,0.02,0.725,0.132,0.0,0.0,0.10200000000000001,0.0,0.0,0.0,0.0,0.011,0.01
AUS,Australia,Rural,1990,AUS_1990_WHO,0.867,0.0,0.0,0.0,0.0,0.0,1.0,0.0,0.0,0.0,0.0,0.0,0.0
AUS,Australia,Rural,2001,AUS_2001_OECD,0.9,0.9,0.1,0.0,0.0,0.0,0.0,0.0,0.0,0.0,0.0,0.0,0.0
AUS,Australia,Rural,2004,AUS_2004_OECD,0.91,0.87,0.13,0.0,0.0,0.0,0.0,0.0,0.0,0.0,0.0,0.0,0.0
AUS,Australia,Rural,2010,AUS_2010_OECD,0.929,0.928,0.072,0.0,0.0,0.0,0.0,0.0,0.0,0.0,0.0,0.0,0.0
AUS,Australia,Rural,2011,AUS_2011_OECD,0.933,0.938,0.062,0.0,0.0,0.0,0.0,0.0,0.0,0.0,0.0,0.0,0.0
AUS,Australia,Rural,2012,AUS_2012_OECD,0.938,0.941,0.059,0.0,0.0,0.0,0.0,0.0,0.0,0.0,0.0,0.0,0.0
AUS,Australia,Rural,2013,AUS_2013_OECD,0.935,0.941,0.059,0.0,0.0,0.0,0.0,0.0,0.0,0.0,0.0,0.0,0.0
AUS,Australia,Rural,2014,AUS_2014_OECD,0.937,0.926,0.074,0.0,0.0,0.0,0.0,0.0,0.0,0.0,0.0,0.0,0.0
AUS,Australia,Rural,2015,AUS_2015_OECD,0.938,0.924,0.076,0.0,0.0,0.0,0.0,0.0,0.0,0.0,0.0,0.0,0.0
AUS,Australia,Rural,2016,AUS_2016_OECD,0.939,0.925,0.075,0.0,0.0,0.0,0.0,0.0,0.0,0.0,0.0,0.0,0.0
AUS,Australia,Rural,2017,AUS_2017_OECD,0.94,0.927,0.073,0.0,0.0,0.0,0.0,0.0,0.0,0.0,0.0,0.0,0.0
AUS,Australia,Rural,2018,AUS_2018_OECD,0.945,0.926,0.074,0.0,0.0,0.0,0.0,0.0,0.0,0.0,0.0,0.0,0.0
AUS,Australia,Rural,2019,AUS_2019_OECD,0.947,0.926,0.074,0.0,0.0,0.0,0.0,0.0,0.0,0.0,0.0,0.0,0.0
AUS,Australia,Rural,2020,AUS_2020_OECD,0.95,0.929,0.071,0.0,0.0,0.0,0.0,0.0,0.0,0.0,0.0,0.0,0.0
AUS,Australia,Urban,1990,AUS_1990_WHO,0.867,0.0,0.0,0.0,0.0,0.0,1.0,0.0,0.0,0.0,0.0,0.0,0.0
AUS,Australia,Urban,2001,AUS_2001_OECD,0.9,0.9,0.1,0.0,0.0,0.0,0.0,0.0,0.0,0.0,0.0,0.0,0.0
AUS,Australia,Urban,2004,AUS_2004_OECD,0.91,0.87,0.13,0.0,0.0,0.0,0.0,0.0,0.0,0.0,0.0,0.0,0.0
AUS,Australia,Urban,2010,AUS_2010_OECD,0.929,0.928,0.072,0.0,0.0,0.0,0.0,0.0,0.0,0.0,0.0,0.0,0.0
AUS,Australia,Urban,2011,AUS_2011_OECD,0.933,0.938,0.062,0.0,0.0,0.0,0.0,0.0,0.0,0.0,0.0,0.0,0.0
AUS,Australia,Urban,2012,AUS_2012_OECD,0.938,0.941,0.059,0.0,0.0,0.0,0.0,0.0,0.0,0.0,0.0,0.0,0.0
AUS,Australia,Urban,2013,AUS_2013_OECD,0.935,0.941,0.059,0.0,0.0,0.0,0.0,0.0,0.0,0.0,0.0,0.0,0.0
AUS,Australia,Urban,2014,AUS_2014_OECD,0.937,0.926,0.074,0.0,0.0,0.0,0.0,0.0,0.0,0.0,0.0,0.0,0.0
AUS,Australia,Urban,2015,AUS_2015_OECD,0.938,0.924,0.076,0.0,0.0,0.0,0.0,0.0,0.0,0.0,0.0,0.0,0.0
AUS,Australia,Urban,2016,AUS_2016_OECD,0.939,0.925,0.075,0.0,0.0,0.0,0.0,0.0,0.0,0.0,0.0,0.0,0.0
AUS,Australia,Urban,2017,AUS_2017_OECD,0.94,0.927,0.073,0.0,0.0,0.0,0.0,0.0,0.0,0.0,0.0,0.0,0.0
AUS,Australia,Urban,2018,AUS_2018_OECD,0.945,0.926,0.074,0.0,0.0,0.0,0.0,0.0,0.0,0.0,0.0,0.0,0.0
AUS,Australia,Urban,2019,AUS_2019_OECD,0.947,0.926,0.074,0.0,0.0,0.0,0.0,0.0,0.0,0.0,0.0,0.0,0.0
AUS,Australia,Urban,2020,AUS_2020_OECD,0.95,0.929,0.071,0.0,0.0,0.0,0.0,0.0,0.0,0.0,0.0,0.0,0.0
AUT,Austria,Rural,1999,AUT_1999_JMP,0.874,0.82,0.0,0.0,0.0,0.0,0.18,0.0,0.0,0.0,0.0,0.0,0.0
AUT,Austria,Rural,2000,AUT_2000_ES,0.879,0.85,0.15,0.0,0.0,0.0,0.0,0.0,0.0,0.0,0.0,0.0,0.0
AUT,Austria,Rural,2001,AUT_2001_ES,0.883,0.86,0.14,0.0,0.0,0.0,0.0,0.0,0.0,0.0,0.0,0.0,0.0
AUT,Austria,Rural,2002,AUT_2002_ES,0.887,0.86,0.14,0.0,0.0,0.0,0.0,0.0,0.0,0.0,0.0,0.0,0.0
AUT,Austria,Rural,2003,AUT_2003_ES,0.889,0.89,0.11,0.0,0.0,0.0,0.0,0.0,0.0,0.0,0.0,0.0,0.0
AUT,Austria,Rural,2004,AUT_2004_ES,0.895,0.89,0.11,0.0,0.0,0.0,0.0,0.0,0.0,0.0,0.0,0.0,0.0
AUT,Austria,Rural,2006,AUT_2006_ES,0.902,0.917,0.083,0.0,0.0,0.0,0.0,0.0,0.0,0.0,0.0,0.0,0.0
AUT,Austria,Rural,2008,AUT_2008_ES,0.907,0.927,0.073,0.0,0.0,0.0,0.0,0.0,0.0,0.0,0.0,0.0,0.0
AUT,Austria,Rural,2010,AUT_2010_ES,0.912,0.939,0.061,0.0,0.0,0.0,0.0,0.0,0.0,0.0,0.0,0.0,0.0
AUT,Austria,Rural,2012,AUT_2012_ES,0.916,0.945,0.055,0.0,0.0,0.0,0.0,0.0,0.0,0.0,0.0,0.0,0.0
AUT,Austria,Rural,2012,AUT_2012_EUSILC,0.916,0.996,0.0,0.0,0.0,0.0,0.0,0.0,0.0,0.0,0.0,0.0,0.004
AUT,Austria,Rural,2013,AUT_2013_EUSILC,0.915,0.998,0.0,0.0,0.0,0.0,0.0,0.0,0.0,0.0,0.0,0.0,0.002
AUT,Austria,Rural,2014,AUT_2014_ES,0.919,0.95,0.05,0.0,0.0,0.0,0.0,0.0,0.0,0.0,0.0,0.0,0.0
AUT,Austria,Rural,2014,AUT_2014_OBK,0.919,0.95,0.05,0.0,0.0,0.0,0.0,0.0,0.0,0.0,0.0,0.0,0.0
AUT,Austria,Rural,2015,AUT_2015_EUSILC,0.919,0.997,0.0,0.0,0.0,0.0,0.0,0.0,0.0,0.0,0.0,0.0,0.003
AUT,Austria,Rural,2016,AUT_2016_BMNT,0.921,0.952,0.048,0.0,0.0,0.0,0.0,0.0,0.0,0.0,0.0,0.0,0.0
AUT,Austria,Rural,2018,AUT_2018_ES,0.925,0.959,0.041,0.0,0.0,0.0,0.0,0.0,0.0,0.0,0.0,0.0,0.0
AUT,Austria,Rural,2019,AUT_2019_ES,0.928,0.959,0.041,0.0,0.0,0.0,0.0,0.0,0.0,0.0,0.0,0.0,0.0
AUT,Austria,Rural,2020,AUT_2020_ES,0.925,0.96,0.04,0.0,0.0,0.0,0.0,0.0,0.0,0.0,0.0,0.0,0.0
AUT,Austria,Urban,1999,AUT_1999_JMP,0.874,1.0,0.0,0.0,0.0,0.0,0.0,0.0,0.0,0.0,0.0,0.0,0.0
AUT,Austria,Urban,2000,AUT_2000_ES,0.879,0.85,0.15,0.0,0.0,0.0,0.0,0.0,0.0,0.0,0.0,0.0,0.0
AUT,Austria,Urban,2001,AUT_2001_ES,0.883,0.86,0.14,0.0,0.0,0.0,0.0,0.0,0.0,0.0,0.0,0.0,0.0
AUT,Austria,Urban,2002,AUT_2002_ES,0.887,0.86,0.14,0.0,0.0,0.0,0.0,0.0,0.0,0.0,0.0,0.0,0.0
AUT,Austria,Urban,2003,AUT_2003_ES,0.889,0.89,0.11,0.0,0.0,0.0,0.0,0.0,0.0,0.0,0.0,0.0,0.0
AUT,Austria,Urban,2004,AUT_2004_ES,0.895,0.89,0.11,0.0,0.0,0.0,0.0,0.0,0.0,0.0,0.0,0.0,0.0
AUT,Austria,Urban,2006,AUT_2006_ES,0.902,0.917,0.083,0.0,0.0,0.0,0.0,0.0,0.0,0.0,0.0,0.0,0.0
AUT,Austria,Urban,2008,AUT_2008_ES,0.907,0.927,0.073,0.0,0.0,0.0,0.0,0.0,0.0,0.0,0.0,0.0,0.0
AUT,Austria,Urban,2010,AUT_2010_ES,0.912,0.939,0.061,0.0,0.0,0.0,0.0,0.0,0.0,0.0,0.0,0.0,0.0
AUT,Austria,Urban,2012,AUT_2012_ES,0.916,0.945,0.055,0.0,0.0,0.0,0.0,0.0,0.0,0.0,0.0,0.0,0.0
AUT,Austria,Urban,2012,AUT_2012_EUSILC,0.916,0.98,0.0,0.0,0.0,0.0,0.0,0.0,0.0,0.0,0.0,0.0,0.02
AUT,Austria,Urban,2013,AUT_2013_EUSILC,0.915,0.985,0.0,0.0,0.0,0.0,0.0,0.0,0.0,0.0,0.0,0.0,0.015
AUT,Austria,Urban,2014,AUT_2014_ES,0.919,0.95,0.05,0.0,0.0,0.0,0.0,0.0,0.0,0.0,0.0,0.0,0.0
AUT,Austria,Urban,2014,AUT_2014_OBK,0.919,0.95,0.05,0.0,0.0,0.0,0.0,0.0,0.0,0.0,0.0,0.0,0.0
AUT,Austria,Urban,2015,AUT_2015_EUSILC,0.919,0.985,0.0,0.0,0.0,0.0,0.0,0.0,0.0,0.0,0.0,0.0,0.015
AUT,Austria,Urban,2016,AUT_2016_BMNT,0.921,0.952,0.048,0.0,0.0,0.0,0.0,0.0,0.0,0.0,0.0,0.0,0.0
AUT,Austria,Urban,2018,AUT_2018_ES,0.925,0.959,0.041,0.0,0.0,0.0,0.0,0.0,0.0,0.0,0.0,0.0,0.0
AUT,Austria,Urban,2019,AUT_2019_ES,0.928,0.959,0.041,0.0,0.0,0.0,0.0,0.0,0.0,0.0,0.0,0.0,0.0
AUT,Austria,Urban,2020,AUT_2020_ES,0.925,0.96,0.04,0.0,0.0,0.0,0.0,0.0,0.0,0.0,0.0,0.0,0.0
AZE,Azerbaijan,Rural,2013,AZE_2013_HBS,0.757,0.0,0.0,0.0,0.0,0.0,0.92,0.0,0.0,0.0,0.0,0.0,0.08
AZE,Azerbaijan,Rural,2013,AZE_2013_NNS,0.757,0.067,0.054,0.0,0.002,0.009,0.786,0.08,0.0,0.0,0.0,0.001,0.001
AZE,Azerbaijan,Rural,2017,AZE_2017_SO,0.774,0.962,0.0,0.0,0.0,0.0,0.0,0.0,0.0,0.0,0.0,0.0,0.038
AZE,Azerbaijan,Rural,2018,AZE_2018_SO,0.775,0.965,0.0,0.0,0.0,0.0,0.0,0.0,0.0,0.0,0.0,0.0,0.035
AZE,Azerbaijan,Rural,2020,AZE_2020_SO,0.757,0.967,0.0,0.0,0.0,0.0,0.0,0.0,0.0,0.0,0.0,0.0,0.033
AZE,Azerbaijan,Urban,2013,AZE_2013_HBS,0.757,0.0,0.0,0.0,0.0,0.0,1.0,0.0,0.0,0.0,0.0,0.0,0.0
AZE,Azerbaijan,Urban,2013,AZE_2013_NNS,0.757,0.756,0.054,0.0,0.008,0.026,0.148,0.005,0.002,0.0,0.0,0.001,0.0
AZE,Azerbaijan,Urban,2017,AZE_2017_SO,0.774,0.999,0.0,0.0,0.0,0.0,0.0,0.0,0.0,0.0,0.0,0.0,0.001
AZE,Azerbaijan,Urban,2018,AZE_2018_SO,0.775,0.998,0.0,0.0,0.0,0.0,0.0,0.0,0.0,0.0,0.0,0.0,0.002
AZE,Azerbaijan,Urban,2020,AZE_2020_SO,0.757,0.998,0.0,0.0,0.0,0.0,0.0,0.0,0.0,0.0,0.0,0.0,0.002
BDI,Burundi,Rural,2005,BDI_2005_MICS,0.352,0.001,0.004,0.0,0.0,0.0,0.214,0.745,0.0,0.0,0.025,0.01,0.001
BDI,Burundi,Rural,2006,BDI_2006_QUIBB,0.376,0.002,0.002,0.0,0.0,0.0,0.279,0.646,0.0,0.0,0.024,0.042,0.005
BDI,Burundi,Rural,2010,BDI_2010_DHS,0.416,0.001,0.001,0.0,0.0,0.0,0.363,0.59,0.0,0.0,0.001,0.042,0.002
BDI,Burundi,Rural,2012,BDI_2012_AFB,0.425,0.0,0.0,0.0,0.0,0.0,0.0,0.0,0.0,0.0,0.0,0.012,0.988
BDI,Burundi,Rural,2014,BDI_2014_AFB,0.431,0.0,0.0,0.0,0.0,0.0,0.0,0.0,0.0,0.0,0.0,0.003,0.997
BDI,Burundi,Rural,2014,BDI_2014_ECV,0.431,0.0,0.0,0.0,0.0,0.0,0.762,0.0,0.0,0.0,0.0,0.0,0.238
BDI,Burundi,Urban,2000,BDI_2000_ENECEF,0.308,0.194,0.0,0.0,0.125,0.0,0.5990000000000001,0.044,0.0,0.0,0.0,0.024,0.014
BDI,Burundi,Urban,2005,BDI_2005_MICS,0.352,0.117,0.181,0.0,0.0,0.0,0.175,0.515,0.0,0.0,0.003,0.008,0.001
BDI,Burundi,Urban,2006,BDI_2006_QUIBB,0.376,0.083,0.133,0.0,0.0,0.0,0.194,0.57,0.0,0.0,0.004,0.014,0.002
BDI,Burundi,Urban,2010,BDI_2010_DHS,0.416,0.076,0.178,0.007,0.001,0.0,0.47200000000000003,0.247,0.0,0.0,0.0,0.019,0.0
BDI,Burundi,Urban,2012,BDI_2012_AFB,0.425,0.0,0.0,0.0,0.0,0.0,0.0,0.0,0.0,0.0,0.0,0.0,1.0
BDI,Burundi,Urban,2014,BDI_2014_AFB,0.431,0.0,0.0,0.0,0.0,0.0,0.0,0.0,0.0,0.0,0.0,0.004,0.996
BDI,Burundi,Urban,2014,BDI_2014_ECV,0.431,0.0,0.0,0.0,0.0,0.0,0.762,0.0,0.0,0.0,0.0,0.0,0.238
BEL,Belgium,Rural,1990,BEL_1990_CCIEP,0.824,1.0,0.0,0.0,0.0,0.0,0.0,0.0,0.0,0.0,0.0,0.0,0.0
BEL,Belgium,Rural,1995,BEL_1995_CCIEP,0.875,1.0,0.0,0.0,0.0,0.0,0.0,0.0,0.0,0.0,0.0,0.0,0.0
BEL,Belgium,Rural,2000,BEL_2000_CCIEP,0.894,1.0,0.0,0.0,0.0,0.0,0.0,0.0,0.0,0.0,0.0,0.0,0.0
BEL,Belgium,Rural,2006,BEL_2006_CCIEP,0.913,1.0,0.0,0.0,0.0,0.0,0.0,0.0,0.0,0.0,0.0,0.0,0.0
BEL,Belgium,Rural,2010,BEL_2010_ES,0.921,0.797,0.203,0.0,0.0,0.0,0.0,0.0,0.0,0.0,0.0,0.0,0.0
BEL,Belgium,Rural,2011,BEL_2011_ES,0.923,0.809,0.191,0.0,0.0,0.0,0.0,0.0,0.0,0.0,0.0,0.0,0.0
BEL,Belgium,Rural,2014,BEL_2014_EUSILC,0.93,0.97,0.0,0.0,0.0,0.0,0.0,0.0,0.0,0.0,0.0,0.0,0.03
BEL,Belgium,Rural,2015,BEL_2015_EUSILC,0.933,0.98,0.0,0.0,0.0,0.0,0.0,0.0,0.0,0.0,0.0,0.0,0.02
BEL,Belgium,Rural,2019,BEL_2019_PWH,0.945,0.0,0.0,0.0,0.0,0.0,1.0,0.0,0.0,0.0,0.0,0.0,0.0
BEL,Belgium,Rural,2021,BEL_2021_PWH,0.948,0.0,0.0,0.0,0.0,0.0,1.0,0.0,0.0,0.0,0.0,0.0,0.0
BEL,Belgium,Urban,1990,BEL_1990_CCIEP,0.824,1.0,0.0,0.0,0.0,0.0,0.0,0.0,0.0,0.0,0.0,0.0,0.0
BEL,Belgium,Urban,1995,BEL_1995_CCIEP,0.875,1.0,0.0,0.0,0.0,0.0,0.0,0.0,0.0,0.0,0.0,0.0,0.0
BEL,Belgium,Urban,2000,BEL_2000_CCIEP,0.894,1.0,0.0,0.0,0.0,0.0,0.0,0.0,0.0,0.0,0.0,0.0,0.0
BEL,Belgium,Urban,2006,BEL_2006_CCIEP,0.913,1.0,0.0,0.0,0.0,0.0,0.0,0.0,0.0,0.0,0.0,0.0,0.0
BEL,Belgium,Urban,2010,BEL_2010_ES,0.921,0.797,0.203,0.0,0.0,0.0,0.0,0.0,0.0,0.0,0.0,0.0,0.0
BEL,Belgium,Urban,2011,BEL_2011_ES,0.923,0.809,0.191,0.0,0.0,0.0,0.0,0.0,0.0,0.0,0.0,0.0,0.0
BEL,Belgium,Urban,2014,BEL_2014_EUSILC,0.93,0.981,0.0,0.0,0.0,0.0,0.0,0.0,0.0,0.0,0.0,0.0,0.019
BEL,Belgium,Urban,2015,BEL_2015_EUSILC,0.933,0.976,0.0,0.0,0.0,0.0,0.0,0.0,0.0,0.0,0.0,0.0,0.024
BEL,Belgium,Urban,2019,BEL_2019_PWH,0.945,0.0,0.0,0.0,0.0,0.0,1.0,0.0,0.0,0.0,0.0,0.0,0.0
BEL,Belgium,Urban,2021,BEL_2021_PWH,0.948,0.0,0.0,0.0,0.0,0.0,1.0,0.0,0.0,0.0,0.0,0.0,0.0
BEN,Benin,Rural,2007,BEN_2007_EMICoV,0.469,0.0,0.0,0.0,0.019,0.0,0.344,0.0,0.005,0.0,0.0,0.627,0.005
BEN,Benin,Rural,2010,BEN_2010_EMICoV,0.485,0.0,0.0,0.0,0.026,0.0,0.278,0.07,0.009,0.0,0.004,0.611,0.002
BEN,Benin,Rural,2011,BEN_2011_AFB,0.49,0.0,0.0,0.0,0.0,0.0,0.0,0.0,0.0,0.0,0.0,0.69,0.31
BEN,Benin,Rural,2012,BEN_2012_DHS,0.497,0.004,0.004,0.001,0.001,0.0,0.10300000000000001,0.077,0.014,0.0,0.01,0.786,0.0
BEN,Benin,Rural,2014,BEN_2014_AFB,0.509,0.0,0.0,0.0,0.0,0.0,0.0,0.0,0.0,0.0,0.0,0.424,0.5760000000000001
BEN,Benin,Rural,2014,BEN_2014_MICS,0.509,0.002,0.005,0.001,0.001,0.001,0.146,0.05,0.01,0.0,0.001,0.771,0.012
BEN,Benin,Rural,2017,BEN_2017_AFB,0.507,0.0,0.0,0.0,0.0,0.0,0.0,0.0,0.0,0.0,0.0,0.263,0.737
BEN,Benin,Rural,2018,BEN_2018_DHS,0.507,0.001,0.039,0.012,0.0,0.001,0.24900000000000003,0.11,0.006,0.0,0.001,0.575,0.006
BEN,Benin,Rural,2018,BEN_2018_EHCVM,0.507,0.0,0.054,0.01,0.036,0.0,0.27,0.035,0.0,0.0,0.051,0.544,0.0
BEN,Benin,Urban,1992,BEN_1992_CEN,0.363,0.0,0.044,0.0,0.0,0.0,0.434,0.0,0.0,0.0,0.0,0.499,0.023
BEN,Benin,Urban,2003,BEN_2003_ESAFEM,0.442,0.0,0.0,0.0,0.0,0.0,0.487,0.104,0.0,0.0,0.0,0.375,0.034
BEN,Benin,Urban,2007,BEN_2007_EMICoV,0.469,0.0,0.0,0.0,0.019,0.0,0.344,0.0,0.005,0.0,0.0,0.627,0.005
BEN,Benin,Urban,2010,BEN_2010_EMICoV,0.485,0.0,0.0,0.0,0.026,0.0,0.278,0.07,0.009,0.0,0.004,0.611,0.002
BEN,Benin,Urban,2011,BEN_2011_AFB,0.49,0.0,0.0,0.0,0.0,0.0,0.0,0.0,0.0,0.0,0.0,0.201,0.7989999999999999
BEN,Benin,Urban,2012,BEN_2012_DHS,0.497,0.021,0.1,0.017,0.001,0.001,0.427,0.134,0.013,0.0,0.008,0.278,0.0
BEN,Benin,Urban,2014,BEN_2014_AFB,0.509,0.0,0.0,0.0,0.0,0.0,0.0,0.0,0.0,0.0,0.0,0.163,0.837
BEN,Benin,Urban,2014,BEN_2014_MICS,0.509,0.008,0.069,0.014,0.0,0.004,0.43600000000000005,0.094,0.005,0.0,0.003,0.356,0.011
BEN,Benin,Urban,2017,BEN_2017_AFB,0.507,0.0,0.0,0.0,0.0,0.0,0.0,0.0,0.0,0.0,0.0,0.263,0.737
BEN,Benin,Urban,2018,BEN_2018_DHS,0.507,0.001,0.039,0.012,0.0,0.001,0.24900000000000003,0.11,0.006,0.0,0.001,0.575,0.006
BEN,Benin,Urban,2018,BEN_2018_EHCVM,0.507,0.0,0.054,0.01,0.036,0.0,0.27,0.035,0.0,0.0,0.051,0.544,0.0
BFA,Burkina Faso,Rural,2010,BFA_2010_ENA,0.377,0.0,0.0,0.0,0.0,0.0,0.124,0.069,0.0,0.0,0.003,0.804,0.0
BFA,Burkina Faso,Rural,2012,BFA_2012_AFB,0.398,0.0,0.0,0.0,0.0,0.0,0.0,0.0,0.0,0.0,0.0,0.192,0.808
BFA,Burkina Faso,Rural,2014,BFA_2014_MIS,0.409,0.004,0.018,0.001,0.0,0.0,0.441,0.029,0.0,0.0,0.002,0.504,0.001
BFA,Burkina Faso,Rural,2014,BFA_2014_PMA,0.409,0.0,0.0,0.0,0.0,0.0,0.37,0.0,0.0,0.0,0.0,0.63,0.0
BFA,Burkina Faso,Rural,2015,BFA_2015_AFB,0.419,0.0,0.0,0.0,0.0,0.0,0.0,0.0,0.0,0.0,0.0,0.16,0.84
BFA,Burkina Faso,Rural,2017,BFA_2017_AFB,0.438,0.0,0.0,0.0,0.0,0.0,0.0,0.0,0.0,0.0,0.0,0.287,0.713
BFA,Burkina Faso,Rural,2018,BFA_2018_EHCVM,0.449,0.0,0.001,0.0,0.007,0.002,0.39199999999999996,0.047,0.0,0.0,0.035,0.508,0.008
BFA,Burkina Faso,Rural,2019,BFA_2019_AFB,0.453,0.0,0.0,0.0,0.0,0.0,0.0,0.0,0.0,0.0,0.0,0.357,0.643
BFA,Burkina Faso,Urban,1996,BFA_1996_CEN,,0.0,0.041,0.0,0.0,0.0,0.772,0.0,0.0,0.0,0.0,0.152,0.035
BFA,Burkina Faso,Urban,1998,BFA_1998_EPM,,0.0,0.057,0.0,0.0,0.0,0.802,0.0,0.0,0.0,0.0,0.114,0.027
BFA,Burkina Faso,Urban,2003,BFA_2003_EBCVM,,0.0,0.05,0.0,0.0,0.0,0.859,0.0,0.0,0.0,0.0,0.082,0.009
BFA,Burkina Faso,Urban,2003,BFA_2003_QUIBB,,0.0,0.05,0.0,0.0,0.0,0.864,0.0,0.0,0.0,0.0,0.084,0.002
BFA,Burkina Faso,Urban,2010,BFA_2010_ENA,0.377,0.063,0.004,0.012,0.0,0.0,0.763,0.028,0.0,0.0,0.002,0.128,0.0
BFA,Burkina Faso,Urban,2012,BFA_2012_AFB,0.398,0.0,0.0,0.0,0.0,0.0,0.0,0.0,0.0,0.0,0.0,0.021,0.979
BFA,Burkina Faso,Urban,2014,BFA_2014_EMC,0.409,0.0,0.086,0.018,0.0,0.0,0.796,0.0,0.0,0.0,0.018,0.082,0.0
BFA,Burkina Faso,Urban,2014,BFA_2014_MIS,0.409,0.004,0.018,0.001,0.0,0.0,0.441,0.029,0.0,0.0,0.002,0.504,0.001
BFA,Burkina Faso,Urban,2014,BFA_2014_PMA,0.409,0.21,0.344,0.0,0.0,0.065,0.345,0.022,0.0,0.0,0.0,0.014,0.0
BFA,Burkina Faso,Urban,2015,BFA_2015_AFB,0.419,0.0,0.0,0.0,0.0,0.0,0.0,0.0,0.0,0.0,0.0,0.021,0.979
BFA,Burkina Faso,Urban,2017,BFA_2017_AFB,0.438,0.0,0.0,0.0,0.0,0.0,0.0,0.0,0.0,0.0,0.0,0.03,0.97
BFA,Burkina Faso,Urban,2018,BFA_2018_EHCVM,0.449,0.0,0.027,0.016,0.002,0.077,0.746,0.007,0.0,0.0,0.082,0.038,0.005
BFA,Burkina Faso,Urban,2019,BFA_2019_AFB,0.453,0.0,0.0,0.0,0.0,0.0,0.0,0.0,0.0,0.0,0.0,0.049,0.951
BGD,Bangladesh,Rural,2009,BGD_2009_HFSNA,0.551,0.002,0.054,0.008,0.0,0.005,0.399,0.383,0.075,0.003,0.0,0.07,0.001
BGD,Bangladesh,Rural,2009,BGD_2009_MICS,0.551,0.0,0.075,0.0,0.012,0.0,0.7110000000000001,0.071,0.047,0.003,0.003,0.069,0.009
BGD,Bangladesh,Rural,2013,BGD_2013_MICS,0.589,0.001,0.117,0.115,0.001,0.01,0.5089999999999999,0.13,0.067,0.0,0.001,0.046,0.003
BGD,Bangladesh,Rural,2014,BGD_2014_SVRS,0.6,0.0,0.0,0.0,0.0,0.0,0.581,0.0,0.0,0.0,0.0,0.026,0.393
BGD,Bangladesh,Urban,2006,BGD_2006_MICS,0.527,0.094,0.283,0.066,0.009,0.013,0.134,0.224,0.145,0.002,0.0,0.026,0.004
BGD,Bangladesh,Urban,2009,BGD_2009_HFSNA,0.551,0.133,0.241,0.012,0.014,0.053,0.312,0.183,0.028,0.003,0.0,0.021,0.0
BGD,Bangladesh,Urban,2009,BGD_2009_MICS,0.551,0.18,0.267,0.0,0.076,0.0,0.41600000000000004,0.026,0.015,0.002,0.001,0.013,0.004
BGD,Bangladesh,Urban,2013,BGD_2013_MICS,0.589,0.152,0.268,0.103,0.018,0.035,0.321,0.061,0.021,0.0,0.001,0.014,0.006
BGD,Bangladesh,Urban,2014,BGD_2014_BDHS,0.6,0.108,0.24,0.022,0.026,0.051,0.447,0.087,0.01,0.0,0.0,0.009,0.0
BGD,Bangladesh,Urban,2014,BGD_2014_SVRS,0.6,0.0,0.0,0.0,0.0,0.0,0.812,0.0,0.0,0.0,0.0,0.006,0.182
BGD,Bangladesh,Urban,2018,BGD_2018_NHS,0.646,0.289,0.276,0.0,0.0,0.132,0.238,0.012,0.048,0.0,0.003,0.002,0.0
BGR,Bulgaria,Rural,1995,BGR_1995_ES,0.709,0.66,0.34,0.0,0.0,0.0,0.0,0.0,0.0,0.0,0.0,0.0,0.0
BGR,Bulgaria,Rural,1995,BGR_1995_LSMS,0.709,0.242,0.722,0.0,0.0,0.0,0.0,0.0,0.0,0.0,0.0,0.0,0.036
BGR,Bulgaria,Rural,1996,BGR_1996_ES,0.718,0.66,0.34,0.0,0.0,0.0,0.0,0.0,0.0,0.0,0.0,0.0,0.0
BGR,Bulgaria,Rural,1997,BGR_1997_ES,0.713,0.66,0.34,0.0,0.0,0.0,0.0,0.0,0.0,0.0,0.0,0.0,0.0
BGR,Bulgaria,Rural,1998,BGR_1998_ES,0.723,0.66,0.34,0.0,0.0,0.0,0.0,0.0,0.0,0.0,0.0,0.0,0.0
BGR,Bulgaria,Rural,1999,BGR_1999_ES,0.728,0.66,0.34,0.0,0.0,0.0,0.0,0.0,0.0,0.0,0.0,0.0,0.0
BGR,Bulgaria,Rural,2000,BGR_2000_ES,0.733,0.667,0.333,0.0,0.0,0.0,0.0,0.0,0.0,0.0,0.0,0.0,0.0
BGR,Bulgaria,Rural,2001,BGR_2001_LSMS,0.742,0.164,0.0,0.836,0.0,0.0,0.0,0.0,0.0,0.0,0.0,0.0,0.0
BGR,Bulgaria,Rural,2003,BGR_2003_MHS,0.762,0.303,0.0,0.0,0.0,0.0,0.696,0.0,0.0,0.0,0.0,0.0,0.001
BGR,Bulgaria,Rural,2005,BGR_2005_ES,0.775,0.69,0.31,0.0,0.0,0.0,0.0,0.0,0.0,0.0,0.0,0.0,0.0
BGR,Bulgaria,Rural,2006,BGR_2006_ES,0.779,0.694,0.306,0.0,0.0,0.0,0.0,0.0,0.0,0.0,0.0,0.0,0.0
BGR,Bulgaria,Rural,2007,BGR_2007_ES,0.785,0.696,0.304,0.0,0.0,0.0,0.0,0.0,0.0,0.0,0.0,0.0,0.0
BGR,Bulgaria,Rural,2008,BGR_2008_ES,0.791,0.7,0.3,0.0,0.0,0.0,0.0,0.0,0.0,0.0,0.0,0.0,0.0
BGR,Bulgaria,Rural,2009,BGR_2009_ES,0.793,0.704,0.296,0.0,0.0,0.0,0.0,0.0,0.0,0.0,0.0,0.0,0.0
BGR,Bulgaria,Rural,2010,BGR_2010_ES,0.799,0.706,0.294,0.0,0.0,0.0,0.0,0.0,0.0,0.0,0.0,0.0,0.0
BGR,Bulgaria,Rural,2010,BGR_2010_NSI,0.799,0.706,0.294,0.0,0.0,0.0,0.0,0.0,0.0,0.0,0.0,0.0,0.0
BGR,Bulgaria,Rural,2011,BGR_2011_CEN,0.803,0.242,0.615,0.066,0.0,0.0,0.0,0.0,0.0,0.0,0.0,0.0,0.077
BGR,Bulgaria,Rural,2011,BGR_2011_ES,0.803,0.741,0.259,0.0,0.0,0.0,0.0,0.0,0.0,0.0,0.0,0.0,0.0
BGR,Bulgaria,Rural,2011,BGR_2011_NSI,0.803,0.741,0.259,0.0,0.0,0.0,0.0,0.0,0.0,0.0,0.0,0.0,0.0
BGR,Bulgaria,Rural,2012,BGR_2012_EUSILC,0.807,0.479,0.0,0.0,0.0,0.0,0.0,0.0,0.0,0.0,0.0,0.0,0.521
BGR,Bulgaria,Rural,2012,BGR_2012_NSI,0.807,0.743,0.257,0.0,0.0,0.0,0.0,0.0,0.0,0.0,0.0,0.0,0.0
BGR,Bulgaria,Rural,2013,BGR_2013_EUSILC,0.815,0.511,0.0,0.0,0.0,0.0,0.0,0.0,0.0,0.0,0.0,0.0,0.489
BGR,Bulgaria,Rural,2013,BGR_2013_NSI,0.815,0.747,0.253,0.0,0.0,0.0,0.0,0.0,0.0,0.0,0.0,0.0,0.0
BGR,Bulgaria,Rural,2014,BGR_2014_EUSILC,0.819,0.534,0.0,0.0,0.0,0.0,0.0,0.0,0.0,0.0,0.0,0.0,0.466
BGR,Bulgaria,Rural,2014,BGR_2014_NSI,0.819,0.749,0.251,0.0,0.0,0.0,0.0,0.0,0.0,0.0,0.0,0.0,0.0
BGR,Bulgaria,Rural,2015,BGR_2015_ES,0.824,0.755,0.245,0.0,0.0,0.0,0.0,0.0,0.0,0.0,0.0,0.0,0.0
BGR,Bulgaria,Rural,2015,BGR_2015_EUSILC,0.824,0.576,0.0,0.0,0.0,0.0,0.0,0.0,0.0,0.0,0.0,0.0,0.424
BGR,Bulgaria,Rural,2015,BGR_2015_NSI,0.824,0.755,0.245,0.0,0.0,0.0,0.0,0.0,0.0,0.0,0.0,0.0,0.0
BGR,Bulgaria,Rural,2016,BGR_2016_ES,0.827,0.757,0.243,0.0,0.0,0.0,0.0,0.0,0.0,0.0,0.0,0.0,0.0
BGR,Bulgaria,Rural,2016,BGR_2016_NSI,0.827,0.757,0.243,0.0,0.0,0.0,0.0,0.0,0.0,0.0,0.0,0.0,0.0
BGR,Bulgaria,Rural,2017,BGR_2017_ES,0.829,0.76,0.24,0.0,0.0,0.0,0.0,0.0,0.0,0.0,0.0,0.0,0.0
BGR,Bulgaria,Rural,2017,BGR_2017_NSI,0.829,0.76,0.24,0.0,0.0,0.0,0.0,0.0,0.0,0.0,0.0,0.0,0.0
BGR,Bulgaria,Rural,2018,BGR_2018_ES,0.832,0.762,0.238,0.0,0.0,0.0,0.0,0.0,0.0,0.0,0.0,0.0,0.0
BGR,Bulgaria,Rural,2018,BGR_2018_NSI,0.832,0.762,0.238,0.0,0.0,0.0,0.0,0.0,0.0,0.0,0.0,0.0,0.0
BGR,Bulgaria,Rural,2019,BGR_2019_ES,0.835,0.764,0.236,0.0,0.0,0.0,0.0,0.0,0.0,0.0,0.0,0.0,0.0
BGR,Bulgaria,Rural,2019,BGR_2019_NSI,0.835,0.764,0.236,0.0,0.0,0.0,0.0,0.0,0.0,0.0,0.0,0.0,0.0
BGR,Bulgaria,Rural,2020,BGR_2020_ES,0.826,0.762,0.238,0.0,0.0,0.0,0.0,0.0,0.0,0.0,0.0,0.0,0.0
BGR,Bulgaria,Urban,1995,BGR_1995_ES,0.709,0.66,0.34,0.0,0.0,0.0,0.0,0.0,0.0,0.0,0.0,0.0,0.0
BGR,Bulgaria,Urban,1995,BGR_1995_LSMS,0.709,0.927,0.067,0.0,0.0,0.0,0.0,0.0,0.0,0.0,0.0,0.0,0.006
BGR,Bulgaria,Urban,1996,BGR_1996_ES,0.718,0.66,0.34,0.0,0.0,0.0,0.0,0.0,0.0,0.0,0.0,0.0,0.0
BGR,Bulgaria,Urban,1997,BGR_1997_ES,0.713,0.66,0.34,0.0,0.0,0.0,0.0,0.0,0.0,0.0,0.0,0.0,0.0
BGR,Bulgaria,Urban,1998,BGR_1998_ES,0.723,0.66,0.34,0.0,0.0,0.0,0.0,0.0,0.0,0.0,0.0,0.0,0.0
BGR,Bulgaria,Urban,1999,BGR_1999_ES,0.728,0.66,0.34,0.0,0.0,0.0,0.0,0.0,0.0,0.0,0.0,0.0,0.0
BGR,Bulgaria,Urban,2000,BGR_2000_ES,0.733,0.667,0.333,0.0,0.0,0.0,0.0,0.0,0.0,0.0,0.0,0.0,0.0
BGR,Bulgaria,Urban,2001,BGR_2001_LSMS,0.742,0.866,0.0,0.134,0.0,0.0,0.0,0.0,0.0,0.0,0.0,0.0,0.0
BGR,Bulgaria,Urban,2003,BGR_2003_MHS,0.762,0.894,0.0,0.0,0.0,0.0,0.106,0.0,0.0,0.0,0.0,0.0,0.0
BGR,Bulgaria,Urban,2005,BGR_2005_ES,0.775,0.69,0.31,0.0,0.0,0.0,0.0,0.0,0.0,0.0,0.0,0.0,0.0
BGR,Bulgaria,Urban,2006,BGR_2006_ES,0.779,0.694,0.306,0.0,0.0,0.0,0.0,0.0,0.0,0.0,0.0,0.0,0.0
BGR,Bulgaria,Urban,2007,BGR_2007_ES,0.785,0.696,0.304,0.0,0.0,0.0,0.0,0.0,0.0,0.0,0.0,0.0,0.0
BGR,Bulgaria,Urban,2008,BGR_2008_ES,0.791,0.7,0.3,0.0,0.0,0.0,0.0,0.0,0.0,0.0,0.0,0.0,0.0
BGR,Bulgaria,Urban,2009,BGR_2009_ES,0.793,0.704,0.296,0.0,0.0,0.0,0.0,0.0,0.0,0.0,0.0,0.0,0.0
BGR,Bulgaria,Urban,2010,BGR_2010_ES,0.799,0.706,0.294,0.0,0.0,0.0,0.0,0.0,0.0,0.0,0.0,0.0,0.0
BGR,Bulgaria,Urban,2010,BGR_2010_NSI,0.799,0.706,0.294,0.0,0.0,0.0,0.0,0.0,0.0,0.0,0.0,0.0,0.0
BGR,Bulgaria,Urban,2011,BGR_2011_CEN,0.803,0.912,0.063,0.012,0.0,0.0,0.0,0.0,0.0,0.0,0.0,0.0,0.013
BGR,Bulgaria,Urban,2011,BGR_2011_ES,0.803,0.741,0.259,0.0,0.0,0.0,0.0,0.0,0.0,0.0,0.0,0.0,0.0
BGR,Bulgaria,Urban,2011,BGR_2011_NSI,0.803,0.741,0.259,0.0,0.0,0.0,0.0,0.0,0.0,0.0,0.0,0.0,0.0
BGR,Bulgaria,Urban,2012,BGR_2012_EUSILC,0.807,0.938,0.0,0.0,0.0,0.0,0.0,0.0,0.0,0.0,0.0,0.0,0.062
BGR,Bulgaria,Urban,2012,BGR_2012_NSI,0.807,0.743,0.257,0.0,0.0,0.0,0.0,0.0,0.0,0.0,0.0,0.0,0.0
BGR,Bulgaria,Urban,2013,BGR_2013_EUSILC,0.815,0.927,0.0,0.0,0.0,0.0,0.0,0.0,0.0,0.0,0.0,0.0,0.073
BGR,Bulgaria,Urban,2013,BGR_2013_NSI,0.815,0.747,0.253,0.0,0.0,0.0,0.0,0.0,0.0,0.0,0.0,0.0,0.0
BGR,Bulgaria,Urban,2014,BGR_2014_EUSILC,0.819,0.926,0.0,0.0,0.0,0.0,0.0,0.0,0.0,0.0,0.0,0.0,0.074
BGR,Bulgaria,Urban,2014,BGR_2014_NSI,0.819,0.749,0.251,0.0,0.0,0.0,0.0,0.0,0.0,0.0,0.0,0.0,0.0
BGR,Bulgaria,Urban,2015,BGR_2015_ES,0.824,0.755,0.245,0.0,0.0,0.0,0.0,0.0,0.0,0.0,0.0,0.0,0.0
BGR,Bulgaria,Urban,2015,BGR_2015_EUSILC,0.824,0.96,0.0,0.0,0.0,0.0,0.0,0.0,0.0,0.0,0.0,0.0,0.04
BGR,Bulgaria,Urban,2015,BGR_2015_NSI,0.824,0.755,0.245,0.0,0.0,0.0,0.0,0.0,0.0,0.0,0.0,0.0,0.0
BGR,Bulgaria,Urban,2016,BGR_2016_ES,0.827,0.757,0.243,0.0,0.0,0.0,0.0,0.0,0.0,0.0,0.0,0.0,0.0
BGR,Bulgaria,Urban,2016,BGR_2016_NSI,0.827,0.757,0.243,0.0,0.0,0.0,0.0,0.0,0.0,0.0,0.0,0.0,0.0
BGR,Bulgaria,Urban,2017,BGR_2017_ES,0.829,0.76,0.24,0.0,0.0,0.0,0.0,0.0,0.0,0.0,0.0,0.0,0.0
BGR,Bulgaria,Urban,2017,BGR_2017_NSI,0.829,0.76,0.24,0.0,0.0,0.0,0.0,0.0,0.0,0.0,0.0,0.0,0.0
BGR,Bulgaria,Urban,2018,BGR_2018_ES,0.832,0.762,0.238,0.0,0.0,0.0,0.0,0.0,0.0,0.0,0.0,0.0,0.0
BGR,Bulgaria,Urban,2018,BGR_2018_NSI,0.832,0.762,0.238,0.0,0.0,0.0,0.0,0.0,0.0,0.0,0.0,0.0,0.0
BGR,Bulgaria,Urban,2019,BGR_2019_ES,0.835,0.764,0.236,0.0,0.0,0.0,0.0,0.0,0.0,0.0,0.0,0.0,0.0
BGR,Bulgaria,Urban,2019,BGR_2019_NSI,0.835,0.764,0.236,0.0,0.0,0.0,0.0,0.0,0.0,0.0,0.0,0.0,0.0
BGR,Bulgaria,Urban,2020,BGR_2020_ES,0.826,0.762,0.238,0.0,0.0,0.0,0.0,0.0,0.0,0.0,0.0,0.0,0.0
BHR,Bahrain,Rural,1997,BHR_1997_HSS,0.746,0.0,0.0,0.0,0.0,0.0,1.0,0.0,0.0,0.0,0.0,0.0,0.0
BHR,Bahrain,Rural,1998,BHR_1998_HSS,0.754,0.0,0.0,0.0,0.0,0.0,1.0,0.0,0.0,0.0,0.0,0.0,0.0
BHR,Bahrain,Rural,1999,BHR_1999_HSS,0.761,0.0,0.0,0.0,0.0,0.0,1.0,0.0,0.0,0.0,0.0,0.0,0.0
BHR,Bahrain,Rural,2000,BHR_2000_HSS,0.775,0.0,0.0,0.0,0.0,0.0,1.0,0.0,0.0,0.0,0.0,0.0,0.0
BHR,Bahrain,Rural,2000,BHR_2000_MWMAUP,0.775,0.73,0.27,0.0,0.0,0.0,0.0,0.0,0.0,0.0,0.0,0.0,0.0
BHR,Bahrain,Rural,2001,BHR_2001_CEN,0.785,0.0,0.0,0.0,0.0,0.0,0.992,0.0,0.0,0.0,0.0,0.0,0.008
BHR,Bahrain,Rural,2001,BHR_2001_HSS,0.785,0.0,0.0,0.0,0.0,0.0,1.0,0.0,0.0,0.0,0.0,0.0,0.0
BHR,Bahrain,Rural,2001,BHR_2001_MWMAUP,0.785,0.75,0.25,0.0,0.0,0.0,0.0,0.0,0.0,0.0,0.0,0.0,0.0
BHR,Bahrain,Rural,2002,BHR_2002_HSS,0.791,0.0,0.0,0.0,0.0,0.0,1.0,0.0,0.0,0.0,0.0,0.0,0.0
BHR,Bahrain,Rural,2002,BHR_2002_MWMAUP,0.791,0.77,0.23,0.0,0.0,0.0,0.0,0.0,0.0,0.0,0.0,0.0,0.0
BHR,Bahrain,Rural,2003,BHR_2003_HSS,0.799,0.0,0.0,0.0,0.0,0.0,1.0,0.0,0.0,0.0,0.0,0.0,0.0
BHR,Bahrain,Rural,2003,BHR_2003_MWMAUP,0.799,0.7,0.3,0.0,0.0,0.0,0.0,0.0,0.0,0.0,0.0,0.0,0.0
BHR,Bahrain,Rural,2004,BHR_2004_HSS,0.795,0.0,0.0,0.0,0.0,0.0,1.0,0.0,0.0,0.0,0.0,0.0,0.0
BHR,Bahrain,Rural,2004,BHR_2004_MWMAUP,0.795,0.71,0.29,0.0,0.0,0.0,0.0,0.0,0.0,0.0,0.0,0.0,0.0
BHR,Bahrain,Rural,2005,BHR_2005_HSS,0.791,0.0,0.0,0.0,0.0,0.0,1.0,0.0,0.0,0.0,0.0,0.0,0.0
BHR,Bahrain,Rural,2005,BHR_2005_MWMAUP,0.791,0.7,0.3,0.0,0.0,0.0,0.0,0.0,0.0,0.0,0.0,0.0,0.0
BHR,Bahrain,Rural,2006,BHR_2006_HSS,0.795,0.0,0.0,0.0,0.0,0.0,1.0,0.0,0.0,0.0,0.0,0.0,0.0
BHR,Bahrain,Rural,2006,BHR_2006_MWMAUP,0.795,0.67,0.33,0.0,0.0,0.0,0.0,0.0,0.0,0.0,0.0,0.0,0.0
BHR,Bahrain,Rural,2007,BHR_2007_HSS,0.8,0.0,0.0,0.0,0.0,0.0,1.0,0.0,0.0,0.0,0.0,0.0,0.0
BHR,Bahrain,Rural,2007,BHR_2007_MWMAUP,0.8,0.66,0.34,0.0,0.0,0.0,0.0,0.0,0.0,0.0,0.0,0.0,0.0
BHR,Bahrain,Rural,2008,BHR_2008_HSS,0.804,0.0,0.0,0.0,0.0,0.0,1.0,0.0,0.0,0.0,0.0,0.0,0.0
BHR,Bahrain,Rural,2008,BHR_2008_MWMAUP,0.804,0.65,0.35,0.0,0.0,0.0,0.0,0.0,0.0,0.0,0.0,0.0,0.0
BHR,Bahrain,Rural,2009,BHR_2009_HSS,0.804,0.0,0.0,0.0,0.0,0.0,1.0,0.0,0.0,0.0,0.0,0.0,0.0
BHR,Bahrain,Rural,2009,BHR_2009_MWMAUP,0.804,0.77,0.23,0.0,0.0,0.0,0.0,0.0,0.0,0.0,0.0,0.0,0.0
BHR,Bahrain,Rural,2010,BHR_2010_HSS,0.81,0.0,0.0,0.0,0.0,0.0,1.0,0.0,0.0,0.0,0.0,0.0,0.0
BHR,Bahrain,Rural,2010,BHR_2010_MWMAUP,0.81,0.81,0.19,0.0,0.0,0.0,0.0,0.0,0.0,0.0,0.0,0.0,0.0
BHR,Bahrain,Rural,2011,BHR_2011_HSS,0.817,0.0,0.0,0.0,0.0,0.0,1.0,0.0,0.0,0.0,0.0,0.0,0.0
BHR,Bahrain,Rural,2011,BHR_2011_MWMAUP,0.817,0.88,0.12,0.0,0.0,0.0,0.0,0.0,0.0,0.0,0.0,0.0,0.0
BHR,Bahrain,Rural,2012,BHR_2012_HSS,0.833,0.0,0.0,0.0,0.0,0.0,1.0,0.0,0.0,0.0,0.0,0.0,0.0
BHR,Bahrain,Rural,2012,BHR_2012_MWMAUP,0.833,0.87,0.13,0.0,0.0,0.0,0.0,0.0,0.0,0.0,0.0,0.0,0.0
BHR,Bahrain,Rural,2013,BHR_2013_HSS,0.846,0.0,0.0,0.0,0.0,0.0,1.0,0.0,0.0,0.0,0.0,0.0,0.0
BHR,Bahrain,Rural,2013,BHR_2013_MWMAUP,0.846,0.87,0.13,0.0,0.0,0.0,0.0,0.0,0.0,0.0,0.0,0.0,0.0
BHR,Bahrain,Rural,2014,BHR_2014_HSS,0.847,0.0,0.0,0.0,0.0,0.0,1.0,0.0,0.0,0.0,0.0,0.0,0.0
BHR,Bahrain,Rural,2014,BHR_2014_MWMAUP,0.847,0.9,0.1,0.0,0.0,0.0,0.0,0.0,0.0,0.0,0.0,0.0,0.0
BHR,Bahrain,Rural,2015,BHR_2015_HIES,0.868,0.966,0.0,0.0,0.0,0.0,0.0,0.0,0.0,0.0,0.0,0.0,0.034
BHR,Bahrain,Rural,2015,BHR_2015_HSS,0.868,0.0,0.0,0.0,0.0,0.0,1.0,0.0,0.0,0.0,0.0,0.0,0.0
BHR,Bahrain,Rural,2015,BHR_2015_MWMAUP,0.868,0.88,0.12,0.0,0.0,0.0,0.0,0.0,0.0,0.0,0.0,0.0,0.0
BHR,Bahrain,Rural,2016,BHR_2016_HSS,0.871,0.0,0.0,0.0,0.0,0.0,1.0,0.0,0.0,0.0,0.0,0.0,0.0
BHR,Bahrain,Rural,2016,BHR_2016_MWMAUP,0.871,0.85,0.15,0.0,0.0,0.0,0.0,0.0,0.0,0.0,0.0,0.0,0.0
BHR,Bahrain,Rural,2017,BHR_2017_HSS,0.874,0.0,0.0,0.0,0.0,0.0,1.0,0.0,0.0,0.0,0.0,0.0,0.0
BHR,Bahrain,Rural,2017,BHR_2017_MWMAUP,0.874,0.81,0.19,0.0,0.0,0.0,0.0,0.0,0.0,0.0,0.0,0.0,0.0
BHR,Bahrain,Rural,2018,BHR_2018_MWMAUP,0.886,0.7,0.3,0.0,0.0,0.0,0.0,0.0,0.0,0.0,0.0,0.0,0.0
BHR,Bahrain,Rural,2018,BHR_2018_NHS,0.886,0.978,0.0,0.0,0.0,0.0,0.0,0.0,0.0,0.0,0.0,0.0,0.022
BHR,Bahrain,Rural,2019,BHR_2019_MWMAUP,0.894,0.715,0.285,0.0,0.0,0.0,0.0,0.0,0.0,0.0,0.0,0.0,0.0
BHR,Bahrain,Urban,1997,BHR_1997_HSS,0.746,0.0,0.0,0.0,0.0,0.0,1.0,0.0,0.0,0.0,0.0,0.0,0.0
BHR,Bahrain,Urban,1998,BHR_1998_HSS,0.754,0.0,0.0,0.0,0.0,0.0,1.0,0.0,0.0,0.0,0.0,0.0,0.0
BHR,Bahrain,Urban,1999,BHR_1999_HSS,0.761,0.0,0.0,0.0,0.0,0.0,1.0,0.0,0.0,0.0,0.0,0.0,0.0
BHR,Bahrain,Urban,2000,BHR_2000_HSS,0.775,0.0,0.0,0.0,0.0,0.0,1.0,0.0,0.0,0.0,0.0,0.0,0.0
BHR,Bahrain,Urban,2000,BHR_2000_MWMAUP,0.775,0.73,0.27,0.0,0.0,0.0,0.0,0.0,0.0,0.0,0.0,0.0,0.0
BHR,Bahrain,Urban,2001,BHR_2001_CEN,0.785,0.0,0.0,0.0,0.0,0.0,0.992,0.0,0.0,0.0,0.0,0.0,0.008
BHR,Bahrain,Urban,2001,BHR_2001_HSS,0.785,0.0,0.0,0.0,0.0,0.0,1.0,0.0,0.0,0.0,0.0,0.0,0.0
BHR,Bahrain,Urban,2001,BHR_2001_MWMAUP,0.785,0.75,0.25,0.0,0.0,0.0,0.0,0.0,0.0,0.0,0.0,0.0,0.0
BHR,Bahrain,Urban,2002,BHR_2002_HSS,0.791,0.0,0.0,0.0,0.0,0.0,1.0,0.0,0.0,0.0,0.0,0.0,0.0
BHR,Bahrain,Urban,2002,BHR_2002_MWMAUP,0.791,0.77,0.23,0.0,0.0,0.0,0.0,0.0,0.0,0.0,0.0,0.0,0.0
BHR,Bahrain,Urban,2003,BHR_2003_HSS,0.799,0.0,0.0,0.0,0.0,0.0,1.0,0.0,0.0,0.0,0.0,0.0,0.0
BHR,Bahrain,Urban,2003,BHR_2003_MWMAUP,0.799,0.7,0.3,0.0,0.0,0.0,0.0,0.0,0.0,0.0,0.0,0.0,0.0
BHR,Bahrain,Urban,2004,BHR_2004_HSS,0.795,0.0,0.0,0.0,0.0,0.0,1.0,0.0,0.0,0.0,0.0,0.0,0.0
BHR,Bahrain,Urban,2004,BHR_2004_MWMAUP,0.795,0.71,0.29,0.0,0.0,0.0,0.0,0.0,0.0,0.0,0.0,0.0,0.0
BHR,Bahrain,Urban,2005,BHR_2005_HSS,0.791,0.0,0.0,0.0,0.0,0.0,1.0,0.0,0.0,0.0,0.0,0.0,0.0
BHR,Bahrain,Urban,2005,BHR_2005_MWMAUP,0.791,0.7,0.3,0.0,0.0,0.0,0.0,0.0,0.0,0.0,0.0,0.0,0.0
BHR,Bahrain,Urban,2006,BHR_2006_HSS,0.795,0.0,0.0,0.0,0.0,0.0,1.0,0.0,0.0,0.0,0.0,0.0,0.0
BHR,Bahrain,Urban,2006,BHR_2006_MWMAUP,0.795,0.67,0.33,0.0,0.0,0.0,0.0,0.0,0.0,0.0,0.0,0.0,0.0
BHR,Bahrain,Urban,2007,BHR_2007_HSS,0.8,0.0,0.0,0.0,0.0,0.0,1.0,0.0,0.0,0.0,0.0,0.0,0.0
BHR,Bahrain,Urban,2007,BHR_2007_MWMAUP,0.8,0.66,0.34,0.0,0.0,0.0,0.0,0.0,0.0,0.0,0.0,0.0,0.0
BHR,Bahrain,Urban,2008,BHR_2008_HSS,0.804,0.0,0.0,0.0,0.0,0.0,1.0,0.0,0.0,0.0,0.0,0.0,0.0
BHR,Bahrain,Urban,2008,BHR_2008_MWMAUP,0.804,0.65,0.35,0.0,0.0,0.0,0.0,0.0,0.0,0.0,0.0,0.0,0.0
BHR,Bahrain,Urban,2009,BHR_2009_HSS,0.804,0.0,0.0,0.0,0.0,0.0,1.0,0.0,0.0,0.0,0.0,0.0,0.0
BHR,Bahrain,Urban,2009,BHR_2009_MWMAUP,0.804,0.77,0.23,0.0,0.0,0.0,0.0,0.0,0.0,0.0,0.0,0.0,0.0
BHR,Bahrain,Urban,2010,BHR_2010_HSS,0.81,0.0,0.0,0.0,0.0,0.0,1.0,0.0,0.0,0.0,0.0,0.0,0.0
BHR,Bahrain,Urban,2010,BHR_2010_MWMAUP,0.81,0.81,0.19,0.0,0.0,0.0,0.0,0.0,0.0,0.0,0.0,0.0,0.0
BHR,Bahrain,Urban,2011,BHR_2011_HSS,0.817,0.0,0.0,0.0,0.0,0.0,1.0,0.0,0.0,0.0,0.0,0.0,0.0
BHR,Bahrain,Urban,2011,BHR_2011_MWMAUP,0.817,0.88,0.12,0.0,0.0,0.0,0.0,0.0,0.0,0.0,0.0,0.0,0.0
BHR,Bahrain,Urban,2012,BHR_2012_HSS,0.833,0.0,0.0,0.0,0.0,0.0,1.0,0.0,0.0,0.0,0.0,0.0,0.0
BHR,Bahrain,Urban,2012,BHR_2012_MWMAUP,0.833,0.87,0.13,0.0,0.0,0.0,0.0,0.0,0.0,0.0,0.0,0.0,0.0
BHR,Bahrain,Urban,2013,BHR_2013_HSS,0.846,0.0,0.0,0.0,0.0,0.0,1.0,0.0,0.0,0.0,0.0,0.0,0.0
BHR,Bahrain,Urban,2013,BHR_2013_MWMAUP,0.846,0.87,0.13,0.0,0.0,0.0,0.0,0.0,0.0,0.0,0.0,0.0,0.0
BHR,Bahrain,Urban,2014,BHR_2014_HSS,0.847,0.0,0.0,0.0,0.0,0.0,1.0,0.0,0.0,0.0,0.0,0.0,0.0
BHR,Bahrain,Urban,2014,BHR_2014_MWMAUP,0.847,0.9,0.1,0.0,0.0,0.0,0.0,0.0,0.0,0.0,0.0,0.0,0.0
BHR,Bahrain,Urban,2015,BHR_2015_HIES,0.868,0.966,0.0,0.0,0.0,0.0,0.0,0.0,0.0,0.0,0.0,0.0,0.034
BHR,Bahrain,Urban,2015,BHR_2015_HSS,0.868,0.0,0.0,0.0,0.0,0.0,1.0,0.0,0.0,0.0,0.0,0.0,0.0
BHR,Bahrain,Urban,2015,BHR_2015_MWMAUP,0.868,0.88,0.12,0.0,0.0,0.0,0.0,0.0,0.0,0.0,0.0,0.0,0.0
BHR,Bahrain,Urban,2016,BHR_2016_HSS,0.871,0.0,0.0,0.0,0.0,0.0,1.0,0.0,0.0,0.0,0.0,0.0,0.0
BHR,Bahrain,Urban,2016,BHR_2016_MWMAUP,0.871,0.85,0.15,0.0,0.0,0.0,0.0,0.0,0.0,0.0,0.0,0.0,0.0
BHR,Bahrain,Urban,2017,BHR_2017_HSS,0.874,0.0,0.0,0.0,0.0,0.0,1.0,0.0,0.0,0.0,0.0,0.0,0.0
BHR,Bahrain,Urban,2017,BHR_2017_MWMAUP,0.874,0.81,0.19,0.0,0.0,0.0,0.0,0.0,0.0,0.0,0.0,0.0,0.0
BHR,Bahrain,Urban,2018,BHR_2018_MWMAUP,0.886,0.7,0.3,0.0,0.0,0.0,0.0,0.0,0.0,0.0,0.0,0.0,0.0
BHR,Bahrain,Urban,2018,BHR_2018_NHS,0.886,0.978,0.0,0.0,0.0,0.0,0.0,0.0,0.0,0.0,0.0,0.0,0.022
BHR,Bahrain,Urban,2019,BHR_2019_MWMAUP,0.894,0.715,0.285,0.0,0.0,0.0,0.0,0.0,0.0,0.0,0.0,0.0,0.0
BHS,Bahamas,Rural,2014,BHS_2014_VCS,0.807,0.459,0.0,0.0,0.0,0.0,0.0,0.0,0.0,0.0,0.0,0.0,0.541
BHS,Bahamas,Urban,2014,BHS_2014_VCS,0.807,0.712,0.0,0.0,0.0,0.0,0.0,0.0,0.0,0.0,0.0,0.0,0.288
BIH,Bosnia and Herzegovina,Rural,2001,BIH_2001_LSMS,0.677,0.269,0.435,0.0,0.0,0.0,0.274,0.0,0.0,0.0,0.0,0.022,0.0
BIH,Bosnia and Herzegovina,Rural,2006,BIH_2006_MICS,0.701,0.224,0.575,0.008,0.006,0.078,0.019,0.009,0.002,0.0,0.072,0.001,0.006
BIH,Bosnia and Herzegovina,Rural,2012,BIH_2012_MICS,0.742,0.299,0.58,0.003,0.002,0.054,0.043,0.018,0.0,0.0,0.0,0.0,0.001
BIH,Bosnia and Herzegovina,Rural,2013,BIH_2013_CEN,0.756,0.479,0.38,0.0,0.0,0.0,0.0,0.0,0.0,0.0,0.0,0.0,0.141
BIH,Bosnia and Herzegovina,Urban,2001,BIH_2001_LSMS,0.677,0.739,0.173,0.0,0.0,0.0,0.078,0.0,0.0,0.0,0.0,0.01,0.0
BIH,Bosnia and Herzegovina,Urban,2006,BIH_2006_MICS,0.701,0.772,0.201,0.002,0.005,0.006,0.003,0.0,0.0,0.0,0.01,0.001,0.0
BIH,Bosnia and Herzegovina,Urban,2012,BIH_2012_MICS,0.742,0.833,0.153,0.0,0.0,0.005,0.006,0.001,0.0,0.0,0.0,0.0,0.002
BIH,Bosnia and Herzegovina,Urban,2013,BIH_2013_CEN,0.756,0.479,0.38,0.0,0.0,0.0,0.0,0.0,0.0,0.0,0.0,0.0,0.141
BLR,Belarus,Rural,1999,BLR_1999_CEN,0.716,0.207,0.0,0.0,0.0,0.0,0.0,0.0,0.0,0.0,0.0,0.0,0.793
BLR,Belarus,Rural,2005,BLR_2005_MICS,0.767,0.696,0.029,0.013,0.0,0.0,0.256,0.006,0.0,0.0,0.0,0.0,0.0
BLR,Belarus,Rural,2007,BLR_2007_LSS,0.786,0.504,0.0,0.0,0.0,0.0,0.0,0.0,0.0,0.0,0.0,0.0,0.496
BLR,Belarus,Rural,2008,BLR_2008_LSS,0.796,0.528,0.0,0.0,0.0,0.0,0.0,0.0,0.0,0.0,0.0,0.0,0.472
BLR,Belarus,Rural,2009,BLR_2009_CEN,0.798,0.349,0.0,0.0,0.0,0.0,0.0,0.0,0.0,0.0,0.0,0.0,0.651
BLR,Belarus,Rural,2010,BLR_2010_LSS,0.803,0.583,0.0,0.0,0.0,0.0,0.0,0.0,0.0,0.0,0.0,0.0,0.417
BLR,Belarus,Rural,2011,BLR_2011_LSS,0.812,0.588,0.0,0.0,0.0,0.0,0.0,0.0,0.0,0.0,0.0,0.0,0.412
BLR,Belarus,Rural,2012,BLR_2012_LSS,0.818,0.584,0.0,0.0,0.0,0.0,0.0,0.0,0.0,0.0,0.0,0.0,0.416
BLR,Belarus,Rural,2012,BLR_2012_MICS,0.818,0.327,0.124,0.062,0.0,0.0,0.446,0.036,0.0,0.0,0.0,0.0,0.005
BLR,Belarus,Rural,2013,BLR_2013_LSS,0.821,0.64,0.0,0.0,0.0,0.0,0.0,0.0,0.0,0.0,0.0,0.0,0.36
BLR,Belarus,Rural,2013,BLR_2013_MOE,0.821,0.767,0.0,0.0,0.0,0.0,0.0,0.0,0.0,0.0,0.0,0.0,0.233
BLR,Belarus,Rural,2014,BLR_2014_LSS,0.825,0.667,0.0,0.0,0.0,0.0,0.0,0.0,0.0,0.0,0.0,0.0,0.333
BLR,Belarus,Rural,2014,BLR_2014_MOE,0.825,0.77,0.0,0.0,0.0,0.0,0.0,0.0,0.0,0.0,0.0,0.0,0.23
BLR,Belarus,Rural,2015,BLR_2015_LSS,0.825,0.67,0.0,0.0,0.0,0.0,0.0,0.0,0.0,0.0,0.0,0.0,0.33
BLR,Belarus,Rural,2016,BLR_2016_LSS,0.825,0.739,0.0,0.0,0.0,0.0,0.0,0.0,0.0,0.0,0.0,0.0,0.261
BLR,Belarus,Rural,2017,BLR_2017_LSS,0.828,0.777,0.0,0.0,0.0,0.0,0.0,0.0,0.0,0.0,0.0,0.0,0.223
BLR,Belarus,Rural,2018,BLR_2018_LSS,0.827,0.818,0.0,0.0,0.0,0.0,0.0,0.0,0.0,0.0,0.0,0.0,0.182
BLR,Belarus,Rural,2019,BLR_2019_LSS,0.826,0.816,0.0,0.0,0.0,0.0,0.0,0.0,0.0,0.0,0.0,0.0,0.184
BLR,Belarus,Rural,2020,BLR_2020_LSS,0.815,0.836,0.0,0.0,0.0,0.0,0.0,0.0,0.0,0.0,0.0,0.0,0.164
BLR,Belarus,Rural,2020,BLR_2020_SO,0.815,0.948,0.0,0.0,0.0,0.0,0.0,0.0,0.0,0.0,0.0,0.0,0.052
BLR,Belarus,Urban,1999,BLR_1999_CEN,0.716,0.845,0.0,0.0,0.0,0.0,0.0,0.0,0.0,0.0,0.0,0.0,0.155
BLR,Belarus,Urban,2005,BLR_2005_MICS,0.767,0.696,0.029,0.013,0.0,0.0,0.256,0.006,0.0,0.0,0.0,0.0,0.0
BLR,Belarus,Urban,2007,BLR_2007_LSS,0.786,0.941,0.0,0.0,0.0,0.0,0.0,0.0,0.0,0.0,0.0,0.0,0.059
BLR,Belarus,Urban,2008,BLR_2008_LSS,0.796,0.934,0.0,0.0,0.0,0.0,0.0,0.0,0.0,0.0,0.0,0.0,0.066
BLR,Belarus,Urban,2009,BLR_2009_CEN,0.798,0.9,0.0,0.0,0.0,0.0,0.0,0.0,0.0,0.0,0.0,0.0,0.1
BLR,Belarus,Urban,2010,BLR_2010_LSS,0.803,0.947,0.0,0.0,0.0,0.0,0.0,0.0,0.0,0.0,0.0,0.0,0.053
BLR,Belarus,Urban,2011,BLR_2011_LSS,0.812,0.944,0.0,0.0,0.0,0.0,0.0,0.0,0.0,0.0,0.0,0.0,0.056
BLR,Belarus,Urban,2012,BLR_2012_LSS,0.818,0.938,0.0,0.0,0.0,0.0,0.0,0.0,0.0,0.0,0.0,0.0,0.062
BLR,Belarus,Urban,2012,BLR_2012_MICS,0.818,0.861,0.027,0.021,0.0,0.0,0.08499999999999999,0.005,0.0,0.0,0.0,0.0,0.001
BLR,Belarus,Urban,2013,BLR_2013_LSS,0.821,0.954,0.0,0.0,0.0,0.0,0.0,0.0,0.0,0.0,0.0,0.0,0.046
BLR,Belarus,Urban,2013,BLR_2013_MOE,0.821,0.767,0.0,0.0,0.0,0.0,0.0,0.0,0.0,0.0,0.0,0.0,0.233
BLR,Belarus,Urban,2014,BLR_2014_LSS,0.825,0.96,0.0,0.0,0.0,0.0,0.0,0.0,0.0,0.0,0.0,0.0,0.04
BLR,Belarus,Urban,2014,BLR_2014_MOE,0.825,0.77,0.0,0.0,0.0,0.0,0.0,0.0,0.0,0.0,0.0,0.0,0.23
BLR,Belarus,Urban,2015,BLR_2015_LSS,0.825,0.967,0.0,0.0,0.0,0.0,0.0,0.0,0.0,0.0,0.0,0.0,0.033
BLR,Belarus,Urban,2016,BLR_2016_LSS,0.825,0.976,0.0,0.0,0.0,0.0,0.0,0.0,0.0,0.0,0.0,0.0,0.024
BLR,Belarus,Urban,2017,BLR_2017_LSS,0.828,0.973,0.0,0.0,0.0,0.0,0.0,0.0,0.0,0.0,0.0,0.0,0.027
BLR,Belarus,Urban,2018,BLR_2018_LSS,0.827,0.978,0.0,0.0,0.0,0.0,0.0,0.0,0.0,0.0,0.0,0.0,0.022
BLR,Belarus,Urban,2019,BLR_2019_LSS,0.826,0.986,0.0,0.0,0.0,0.0,0.0,0.0,0.0,0.0,0.0,0.0,0.014
BLR,Belarus,Urban,2020,BLR_2020_LSS,0.815,0.99,0.0,0.0,0.0,0.0,0.0,0.0,0.0,0.0,0.0,0.0,0.01
BLR,Belarus,Urban,2020,BLR_2020_SO,0.815,0.948,0.0,0.0,0.0,0.0,0.0,0.0,0.0,0.0,0.0,0.0,0.052
BLZ,Belize,Rural,1995,BLZ_1995_SLC,0.647,0.002,0.095,0.0,0.0,0.0,0.836,0.0,0.0,0.0,0.0,0.06,0.007
BLZ,Belize,Rural,2000,BLZ_2000_CEN,0.671,0.005,0.223,0.0,0.0,0.0,0.673,0.0,0.0,0.0,0.027,0.064,0.008
BLZ,Belize,Rural,2002,BLZ_2002_PAR,0.686,0.261,0.0,0.0,0.0,0.0,0.652,0.0,0.0,0.0,0.0,0.072,0.015
BLZ,Belize,Rural,2010,BLZ_2010_CEN,0.727,0.0,0.453,0.0,0.0,0.0,0.499,0.0,0.0,0.0,0.0,0.04,0.008
BLZ,Belize,Rural,2013,BLZ_2013_SDGR,0.724,0.0,0.0,0.0,0.0,0.0,0.775,0.0,0.0,0.0,0.0,0.0,0.225
BLZ,Belize,Rural,2014,BLZ_2014_SDGR,0.721,0.0,0.0,0.0,0.0,0.0,0.807,0.0,0.0,0.0,0.0,0.0,0.193
BLZ,Belize,Rural,2016,BLZ_2016_SDGR,0.727,0.0,0.0,0.0,0.0,0.0,0.858,0.0,0.0,0.0,0.0,0.0,0.14200000000000002
BLZ,Belize,Rural,2019,BLZ_2019_SDGR,0.725,0.0,0.0,0.0,0.0,0.0,0.711,0.0,0.0,0.0,0.0,0.0,0.289
BLZ,Belize,Urban,1991,BLZ_1991_CEN,0.626,0.319,0.266,0.0,0.0,0.0,0.259,0.0,0.0,0.0,0.0,0.052,0.104
BLZ,Belize,Urban,1995,BLZ_1995_SLC,0.647,0.367,0.351,0.0,0.0,0.0,0.227,0.0,0.0,0.0,0.0,0.032,0.023
BLZ,Belize,Urban,2000,BLZ_2000_CEN,0.671,0.306,0.466,0.0,0.0,0.0,0.168,0.0,0.0,0.0,0.01,0.021,0.028999999999999998
BLZ,Belize,Urban,2001,BLZ_2001_LSMS,0.676,0.292,0.469,0.0,0.0,0.0,0.20900000000000002,0.0,0.0,0.0,0.004,0.007,0.019
BLZ,Belize,Urban,2002,BLZ_2002_PAR,0.686,0.777,0.0,0.0,0.0,0.0,0.193,0.0,0.0,0.0,0.0,0.006,0.024
BLZ,Belize,Urban,2010,BLZ_2010_CEN,0.727,0.258,0.611,0.0,0.0,0.0,0.106,0.0,0.0,0.0,0.0,0.018,0.007
BLZ,Belize,Urban,2013,BLZ_2013_SDGR,0.724,0.0,0.0,0.0,0.0,0.0,0.959,0.0,0.0,0.0,0.0,0.0,0.041
BLZ,Belize,Urban,2014,BLZ_2014_SDGR,0.721,0.0,0.0,0.0,0.0,0.0,0.932,0.0,0.0,0.0,0.0,0.0,0.068
BLZ,Belize,Urban,2016,BLZ_2016_SDGR,0.727,0.0,0.0,0.0,0.0,0.0,0.858,0.0,0.0,0.0,0.0,0.0,0.14200000000000002
BLZ,Belize,Urban,2017,BLZ_2017_SDGR,0.722,0.0,0.0,0.0,0.0,0.0,0.959,0.0,0.0,0.0,0.0,0.0,0.040999999999999995
BLZ,Belize,Urban,2019,BLZ_2019_SDGR,0.725,0.0,0.0,0.0,0.0,0.0,0.94,0.0,0.0,0.0,0.0,0.0,0.06
BOL,"Bolivia, Plurinational State of",Rural,1996,BOL_1996_ENE,0.602,0.012,0.021,0.0,0.0,0.0,0.248,0.0,0.004,0.0,0.0,0.715,0.0
BOL,"Bolivia, Plurinational State of",Rural,1996,BOL_1996_MICS,0.602,0.014,0.039,0.0,0.0,0.0,0.329,0.0,0.0,0.0,0.0,0.581,0.037
BOL,"Bolivia, Plurinational State of",Rural,2000,BOL_2000_ECH,0.63,0.021,0.045,0.0,0.0,0.0,0.316,0.0,0.005,0.0,0.0,0.613,0.0
BOL,"Bolivia, Plurinational State of",Rural,2001,BOL_2001_ECH,0.639,0.026,0.038,0.0,0.0,0.0,0.335,0.0,0.005,0.0,0.0,0.596,0.0
BOL,"Bolivia, Plurinational State of",Rural,2002,BOL_2002_ECH,0.642,0.019,0.042,0.0,0.0,0.0,0.29,0.0,0.011,0.0,0.0,0.638,0.0
BOL,"Bolivia, Plurinational State of",Rural,2004,BOL_2004_ECH,0.648,0.02,0.039,0.0,0.0,0.0,0.321,0.0,0.016,0.0,0.0,0.604,0.0
BOL,"Bolivia, Plurinational State of",Rural,2008,BOL_2008_EH,0.668,0.451,0.108,0.0,0.0,0.009,0.227,0.0,0.0,0.0,0.0,0.205,0.0
BOL,"Bolivia, Plurinational State of",Rural,2011,BOL_2011_EH,0.683,0.463,0.103,0.0,0.0,0.004,0.246,0.0,0.0,0.0,0.0,0.184,0.0
BOL,"Bolivia, Plurinational State of",Rural,2012,BOL_2012_CEN,0.685,0.038,0.043,0.288,0.0,0.006,0.0,0.0,0.0,0.0,0.0,0.625,0.0
BOL,"Bolivia, Plurinational State of",Rural,2012,BOL_2012_EH,0.685,0.505,0.082,0.017,0.003,0.006,0.111,0.12,0.0,0.0,0.004,0.148,0.004
BOL,"Bolivia, Plurinational State of",Rural,2014,BOL_2014_EH,0.701,0.02,0.053,0.037,0.001,0.022,0.123,0.28,0.0,0.0,0.015,0.439,0.01
BOL,"Bolivia, Plurinational State of",Rural,2018,BOL_2018_EH,0.722,0.051,0.086,0.062,0.001,0.002,0.252,0.167,0.0,0.0,0.022,0.357,0.0
BOL,"Bolivia, Plurinational State of",Urban,1994,BOL_1994_DHS,0.586,0.406,0.137,0.0,0.0,0.0,0.192,0.0,0.0,0.0,0.0,0.26,0.005
BOL,"Bolivia, Plurinational State of",Urban,1996,BOL_1996_ENE,0.602,0.423,0.121,0.0,0.0,0.0,0.227,0.0,0.007,0.0,0.0,0.222,0.0
BOL,"Bolivia, Plurinational State of",Urban,1996,BOL_1996_MICS,0.602,0.525,0.208,0.0,0.0,0.0,0.11,0.0,0.0,0.0,0.0,0.107,0.05
BOL,"Bolivia, Plurinational State of",Urban,2000,BOL_2000_ECH,0.63,0.532,0.094,0.0,0.0,0.0,0.228,0.0,0.01,0.0,0.0,0.136,0.0
BOL,"Bolivia, Plurinational State of",Urban,2001,BOL_2001_CEN,0.639,0.482,0.132,0.0,0.0,0.0,0.223,0.0,0.0,0.0,0.0,0.154,0.009
BOL,"Bolivia, Plurinational State of",Urban,2001,BOL_2001_ECH,0.639,0.484,0.143,0.0,0.0,0.0,0.213,0.0,0.011,0.0,0.0,0.149,0.0
BOL,"Bolivia, Plurinational State of",Urban,2002,BOL_2002_ECH,0.642,0.482,0.132,0.0,0.0,0.0,0.223,0.0,0.009,0.0,0.0,0.154,0.0
BOL,"Bolivia, Plurinational State of",Urban,2003,BOL_2003_DHS,0.645,0.49,0.102,0.0,0.0,0.0,0.229,0.0,0.0,0.0,0.0,0.177,0.002
BOL,"Bolivia, Plurinational State of",Urban,2004,BOL_2004_ECH,0.648,0.503,0.124,0.0,0.0,0.0,0.236,0.0,0.008,0.0,0.0,0.129,0.0
BOL,"Bolivia, Plurinational State of",Urban,2008,BOL_2008_EH,0.668,0.451,0.108,0.0,0.0,0.009,0.227,0.0,0.0,0.0,0.0,0.205,0.0
BOL,"Bolivia, Plurinational State of",Urban,2011,BOL_2011_EH,0.683,0.463,0.103,0.0,0.0,0.004,0.246,0.0,0.0,0.0,0.0,0.184,0.0
BOL,"Bolivia, Plurinational State of",Urban,2012,BOL_2012_CEN,0.685,0.598,0.101,0.169,0.0,0.004,0.0,0.0,0.0,0.0,0.0,0.128,0.0
BOL,"Bolivia, Plurinational State of",Urban,2012,BOL_2012_EH,0.685,0.505,0.082,0.017,0.003,0.006,0.111,0.12,0.0,0.0,0.004,0.148,0.004
BOL,"Bolivia, Plurinational State of",Urban,2013,BOL_2013_EH,0.699,0.751,0.104,0.018,0.002,0.003,0.058,0.04,0.0,0.0,0.003,0.017,0.004
BOL,"Bolivia, Plurinational State of",Urban,2014,BOL_2014_EH,0.701,0.678,0.084,0.011,0.0,0.003,0.097,0.081,0.0,0.0,0.003,0.038,0.005
BOL,"Bolivia, Plurinational State of",Urban,2016,BOL_2016_EH,0.714,0.6,0.178,0.02,0.002,0.002,0.13,0.037,0.0,0.0,0.003,0.028,0.0
BOL,"Bolivia, Plurinational State of",Urban,2018,BOL_2018_EH,0.722,0.644,0.16,0.02,0.002,0.003,0.12,0.025,0.0,0.0,0.002,0.024,0.0
BRA,Brazil,Rural,1997,BRA_1997_LSMS,0.676,0.074,0.078,0.0,0.0,0.0,0.372,0.045,0.0,0.0,0.0,0.346,0.085
BRA,Brazil,Rural,2003,BRA_2003_PNAD,0.705,0.037,0.135,0.0,0.0,0.0,0.0,0.0,0.0,0.0,0.0,0.296,0.532
BRA,Brazil,Rural,2005,BRA_2005_PNDS,0.718,0.043,0.2,0.0,0.0,0.0,0.644,0.062,0.0,0.0,0.0,0.044,0.007
BRA,Brazil,Rural,2015,BRA_2015_PNAD,0.764,0.053,0.043,0.283,0.0,0.031,0.434,0.04,0.0,0.0,0.0,0.11,0.006
BRA,Brazil,Rural,2017,BRA_2017_PNAD,0.77,0.069,0.0,0.0,0.005,0.021,0.721,0.053,0.0,0.0,0.0,0.052,0.079
BRA,Brazil,Rural,2018,BRA_2018_POF,0.774,0.052,0.0,0.0,0.015,0.023,0.788,0.07,0.0,0.0,0.0,0.052,0.0
BRA,Brazil,Urban,1986,BRA_1986_DHS,,0.51,0.23,0.0,0.0,0.0,0.19,0.04,0.0,0.0,0.0,0.02,0.01
BRA,Brazil,Urban,1990,BRA_1990_PNAD,0.641,0.53,0.18,0.0,0.0,0.0,0.22,0.0,0.0,0.0,0.0,0.0,0.07
BRA,Brazil,Urban,1996,BRA_1996_PNAD,0.671,0.49,0.25,0.0,0.0,0.0,0.18,0.0,0.0,0.0,0.0,0.0,0.08
BRA,Brazil,Urban,1997,BRA_1997_LSMS,0.676,0.617,0.126,0.0,0.0,0.0,0.166,0.024,0.0,0.0,0.0,0.04,0.027
BRA,Brazil,Urban,1997,BRA_1997_PNAD,0.676,0.49,0.24,0.0,0.0,0.0,0.19,0.0,0.0,0.0,0.0,0.0,0.08
BRA,Brazil,Urban,1998,BRA_1998_PNAD,0.68,0.51,0.24,0.0,0.0,0.0,0.18,0.0,0.0,0.0,0.0,0.0,0.07
BRA,Brazil,Urban,1999,BRA_1999_PNAD,0.684,0.53,0.23,0.0,0.0,0.0,0.18,0.0,0.0,0.0,0.0,0.0,0.06
BRA,Brazil,Urban,1999,BRA_1999_PNDS,0.684,0.467,0.267,0.0,0.0,0.0,0.228,0.017,0.0,0.0,0.0,0.02,0.001
BRA,Brazil,Urban,2002,BRA_2002_POF,0.7,0.553,0.177,0.0,0.0,0.0,0.196,0.021,0.0,0.0,0.0,0.025,0.028
BRA,Brazil,Urban,2003,BRA_2003_PNAD,0.705,0.534,0.223,0.0,0.0,0.0,0.0,0.0,0.0,0.0,0.0,0.024,0.219
BRA,Brazil,Urban,2005,BRA_2005_PNAD,0.718,0.636,0.135,0.0,0.0,0.0,0.0,0.0,0.0,0.0,0.0,0.017,0.212
BRA,Brazil,Urban,2005,BRA_2005_PNDS,0.718,0.494,0.273,0.0,0.0,0.0,0.196,0.016,0.0,0.0,0.0,0.02,0.001
BRA,Brazil,Urban,2007,BRA_2007_PNDS,0.732,0.537,0.269,0.0,0.0,0.0,0.163,0.013,0.0,0.0,0.0,0.017,0.001
BRA,Brazil,Urban,2011,BRA_2011_PNAD,0.753,0.63,0.085,0.133,0.0,0.0,0.117,0.0,0.0,0.0,0.0,0.01,0.025
BRA,Brazil,Urban,2015,BRA_2015_PNAD,0.764,0.663,0.065,0.139,0.0,0.012,0.102,0.009,0.0,0.0,0.0,0.006,0.004
BRA,Brazil,Urban,2017,BRA_2017_PNAD,0.77,0.735,0.0,0.0,0.002,0.007,0.243,0.008,0.0,0.0,0.0,0.001,0.004
BRA,Brazil,Urban,2018,BRA_2018_PNAD,0.774,0.739,0.0,0.0,0.001,0.008,0.236,0.01,0.0,0.0,0.0,0.001,0.005
BRA,Brazil,Urban,2018,BRA_2018_POF,0.774,0.725,0.0,0.0,0.003,0.01,0.249,0.012,0.0,0.0,0.0,0.001,0.0
BRB,Barbados,Rural,2000,BRB_2000_CEN,0.762,0.005,0.813,0.0,0.0,0.0,0.165,0.0,0.0,0.0,0.0,0.006,0.011
BRB,Barbados,Rural,2010,BRB_2010_CEN,0.797,0.041,0.0,0.0,0.872,0.0,0.059,0.0,0.0,0.0,0.0,0.019,0.009000000000000001
BRB,Barbados,Rural,2010,BRB_2010_SLC,0.797,0.427,0.518,0.0,0.0,0.009,0.038,0.0,0.0,0.0,0.0,0.003,0.005
BRB,Barbados,Rural,2012,BRB_2012_MICS,0.797,0.047,0.097,0.796,0.008,0.0,0.047,0.0,0.0,0.0,0.0,0.003,0.002
BRB,Barbados,Rural,2017,BRB_2017_SLC,0.804,0.016,0.058,0.885,0.0,0.0,0.036,0.0,0.0,0.0,0.0,0.0,0.005
BRB,Barbados,Urban,2000,BRB_2000_CEN,0.762,0.005,0.813,0.0,0.0,0.0,0.165,0.0,0.0,0.0,0.0,0.006,0.011
BRB,Barbados,Urban,2010,BRB_2010_CEN,0.797,0.041,0.0,0.0,0.872,0.0,0.059,0.0,0.0,0.0,0.0,0.019,0.009000000000000001
BRB,Barbados,Urban,2010,BRB_2010_SLC,0.797,0.427,0.518,0.0,0.0,0.009,0.038,0.0,0.0,0.0,0.0,0.003,0.005
BRB,Barbados,Urban,2012,BRB_2012_MICS,0.797,0.047,0.097,0.796,0.008,0.0,0.047,0.0,0.0,0.0,0.0,0.003,0.002
BRB,Barbados,Urban,2017,BRB_2017_SLC,0.804,0.016,0.058,0.885,0.0,0.0,0.036,0.0,0.0,0.0,0.0,0.0,0.005
BRN,Brunei Darussalam,Rural,2011,BRN_2011_CEN,0.834,0.0,0.956,0.0,0.0,0.0,0.035,0.0,0.0,0.0,0.0,0.009,0.0
BRN,Brunei Darussalam,Rural,2021,BRN_2021_CEN,0.835,0.0,0.986,0.0,0.0,0.0,0.0,0.0,0.014,0.0,0.0,0.0,0.0
BRN,Brunei Darussalam,Urban,2011,BRN_2011_CEN,0.834,0.0,0.952,0.0,0.0,0.0,0.017,0.0,0.0,0.0,0.0,0.031,0.0
BRN,Brunei Darussalam,Urban,2021,BRN_2021_CEN,0.835,0.0,0.986,0.0,0.0,0.0,0.0,0.0,0.014,0.0,0.0,0.0,0.0
BTN,Bhutan,Rural,2005,BTN_2005_SEI,,0.19,0.0,0.0,0.0,0.0,0.676,0.0,0.0,0.0,0.0,0.128,0.006
BTN,Bhutan,Rural,2007,BTN_2007_PAR,,0.0,0.0,0.0,0.0,0.0,0.954,0.0,0.0,0.0,0.0,0.0,0.046
BTN,Bhutan,Rural,2012,BTN_2012_NHS,0.609,0.012,0.334,0.0,0.0,0.041,0.23299999999999998,0.334,0.0,0.0,0.0,0.0,0.046
BTN,Bhutan,Urban,2005,BTN_2005_SEI,,0.74,0.0,0.0,0.0,0.0,0.211,0.0,0.0,0.0,0.0,0.039,0.01
BTN,Bhutan,Urban,2007,BTN_2007_PAR,,0.0,0.0,0.0,0.0,0.0,0.989,0.0,0.0,0.0,0.0,0.0,0.011
BTN,Bhutan,Urban,2012,BTN_2012_BLSS,0.609,0.41,0.434,0.076,0.002,0.003,0.032,0.027,0.005,0.007,0.001,0.003,0.0
BTN,Bhutan,Urban,2012,BTN_2012_NHS,0.609,0.134,0.716,0.0,0.0,0.016,0.075,0.051,0.0,0.0,0.0,0.0,0.008
BWA,Botswana,Urban,1991,BWA_1991_CEN,0.59,0.34,0.13,0.0,0.0,0.0,0.53,0.0,0.0,0.0,0.0,0.0,0.0
BWA,Botswana,Urban,2014,BWA_2014_AFB,0.685,0.0,0.0,0.0,0.0,0.0,0.0,0.0,0.0,0.0,0.0,0.014,0.986
BWA,Botswana,Urban,2017,BWA_2017_AFB,0.704,0.0,0.0,0.0,0.0,0.0,0.0,0.0,0.0,0.0,0.0,0.007,0.993
BWA,Botswana,Urban,2019,BWA_2019_AFB,0.718,0.0,0.0,0.0,0.0,0.0,0.0,0.0,0.0,0.0,0.0,0.038,0.962
CAF,Central African Republic,Rural,2006,CAF_2006_MICS,0.35,0.0,0.001,0.0,0.0,0.0,0.43,0.211,0.003,0.0,0.0,0.349,0.006
CAF,Central African Republic,Rural,2008,CAF_2008_ECASEB,0.362,0.0,0.0,0.0,0.0,0.0,0.40800000000000003,0.262,0.0,0.0,0.0,0.306,0.024
CAF,Central African Republic,Rural,2010,CAF_2010_MICS,0.358,0.001,0.001,0.005,0.0,0.001,0.048,0.356,0.003,0.0,0.003,0.266,0.316
CAF,Central African Republic,Rural,2018,CAF_2018_NNS,0.391,0.0,0.0,0.0,0.0,0.0,0.096,0.0,0.0,0.0,0.0,0.0,0.904
CAF,Central African Republic,Rural,2019,CAF_2019_NNS,0.279,0.0,0.0,0.0,0.0,0.0,0.095,0.0,0.0,0.0,0.0,0.0,0.905
CAF,Central African Republic,Urban,2006,CAF_2006_MICS,0.35,0.007,0.024,0.008,0.0,0.001,0.62,0.287,0.003,0.0,0.0,0.045,0.005
CAF,Central African Republic,Urban,2008,CAF_2008_ECASEB,0.362,0.0,0.013,0.0,0.0,0.0,0.617,0.302,0.0,0.0,0.0,0.051,0.017
CAF,Central African Republic,Urban,2010,CAF_2010_MICS,0.358,0.001,0.001,0.005,0.0,0.001,0.048,0.356,0.003,0.0,0.003,0.266,0.316
CAF,Central African Republic,Urban,2018,CAF_2018_NNS,0.391,0.0,0.0,0.0,0.0,0.0,0.096,0.0,0.0,0.0,0.0,0.0,0.904
CAF,Central African Republic,Urban,2019,CAF_2019_NNS,0.279,0.0,0.0,0.0,0.0,0.0,0.095,0.0,0.0,0.0,0.0,0.0,0.905
CAN,Canada,Rural,2004,CAN_2004_WWT,0.906,0.87,0.1,0.0,0.0,0.0,0.0,0.0,0.0,0.0,0.0,0.0,0.03
CAN,Canada,Rural,2006,CAN_2006_WWT,0.913,0.85,0.12,0.0,0.0,0.0,0.0,0.0,0.0,0.0,0.0,0.0,0.03
CAN,Canada,Rural,2007,CAN_2007_HES,0.914,0.66,0.32,0.0,0.013,0.0,0.0,0.0,0.0,0.0,0.0,0.0,0.007
CAN,Canada,Rural,2009,CAN_2009_HES,0.915,0.675,0.307,0.0,0.015,0.0,0.0,0.0,0.0,0.0,0.0,0.0,0.003
CAN,Canada,Rural,2009,CAN_2009_WWT,0.915,0.84,0.13,0.0,0.0,0.0,0.0,0.0,0.0,0.0,0.0,0.0,0.03
CAN,Canada,Rural,2011,CAN_2011_HES,0.921,0.62,0.35,0.0,0.02,0.0,0.0,0.0,0.0,0.0,0.0,0.0,0.01
CAN,Canada,Rural,2013,CAN_2013_HES,0.93,0.641,0.327,0.0,0.022,0.0,0.0,0.0,0.0,0.0,0.0,0.0,0.01
CAN,Canada,Urban,1999,CAN_1999_JMP,0.888,0.96,0.0,0.0,0.0,0.0,0.04,0.0,0.0,0.0,0.0,0.0,0.0
CAN,Canada,Urban,2004,CAN_2004_WWT,0.906,0.87,0.1,0.0,0.0,0.0,0.0,0.0,0.0,0.0,0.0,0.0,0.03
CAN,Canada,Urban,2006,CAN_2006_WWT,0.913,0.85,0.12,0.0,0.0,0.0,0.0,0.0,0.0,0.0,0.0,0.0,0.03
CAN,Canada,Urban,2007,CAN_2007_HES,0.914,0.909,0.052,0.0,0.038,0.0,0.0,0.0,0.0,0.0,0.0,0.0,0.001
CAN,Canada,Urban,2009,CAN_2009_HES,0.915,0.883,0.054,0.0,0.06,0.0,0.0,0.0,0.0,0.0,0.0,0.0,0.003
CAN,Canada,Urban,2009,CAN_2009_WWT,0.915,0.84,0.13,0.0,0.0,0.0,0.0,0.0,0.0,0.0,0.0,0.0,0.03
CAN,Canada,Urban,2011,CAN_2011_HES,0.921,0.875,0.063,0.0,0.058,0.0,0.0,0.0,0.0,0.0,0.0,0.0,0.004
CAN,Canada,Urban,2013,CAN_2013_HES,0.93,0.86,0.067,0.0,0.067,0.0,0.0,0.0,0.0,0.0,0.0,0.0,0.006
CHE,Switzerland,Rural,1997,CHE_1997_ES,0.88,0.95,0.05,0.0,0.0,0.0,0.0,0.0,0.0,0.0,0.0,0.0,0.0
CHE,Switzerland,Rural,1998,CHE_1998_ES,0.886,0.95,0.05,0.0,0.0,0.0,0.0,0.0,0.0,0.0,0.0,0.0,0.0
CHE,Switzerland,Rural,1999,CHE_1999_ES,0.889,0.96,0.04,0.0,0.0,0.0,0.0,0.0,0.0,0.0,0.0,0.0,0.0
CHE,Switzerland,Rural,1999,CHE_1999_JMP,0.889,0.87,0.0,0.0,0.0,0.0,0.13,0.0,0.0,0.0,0.0,0.0,0.0
CHE,Switzerland,Rural,2000,CHE_2000_ES,0.892,0.96,0.04,0.0,0.0,0.0,0.0,0.0,0.0,0.0,0.0,0.0,0.0
CHE,Switzerland,Rural,2001,CHE_2001_ES,0.895,0.96,0.04,0.0,0.0,0.0,0.0,0.0,0.0,0.0,0.0,0.0,0.0
CHE,Switzerland,Rural,2002,CHE_2002_ES,0.896,0.96,0.04,0.0,0.0,0.0,0.0,0.0,0.0,0.0,0.0,0.0,0.0
CHE,Switzerland,Rural,2005,CHE_2005_ES,0.909,0.97,0.03,0.0,0.0,0.0,0.0,0.0,0.0,0.0,0.0,0.0,0.0
CHE,Switzerland,Rural,2010,CHE_2010_ES,0.945,0.973,0.017,0.0,0.0,0.0,0.0,0.0,0.0,0.0,0.0,0.0,0.01
CHE,Switzerland,Rural,2013,CHE_2013_ES,0.952,0.98,0.017,0.0,0.0,0.0,0.0,0.0,0.0,0.0,0.0,0.0,0.003
CHE,Switzerland,Rural,2013,CHE_2013_EUSILC,0.952,1.0,0.0,0.0,0.0,0.0,0.0,0.0,0.0,0.0,0.0,0.0,0.0
CHE,Switzerland,Rural,2014,CHE_2014_EUSILC,0.956,0.999,0.0,0.0,0.0,0.0,0.0,0.0,0.0,0.0,0.0,0.0,0.001
CHE,Switzerland,Rural,2018,CHE_2018_PWH,0.962,0.97,0.02,0.0,0.0,0.0,0.0,0.0,0.0,0.0,0.0,0.0,0.01
CHE,Switzerland,Urban,1997,CHE_1997_ES,0.88,0.95,0.05,0.0,0.0,0.0,0.0,0.0,0.0,0.0,0.0,0.0,0.0
CHE,Switzerland,Urban,1998,CHE_1998_ES,0.886,0.95,0.05,0.0,0.0,0.0,0.0,0.0,0.0,0.0,0.0,0.0,0.0
CHE,Switzerland,Urban,1999,CHE_1999_ES,0.889,0.96,0.04,0.0,0.0,0.0,0.0,0.0,0.0,0.0,0.0,0.0,0.0
CHE,Switzerland,Urban,1999,CHE_1999_JMP,0.889,1.0,0.0,0.0,0.0,0.0,0.0,0.0,0.0,0.0,0.0,0.0,0.0
CHE,Switzerland,Urban,2000,CHE_2000_ES,0.892,0.96,0.04,0.0,0.0,0.0,0.0,0.0,0.0,0.0,0.0,0.0,0.0
CHE,Switzerland,Urban,2001,CHE_2001_ES,0.895,0.96,0.04,0.0,0.0,0.0,0.0,0.0,0.0,0.0,0.0,0.0,0.0
CHE,Switzerland,Urban,2002,CHE_2002_ES,0.896,0.96,0.04,0.0,0.0,0.0,0.0,0.0,0.0,0.0,0.0,0.0,0.0
CHE,Switzerland,Urban,2005,CHE_2005_ES,0.909,0.97,0.03,0.0,0.0,0.0,0.0,0.0,0.0,0.0,0.0,0.0,0.0
CHE,Switzerland,Urban,2010,CHE_2010_ES,0.945,0.973,0.017,0.0,0.0,0.0,0.0,0.0,0.0,0.0,0.0,0.0,0.01
CHE,Switzerland,Urban,2013,CHE_2013_ES,0.952,0.98,0.017,0.0,0.0,0.0,0.0,0.0,0.0,0.0,0.0,0.0,0.003
CHE,Switzerland,Urban,2013,CHE_2013_EUSILC,0.952,1.0,0.0,0.0,0.0,0.0,0.0,0.0,0.0,0.0,0.0,0.0,0.0
CHE,Switzerland,Urban,2014,CHE_2014_EUSILC,0.956,0.998,0.0,0.0,0.0,0.0,0.0,0.0,0.0,0.0,0.0,0.0,0.002
CHE,Switzerland,Urban,2018,CHE_2018_PWH,0.962,1.0,0.0,0.0,0.0,0.0,0.0,0.0,0.0,0.0,0.0,0.0,0.0
CHL,Chile,Rural,2000,CHL_2000_CASEN,0.771,0.114,0.277,0.0,0.0,0.001,0.569,0.0,0.0,0.0,0.0,0.035,0.004
CHL,Chile,Rural,2017,CHL_2017_CASEN,0.862,0.17,0.553,0.155,0.0,0.002,0.101,0.0,0.0,0.0,0.0,0.018,0.001
CHL,Chile,Urban,1991,CHL_1991_EGS,0.723,0.895,0.038,0.0,0.0,0.0,0.0,0.0,0.0,0.0,0.0,0.067,0.0
CHL,Chile,Urban,2000,CHL_2000_CASEN,0.771,0.917,0.032,0.0,0.0,0.0,0.022,0.0,0.0,0.0,0.0,0.028,0.001
CHL,Chile,Urban,2016,CHL_2016_CASEN,0.859,0.973,0.019,0.003,0.0,0.0,0.002,0.0,0.0,0.0,0.0,0.003,0.0
CHL,Chile,Urban,2017,CHL_2017_CASEN,0.862,0.971,0.017,0.003,0.0,0.0,0.006,0.0,0.0,0.0,0.0,0.003,0.0
CHN,China,Rural,2008,CHN_2008_NHSS,0.689,0.334,0.049,0.01,0.0,0.0,0.523,0.0,0.0,0.013,0.026,0.015,0.03
CHN,China,Rural,2008,CHN_2008_SAGE,0.689,0.018,0.12,0.092,0.0,0.0,0.611,0.115,0.007,0.014,0.019,0.002,0.002
CHN,China,Urban,2008,CHN_2008_NHSS,0.689,0.334,0.049,0.01,0.0,0.0,0.523,0.0,0.0,0.013,0.026,0.015,0.03
CHN,China,Urban,2008,CHN_2008_SAGE,0.689,0.739,0.209,0.014,0.0,0.0,0.019,0.0,0.0,0.012,0.001,0.002,0.004
CIV,Côte d'Ivoire,Rural,2013,CIV_2013_AFB,0.487,0.0,0.0,0.0,0.0,0.0,0.0,0.0,0.0,0.0,0.0,0.089,0.911
CIV,Côte d'Ivoire,Rural,2014,CIV_2014_AFB,0.511,0.0,0.0,0.0,0.0,0.0,0.0,0.0,0.0,0.0,0.0,0.024,0.976
CIV,Côte d'Ivoire,Rural,2015,CIV_2015_ENV,0.519,0.071,0.224,0.0,0.0,0.0,0.263,0.0,0.0,0.0,0.0,0.314,0.128
CIV,Côte d'Ivoire,Rural,2017,CIV_2017_AFB,0.539,0.0,0.0,0.0,0.0,0.0,0.0,0.0,0.0,0.0,0.0,0.02,0.98
CIV,Côte d'Ivoire,Rural,2017,CIV_2017_PMA,0.539,0.044,0.157,0.022,0.008,0.005,0.33,0.156,0.003,0.0,0.014,0.254,0.007
CIV,Côte d'Ivoire,Rural,2019,CIV_2019_AFB,0.552,0.0,0.0,0.0,0.0,0.0,0.0,0.0,0.0,0.0,0.0,0.262,0.738
CIV,Côte d'Ivoire,Urban,2013,CIV_2013_AFB,0.487,0.0,0.0,0.0,0.0,0.0,0.0,0.0,0.0,0.0,0.0,0.012,0.988
CIV,Côte d'Ivoire,Urban,2014,CIV_2014_AFB,0.511,0.0,0.0,0.0,0.0,0.0,0.0,0.0,0.0,0.0,0.0,0.0,1.0
CIV,Côte d'Ivoire,Urban,2015,CIV_2015_ENV,0.519,0.071,0.224,0.0,0.0,0.0,0.263,0.0,0.0,0.0,0.0,0.314,0.128
CIV,Côte d'Ivoire,Urban,2016,CIV_2016_MICS,0.53,0.11,0.269,0.058,0.008,0.01,0.325,0.19,0.001,0.001,0.001,0.026,0.001
CIV,Côte d'Ivoire,Urban,2017,CIV_2017_AFB,0.539,0.0,0.0,0.0,0.0,0.0,0.0,0.0,0.0,0.0,0.0,0.002,0.998
CIV,Côte d'Ivoire,Urban,2017,CIV_2017_PMA,0.539,0.044,0.157,0.022,0.008,0.005,0.33,0.156,0.003,0.0,0.014,0.254,0.007
CIV,Côte d'Ivoire,Urban,2019,CIV_2019_AFB,0.552,0.0,0.0,0.0,0.0,0.0,0.0,0.0,0.0,0.0,0.0,0.048,0.952
CMR,Cameroon,Rural,2013,CMR_2013_AFB,0.558,0.0,0.0,0.0,0.0,0.0,0.0,0.0,0.0,0.0,0.0,0.007,0.993
CMR,Cameroon,Rural,2014,CMR_2014_ECAM,0.566,0.0,0.0,0.0,0.0,0.0,0.288,0.0,0.0,0.0,0.0,0.0,0.712
CMR,Cameroon,Rural,2015,CMR_2015_AFB,0.575,0.0,0.0,0.0,0.0,0.0,0.0,0.0,0.0,0.0,0.0,0.004,0.996
CMR,Cameroon,Rural,2018,CMR_2018_AFB,0.582,0.0,0.0,0.0,0.0,0.0,0.0,0.0,0.0,0.0,0.0,0.011,0.989
CMR,Cameroon,Rural,2021,CMR_2021_AFB,0.574,0.0,0.0,0.0,0.0,0.0,0.0,0.0,0.0,0.0,0.0,0.062,0.938
CMR,Cameroon,Urban,2013,CMR_2013_AFB,0.558,0.0,0.0,0.0,0.0,0.0,0.0,0.0,0.0,0.0,0.0,0.004,0.996
CMR,Cameroon,Urban,2014,CMR_2014_ECAM,0.566,0.0,0.0,0.0,0.0,0.0,0.576,0.0,0.0,0.0,0.0,0.0,0.424
CMR,Cameroon,Urban,2015,CMR_2015_AFB,0.575,0.0,0.0,0.0,0.0,0.0,0.0,0.0,0.0,0.0,0.0,0.004,0.996
CMR,Cameroon,Urban,2018,CMR_2018_AFB,0.582,0.0,0.0,0.0,0.0,0.0,0.0,0.0,0.0,0.0,0.0,0.004,0.996
CMR,Cameroon,Urban,2021,CMR_2021_AFB,0.574,0.0,0.0,0.0,0.0,0.0,0.0,0.0,0.0,0.0,0.0,0.056,0.944
COG,Congo,Rural,2015,COG_2015_MICS,0.643,0.0,0.161,0.019,0.001,0.002,0.36400000000000005,0.333,0.008,0.004,0.018,0.088,0.002
COG,Congo,Urban,2015,COG_2015_MICS,0.643,0.0,0.161,0.019,0.001,0.002,0.36400000000000005,0.333,0.008,0.004,0.018,0.088,0.002
COL,Colombia,Rural,1990,COL_1990_DHS,0.623,0.169,0.333,0.0,0.0,0.0,0.091,0.0,0.0,0.0,0.0,0.362,0.045
COL,Colombia,Rural,1997,COL_1997_ENCV,0.67,0.144,0.27,0.0,0.0,0.137,0.0,0.0,0.0,0.0,0.0,0.355,0.094
COL,Colombia,Rural,2003,COL_2003_ENCV,0.691,0.156,0.373,0.137,0.0,0.005,0.055,0.0,0.0,0.0,0.0,0.274,0.0
COL,Colombia,Rural,2010,COL_2010_DHS,0.741,0.218,0.472,0.113,0.0,0.013,0.024,0.0,0.0,0.0,0.0,0.158,0.002
COL,Colombia,Rural,2011,COL_2011_ENCV,0.747,0.715,0.183,0.037,0.0,0.009,0.01,0.0,0.0,0.0,0.0,0.046,0.0
COL,Colombia,Rural,2011,COL_2011_GEIH,0.747,0.121,0.537,0.126,0.0,0.002,0.028,0.0,0.0,0.0,0.0,0.186,0.0
COL,Colombia,Rural,2012,COL_2012_ENCV,0.748,0.138,0.558,0.088,0.0,0.033,0.031,0.0,0.0,0.0,0.0,0.152,0.0
COL,Colombia,Rural,2013,COL_2013_GEIH,0.76,0.746,0.163,0.037,0.0,0.003,0.005,0.0,0.0,0.0,0.0,0.046,0.0
COL,Colombia,Rural,2014,COL_2014_GEIH,0.763,0.126,0.569,0.113,0.0,0.002,0.016,0.0,0.0,0.0,0.0,0.174,0.0
COL,Colombia,Rural,2015,COL_2015_DHS,0.767,0.142,0.529,0.07,0.0,0.015,0.026,0.0,0.0,0.0,0.0,0.213,0.005
COL,Colombia,Rural,2015,COL_2015_ENCV,0.767,0.154,0.606,0.087,0.0,0.01,0.019,0.0,0.0,0.0,0.0,0.124,0.0
COL,Colombia,Rural,2015,COL_2015_GEIH,0.767,0.133,0.588,0.103,0.0,0.004,0.013,0.0,0.0,0.0,0.0,0.159,0.0
COL,Colombia,Rural,2018,COL_2018_GEIH,0.775,0.761,0.164,0.036,0.0,0.004,0.003,0.0,0.0,0.0,0.0,0.032,0.0
COL,Colombia,Rural,2020,COL_2020_GEIH,0.764,0.128,0.632,0.109,0.0,0.007,0.006,0.0,0.0,0.0,0.0,0.118,0.0
COL,Colombia,Urban,1990,COL_1990_DHS,0.623,0.893,0.05,0.0,0.0,0.0,0.025,0.0,0.0,0.0,0.0,0.028,0.004
COL,Colombia,Urban,1997,COL_1997_ENCV,0.67,0.889,0.063,0.0,0.0,0.016,0.0,0.0,0.0,0.0,0.0,0.017,0.015
COL,Colombia,Urban,2000,COL_2000_DHS,0.679,0.907,0.042,0.0,0.0,0.013,0.024,0.0,0.0,0.0,0.0,0.014,0.0
COL,Colombia,Urban,2003,COL_2003_ENCV,0.691,0.897,0.051,0.025,0.0,0.007,0.006,0.0,0.0,0.0,0.0,0.014,0.0
COL,Colombia,Urban,2009,COL_2009_GEIH,0.736,0.908,0.055,0.016,0.0,0.003,0.003,0.0,0.0,0.0,0.0,0.015,0.0
COL,Colombia,Urban,2010,COL_2010_DHS,0.741,0.918,0.048,0.016,0.0,0.004,0.001,0.0,0.0,0.0,0.0,0.013,0.0
COL,Colombia,Urban,2010,COL_2010_GEIH,0.741,0.908,0.056,0.018,0.0,0.003,0.002,0.0,0.0,0.0,0.0,0.013,0.0
COL,Colombia,Urban,2011,COL_2011_ENCV,0.747,0.715,0.183,0.037,0.0,0.009,0.01,0.0,0.0,0.0,0.0,0.046,0.0
COL,Colombia,Urban,2011,COL_2011_GEIH,0.747,0.913,0.05,0.019,0.0,0.003,0.002,0.0,0.0,0.0,0.0,0.013,0.0
COL,Colombia,Urban,2012,COL_2012_ENCV,0.748,0.917,0.059,0.008,0.0,0.004,0.002,0.0,0.0,0.0,0.0,0.01,0.0
COL,Colombia,Urban,2013,COL_2013_GEIH,0.76,0.746,0.163,0.037,0.0,0.003,0.005,0.0,0.0,0.0,0.0,0.046,0.0
COL,Colombia,Urban,2014,COL_2014_GEIH,0.763,0.922,0.05,0.014,0.0,0.004,0.001,0.0,0.0,0.0,0.0,0.009,0.0
COL,Colombia,Urban,2015,COL_2015_DHS,0.767,0.929,0.047,0.009,0.0,0.004,0.002,0.0,0.0,0.0,0.0,0.007,0.002
COL,Colombia,Urban,2015,COL_2015_ENCV,0.767,0.925,0.05,0.009,0.0,0.006,0.002,0.0,0.0,0.0,0.0,0.008,0.0
COL,Colombia,Urban,2015,COL_2015_GEIH,0.767,0.925,0.051,0.013,0.0,0.003,0.0,0.0,0.0,0.0,0.0,0.008,0.0
COL,Colombia,Urban,2017,COL_2017_ENCV,0.774,0.92,0.05,0.019,0.0,0.003,0.001,0.0,0.0,0.0,0.0,0.007,0.0
COL,Colombia,Urban,2018,COL_2018_GEIH,0.775,0.761,0.164,0.036,0.0,0.004,0.003,0.0,0.0,0.0,0.0,0.032,0.0
COL,Colombia,Urban,2020,COL_2020_ENCV,0.764,0.923,0.054,0.004,0.0,0.011,0.001,0.0,0.0,0.0,0.0,0.007,0.0
COL,Colombia,Urban,2020,COL_2020_GEIH,0.764,0.814,0.127,0.031,0.0,0.003,0.001,0.0,0.0,0.0,0.0,0.024,0.0
COM,Comoros,Urban,2012,COM_2012_DHS-MICS,0.548,0.074,0.079,0.039,0.002,0.004,0.322,0.431,0.031,0.0,0.014,0.004,0.0
CPV,Cabo Verde,Rural,2002,CPV_2002_IDRF,0.6,0.453,0.03,0.0,0.0,0.0,0.08,0.0,0.0,0.0,0.0,0.437,0.0
CPV,Cabo Verde,Rural,2010,CPV_2010_CEN,0.648,0.0,0.0,0.0,0.422,0.0,0.016,0.0,0.0,0.0,0.0,0.559,0.003
CPV,Cabo Verde,Rural,2013,CPV_2013_IMC,0.66,0.017,0.526,0.0,0.0,0.002,0.004,0.0,0.0,0.0,0.0,0.449,0.002
CPV,Cabo Verde,Rural,2014,CPV_2014_AFB,0.659,0.0,0.0,0.0,0.0,0.0,0.0,0.0,0.0,0.0,0.0,0.15,0.85
CPV,Cabo Verde,Rural,2017,CPV_2017_AFB,0.663,0.0,0.0,0.0,0.0,0.0,0.0,0.0,0.0,0.0,0.0,0.19,0.81
CPV,Cabo Verde,Rural,2019,CPV_2019_AFB,0.667,0.0,0.0,0.0,0.0,0.0,0.0,0.0,0.0,0.0,0.0,0.167,0.833
CPV,Cabo Verde,Urban,2002,CPV_2002_IDRF,0.6,0.453,0.03,0.0,0.0,0.0,0.08,0.0,0.0,0.0,0.0,0.437,0.0
CPV,Cabo Verde,Urban,2010,CPV_2010_CEN,0.648,0.0,0.0,0.0,0.742,0.0,0.004,0.0,0.0,0.0,0.0,0.248,0.006
CPV,Cabo Verde,Urban,2013,CPV_2013_IMC,0.66,0.316,0.491,0.0,0.0,0.0,0.001,0.0,0.0,0.0,0.0,0.192,0.0
CPV,Cabo Verde,Urban,2014,CPV_2014_AFB,0.659,0.0,0.0,0.0,0.0,0.0,0.0,0.0,0.0,0.0,0.0,0.054,0.946
CPV,Cabo Verde,Urban,2017,CPV_2017_AFB,0.663,0.0,0.0,0.0,0.0,0.0,0.0,0.0,0.0,0.0,0.0,0.065,0.935
CPV,Cabo Verde,Urban,2019,CPV_2019_AFB,0.667,0.0,0.0,0.0,0.0,0.0,0.0,0.0,0.0,0.0,0.0,0.058,0.942
CPV,Cabo Verde,Urban,2019,CPV_2019_IMC,0.667,0.425,0.451,0.027,0.0,0.0,0.002,0.0,0.0,0.0,0.0,0.092,0.003
CRI,Costa Rica,Rural,2000,CRI_2000_EHPM,0.72,0.094,0.734,0.0,0.0,0.0,0.151,0.0,0.0,0.0,0.0,0.013,0.008
CRI,Costa Rica,Rural,2003,CRI_2003_EHPM,0.736,0.295,0.643,0.0,0.0,0.0,0.048,0.0,0.0,0.0,0.0,0.008,0.006
CRI,Costa Rica,Rural,2005,CRI_2005_EHPM,0.748,0.078,0.809,0.0,0.0,0.0,0.105,0.0,0.0,0.0,0.0,0.005,0.003
CRI,Costa Rica,Rural,2006,CRI_2006_EHPM,0.755,0.055,0.86,0.0,0.0,0.0,0.076,0.0,0.0,0.0,0.0,0.008,0.001
CRI,Costa Rica,Rural,2008,CRI_2008_EHPM,0.769,0.256,0.707,0.0,0.0,0.0,0.03,0.0,0.0,0.0,0.0,0.003,0.004
CRI,Costa Rica,Rural,2013,CRI_2013_ENAHO,0.795,0.08,0.853,0.006,0.0,0.0,0.053,0.0,0.0,0.0,0.0,0.007,0.001
CRI,Costa Rica,Rural,2015,CRI_2015_ENAHO,0.803,0.055,0.896,0.003,0.0,0.0,0.041,0.0,0.0,0.0,0.0,0.005,0.0
CRI,Costa Rica,Rural,2016,CRI_2016_ENAHO,0.805,0.05,0.894,0.007,0.0,0.0,0.045,0.0,0.0,0.0,0.0,0.004,0.0
CRI,Costa Rica,Rural,2018,CRI_2018_MICS,0.813,0.031,0.906,0.005,0.012,0.018,0.013,0.007,0.0,0.0,0.001,0.003,0.004
CRI,Costa Rica,Rural,2019,CRI_2019_ENAHO,0.821,0.047,0.898,0.026,0.0,0.0,0.024,0.0,0.0,0.0,0.0,0.005,0.0
CRI,Costa Rica,Rural,2020,CRI_2020_ENAHO,0.819,0.048,0.903,0.022,0.0,0.0,0.023,0.0,0.0,0.0,0.0,0.004,0.0
CRI,Costa Rica,Rural,2021,CRI_2021_ENAHO,0.817,0.051,0.897,0.019,0.0,0.0,0.028,0.0,0.0,0.0,0.0,0.005,0.0
CRI,Costa Rica,Urban,2000,CRI_2000_EHPM,0.72,0.456,0.512,0.0,0.0,0.0,0.019,0.0,0.0,0.0,0.0,0.005,0.008
CRI,Costa Rica,Urban,2003,CRI_2003_EHPM,0.736,0.295,0.643,0.0,0.0,0.0,0.048,0.0,0.0,0.0,0.0,0.008,0.006
CRI,Costa Rica,Urban,2005,CRI_2005_EHPM,0.748,0.393,0.587,0.0,0.0,0.0,0.008,0.0,0.0,0.0,0.0,0.003,0.009000000000000001
CRI,Costa Rica,Urban,2006,CRI_2006_EHPM,0.755,0.437,0.55,0.0,0.0,0.0,0.006,0.0,0.0,0.0,0.0,0.003,0.004
CRI,Costa Rica,Urban,2008,CRI_2008_EHPM,0.769,0.256,0.707,0.0,0.0,0.0,0.03,0.0,0.0,0.0,0.0,0.003,0.004
CRI,Costa Rica,Urban,2011,CRI_2011_CEN,0.783,0.0,0.978,0.0,0.0,0.012,0.008,0.0,0.0,0.0,0.0,0.002,0.0
CRI,Costa Rica,Urban,2013,CRI_2013_ENAHO,0.795,0.32,0.66,0.008,0.0,0.0,0.004,0.0,0.0,0.0,0.0,0.002,0.006
CRI,Costa Rica,Urban,2014,CRI_2014_ENAHO,0.802,0.339,0.638,0.016,0.0,0.0,0.003,0.0,0.0,0.0,0.0,0.003,0.001
CRI,Costa Rica,Urban,2015,CRI_2015_ENAHO,0.803,0.27,0.704,0.015,0.0,0.0,0.006,0.0,0.0,0.0,0.0,0.004,0.001
CRI,Costa Rica,Urban,2016,CRI_2016_ENAHO,0.805,0.274,0.698,0.017,0.0,0.0,0.007,0.0,0.0,0.0,0.0,0.002,0.002
CRI,Costa Rica,Urban,2018,CRI_2018_ENAHO,0.813,0.291,0.67,0.029,0.0,0.0,0.005,0.0,0.0,0.0,0.0,0.003,0.002
CRI,Costa Rica,Urban,2018,CRI_2018_MICS,0.813,0.289,0.653,0.002,0.04,0.004,0.002,0.001,0.0,0.0,0.0,0.001,0.008
CRI,Costa Rica,Urban,2019,CRI_2019_ENAHO,0.821,0.284,0.688,0.018,0.0,0.0,0.007,0.0,0.0,0.0,0.0,0.003,0.0
CRI,Costa Rica,Urban,2020,CRI_2020_ENAHO,0.819,0.285,0.679,0.028,0.0,0.0,0.005,0.0,0.0,0.0,0.0,0.002,0.001
CRI,Costa Rica,Urban,2021,CRI_2021_ENAHO,0.817,0.313,0.66,0.018,0.0,0.0,0.006,0.0,0.0,0.0,0.0,0.002,0.001
CUB,Cuba,Rural,1980,CUB_1980_CEN,,0.01,0.0,0.0,0.0,0.0,0.622,0.0,0.0,0.0,0.0,0.0,0.368
CUB,Cuba,Rural,2006,CUB_2006_MICS,0.766,0.428,0.275,0.161,0.0,0.015,0.086,0.007,0.0,0.005,0.01,0.011,0.002
CUB,Cuba,Rural,2012,CUB_2012_CEN,0.777,0.001,0.391,0.0,0.0,0.0,0.0,0.0,0.0,0.0,0.0,0.0,0.608
CUB,Cuba,Rural,2015,CUB_2015_AE,0.769,0.0,0.0,0.0,0.0,0.0,0.926,0.0,0.0,0.0,0.0,0.0,0.074
CUB,Cuba,Rural,2016,CUB_2016_AE,0.767,0.0,0.0,0.0,0.0,0.0,0.922,0.0,0.0,0.0,0.0,0.0,0.078
CUB,Cuba,Rural,2017,CUB_2017_AE,0.767,0.0,0.0,0.0,0.0,0.0,0.928,0.0,0.0,0.0,0.0,0.0,0.072
CUB,Cuba,Rural,2018,CUB_2018_AE,0.769,0.0,0.0,0.0,0.0,0.0,0.96,0.0,0.0,0.0,0.0,0.0,0.04
CUB,Cuba,Rural,2019,CUB_2019_AE,0.769,0.0,0.0,0.0,0.0,0.0,0.962,0.0,0.0,0.0,0.0,0.0,0.038
CUB,Cuba,Rural,2020,CUB_2020_AE,0.762,0.0,0.0,0.0,0.0,0.0,0.998,0.0,0.0,0.0,0.0,0.0,0.002
CUB,Cuba,Rural,2021,CUB_2021_AE,0.745,0.0,0.0,0.0,0.0,0.0,0.99,0.0,0.0,0.0,0.0,0.0,0.01
CUB,Cuba,Urban,1980,CUB_1980_CEN,,0.29,0.0,0.0,0.0,0.0,0.569,0.0,0.0,0.0,0.0,0.0,0.141
CUB,Cuba,Urban,1990,CUB_1990_WHO,0.687,0.39,0.0,0.0,0.0,0.0,0.61,0.0,0.0,0.0,0.0,0.0,0.0
CUB,Cuba,Urban,2006,CUB_2006_MICS,0.766,0.428,0.275,0.161,0.0,0.015,0.086,0.007,0.0,0.005,0.01,0.011,0.002
CUB,Cuba,Urban,2012,CUB_2012_CEN,0.777,0.508,0.38,0.0,0.0,0.0,0.0,0.0,0.0,0.0,0.0,0.0,0.112
CUB,Cuba,Urban,2014,CUB_2014_MICS,0.77,0.588,0.254,0.054,0.002,0.034,0.062,0.002,0.0,0.001,0.0,0.002,0.001
CUB,Cuba,Urban,2015,CUB_2015_AE,0.769,0.0,0.0,0.0,0.0,0.0,0.983,0.0,0.0,0.0,0.0,0.0,0.017
CUB,Cuba,Urban,2016,CUB_2016_AE,0.767,0.0,0.0,0.0,0.0,0.0,0.985,0.0,0.0,0.0,0.0,0.0,0.015
CUB,Cuba,Urban,2017,CUB_2017_AE,0.767,0.0,0.0,0.0,0.0,0.0,0.984,0.0,0.0,0.0,0.0,0.0,0.016
CUB,Cuba,Urban,2018,CUB_2018_AE,0.769,0.0,0.0,0.0,0.0,0.0,0.974,0.0,0.0,0.0,0.0,0.0,0.026
CUB,Cuba,Urban,2019,CUB_2019_AE,0.769,0.0,0.0,0.0,0.0,0.0,0.991,0.0,0.0,0.0,0.0,0.0,0.009
CUB,Cuba,Urban,2020,CUB_2020_AE,0.762,0.0,0.0,0.0,0.0,0.0,0.996,0.0,0.0,0.0,0.0,0.0,0.004
CUB,Cuba,Urban,2021,CUB_2021_AE,0.745,0.0,0.0,0.0,0.0,0.0,0.998,0.0,0.0,0.0,0.0,0.0,0.002
CUW,Curaçao,Rural,2001,CUW_2001_CEN,,0.231,0.745,0.0,0.006,0.0,0.0,0.0,0.0,0.0,0.0,0.009,0.009000000000000001
CUW,Curaçao,Rural,2011,CUW_2011_CEN,,0.186,0.802,0.0,0.0,0.0,0.0,0.0,0.0,0.0,0.0,0.004,0.008
CUW,Curaçao,Urban,2001,CUW_2001_CEN,,0.231,0.745,0.0,0.006,0.0,0.0,0.0,0.0,0.0,0.0,0.009,0.009000000000000001
CUW,Curaçao,Urban,2011,CUW_2011_CEN,,0.186,0.802,0.0,0.0,0.0,0.0,0.0,0.0,0.0,0.0,0.004,0.008
CYP,Cyprus,Rural,1999,CYP_1999_JMP,0.802,0.16,0.0,0.0,0.0,0.0,0.84,0.0,0.0,0.0,0.0,0.0,0.0
CYP,Cyprus,Rural,2004,CYP_2004_CWD,0.84,0.09,0.91,0.0,0.0,0.0,0.0,0.0,0.0,0.0,0.0,0.0,0.0
CYP,Cyprus,Rural,2005,CYP_2005_ES,0.844,0.298,0.702,0.0,0.0,0.0,0.0,0.0,0.0,0.0,0.0,0.0,0.0
CYP,Cyprus,Rural,2013,CYP_2013_EUSILC,0.873,0.965,0.0,0.0,0.0,0.0,0.0,0.0,0.0,0.0,0.0,0.0,0.035
CYP,Cyprus,Rural,2014,CYP_2014_EUSILC,0.875,0.974,0.0,0.0,0.0,0.0,0.0,0.0,0.0,0.0,0.0,0.0,0.026
CYP,Cyprus,Rural,2015,CYP_2015_EUSILC,0.882,0.981,0.0,0.0,0.0,0.0,0.0,0.0,0.0,0.0,0.0,0.0,0.019
CYP,Cyprus,Rural,2016,CYP_2016_HBS,0.888,0.169,0.829,0.0,0.0,0.0,0.0,0.0,0.0,0.0,0.0,0.0,0.002
CYP,Cyprus,Rural,2018,CYP_2018_NGGI,0.902,0.872,0.128,0.0,0.0,0.0,0.0,0.0,0.0,0.0,0.0,0.0,0.0
CYP,Cyprus,Urban,1999,CYP_1999_JMP,0.802,0.47,0.0,0.0,0.0,0.0,0.53,0.0,0.0,0.0,0.0,0.0,0.0
CYP,Cyprus,Urban,2004,CYP_2004_CWD,0.84,0.73,0.27,0.0,0.0,0.0,0.0,0.0,0.0,0.0,0.0,0.0,0.0
CYP,Cyprus,Urban,2005,CYP_2005_ES,0.844,0.298,0.702,0.0,0.0,0.0,0.0,0.0,0.0,0.0,0.0,0.0,0.0
CYP,Cyprus,Urban,2013,CYP_2013_EUSILC,0.873,0.997,0.0,0.0,0.0,0.0,0.0,0.0,0.0,0.0,0.0,0.0,0.003
CYP,Cyprus,Urban,2014,CYP_2014_EUSILC,0.875,0.995,0.0,0.0,0.0,0.0,0.0,0.0,0.0,0.0,0.0,0.0,0.005
CYP,Cyprus,Urban,2015,CYP_2015_EUSILC,0.882,0.995,0.0,0.0,0.0,0.0,0.0,0.0,0.0,0.0,0.0,0.0,0.005
CYP,Cyprus,Urban,2016,CYP_2016_HBS,0.888,0.73,0.27,0.0,0.0,0.0,0.0,0.0,0.0,0.0,0.0,0.0,0.0
CYP,Cyprus,Urban,2018,CYP_2018_NGGI,0.902,0.872,0.128,0.0,0.0,0.0,0.0,0.0,0.0,0.0,0.0,0.0,0.0
CZE,Czechia,Rural,1996,CZE_1996_ES,0.793,0.73,0.27,0.0,0.0,0.0,0.0,0.0,0.0,0.0,0.0,0.0,0.0
CZE,Czechia,Rural,1998,CZE_1998_ES,0.802,0.74,0.26,0.0,0.0,0.0,0.0,0.0,0.0,0.0,0.0,0.0,0.0
CZE,Czechia,Rural,1999,CZE_1999_ES,0.806,0.75,0.25,0.0,0.0,0.0,0.0,0.0,0.0,0.0,0.0,0.0,0.0
CZE,Czechia,Rural,2013,CZE_2013_EUSILC,0.892,0.989,0.0,0.0,0.0,0.0,0.0,0.0,0.0,0.0,0.0,0.0,0.011
CZE,Czechia,Rural,2014,CZE_2014_EUSILC,0.898,0.991,0.0,0.0,0.0,0.0,0.0,0.0,0.0,0.0,0.0,0.0,0.009
CZE,Czechia,Rural,2015,CZE_2015_EUSILC,0.9,0.991,0.0,0.0,0.0,0.0,0.0,0.0,0.0,0.0,0.0,0.0,0.009
CZE,Czechia,Urban,1996,CZE_1996_ES,0.793,0.73,0.27,0.0,0.0,0.0,0.0,0.0,0.0,0.0,0.0,0.0,0.0
CZE,Czechia,Urban,1998,CZE_1998_ES,0.802,0.74,0.26,0.0,0.0,0.0,0.0,0.0,0.0,0.0,0.0,0.0,0.0
CZE,Czechia,Urban,1999,CZE_1999_ES,0.806,0.75,0.25,0.0,0.0,0.0,0.0,0.0,0.0,0.0,0.0,0.0,0.0
CZE,Czechia,Urban,2013,CZE_2013_EUSILC,0.892,0.993,0.0,0.0,0.0,0.0,0.0,0.0,0.0,0.0,0.0,0.0,0.007
CZE,Czechia,Urban,2014,CZE_2014_EUSILC,0.898,0.994,0.0,0.0,0.0,0.0,0.0,0.0,0.0,0.0,0.0,0.0,0.006
CZE,Czechia,Urban,2015,CZE_2015_EUSILC,0.9,0.996,0.0,0.0,0.0,0.0,0.0,0.0,0.0,0.0,0.0,0.0,0.004
DEU,Germany,Rural,1998,DEU_1998_ES,0.887,0.93,0.07,0.0,0.0,0.0,0.0,0.0,0.0,0.0,0.0,0.0,0.0
DEU,Germany,Rural,2001,DEU_2001_ES,0.904,0.95,0.05,0.0,0.0,0.0,0.0,0.0,0.0,0.0,0.0,0.0,0.0
DEU,Germany,Rural,2001,DEU_2001_SIS,0.904,0.946,0.0,0.0,0.0,0.0,0.054,0.0,0.0,0.0,0.0,0.0,0.0
DEU,Germany,Rural,2010,DEU_2010_ES,0.936,0.957,0.043,0.0,0.0,0.0,0.0,0.0,0.0,0.0,0.0,0.0,0.0
DEU,Germany,Rural,2012,DEU_2012_ES,0.944,0.96,0.04,0.0,0.0,0.0,0.0,0.0,0.0,0.0,0.0,0.0,0.0
DEU,Germany,Rural,2013,DEU_2013_ES,0.945,0.962,0.038,0.0,0.0,0.0,0.0,0.0,0.0,0.0,0.0,0.0,0.0
DEU,Germany,Rural,2014,DEU_2014_ES,0.949,0.965,0.035,0.0,0.0,0.0,0.0,0.0,0.0,0.0,0.0,0.0,0.0
DEU,Germany,Rural,2015,DEU_2015_ES,0.948,0.968,0.032,0.0,0.0,0.0,0.0,0.0,0.0,0.0,0.0,0.0,0.0
DEU,Germany,Rural,2016,DEU_2016_ES,0.949,0.971,0.029,0.0,0.0,0.0,0.0,0.0,0.0,0.0,0.0,0.0,0.0
DEU,Germany,Rural,2016,DEU_2016_FSO,0.949,0.971,0.024,0.005,0.0,0.0,0.0,0.0,0.0,0.0,0.0,0.0,0.0
DEU,Germany,Urban,1998,DEU_1998_ES,0.887,0.93,0.07,0.0,0.0,0.0,0.0,0.0,0.0,0.0,0.0,0.0,0.0
DEU,Germany,Urban,2001,DEU_2001_ES,0.904,0.95,0.05,0.0,0.0,0.0,0.0,0.0,0.0,0.0,0.0,0.0,0.0
DEU,Germany,Urban,2001,DEU_2001_SIS,0.904,0.946,0.0,0.0,0.0,0.0,0.054,0.0,0.0,0.0,0.0,0.0,0.0
DEU,Germany,Urban,2010,DEU_2010_ES,0.936,0.957,0.043,0.0,0.0,0.0,0.0,0.0,0.0,0.0,0.0,0.0,0.0
DEU,Germany,Urban,2012,DEU_2012_ES,0.944,0.96,0.04,0.0,0.0,0.0,0.0,0.0,0.0,0.0,0.0,0.0,0.0
DEU,Germany,Urban,2013,DEU_2013_ES,0.945,0.962,0.038,0.0,0.0,0.0,0.0,0.0,0.0,0.0,0.0,0.0,0.0
DEU,Germany,Urban,2014,DEU_2014_ES,0.949,0.965,0.035,0.0,0.0,0.0,0.0,0.0,0.0,0.0,0.0,0.0,0.0
DEU,Germany,Urban,2014,DEU_2014_EUSILC,0.949,1.0,0.0,0.0,0.0,0.0,0.0,0.0,0.0,0.0,0.0,0.0,0.0
DEU,Germany,Urban,2015,DEU_2015_ES,0.948,0.968,0.032,0.0,0.0,0.0,0.0,0.0,0.0,0.0,0.0,0.0,0.0
DEU,Germany,Urban,2016,DEU_2016_ES,0.949,0.971,0.029,0.0,0.0,0.0,0.0,0.0,0.0,0.0,0.0,0.0,0.0
DEU,Germany,Urban,2016,DEU_2016_FSO,0.949,0.971,0.024,0.005,0.0,0.0,0.0,0.0,0.0,0.0,0.0,0.0,0.0
DJI,Djibouti,Rural,2012,DJI_2012_EDAM,0.442,0.107,0.0,0.0,0.0,0.0,0.493,0.0,0.0,0.0,0.0,0.153,0.247
DJI,Djibouti,Rural,2012,DJI_2012_PAPFAM,0.442,0.0,0.0,0.0,0.0,0.0,0.821,0.0,0.0,0.0,0.0,0.179,0.0
DJI,Djibouti,Urban,2006,DJI_2006_MICS,0.385,0.066,0.145,0.015,0.0,0.012,0.46499999999999997,0.27,0.0,0.0,0.0,0.016,0.011
DJI,Djibouti,Urban,2012,DJI_2012_EDAM,0.442,0.107,0.0,0.0,0.0,0.0,0.493,0.0,0.0,0.0,0.0,0.153,0.247
DJI,Djibouti,Urban,2012,DJI_2012_PAPFAM,0.442,0.0,0.0,0.0,0.0,0.0,0.821,0.0,0.0,0.0,0.0,0.179,0.0
DNK,Denmark,Rural,1991,DNK_1991_ES,0.848,0.87,0.13,0.0,0.0,0.0,0.0,0.0,0.0,0.0,0.0,0.0,0.0
DNK,Denmark,Rural,1992,DNK_1992_ES,0.85,0.87,0.13,0.0,0.0,0.0,0.0,0.0,0.0,0.0,0.0,0.0,0.0
DNK,Denmark,Rural,1993,DNK_1993_ES,0.853,0.87,0.13,0.0,0.0,0.0,0.0,0.0,0.0,0.0,0.0,0.0,0.0
DNK,Denmark,Rural,1994,DNK_1994_ES,0.859,0.87,0.13,0.0,0.0,0.0,0.0,0.0,0.0,0.0,0.0,0.0,0.0
DNK,Denmark,Rural,1995,DNK_1995_ES,0.862,0.87,0.13,0.0,0.0,0.0,0.0,0.0,0.0,0.0,0.0,0.0,0.0
DNK,Denmark,Rural,1996,DNK_1996_ES,0.87,0.87,0.13,0.0,0.0,0.0,0.0,0.0,0.0,0.0,0.0,0.0,0.0
DNK,Denmark,Rural,1997,DNK_1997_ES,0.876,0.88,0.12,0.0,0.0,0.0,0.0,0.0,0.0,0.0,0.0,0.0,0.0
DNK,Denmark,Rural,1998,DNK_1998_ES,0.883,0.89,0.11,0.0,0.0,0.0,0.0,0.0,0.0,0.0,0.0,0.0,0.0
DNK,Denmark,Rural,2002,DNK_2002_OECD,0.902,0.0,0.0,0.0,0.0,0.0,1.0,0.0,0.0,0.0,0.0,0.0,0.0
DNK,Denmark,Rural,2010,DNK_2010_ES,0.92,0.9,0.097,0.003,0.0,0.0,0.0,0.0,0.0,0.0,0.0,0.0,0.0
DNK,Denmark,Rural,2012,DNK_2012_ES,0.938,0.906,0.092,0.002,0.0,0.0,0.0,0.0,0.0,0.0,0.0,0.0,0.0
DNK,Denmark,Rural,2012,DNK_2012_EUSILC,0.938,0.994,0.0,0.0,0.0,0.0,0.0,0.0,0.0,0.0,0.0,0.0,0.006
DNK,Denmark,Rural,2013,DNK_2013_EUSILC,0.941,0.999,0.0,0.0,0.0,0.0,0.0,0.0,0.0,0.0,0.0,0.0,0.001
DNK,Denmark,Rural,2014,DNK_2014_EUSILC,0.939,0.999,0.0,0.0,0.0,0.0,0.0,0.0,0.0,0.0,0.0,0.0,0.001
DNK,Denmark,Rural,2015,DNK_2015_EUSILC,0.943,0.999,0.0,0.0,0.0,0.0,0.0,0.0,0.0,0.0,0.0,0.0,0.001
DNK,Denmark,Rural,2017,DNK_2017_ES,0.951,0.916,0.082,0.002,0.0,0.0,0.0,0.0,0.0,0.0,0.0,0.0,0.0
DNK,Denmark,Rural,2019,DNK_2019_ES,0.953,0.918,0.08,0.002,0.0,0.0,0.0,0.0,0.0,0.0,0.0,0.0,0.0
DNK,Denmark,Rural,2020,DNK_2020_ES,0.954,0.92,0.078,0.002,0.0,0.0,0.0,0.0,0.0,0.0,0.0,0.0,0.0
DNK,Denmark,Urban,1991,DNK_1991_ES,0.848,0.87,0.13,0.0,0.0,0.0,0.0,0.0,0.0,0.0,0.0,0.0,0.0
DNK,Denmark,Urban,1992,DNK_1992_ES,0.85,0.87,0.13,0.0,0.0,0.0,0.0,0.0,0.0,0.0,0.0,0.0,0.0
DNK,Denmark,Urban,1993,DNK_1993_ES,0.853,0.87,0.13,0.0,0.0,0.0,0.0,0.0,0.0,0.0,0.0,0.0,0.0
DNK,Denmark,Urban,1994,DNK_1994_ES,0.859,0.87,0.13,0.0,0.0,0.0,0.0,0.0,0.0,0.0,0.0,0.0,0.0
DNK,Denmark,Urban,1995,DNK_1995_ES,0.862,0.87,0.13,0.0,0.0,0.0,0.0,0.0,0.0,0.0,0.0,0.0,0.0
DNK,Denmark,Urban,1996,DNK_1996_ES,0.87,0.87,0.13,0.0,0.0,0.0,0.0,0.0,0.0,0.0,0.0,0.0,0.0
DNK,Denmark,Urban,1997,DNK_1997_ES,0.876,0.88,0.12,0.0,0.0,0.0,0.0,0.0,0.0,0.0,0.0,0.0,0.0
DNK,Denmark,Urban,1998,DNK_1998_ES,0.883,0.89,0.11,0.0,0.0,0.0,0.0,0.0,0.0,0.0,0.0,0.0,0.0
DNK,Denmark,Urban,2002,DNK_2002_OECD,0.902,0.0,0.0,0.0,0.0,0.0,1.0,0.0,0.0,0.0,0.0,0.0,0.0
DNK,Denmark,Urban,2010,DNK_2010_ES,0.92,0.9,0.097,0.003,0.0,0.0,0.0,0.0,0.0,0.0,0.0,0.0,0.0
DNK,Denmark,Urban,2012,DNK_2012_ES,0.938,0.906,0.092,0.002,0.0,0.0,0.0,0.0,0.0,0.0,0.0,0.0,0.0
DNK,Denmark,Urban,2012,DNK_2012_EUSILC,0.938,0.993,0.0,0.0,0.0,0.0,0.0,0.0,0.0,0.0,0.0,0.0,0.007
DNK,Denmark,Urban,2013,DNK_2013_EUSILC,0.941,0.992,0.0,0.0,0.0,0.0,0.0,0.0,0.0,0.0,0.0,0.0,0.008
DNK,Denmark,Urban,2014,DNK_2014_EUSILC,0.939,0.993,0.0,0.0,0.0,0.0,0.0,0.0,0.0,0.0,0.0,0.0,0.007
DNK,Denmark,Urban,2015,DNK_2015_EUSILC,0.943,0.991,0.0,0.0,0.0,0.0,0.0,0.0,0.0,0.0,0.0,0.0,0.009
DNK,Denmark,Urban,2017,DNK_2017_ES,0.951,0.916,0.082,0.002,0.0,0.0,0.0,0.0,0.0,0.0,0.0,0.0,0.0
DNK,Denmark,Urban,2019,DNK_2019_ES,0.953,0.918,0.08,0.002,0.0,0.0,0.0,0.0,0.0,0.0,0.0,0.0,0.0
DNK,Denmark,Urban,2020,DNK_2020_ES,0.954,0.92,0.078,0.002,0.0,0.0,0.0,0.0,0.0,0.0,0.0,0.0,0.0
DOM,Dominican Republic,Rural,2014,DOM_2014_ENH,0.737,0.222,0.52,0.061,0.013,0.014,0.14,0.0,0.0,0.001,0.0,0.022,0.007
DOM,Dominican Republic,Urban,2014,DOM_2014_ENH,0.737,0.222,0.52,0.061,0.013,0.014,0.14,0.0,0.0,0.001,0.0,0.022,0.007
DZA,Algeria,Rural,1998,DZA_1998_RGPH,0.634,0.39,0.0,0.0,0.0,0.0,0.0,0.0,0.0,0.0,0.0,0.0,0.61
DZA,Algeria,Rural,2008,DZA_2008_CEN,0.711,0.496,0.0,0.0,0.0,0.0,0.0,0.0,0.0,0.0,0.0,0.0,0.504
DZA,Algeria,Rural,2013,DZA_2013_AFB,0.727,0.0,0.0,0.0,0.0,0.0,0.0,0.0,0.0,0.0,0.0,0.007,0.993
DZA,Algeria,Rural,2015,DZA_2015_AFB,0.737,0.0,0.0,0.0,0.0,0.0,0.0,0.0,0.0,0.0,0.0,0.0,1.0
DZA,Algeria,Urban,1998,DZA_1998_RGPH,0.634,0.847,0.0,0.0,0.0,0.0,0.0,0.0,0.0,0.0,0.0,0.0,0.153
DZA,Algeria,Urban,2008,DZA_2008_CEN,0.711,0.914,0.0,0.0,0.0,0.0,0.0,0.0,0.0,0.0,0.0,0.0,0.086
DZA,Algeria,Urban,2013,DZA_2013_AFB,0.727,0.0,0.0,0.0,0.0,0.0,0.0,0.0,0.0,0.0,0.0,0.0,1.0
DZA,Algeria,Urban,2013,DZA_2013_MICS,0.727,0.906,0.038,0.002,0.002,0.002,0.023,0.004,0.001,0.0,0.003,0.001,0.018
DZA,Algeria,Urban,2015,DZA_2015_AFB,0.737,0.0,0.0,0.0,0.0,0.0,0.0,0.0,0.0,0.0,0.0,0.0,1.0
ECU,Ecuador,Rural,1987,ECU_1987_DHS,,0.066,0.108,0.0,0.0,0.0,0.354,0.0,0.0,0.0,0.0,0.302,0.17
ECU,Ecuador,Rural,1989,ECU_1989_EDSM,,0.262,0.043,0.0,0.0,0.0,0.29,0.0,0.0,0.0,0.0,0.4,0.005
ECU,Ecuador,Rural,1999,ECU_1999_END,0.682,0.153,0.345,0.0,0.0,0.0,0.248,0.0,0.0,0.0,0.0,0.231,0.023
ECU,Ecuador,Rural,2001,ECU_2001_CEN,0.691,0.168,0.159,0.187,0.0,0.0,0.2,0.0,0.0,0.0,0.0,0.28,0.006
ECU,Ecuador,Rural,2007,ECU_2007_ENEMDU,0.722,0.141,0.268,0.245,0.0,0.0,0.134,0.0,0.0,0.0,0.0,0.212,0.0
ECU,Ecuador,Rural,2010,ECU_2010_CEN,0.737,0.229,0.301,0.199,0.0,0.024,0.065,0.0,0.0,0.0,0.0,0.182,0.0
ECU,Ecuador,Rural,2010,ECU_2010_ENEMDU,0.737,0.18,0.361,0.248,0.0,0.0,0.08,0.0,0.0,0.0,0.0,0.131,0.0
ECU,Ecuador,Rural,2012,ECU_2012_ENEMDU,0.75,0.2,0.404,0.216,0.0,0.0,0.073,0.0,0.0,0.0,0.0,0.107,0.0
ECU,Ecuador,Rural,2013,ECU_2013_ENEMDU,0.755,0.613,0.234,0.091,0.0,0.0,0.023,0.0,0.0,0.0,0.0,0.039,0.0
ECU,Ecuador,Rural,2015,ECU_2015_ENEMDU,0.764,0.28,0.433,0.142,0.0,0.0,0.048,0.0,0.0,0.0,0.0,0.097,0.0
ECU,Ecuador,Rural,2019,ECU_2019_ENEMDU,0.765,0.633,0.27,0.066,0.0,0.0,0.004,0.005,0.0,0.0,0.0,0.021,0.001
ECU,Ecuador,Rural,2021,ECU_2021_ENEMDU,0.753,0.234,0.55,0.098,0.0,0.0,0.0,0.0,0.0,0.0,0.0,0.083,0.035
ECU,Ecuador,Urban,1987,ECU_1987_DHS,,0.684,0.094,0.0,0.0,0.0,0.164,0.0,0.0,0.0,0.0,0.048,0.01
ECU,Ecuador,Urban,1989,ECU_1989_EDSM,,0.718,0.097,0.0,0.0,0.0,0.145,0.0,0.0,0.0,0.0,0.037,0.003
ECU,Ecuador,Urban,1999,ECU_1999_END,0.682,0.668,0.25,0.0,0.0,0.0,0.064,0.0,0.0,0.0,0.0,0.014,0.004
ECU,Ecuador,Urban,2001,ECU_2001_CEN,0.691,0.525,0.181,0.147,0.0,0.0,0.067,0.0,0.0,0.0,0.0,0.072,0.008
ECU,Ecuador,Urban,2007,ECU_2007_ENEMDU,0.722,0.713,0.213,0.048,0.0,0.0,0.015,0.0,0.0,0.0,0.0,0.011,0.0
ECU,Ecuador,Urban,2010,ECU_2010_CEN,0.737,0.71,0.204,0.045,0.0,0.013,0.006,0.0,0.0,0.0,0.0,0.022,0.0
ECU,Ecuador,Urban,2010,ECU_2010_ENEMDU,0.737,0.76,0.194,0.031,0.0,0.0,0.007,0.0,0.0,0.0,0.0,0.008,0.0
ECU,Ecuador,Urban,2011,ECU_2011_ENEMDU,0.743,0.848,0.111,0.031,0.0,0.0,0.005,0.0,0.0,0.0,0.0,0.005,0.0
ECU,Ecuador,Urban,2012,ECU_2012_ENEMDU,0.75,0.865,0.108,0.019,0.0,0.0,0.003,0.0,0.0,0.0,0.0,0.005,0.0
ECU,Ecuador,Urban,2013,ECU_2013_ENEMDU,0.755,0.613,0.234,0.091,0.0,0.0,0.023,0.0,0.0,0.0,0.0,0.039,0.0
ECU,Ecuador,Urban,2014,ECU_2014_ECV,0.76,0.758,0.186,0.027,0.0,0.0,0.008,0.0,0.0,0.0,0.0,0.021,0.0
ECU,Ecuador,Urban,2015,ECU_2015_ENEMDU,0.764,0.793,0.176,0.022,0.0,0.0,0.003,0.0,0.0,0.0,0.0,0.006,0.0
ECU,Ecuador,Urban,2019,ECU_2019_ENEMDU,0.765,0.633,0.27,0.066,0.0,0.0,0.004,0.005,0.0,0.0,0.0,0.021,0.001
ECU,Ecuador,Urban,2021,ECU_2021_ENEMDU,0.753,0.818,0.158,0.015,0.0,0.0,0.0,0.0,0.0,0.0,0.0,0.008,0.001
EGY,Egypt,Rural,2000,EGY_2000_HIECS,0.639,0.098,0.81,0.0,0.076,0.0,0.0,0.0,0.0,0.0,0.0,0.016,0.0
EGY,Egypt,Rural,2005,EGY_2005_HIECS,0.648,0.445,0.464,0.0,0.073,0.0,0.0,0.0,0.0,0.0,0.0,0.018,0.0
EGY,Egypt,Rural,2006,EGY_2006_CEN,0.651,0.161,0.136,0.0,0.0,0.0,0.702,0.0,0.0,0.0,0.0,0.0,0.001
EGY,Egypt,Rural,2006,EGY_2006_ELMPS,0.651,0.315,0.678,0.0,0.0,0.0,0.0,0.0,0.0,0.0,0.0,0.007,0.0
EGY,Egypt,Rural,2010,EGY_2010_LFS,0.677,0.388,0.597,0.0,0.0,0.0,0.0,0.0,0.0,0.0,0.0,0.011,0.004
EGY,Egypt,Rural,2011,EGY_2011_HIECS,0.68,0.522,0.469,0.0,0.0,0.0,0.0,0.0,0.0,0.0,0.0,0.009,0.0
EGY,Egypt,Rural,2012,EGY_2012_ELMPS,0.689,0.641,0.356,0.0,0.0,0.0,0.001,0.0,0.0,0.0,0.0,0.002,0.0
EGY,Egypt,Rural,2013,EGY_2013_AFB,0.695,0.0,0.0,0.0,0.0,0.0,0.0,0.0,0.0,0.0,0.0,0.0,1.0
EGY,Egypt,Rural,2015,EGY_2015_AFB,0.706,0.0,0.0,0.0,0.0,0.0,0.0,0.0,0.0,0.0,0.0,0.007,0.993
EGY,Egypt,Rural,2015,EGY_2015_DHS,0.706,0.347,0.583,0.0,0.0,0.0,0.0,0.0,0.0,0.0,0.0,0.001,0.069
EGY,Egypt,Rural,2017,EGY_2017_CEN,0.72,0.541,0.336,0.0,0.118,0.004,0.0,0.0,0.0,0.0,0.0,0.001,0.0
EGY,Egypt,Urban,1996,EGY_1996_CEN,0.617,0.481,0.0,0.0,0.0,0.0,0.392,0.0,0.0,0.0,0.0,0.0,0.127
EGY,Egypt,Urban,2000,EGY_2000_HIECS,0.639,0.686,0.268,0.0,0.038,0.0,0.0,0.0,0.0,0.0,0.0,0.008,0.0
EGY,Egypt,Urban,2005,EGY_2005_HIECS,0.648,0.445,0.464,0.0,0.073,0.0,0.0,0.0,0.0,0.0,0.0,0.018,0.0
EGY,Egypt,Urban,2006,EGY_2006_CEN,0.651,0.799,0.02,0.0,0.0,0.0,0.168,0.0,0.0,0.0,0.0,0.0,0.013
EGY,Egypt,Urban,2006,EGY_2006_ELMPS,0.651,0.874,0.124,0.0,0.0,0.0,0.0,0.0,0.0,0.0,0.0,0.002,0.0
EGY,Egypt,Urban,2010,EGY_2010_LFS,0.677,0.892,0.098,0.0,0.0,0.0,0.0,0.0,0.0,0.0,0.0,0.009,0.001
EGY,Egypt,Urban,2011,EGY_2011_HIECS,0.68,0.522,0.469,0.0,0.0,0.0,0.0,0.0,0.0,0.0,0.0,0.009,0.0
EGY,Egypt,Urban,2012,EGY_2012_ELMPS,0.689,0.641,0.356,0.0,0.0,0.0,0.001,0.0,0.0,0.0,0.0,0.002,0.0
EGY,Egypt,Urban,2013,EGY_2013_AFB,0.695,0.0,0.0,0.0,0.0,0.0,0.0,0.0,0.0,0.0,0.0,0.0,1.0
EGY,Egypt,Urban,2014,EGY_2014_DHS,0.699,0.917,0.082,0.0,0.0,0.0,0.0,0.0,0.0,0.0,0.0,0.0,0.001
EGY,Egypt,Urban,2015,EGY_2015_AFB,0.706,0.0,0.0,0.0,0.0,0.0,0.0,0.0,0.0,0.0,0.0,0.0,1.0
EGY,Egypt,Urban,2015,EGY_2015_DHS,0.706,0.937,0.062,0.0,0.0,0.0,0.0,0.0,0.0,0.0,0.0,0.0,0.001
EGY,Egypt,Urban,2017,EGY_2017_CEN,0.72,0.541,0.336,0.0,0.118,0.004,0.0,0.0,0.0,0.0,0.0,0.001,0.0
ERI,Eritrea,Rural,2010,ERI_2010_PHS,0.465,0.0,0.011,0.006,0.0,0.0,0.055,0.0,0.0,0.0,0.0,0.902,0.026
ERI,Eritrea,Urban,2010,ERI_2010_PHS,0.465,0.101,0.117,0.021,0.0,0.0,0.10300000000000001,0.0,0.0,0.0,0.0,0.342,0.316
ESP,Spain,Rural,2000,ESP_2000_ES,0.833,1.0,0.0,0.0,0.0,0.0,0.0,0.0,0.0,0.0,0.0,0.0,0.0
ESP,Spain,Rural,2002,ESP_2002_ES,0.844,1.0,0.0,0.0,0.0,0.0,0.0,0.0,0.0,0.0,0.0,0.0,0.0
ESP,Spain,Rural,2005,ESP_2005_ES,0.857,1.0,0.0,0.0,0.0,0.0,0.0,0.0,0.0,0.0,0.0,0.0,0.0
ESP,Spain,Rural,2013,ESP_2013_EUSILC,0.886,0.999,0.0,0.0,0.0,0.0,0.0,0.0,0.0,0.0,0.0,0.0,0.001
ESP,Spain,Rural,2014,ESP_2014_EUSILC,0.89,0.998,0.0,0.0,0.0,0.0,0.0,0.0,0.0,0.0,0.0,0.0,0.002
ESP,Spain,Rural,2015,ESP_2015_EUSILC,0.895,0.999,0.0,0.0,0.0,0.0,0.0,0.0,0.0,0.0,0.0,0.0,0.001
ESP,Spain,Urban,2000,ESP_2000_ES,0.833,1.0,0.0,0.0,0.0,0.0,0.0,0.0,0.0,0.0,0.0,0.0,0.0
ESP,Spain,Urban,2002,ESP_2002_ES,0.844,1.0,0.0,0.0,0.0,0.0,0.0,0.0,0.0,0.0,0.0,0.0,0.0
ESP,Spain,Urban,2005,ESP_2005_ES,0.857,1.0,0.0,0.0,0.0,0.0,0.0,0.0,0.0,0.0,0.0,0.0,0.0
ESP,Spain,Urban,2013,ESP_2013_EUSILC,0.886,1.0,0.0,0.0,0.0,0.0,0.0,0.0,0.0,0.0,0.0,0.0,0.0
ESP,Spain,Urban,2014,ESP_2014_EUSILC,0.89,1.0,0.0,0.0,0.0,0.0,0.0,0.0,0.0,0.0,0.0,0.0,0.0
ESP,Spain,Urban,2015,ESP_2015_EUSILC,0.895,0.999,0.0,0.0,0.0,0.0,0.0,0.0,0.0,0.0,0.0,0.0,0.001
EST,Estonia,Rural,1998,EST_1998_ES,0.767,0.7,0.3,0.0,0.0,0.0,0.0,0.0,0.0,0.0,0.0,0.0,0.0
EST,Estonia,Rural,1999,EST_1999_ES,0.776,0.7,0.3,0.0,0.0,0.0,0.0,0.0,0.0,0.0,0.0,0.0,0.0
EST,Estonia,Rural,2000,EST_2000_ES,0.793,0.7,0.3,0.0,0.0,0.0,0.0,0.0,0.0,0.0,0.0,0.0,0.0
EST,Estonia,Rural,2000,EST_2000_HBS,0.793,0.463,0.223,0.0,0.0,0.0,0.0,0.0,0.0,0.0,0.0,0.0,0.314
EST,Estonia,Rural,2001,EST_2001_ES,0.802,0.7,0.3,0.0,0.0,0.0,0.0,0.0,0.0,0.0,0.0,0.0,0.0
EST,Estonia,Rural,2001,EST_2001_HBS,0.802,0.412,0.256,0.0,0.0,0.0,0.0,0.0,0.0,0.0,0.0,0.0,0.332
EST,Estonia,Rural,2002,EST_2002_ES,0.813,0.72,0.28,0.0,0.0,0.0,0.0,0.0,0.0,0.0,0.0,0.0,0.0
EST,Estonia,Rural,2002,EST_2002_HBS,0.813,0.408,0.266,0.0,0.0,0.0,0.0,0.0,0.0,0.0,0.0,0.0,0.326
EST,Estonia,Rural,2003,EST_2003_HBS,0.824,0.398,0.304,0.0,0.0,0.0,0.0,0.0,0.0,0.0,0.0,0.0,0.298
EST,Estonia,Rural,2004,EST_2004_HBS,0.834,0.446,0.284,0.0,0.0,0.0,0.0,0.0,0.0,0.0,0.0,0.0,0.27
EST,Estonia,Rural,2005,EST_2005_HBS,0.847,0.43,0.328,0.0,0.0,0.0,0.0,0.0,0.0,0.0,0.0,0.0,0.242
EST,Estonia,Rural,2010,EST_2010_HBS,0.868,0.425,0.377,0.0,0.0,0.0,0.0,0.0,0.0,0.0,0.0,0.0,0.198
EST,Estonia,Rural,2012,EST_2012_EUSILC,0.88,0.901,0.0,0.0,0.0,0.0,0.0,0.0,0.0,0.0,0.0,0.0,0.099
EST,Estonia,Rural,2012,EST_2012_HBS,0.88,0.451,0.409,0.0,0.0,0.0,0.0,0.0,0.0,0.0,0.0,0.0,0.14
EST,Estonia,Rural,2013,EST_2013_EUSILC,0.887,0.792,0.0,0.0,0.0,0.0,0.0,0.0,0.0,0.0,0.0,0.0,0.208
EST,Estonia,Rural,2014,EST_2014_EUSILC,0.885,0.819,0.0,0.0,0.0,0.0,0.0,0.0,0.0,0.0,0.0,0.0,0.181
EST,Estonia,Rural,2015,EST_2015_EUSILC,0.888,0.831,0.0,0.0,0.0,0.0,0.0,0.0,0.0,0.0,0.0,0.0,0.169
EST,Estonia,Rural,2016,EST_2016_HBS,0.89,0.472,0.421,0.0,0.0,0.0,0.0,0.0,0.0,0.0,0.0,0.0,0.107
EST,Estonia,Urban,1998,EST_1998_ES,0.767,0.7,0.3,0.0,0.0,0.0,0.0,0.0,0.0,0.0,0.0,0.0,0.0
EST,Estonia,Urban,1999,EST_1999_ES,0.776,0.7,0.3,0.0,0.0,0.0,0.0,0.0,0.0,0.0,0.0,0.0,0.0
EST,Estonia,Urban,2000,EST_2000_ES,0.793,0.7,0.3,0.0,0.0,0.0,0.0,0.0,0.0,0.0,0.0,0.0,0.0
EST,Estonia,Urban,2000,EST_2000_HBS,0.793,0.886,0.082,0.0,0.0,0.0,0.0,0.0,0.0,0.0,0.0,0.0,0.032
EST,Estonia,Urban,2001,EST_2001_ES,0.802,0.7,0.3,0.0,0.0,0.0,0.0,0.0,0.0,0.0,0.0,0.0,0.0
EST,Estonia,Urban,2001,EST_2001_HBS,0.802,0.894,0.072,0.0,0.0,0.0,0.0,0.0,0.0,0.0,0.0,0.0,0.034
EST,Estonia,Urban,2002,EST_2002_ES,0.813,0.72,0.28,0.0,0.0,0.0,0.0,0.0,0.0,0.0,0.0,0.0,0.0
EST,Estonia,Urban,2002,EST_2002_HBS,0.813,0.898,0.071,0.0,0.0,0.0,0.0,0.0,0.0,0.0,0.0,0.0,0.031
EST,Estonia,Urban,2003,EST_2003_HBS,0.824,0.911,0.06,0.0,0.0,0.0,0.0,0.0,0.0,0.0,0.0,0.0,0.029
EST,Estonia,Urban,2004,EST_2004_HBS,0.834,0.919,0.051,0.0,0.0,0.0,0.0,0.0,0.0,0.0,0.0,0.0,0.03
EST,Estonia,Urban,2005,EST_2005_HBS,0.847,0.918,0.053,0.0,0.0,0.0,0.0,0.0,0.0,0.0,0.0,0.0,0.029
EST,Estonia,Urban,2010,EST_2010_HBS,0.868,0.939,0.043,0.0,0.0,0.0,0.0,0.0,0.0,0.0,0.0,0.0,0.018
EST,Estonia,Urban,2012,EST_2012_EUSILC,0.88,0.901,0.0,0.0,0.0,0.0,0.0,0.0,0.0,0.0,0.0,0.0,0.099
EST,Estonia,Urban,2012,EST_2012_HBS,0.88,0.95,0.036,0.0,0.0,0.0,0.0,0.0,0.0,0.0,0.0,0.0,0.014
EST,Estonia,Urban,2013,EST_2013_EUSILC,0.887,0.986,0.0,0.0,0.0,0.0,0.0,0.0,0.0,0.0,0.0,0.0,0.014
EST,Estonia,Urban,2014,EST_2014_EUSILC,0.885,0.988,0.0,0.0,0.0,0.0,0.0,0.0,0.0,0.0,0.0,0.0,0.012
EST,Estonia,Urban,2015,EST_2015_EUSILC,0.888,0.99,0.0,0.0,0.0,0.0,0.0,0.0,0.0,0.0,0.0,0.0,0.01
EST,Estonia,Urban,2016,EST_2016_HBS,0.89,0.968,0.026,0.0,0.0,0.0,0.0,0.0,0.0,0.0,0.0,0.0,0.006
ETH,Ethiopia,Rural,2007,ETH_2007_CEN,0.383,0.004,0.0,0.0,0.0,0.0,0.23800000000000002,0.0,0.0,0.0,0.0,0.758,0.0
ETH,Ethiopia,Rural,2011,ETH_2011_NWI,0.425,0.0,0.0,0.0,0.003,0.0,0.752,0.0,0.0,0.0,0.0,0.245,0.0
ETH,Ethiopia,Rural,2014,ETH_2014_PMA,0.449,0.0,0.0,0.0,0.0,0.0,0.08399999999999999,0.796,0.0,0.008,0.0,0.111,0.001
ETH,Ethiopia,Rural,2016,ETH_2016_DHS,0.463,0.004,0.009,0.013,0.001,0.001,0.091,0.538,0.001,0.0,0.01,0.329,0.003
ETH,Ethiopia,Rural,2019,ETH_2019_MDHS,0.482,0.004,0.012,0.036,0.001,0.003,0.11499999999999999,0.53,0.0,0.0,0.009,0.285,0.005
ETH,Ethiopia,Rural,2020,ETH_2020_AFB,0.486,0.0,0.0,0.0,0.0,0.0,0.0,0.0,0.0,0.0,0.0,0.417,0.583
ETH,Ethiopia,Urban,2007,ETH_2007_CEN,0.383,0.066,0.0,0.0,0.0,0.0,0.652,0.0,0.0,0.0,0.0,0.282,0.0
ETH,Ethiopia,Urban,2011,ETH_2011_DHS,0.425,0.028,0.025,0.029,0.001,0.001,0.329,0.383,0.002,0.0,0.039,0.161,0.002
ETH,Ethiopia,Urban,2011,ETH_2011_NWI,0.425,0.0,0.0,0.0,0.086,0.0,0.764,0.0,0.0,0.0,0.0,0.15,0.0
ETH,Ethiopia,Urban,2014,ETH_2014_PMA,0.449,0.037,0.186,0.0,0.008,0.038,0.277,0.391,0.0,0.011,0.0,0.041,0.011
ETH,Ethiopia,Urban,2016,ETH_2016_DHS,0.463,0.004,0.009,0.013,0.001,0.001,0.091,0.538,0.001,0.0,0.01,0.329,0.003
ETH,Ethiopia,Urban,2017,ETH_2017_PMA,0.47,0.023,0.063,0.026,0.002,0.002,0.304,0.524,0.0,0.001,0.008,0.042,0.005
ETH,Ethiopia,Urban,2019,ETH_2019_MDHS,0.482,0.004,0.012,0.036,0.001,0.003,0.11499999999999999,0.53,0.0,0.0,0.009,0.285,0.005
ETH,Ethiopia,Urban,2019,ETH_2019_PMA,0.482,0.018,0.055,0.016,0.009,0.002,0.35700000000000004,0.459,0.001,0.0,0.001,0.081,0.001
ETH,Ethiopia,Urban,2020,ETH_2020_AFB,0.486,0.0,0.0,0.0,0.0,0.0,0.0,0.0,0.0,0.0,0.0,0.198,0.802
FIN,Finland,Rural,1996,FIN_1996_ES,0.863,0.78,0.22,0.0,0.0,0.0,0.0,0.0,0.0,0.0,0.0,0.0,0.0
FIN,Finland,Rural,1997,FIN_1997_ES,0.871,0.78,0.22,0.0,0.0,0.0,0.0,0.0,0.0,0.0,0.0,0.0,0.0
FIN,Finland,Rural,1998,FIN_1998_ES,0.88,0.79,0.21,0.0,0.0,0.0,0.0,0.0,0.0,0.0,0.0,0.0,0.0
FIN,Finland,Rural,1999,FIN_1999_ES,0.889,0.8,0.2,0.0,0.0,0.0,0.0,0.0,0.0,0.0,0.0,0.0,0.0
FIN,Finland,Rural,1999,FIN_1999_JMP,0.889,0.01,0.0,0.0,0.0,0.0,0.99,0.0,0.0,0.0,0.0,0.0,0.0
FIN,Finland,Rural,2000,FIN_2000_ES,0.898,0.8,0.2,0.0,0.0,0.0,0.0,0.0,0.0,0.0,0.0,0.0,0.0
FIN,Finland,Rural,2001,FIN_2001_ES,0.908,0.81,0.19,0.0,0.0,0.0,0.0,0.0,0.0,0.0,0.0,0.0,0.0
FIN,Finland,Rural,2002,FIN_2002_ES,0.912,0.81,0.19,0.0,0.0,0.0,0.0,0.0,0.0,0.0,0.0,0.0,0.0
FIN,Finland,Rural,2008,FIN_2008_ES,0.921,0.83,0.17,0.0,0.0,0.0,0.0,0.0,0.0,0.0,0.0,0.0,0.0
FIN,Finland,Rural,2009,FIN_2009_ES,0.916,0.83,0.17,0.0,0.0,0.0,0.0,0.0,0.0,0.0,0.0,0.0,0.0
FIN,Finland,Rural,2010,FIN_2010_ES,0.92,0.83,0.17,0.0,0.0,0.0,0.0,0.0,0.0,0.0,0.0,0.0,0.0
FIN,Finland,Rural,2011,FIN_2011_ES,0.924,0.83,0.17,0.0,0.0,0.0,0.0,0.0,0.0,0.0,0.0,0.0,0.0
FIN,Finland,Rural,2012,FIN_2012_ES,0.924,0.83,0.17,0.0,0.0,0.0,0.0,0.0,0.0,0.0,0.0,0.0,0.0
FIN,Finland,Rural,2013,FIN_2013_ES,0.934,0.83,0.17,0.0,0.0,0.0,0.0,0.0,0.0,0.0,0.0,0.0,0.0
FIN,Finland,Rural,2013,FIN_2013_EUSILC,0.934,0.991,0.0,0.0,0.0,0.0,0.0,0.0,0.0,0.0,0.0,0.0,0.009
FIN,Finland,Rural,2014,FIN_2014_ES,0.936,0.85,0.15,0.0,0.0,0.0,0.0,0.0,0.0,0.0,0.0,0.0,0.0
FIN,Finland,Rural,2014,FIN_2014_EUSILC,0.936,0.991,0.0,0.0,0.0,0.0,0.0,0.0,0.0,0.0,0.0,0.0,0.009
FIN,Finland,Rural,2015,FIN_2015_EUSILC,0.938,0.992,0.0,0.0,0.0,0.0,0.0,0.0,0.0,0.0,0.0,0.0,0.008
FIN,Finland,Rural,2018,FIN_2018_ES,0.945,0.85,0.15,0.0,0.0,0.0,0.0,0.0,0.0,0.0,0.0,0.0,0.0
FIN,Finland,Rural,2019,FIN_2019_ES,0.947,0.85,0.15,0.0,0.0,0.0,0.0,0.0,0.0,0.0,0.0,0.0,0.0
FIN,Finland,Rural,2020,FIN_2020_ES,0.947,0.85,0.15,0.0,0.0,0.0,0.0,0.0,0.0,0.0,0.0,0.0,0.0
FIN,Finland,Urban,1996,FIN_1996_ES,0.863,0.78,0.22,0.0,0.0,0.0,0.0,0.0,0.0,0.0,0.0,0.0,0.0
FIN,Finland,Urban,1997,FIN_1997_ES,0.871,0.78,0.22,0.0,0.0,0.0,0.0,0.0,0.0,0.0,0.0,0.0,0.0
FIN,Finland,Urban,1998,FIN_1998_ES,0.88,0.79,0.21,0.0,0.0,0.0,0.0,0.0,0.0,0.0,0.0,0.0,0.0
FIN,Finland,Urban,1999,FIN_1999_ES,0.889,0.8,0.2,0.0,0.0,0.0,0.0,0.0,0.0,0.0,0.0,0.0,0.0
FIN,Finland,Urban,1999,FIN_1999_JMP,0.889,0.95,0.0,0.0,0.0,0.0,0.05,0.0,0.0,0.0,0.0,0.0,0.0
FIN,Finland,Urban,2000,FIN_2000_ES,0.898,0.8,0.2,0.0,0.0,0.0,0.0,0.0,0.0,0.0,0.0,0.0,0.0
FIN,Finland,Urban,2001,FIN_2001_ES,0.908,0.81,0.19,0.0,0.0,0.0,0.0,0.0,0.0,0.0,0.0,0.0,0.0
FIN,Finland,Urban,2002,FIN_2002_ES,0.912,0.81,0.19,0.0,0.0,0.0,0.0,0.0,0.0,0.0,0.0,0.0,0.0
FIN,Finland,Urban,2005,FIN_2005_FEI,0.914,0.96,0.0,0.0,0.0,0.0,0.04,0.0,0.0,0.0,0.0,0.0,0.0
FIN,Finland,Urban,2008,FIN_2008_ES,0.921,0.83,0.17,0.0,0.0,0.0,0.0,0.0,0.0,0.0,0.0,0.0,0.0
FIN,Finland,Urban,2009,FIN_2009_ES,0.916,0.83,0.17,0.0,0.0,0.0,0.0,0.0,0.0,0.0,0.0,0.0,0.0
FIN,Finland,Urban,2010,FIN_2010_ES,0.92,0.83,0.17,0.0,0.0,0.0,0.0,0.0,0.0,0.0,0.0,0.0,0.0
FIN,Finland,Urban,2011,FIN_2011_ES,0.924,0.83,0.17,0.0,0.0,0.0,0.0,0.0,0.0,0.0,0.0,0.0,0.0
FIN,Finland,Urban,2012,FIN_2012_ES,0.924,0.83,0.17,0.0,0.0,0.0,0.0,0.0,0.0,0.0,0.0,0.0,0.0
FIN,Finland,Urban,2013,FIN_2013_ES,0.934,0.83,0.17,0.0,0.0,0.0,0.0,0.0,0.0,0.0,0.0,0.0,0.0
FIN,Finland,Urban,2013,FIN_2013_EUSILC,0.934,0.997,0.0,0.0,0.0,0.0,0.0,0.0,0.0,0.0,0.0,0.0,0.003
FIN,Finland,Urban,2014,FIN_2014_ES,0.936,0.85,0.15,0.0,0.0,0.0,0.0,0.0,0.0,0.0,0.0,0.0,0.0
FIN,Finland,Urban,2014,FIN_2014_EUSILC,0.936,0.997,0.0,0.0,0.0,0.0,0.0,0.0,0.0,0.0,0.0,0.0,0.003
FIN,Finland,Urban,2015,FIN_2015_EUSILC,0.938,0.997,0.0,0.0,0.0,0.0,0.0,0.0,0.0,0.0,0.0,0.0,0.003
FIN,Finland,Urban,2018,FIN_2018_ES,0.945,0.85,0.15,0.0,0.0,0.0,0.0,0.0,0.0,0.0,0.0,0.0,0.0
FIN,Finland,Urban,2019,FIN_2019_ES,0.947,0.85,0.15,0.0,0.0,0.0,0.0,0.0,0.0,0.0,0.0,0.0,0.0
FIN,Finland,Urban,2020,FIN_2020_ES,0.947,0.85,0.15,0.0,0.0,0.0,0.0,0.0,0.0,0.0,0.0,0.0,0.0
FLK,Falkland Islands (Malvinas),Rural,2016,FLK_2016_FIG,,1.0,0.0,0.0,0.0,0.0,0.0,0.0,0.0,0.0,0.0,0.0,0.0
FLK,Falkland Islands (Malvinas),Urban,2016,FLK_2016_FIG,,1.0,0.0,0.0,0.0,0.0,0.0,0.0,0.0,0.0,0.0,0.0,0.0
FRA,France,Rural,1998,FRA_1998_ES,0.851,0.79,0.21,0.0,0.0,0.0,0.0,0.0,0.0,0.0,0.0,0.0,0.0
FRA,France,Rural,2010,FRA_2010_ES,0.888,0.82,0.18,0.0,0.0,0.0,0.0,0.0,0.0,0.0,0.0,0.0,0.0
FRA,France,Rural,2011,FRA_2011_ES,0.892,0.82,0.18,0.0,0.0,0.0,0.0,0.0,0.0,0.0,0.0,0.0,0.0
FRA,France,Rural,2012,FRA_2012_EUSILC,0.893,0.993,0.0,0.0,0.0,0.0,0.0,0.0,0.0,0.0,0.0,0.0,0.007
FRA,France,Rural,2013,FRA_2013_EUSILC,0.896,0.993,0.0,0.0,0.0,0.0,0.0,0.0,0.0,0.0,0.0,0.0,0.007
FRA,France,Rural,2014,FRA_2014_ES,0.9,0.82,0.18,0.0,0.0,0.0,0.0,0.0,0.0,0.0,0.0,0.0,0.0
FRA,France,Rural,2014,FRA_2014_EUSILC,0.9,0.995,0.0,0.0,0.0,0.0,0.0,0.0,0.0,0.0,0.0,0.0,0.005
FRA,France,Rural,2015,FRA_2015_ES,0.901,0.82,0.18,0.0,0.0,0.0,0.0,0.0,0.0,0.0,0.0,0.0,0.0
FRA,France,Rural,2015,FRA_2015_EUSILC,0.901,0.995,0.0,0.0,0.0,0.0,0.0,0.0,0.0,0.0,0.0,0.0,0.005
FRA,France,Rural,2016,FRA_2016_ES,0.905,0.82,0.18,0.0,0.0,0.0,0.0,0.0,0.0,0.0,0.0,0.0,0.0
FRA,France,Rural,2017,FRA_2017_ES,0.908,0.82,0.18,0.0,0.0,0.0,0.0,0.0,0.0,0.0,0.0,0.0,0.0
FRA,France,Rural,2018,FRA_2018_ES,0.911,0.82,0.18,0.0,0.0,0.0,0.0,0.0,0.0,0.0,0.0,0.0,0.0
FRA,France,Rural,2019,FRA_2019_ES,0.914,0.82,0.18,0.0,0.0,0.0,0.0,0.0,0.0,0.0,0.0,0.0,0.0
FRA,France,Rural,2020,FRA_2020_ES,0.909,0.82,0.18,0.0,0.0,0.0,0.0,0.0,0.0,0.0,0.0,0.0,0.0
FRA,France,Urban,1998,FRA_1998_ES,0.851,0.79,0.21,0.0,0.0,0.0,0.0,0.0,0.0,0.0,0.0,0.0,0.0
FRA,France,Urban,2010,FRA_2010_ES,0.888,0.82,0.18,0.0,0.0,0.0,0.0,0.0,0.0,0.0,0.0,0.0,0.0
FRA,France,Urban,2011,FRA_2011_ES,0.892,0.82,0.18,0.0,0.0,0.0,0.0,0.0,0.0,0.0,0.0,0.0,0.0
FRA,France,Urban,2012,FRA_2012_EUSILC,0.893,0.993,0.0,0.0,0.0,0.0,0.0,0.0,0.0,0.0,0.0,0.0,0.007
FRA,France,Urban,2013,FRA_2013_EUSILC,0.896,0.995,0.0,0.0,0.0,0.0,0.0,0.0,0.0,0.0,0.0,0.0,0.005
FRA,France,Urban,2014,FRA_2014_ES,0.9,0.82,0.18,0.0,0.0,0.0,0.0,0.0,0.0,0.0,0.0,0.0,0.0
FRA,France,Urban,2014,FRA_2014_EUSILC,0.9,0.996,0.0,0.0,0.0,0.0,0.0,0.0,0.0,0.0,0.0,0.0,0.004
FRA,France,Urban,2015,FRA_2015_ES,0.901,0.82,0.18,0.0,0.0,0.0,0.0,0.0,0.0,0.0,0.0,0.0,0.0
FRA,France,Urban,2015,FRA_2015_EUSILC,0.901,0.996,0.0,0.0,0.0,0.0,0.0,0.0,0.0,0.0,0.0,0.0,0.004
FRA,France,Urban,2016,FRA_2016_ES,0.905,0.82,0.18,0.0,0.0,0.0,0.0,0.0,0.0,0.0,0.0,0.0,0.0
FRA,France,Urban,2017,FRA_2017_ES,0.908,0.82,0.18,0.0,0.0,0.0,0.0,0.0,0.0,0.0,0.0,0.0,0.0
FRA,France,Urban,2018,FRA_2018_ES,0.911,0.82,0.18,0.0,0.0,0.0,0.0,0.0,0.0,0.0,0.0,0.0,0.0
FRA,France,Urban,2019,FRA_2019_ES,0.914,0.82,0.18,0.0,0.0,0.0,0.0,0.0,0.0,0.0,0.0,0.0,0.0
FRA,France,Urban,2020,FRA_2020_ES,0.909,0.82,0.18,0.0,0.0,0.0,0.0,0.0,0.0,0.0,0.0,0.0,0.0
FSM,"Micronesia, Federated States of",Rural,2000,FSM_2000_CEN,0.596,0.103,0.149,0.0,0.0,0.0,0.0,0.0,0.0,0.0,0.0,0.0,0.748
FSM,"Micronesia, Federated States of",Rural,2005,FSM_2005_HIES,0.601,0.123,0.317,0.0,0.0,0.0,0.0,0.0,0.0,0.0,0.0,0.0,0.56
FSM,"Micronesia, Federated States of",Rural,2014,FSM_2014_FHSS,0.602,0.283,0.465,0.0,0.0,0.0,0.182,0.0,0.0,0.0,0.0,0.0,0.07
FSM,"Micronesia, Federated States of",Urban,2000,FSM_2000_CEN,0.596,0.103,0.149,0.0,0.0,0.0,0.0,0.0,0.0,0.0,0.0,0.0,0.748
FSM,"Micronesia, Federated States of",Urban,2005,FSM_2005_HIES,0.601,0.123,0.317,0.0,0.0,0.0,0.0,0.0,0.0,0.0,0.0,0.0,0.56
FSM,"Micronesia, Federated States of",Urban,2014,FSM_2014_FHSS,0.602,0.283,0.465,0.0,0.0,0.0,0.182,0.0,0.0,0.0,0.0,0.0,0.07
GAB,Gabon,Rural,2012,GAB_2012_DHS,0.699,0.331,0.0,0.0,0.0,0.0,0.295,0.286,0.055,0.0,0.0,0.024,0.009
GAB,Gabon,Rural,2015,GAB_2015_AFB,0.72,0.0,0.0,0.0,0.0,0.0,0.0,0.0,0.0,0.0,0.0,0.0,1.0
GAB,Gabon,Rural,2017,GAB_2017_AFB,0.726,0.0,0.0,0.0,0.0,0.0,0.0,0.0,0.0,0.0,0.0,0.027,0.973
GAB,Gabon,Rural,2020,GAB_2020_AFB,0.732,0.0,0.0,0.0,0.0,0.0,0.0,0.0,0.0,0.0,0.0,0.025,0.975
GAB,Gabon,Urban,2012,GAB_2012_DHS,0.699,0.331,0.0,0.0,0.0,0.0,0.295,0.286,0.055,0.0,0.0,0.024,0.009
GAB,Gabon,Urban,2015,GAB_2015_AFB,0.72,0.0,0.0,0.0,0.0,0.0,0.0,0.0,0.0,0.0,0.0,0.0,1.0
GAB,Gabon,Urban,2017,GAB_2017_AFB,0.726,0.0,0.0,0.0,0.0,0.0,0.0,0.0,0.0,0.0,0.0,0.009,0.991
GAB,Gabon,Urban,2020,GAB_2020_AFB,0.732,0.0,0.0,0.0,0.0,0.0,0.0,0.0,0.0,0.0,0.0,0.028,0.972
GBR,United Kingdom of Great Britain and Northern Ireland,Rural,2012,GBR_2012_EUSILC,0.917,0.997,0.0,0.0,0.0,0.0,0.0,0.0,0.0,0.0,0.0,0.0,0.003
GBR,United Kingdom of Great Britain and Northern Ireland,Rural,2013,GBR_2013_EUSILC,0.931,0.996,0.0,0.0,0.0,0.0,0.0,0.0,0.0,0.0,0.0,0.0,0.004
GBR,United Kingdom of Great Britain and Northern Ireland,Rural,2014,GBR_2014_ES,0.932,1.0,0.0,0.0,0.0,0.0,0.0,0.0,0.0,0.0,0.0,0.0,0.0
GBR,United Kingdom of Great Britain and Northern Ireland,Rural,2014,GBR_2014_EUSILC,0.932,0.996,0.0,0.0,0.0,0.0,0.0,0.0,0.0,0.0,0.0,0.0,0.004
GBR,United Kingdom of Great Britain and Northern Ireland,Rural,2015,GBR_2015_EUSILC,0.931,0.993,0.0,0.0,0.0,0.0,0.0,0.0,0.0,0.0,0.0,0.0,0.007
GBR,United Kingdom of Great Britain and Northern Ireland,Urban,2012,GBR_2012_EUSILC,0.917,0.997,0.0,0.0,0.0,0.0,0.0,0.0,0.0,0.0,0.0,0.0,0.003
GBR,United Kingdom of Great Britain and Northern Ireland,Urban,2013,GBR_2013_EUSILC,0.931,0.998,0.0,0.0,0.0,0.0,0.0,0.0,0.0,0.0,0.0,0.0,0.002
GBR,United Kingdom of Great Britain and Northern Ireland,Urban,2014,GBR_2014_ES,0.932,1.0,0.0,0.0,0.0,0.0,0.0,0.0,0.0,0.0,0.0,0.0,0.0
GBR,United Kingdom of Great Britain and Northern Ireland,Urban,2014,GBR_2014_EUSILC,0.932,0.996,0.0,0.0,0.0,0.0,0.0,0.0,0.0,0.0,0.0,0.0,0.004
GBR,United Kingdom of Great Britain and Northern Ireland,Urban,2015,GBR_2015_EUSILC,0.931,0.996,0.0,0.0,0.0,0.0,0.0,0.0,0.0,0.0,0.0,0.0,0.004
GEO,Georgia,Rural,1999,GEO_1999_RHS,,0.064,0.0,0.0,0.0,0.0,0.0,0.0,0.0,0.0,0.0,0.0,0.936
GEO,Georgia,Rural,2018,GEO_2018_MICS,0.824,0.593,0.031,0.071,0.003,0.012,0.238,0.048,0.0,0.001,0.0,0.001,0.002
GEO,Georgia,Rural,2019,GEO_2019_HIES,0.83,0.11,0.0,0.0,0.0,0.165,0.725,0.0,0.0,0.0,0.0,0.0,0.0
GEO,Georgia,Rural,2020,GEO_2020_HIES,0.822,0.088,0.0,0.0,0.0,0.17,0.742,0.0,0.0,0.0,0.0,0.0,0.0
GEO,Georgia,Rural,2021,GEO_2021_MICS+,0.819,0.595,0.078,0.056,0.001,0.011,0.217,0.041,0.0,0.0,0.0,0.0,0.001
GEO,Georgia,Urban,1999,GEO_1999_RHS,,0.74,0.0,0.0,0.0,0.0,0.0,0.0,0.0,0.0,0.0,0.0,0.26
GEO,Georgia,Urban,2005,GEO_2005_MICS,0.744,0.804,0.004,0.017,0.0,0.0,0.163,0.011,0.0,0.0,0.0,0.0,0.001
GEO,Georgia,Urban,2010,GEO_2010_RHS,0.77,0.819,0.01,0.009,0.001,0.002,0.124,0.032,0.0,0.0,0.0,0.0,0.003
GEO,Georgia,Urban,2018,GEO_2018_MICS,0.824,0.593,0.031,0.071,0.003,0.012,0.238,0.048,0.0,0.001,0.0,0.001,0.002
GEO,Georgia,Urban,2019,GEO_2019_HIES,0.83,0.874,0.0,0.0,0.0,0.026,0.1,0.0,0.0,0.0,0.0,0.0,0.0
GEO,Georgia,Urban,2020,GEO_2020_HIES,0.822,0.905,0.0,0.0,0.0,0.026,0.069,0.0,0.0,0.0,0.0,0.0,0.0
GEO,Georgia,Urban,2021,GEO_2021_HIES,0.819,0.91,0.0,0.0,0.0,0.024,0.066,0.0,0.0,0.0,0.0,0.0,0.0
GEO,Georgia,Urban,2021,GEO_2021_MICS+,0.819,0.595,0.078,0.056,0.001,0.011,0.217,0.041,0.0,0.0,0.0,0.0,0.001
GHA,Ghana,Rural,1995,GHA_1995_MICS,0.459,0.0,0.03,0.0,0.02,0.0,0.6,0.0,0.0,0.01,0.0,0.34,0.0
GHA,Ghana,Rural,2003,GHA_2003_CWIQ,0.495,0.01,0.0,0.0,0.0,0.0,0.321,0.33,0.0,0.006,0.0,0.319,0.014
GHA,Ghana,Rural,2006,GHA_2006_MICS,0.524,0.006,0.012,0.006,0.0,0.0,0.428,0.19,0.0,0.002,0.0,0.355,0.001
GHA,Ghana,Rural,2008,GHA_2008_DHS,0.546,0.02,0.097,0.023,0.0,0.001,0.522,0.094,0.0,0.009,0.002,0.231,0.001
GHA,Ghana,Rural,2008,GHA_2008_SAGE,0.546,0.004,0.013,0.002,0.002,0.003,0.531,0.171,0.001,0.004,0.0,0.264,0.005
GHA,Ghana,Rural,2012,GHA_2012_AFB,0.575,0.0,0.0,0.0,0.0,0.0,0.0,0.0,0.0,0.0,0.0,0.13,0.87
GHA,Ghana,Rural,2014,GHA_2014_AFB,0.58,0.0,0.0,0.0,0.0,0.0,0.0,0.0,0.0,0.0,0.0,0.125,0.875
GHA,Ghana,Rural,2016,GHA_2016_MIS,0.59,0.001,0.044,0.018,0.0,0.001,0.43600000000000005,0.198,0.001,0.001,0.001,0.299,0.0
GHA,Ghana,Rural,2017,GHA_2017_AFB,0.594,0.0,0.0,0.0,0.0,0.0,0.0,0.0,0.0,0.0,0.0,0.102,0.898
GHA,Ghana,Rural,2017,GHA_2017_GMS,0.594,0.033,0.09,0.01,0.0,0.002,0.377,0.256,0.0,0.001,0.0,0.228,0.003
GHA,Ghana,Rural,2017,GHA_2017_MHS,0.594,0.001,0.048,0.007,0.0,0.001,0.41200000000000003,0.234,0.0,0.001,0.002,0.293,0.001
GHA,Ghana,Rural,2017,GHA_2017_PMA,0.594,0.057,0.089,0.046,0.003,0.013,0.46199999999999997,0.089,0.012,0.003,0.011,0.203,0.012
GHA,Ghana,Rural,2018,GHA_2018_MICS,0.6,0.002,0.036,0.011,0.002,0.0,0.47,0.169,0.0,0.0,0.001,0.306,0.003
GHA,Ghana,Rural,2019,GHA_2019_AFB,0.609,0.0,0.0,0.0,0.0,0.0,0.0,0.0,0.0,0.0,0.0,0.401,0.599
GHA,Ghana,Urban,1995,GHA_1995_MICS,0.459,0.0,0.29,0.0,0.21,0.0,0.22999999999999998,0.0,0.0,0.22,0.0,0.05,0.0
GHA,Ghana,Urban,2003,GHA_2003_CWIQ,0.495,0.206,0.0,0.0,0.0,0.0,0.605,0.041,0.0,0.046,0.0,0.096,0.006
GHA,Ghana,Urban,2006,GHA_2006_MICS,0.524,0.038,0.149,0.053,0.0,0.0,0.585,0.07,0.0,0.017,0.0,0.087,0.001
GHA,Ghana,Urban,2008,GHA_2008_DHS,0.546,0.02,0.097,0.023,0.0,0.001,0.522,0.094,0.0,0.009,0.002,0.231,0.001
GHA,Ghana,Urban,2008,GHA_2008_SAGE,0.546,0.039,0.211,0.01,0.005,0.006,0.5900000000000001,0.041,0.0,0.027,0.002,0.064,0.005
GHA,Ghana,Urban,2011,GHA_2011_MICS-DHS,0.568,0.036,0.228,0.023,0.003,0.001,0.507,0.097,0.0,0.005,0.0,0.099,0.001
GHA,Ghana,Urban,2012,GHA_2012_AFB,0.575,0.0,0.0,0.0,0.0,0.0,0.0,0.0,0.0,0.0,0.0,0.031,0.969
GHA,Ghana,Urban,2013,GHA_2013_PMA,0.582,0.169,0.223,0.0,0.0,0.012,0.373,0.081,0.0,0.0,0.014,0.105,0.023
GHA,Ghana,Urban,2014,GHA_2014_AFB,0.58,0.0,0.0,0.0,0.0,0.0,0.0,0.0,0.0,0.0,0.0,0.055,0.945
GHA,Ghana,Urban,2014,GHA_2014_DHS,0.58,0.13,0.21,0.048,0.006,0.007,0.46699999999999997,0.047,0.002,0.003,0.0,0.079,0.001
GHA,Ghana,Urban,2015,GHA_2015_PMA,0.588,0.085,0.16,0.0,0.005,0.0,0.434,0.117,0.0,0.015,0.0,0.184,0.0
GHA,Ghana,Urban,2016,GHA_2016_MIS,0.59,0.009,0.331,0.048,0.003,0.001,0.498,0.036,0.0,0.001,0.0,0.073,0.0
GHA,Ghana,Urban,2017,GHA_2017_AFB,0.594,0.0,0.0,0.0,0.0,0.0,0.0,0.0,0.0,0.0,0.0,0.033,0.967
GHA,Ghana,Urban,2017,GHA_2017_GMS,0.594,0.033,0.09,0.01,0.0,0.002,0.377,0.256,0.0,0.001,0.0,0.228,0.003
GHA,Ghana,Urban,2017,GHA_2017_MHS,0.594,0.01,0.372,0.02,0.001,0.002,0.43,0.071,0.0,0.002,0.002,0.083,0.007
GHA,Ghana,Urban,2017,GHA_2017_PMA,0.594,0.057,0.089,0.046,0.003,0.013,0.46199999999999997,0.089,0.012,0.003,0.011,0.203,0.012
GHA,Ghana,Urban,2018,GHA_2018_MICS,0.6,0.038,0.289,0.04,0.01,0.002,0.43000000000000005,0.064,0.004,0.001,0.004,0.114,0.004
GHA,Ghana,Urban,2019,GHA_2019_AFB,0.609,0.0,0.0,0.0,0.0,0.0,0.0,0.0,0.0,0.0,0.0,0.179,0.821
GHA,Ghana,Urban,2019,GHA_2019_MIS,0.609,0.029,0.373,0.046,0.002,0.003,0.419,0.066,0.0,0.0,0.004,0.058,0.0
GIN,Guinea,Rural,2013,GIN_2013_AFB,0.445,0.0,0.0,0.0,0.0,0.0,0.0,0.0,0.0,0.0,0.0,0.082,0.918
GIN,Guinea,Rural,2015,GIN_2015_AFB,0.465,0.0,0.0,0.0,0.0,0.0,0.0,0.0,0.0,0.0,0.0,0.017,0.983
GIN,Guinea,Rural,2016,GIN_2016_MICS,0.482,0.011,0.11,0.044,0.001,0.0,0.361,0.29,0.041,0.001,0.008,0.133,0.0
GIN,Guinea,Rural,2019,GIN_2019_AFB,0.486,0.0,0.0,0.0,0.0,0.0,0.0,0.0,0.0,0.0,0.0,0.109,0.891
GIN,Guinea,Rural,2021,GIN_2021_MIS,0.49,0.0,0.013,0.004,0.001,0.0,0.317,0.511,0.003,0.001,0.001,0.149,0.0
GIN,Guinea,Urban,2012,GIN_2012_DHS,0.44,0.073,0.301,0.083,0.0,0.0,0.404,0.131,0.001,0.001,0.001,0.005,0.0
GIN,Guinea,Urban,2013,GIN_2013_AFB,0.445,0.0,0.0,0.0,0.0,0.0,0.0,0.0,0.0,0.0,0.0,0.005,0.995
GIN,Guinea,Urban,2015,GIN_2015_AFB,0.465,0.0,0.0,0.0,0.0,0.0,0.0,0.0,0.0,0.0,0.0,0.0,1.0
GIN,Guinea,Urban,2016,GIN_2016_MICS,0.482,0.011,0.11,0.044,0.001,0.0,0.361,0.29,0.041,0.001,0.008,0.133,0.0
GIN,Guinea,Urban,2017,GIN_2017_AFB,0.482,0.0,0.0,0.0,0.0,0.0,0.0,0.0,0.0,0.0,0.0,0.0,1.0
GIN,Guinea,Urban,2019,GIN_2019_AFB,0.486,0.0,0.0,0.0,0.0,0.0,0.0,0.0,0.0,0.0,0.0,0.038,0.962
GIN,Guinea,Urban,2021,GIN_2021_MIS,0.49,0.01,0.234,0.059,0.002,0.004,0.649,0.04,0.0,0.0,0.0,0.002,0.0
GLP,Guadeloupe,Rural,2007,GLP_2007_CEN,,0.367,0.43,0.156,0.0,0.0,0.047,0.0,0.0,0.0,0.0,0.0,0.0
GLP,Guadeloupe,Rural,2008,GLP_2008_CEN,,0.372,0.432,0.151,0.0,0.0,0.045,0.0,0.0,0.0,0.0,0.0,0.0
GLP,Guadeloupe,Rural,2011,GLP_2011_CEN,,0.388,0.454,0.125,0.0,0.0,0.033,0.0,0.0,0.0,0.0,0.0,0.0
GLP,Guadeloupe,Rural,2013,GLP_2013_CEN,,0.387,0.459,0.126,0.0,0.0,0.027,0.0,0.0,0.0,0.0,0.0,0.001
GLP,Guadeloupe,Rural,2016,GLP_2016_CEN,,0.388,0.47,0.12,0.0,0.0,0.022,0.0,0.0,0.0,0.0,0.0,0.0
GLP,Guadeloupe,Rural,2018,GLP_2018_CEN,,0.392,0.475,0.111,0.0,0.0,0.022,0.0,0.0,0.0,0.0,0.0,0.0
GLP,Guadeloupe,Urban,1999,GLP_1999_REC,,0.332,0.607,0.0,0.0,0.0,0.0,0.0,0.0,0.0,0.0,0.0,0.061
GLP,Guadeloupe,Urban,2007,GLP_2007_CEN,,0.367,0.43,0.156,0.0,0.0,0.047,0.0,0.0,0.0,0.0,0.0,0.0
GLP,Guadeloupe,Urban,2008,GLP_2008_CEN,,0.372,0.432,0.151,0.0,0.0,0.045,0.0,0.0,0.0,0.0,0.0,0.0
GLP,Guadeloupe,Urban,2011,GLP_2011_CEN,,0.388,0.454,0.125,0.0,0.0,0.033,0.0,0.0,0.0,0.0,0.0,0.0
GLP,Guadeloupe,Urban,2013,GLP_2013_CEN,,0.387,0.459,0.126,0.0,0.0,0.027,0.0,0.0,0.0,0.0,0.0,0.001
GLP,Guadeloupe,Urban,2016,GLP_2016_CEN,,0.388,0.47,0.12,0.0,0.0,0.022,0.0,0.0,0.0,0.0,0.0,0.0
GLP,Guadeloupe,Urban,2018,GLP_2018_CEN,,0.392,0.475,0.111,0.0,0.0,0.022,0.0,0.0,0.0,0.0,0.0,0.0
GMB,Gambia,Rural,2013,GMB_2013_DHS,0.474,0.0,0.018,0.007,0.0,0.0,0.373,0.565,0.0,0.0,0.0,0.035,0.002
GMB,Gambia,Rural,2016,GMB_2016_IHS,0.487,0.033,0.147,0.039,0.0,0.004,0.371,0.395,0.0,0.009,0.0,0.0,0.002
GMB,Gambia,Rural,2018,GMB_2018_AFB,0.5,0.0,0.0,0.0,0.0,0.0,0.0,0.0,0.0,0.0,0.0,0.0,1.0
GMB,Gambia,Rural,2018,GMB_2018_MICS,0.5,0.0,0.022,0.029,0.0,0.0,0.314,0.614,0.0,0.0,0.0,0.02,0.001
GMB,Gambia,Rural,2021,GMB_2021_AFB,0.513,0.0,0.0,0.0,0.0,0.0,0.0,0.0,0.0,0.0,0.0,0.005,0.995
GMB,Gambia,Urban,2013,GMB_2013_CEN,0.474,0.04,0.267,0.0,0.0,0.0,0.45999999999999996,0.215,0.0,0.004,0.0,0.005,0.009
GMB,Gambia,Urban,2013,GMB_2013_DHS,0.474,0.031,0.296,0.036,0.0,0.0,0.408,0.226,0.0,0.0,0.0,0.002,0.001
GMB,Gambia,Urban,2016,GMB_2016_IHS,0.487,0.033,0.147,0.039,0.0,0.004,0.371,0.395,0.0,0.009,0.0,0.0,0.002
GMB,Gambia,Urban,2018,GMB_2018_AFB,0.5,0.0,0.0,0.0,0.0,0.0,0.0,0.0,0.0,0.0,0.0,0.004,0.996
GMB,Gambia,Urban,2018,GMB_2018_MICS,0.5,0.02,0.367,0.08,0.001,0.0,0.271,0.255,0.0,0.0,0.0,0.006,0.0
GMB,Gambia,Urban,2021,GMB_2021_AFB,0.513,0.0,0.0,0.0,0.0,0.0,0.0,0.0,0.0,0.0,0.0,0.003,0.997
GNB,Guinea-Bissau,Rural,2009,GNB_2009_CEN,0.444,0.002,0.016,0.0,0.0,0.0,0.487,0.0,0.0,0.0,0.0,0.449,0.046
GNB,Guinea-Bissau,Rural,2014,GNB_2014_MICS,0.476,0.011,0.13,0.0,0.0,0.007,0.6709999999999999,0.0,0.0,0.0,0.0,0.177,0.004
GNB,Guinea-Bissau,Urban,2009,GNB_2009_CEN,0.444,0.009,0.245,0.0,0.0,0.0,0.674,0.0,0.0,0.0,0.0,0.037,0.035
GNB,Guinea-Bissau,Urban,2014,GNB_2014_MICS,0.476,0.011,0.13,0.0,0.0,0.007,0.6709999999999999,0.0,0.0,0.0,0.0,0.177,0.004
GRC,Greece,Rural,2008,GRC_2008_HBS,0.871,0.231,0.769,0.0,0.0,0.0,0.0,0.0,0.0,0.0,0.0,0.0,0.0
GRC,Greece,Rural,2009,GRC_2009_HBS,0.874,0.27,0.73,0.0,0.0,0.0,0.0,0.0,0.0,0.0,0.0,0.0,0.0
GRC,Greece,Rural,2010,GRC_2010_HBS,0.876,0.256,0.744,0.0,0.0,0.0,0.0,0.0,0.0,0.0,0.0,0.0,0.0
GRC,Greece,Rural,2011,GRC_2011_HBS,0.874,0.276,0.724,0.0,0.0,0.0,0.0,0.0,0.0,0.0,0.0,0.0,0.0
GRC,Greece,Rural,2012,GRC_2012_EUSILC,0.874,0.99,0.0,0.0,0.0,0.0,0.0,0.0,0.0,0.0,0.0,0.0,0.01
GRC,Greece,Rural,2012,GRC_2012_HBS,0.874,0.254,0.746,0.0,0.0,0.0,0.0,0.0,0.0,0.0,0.0,0.0,0.0
GRC,Greece,Rural,2013,GRC_2013_HBS,0.879,0.299,0.701,0.0,0.0,0.0,0.0,0.0,0.0,0.0,0.0,0.0,0.0
GRC,Greece,Rural,2014,GRC_2014_EUSILC,0.886,0.992,0.0,0.0,0.0,0.0,0.0,0.0,0.0,0.0,0.0,0.0,0.008
GRC,Greece,Rural,2014,GRC_2014_HBS,0.886,0.353,0.647,0.0,0.0,0.0,0.0,0.0,0.0,0.0,0.0,0.0,0.0
GRC,Greece,Rural,2015,GRC_2015_EUSILC,0.888,0.987,0.0,0.0,0.0,0.0,0.0,0.0,0.0,0.0,0.0,0.0,0.013
GRC,Greece,Rural,2015,GRC_2015_HBS,0.888,0.328,0.672,0.0,0.0,0.0,0.0,0.0,0.0,0.0,0.0,0.0,0.0
GRC,Greece,Rural,2016,GRC_2016_HBS,0.884,0.385,0.615,0.0,0.0,0.0,0.0,0.0,0.0,0.0,0.0,0.0,0.0
GRC,Greece,Rural,2017,GRC_2017_HBS,0.887,0.396,0.604,0.0,0.0,0.0,0.0,0.0,0.0,0.0,0.0,0.0,0.0
GRC,Greece,Rural,2018,GRC_2018_HBS,0.893,0.384,0.616,0.0,0.0,0.0,0.0,0.0,0.0,0.0,0.0,0.0,0.0
GRC,Greece,Rural,2019,GRC_2019_HBS,0.896,0.435,0.565,0.0,0.0,0.0,0.0,0.0,0.0,0.0,0.0,0.0,0.0
GRC,Greece,Urban,2008,GRC_2008_HBS,0.871,0.836,0.164,0.0,0.0,0.0,0.0,0.0,0.0,0.0,0.0,0.0,0.0
GRC,Greece,Urban,2009,GRC_2009_HBS,0.874,0.85,0.15,0.0,0.0,0.0,0.0,0.0,0.0,0.0,0.0,0.0,0.0
GRC,Greece,Urban,2010,GRC_2010_HBS,0.876,0.867,0.133,0.0,0.0,0.0,0.0,0.0,0.0,0.0,0.0,0.0,0.0
GRC,Greece,Urban,2011,GRC_2011_HBS,0.874,0.875,0.125,0.0,0.0,0.0,0.0,0.0,0.0,0.0,0.0,0.0,0.0
GRC,Greece,Urban,2012,GRC_2012_EUSILC,0.874,0.996,0.0,0.0,0.0,0.0,0.0,0.0,0.0,0.0,0.0,0.0,0.004
GRC,Greece,Urban,2012,GRC_2012_HBS,0.874,0.882,0.118,0.0,0.0,0.0,0.0,0.0,0.0,0.0,0.0,0.0,0.0
GRC,Greece,Urban,2013,GRC_2013_HBS,0.879,0.889,0.111,0.0,0.0,0.0,0.0,0.0,0.0,0.0,0.0,0.0,0.0
GRC,Greece,Urban,2014,GRC_2014_EUSILC,0.886,0.999,0.0,0.0,0.0,0.0,0.0,0.0,0.0,0.0,0.0,0.0,0.001
GRC,Greece,Urban,2014,GRC_2014_HBS,0.886,0.899,0.101,0.0,0.0,0.0,0.0,0.0,0.0,0.0,0.0,0.0,0.0
GRC,Greece,Urban,2015,GRC_2015_EUSILC,0.888,1.0,0.0,0.0,0.0,0.0,0.0,0.0,0.0,0.0,0.0,0.0,0.0
GRC,Greece,Urban,2015,GRC_2015_HBS,0.888,0.882,0.118,0.0,0.0,0.0,0.0,0.0,0.0,0.0,0.0,0.0,0.0
GRC,Greece,Urban,2016,GRC_2016_HBS,0.884,0.881,0.119,0.0,0.0,0.0,0.0,0.0,0.0,0.0,0.0,0.0,0.0
GRC,Greece,Urban,2017,GRC_2017_HBS,0.887,0.89,0.11,0.0,0.0,0.0,0.0,0.0,0.0,0.0,0.0,0.0,0.0
GRC,Greece,Urban,2018,GRC_2018_HBS,0.893,0.891,0.109,0.0,0.0,0.0,0.0,0.0,0.0,0.0,0.0,0.0,0.0
GRC,Greece,Urban,2019,GRC_2019_HBS,0.896,0.903,0.097,0.0,0.0,0.0,0.0,0.0,0.0,0.0,0.0,0.0,0.0
GRD,Grenada,Rural,2005,GRD_2005_CWIQ,0.764,0.033,0.552,0.0,0.0,0.0,0.398,0.0,0.0,0.0,0.0,0.006,0.011
GRD,Grenada,Rural,2008,GRD_2008_SLC,0.771,0.082,0.531,0.0,0.0,0.0,0.363,0.0,0.0,0.0,0.0,0.012,0.012
GRD,Grenada,Urban,2005,GRD_2005_CWIQ,0.764,0.507,0.376,0.0,0.0,0.0,0.092,0.0,0.0,0.0,0.0,0.017,0.008
GRD,Grenada,Urban,2008,GRD_2008_SLC,0.771,0.082,0.531,0.0,0.0,0.0,0.363,0.0,0.0,0.0,0.0,0.012,0.012
GRL,Greenland,Rural,2018,GRL_2018_JA,,0.0,0.375,0.0,0.0,0.375,0.25,0.0,0.0,0.0,0.0,0.0,0.0
GRL,Greenland,Urban,2018,GRL_2018_JA,,0.0,0.375,0.0,0.0,0.375,0.25,0.0,0.0,0.0,0.0,0.0,0.0
GTM,Guatemala,Rural,1989,GTM_1989_ENSD,,0.064,0.0,0.0,0.02,0.0,0.202,0.0,0.0,0.0,0.0,0.449,0.265
GTM,Guatemala,Rural,1999,GTM_1999_DHS,0.556,0.395,0.058,0.0,0.0,0.0,0.409,0.0,0.0,0.0,0.0,0.132,0.006
GTM,Guatemala,Rural,2009,GTM_2009_ENSMI,0.616,0.108,0.133,0.0,0.0,0.006,0.572,0.0,0.0,0.0,0.003,0.177,0.001
GTM,Guatemala,Rural,2010,GTM_2010_ENEI,0.623,0.085,0.07,0.08,0.0,0.0,0.666,0.0,0.0,0.0,0.0,0.099,0.0
GTM,Guatemala,Rural,2011,GTM_2011_ENEI,0.628,0.123,0.074,0.067,0.0,0.0,0.643,0.0,0.0,0.0,0.0,0.093,0.0
GTM,Guatemala,Rural,2013,GTM_2013_ENEI,0.633,0.419,0.075,0.084,0.0,0.0,0.371,0.0,0.0,0.0,0.0,0.051,0.0
GTM,Guatemala,Rural,2014,GTM_2014_ENCOVI,0.65,0.091,0.083,0.0,0.0,0.0,0.737,0.0,0.0,0.0,0.0,0.089,0.0
GTM,Guatemala,Rural,2014,GTM_2014_ENEI,0.65,0.441,0.067,0.068,0.0,0.0,0.388,0.0,0.0,0.0,0.0,0.036,0.0
GTM,Guatemala,Rural,2015,GTM_2015_ENEI,0.638,0.401,0.059,0.083,0.0,0.0,0.427,0.0,0.0,0.0,0.0,0.03,0.0
GTM,Guatemala,Rural,2017,GTM_2017_ENEI,0.647,0.12,0.085,0.09,0.0,0.0,0.648,0.0,0.0,0.0,0.0,0.057,0.0
GTM,Guatemala,Rural,2021,GTM_2021_ENEI,0.639,0.2,0.173,0.101,0.0,0.0,0.485,0.0,0.0,0.0,0.0,0.041,0.0
GTM,Guatemala,Urban,1989,GTM_1989_ENSD,,0.593,0.0,0.0,0.102,0.0,0.059,0.0,0.0,0.0,0.0,0.059,0.187
GTM,Guatemala,Urban,1999,GTM_1999_DHS,0.556,0.395,0.058,0.0,0.0,0.0,0.409,0.0,0.0,0.0,0.0,0.132,0.006
GTM,Guatemala,Urban,2009,GTM_2009_ENSMI,0.616,0.721,0.079,0.0,0.0,0.004,0.171,0.0,0.0,0.0,0.0,0.024,0.001
GTM,Guatemala,Urban,2010,GTM_2010_ENEI,0.623,0.682,0.068,0.07,0.0,0.0,0.148,0.0,0.0,0.0,0.0,0.032,0.0
GTM,Guatemala,Urban,2011,GTM_2011_ENEI,0.628,0.696,0.072,0.066,0.0,0.0,0.149,0.0,0.0,0.0,0.0,0.017,0.0
GTM,Guatemala,Urban,2013,GTM_2013_ENEI,0.633,0.419,0.075,0.084,0.0,0.0,0.371,0.0,0.0,0.0,0.0,0.051,0.0
GTM,Guatemala,Urban,2014,GTM_2014_ENCOVI,0.65,0.681,0.069,0.0,0.0,0.0,0.234,0.0,0.0,0.0,0.0,0.016,0.0
GTM,Guatemala,Urban,2014,GTM_2014_ENEI,0.65,0.441,0.067,0.068,0.0,0.0,0.388,0.0,0.0,0.0,0.0,0.036,0.0
GTM,Guatemala,Urban,2015,GTM_2015_ENEI,0.638,0.401,0.059,0.083,0.0,0.0,0.427,0.0,0.0,0.0,0.0,0.03,0.0
GTM,Guatemala,Urban,2017,GTM_2017_ENEI,0.647,0.707,0.066,0.044,0.0,0.0,0.167,0.0,0.0,0.0,0.0,0.016,0.0
GTM,Guatemala,Urban,2018,GTM_2018_ENEI,0.649,0.751,0.066,0.059,0.0,0.0,0.115,0.0,0.0,0.0,0.0,0.009,0.0
GTM,Guatemala,Urban,2021,GTM_2021_ENEI,0.639,0.771,0.078,0.063,0.0,0.0,0.082,0.0,0.0,0.0,0.0,0.006,0.0
GUF,French Guiana,Rural,2006,GUF_2006_CEN,,0.114,0.24,0.102,0.0,0.0,0.542,0.0,0.0,0.0,0.0,0.0,0.002
GUF,French Guiana,Rural,2007,GUF_2007_CEN,,0.394,0.419,0.044,0.0,0.0,0.143,0.0,0.0,0.0,0.0,0.0,0.0
GUF,French Guiana,Rural,2009,GUF_2009_CEN,,0.382,0.429,0.039,0.0,0.0,0.15,0.0,0.0,0.0,0.0,0.0,0.0
GUF,French Guiana,Rural,2011,GUF_2011_CEN,,0.404,0.412,0.048,0.0,0.0,0.136,0.0,0.0,0.0,0.0,0.0,0.0
GUF,French Guiana,Rural,2013,GUF_2013_CEN,,0.794,0.011,0.012,0.0,0.0,0.175,0.0,0.0,0.0,0.0,0.0,0.008
GUF,French Guiana,Rural,2015,GUF_2015_CEN,,0.444,0.383,0.038,0.0,0.0,0.135,0.0,0.0,0.0,0.0,0.0,0.0
GUF,French Guiana,Rural,2016,GUF_2016_CEN,,0.438,0.386,0.036,0.0,0.0,0.14,0.0,0.0,0.0,0.0,0.0,0.0
GUF,French Guiana,Rural,2018,GUF_2018_CEN,,0.468,0.381,0.033,0.0,0.0,0.118,0.0,0.0,0.0,0.0,0.0,0.0
GUF,French Guiana,Rural,2019,GUF_2019_CEN,,0.465,0.385,0.032,0.0,0.0,0.118,0.0,0.0,0.0,0.0,0.0,0.0
GUF,French Guiana,Urban,2006,GUF_2006_CEN,,0.411,0.426,0.044,0.0,0.0,0.103,0.0,0.0,0.0,0.0,0.0,0.016
GUF,French Guiana,Urban,2007,GUF_2007_CEN,,0.394,0.419,0.044,0.0,0.0,0.143,0.0,0.0,0.0,0.0,0.0,0.0
GUF,French Guiana,Urban,2009,GUF_2009_CEN,,0.382,0.429,0.039,0.0,0.0,0.15,0.0,0.0,0.0,0.0,0.0,0.0
GUF,French Guiana,Urban,2011,GUF_2011_CEN,,0.404,0.412,0.048,0.0,0.0,0.136,0.0,0.0,0.0,0.0,0.0,0.0
GUF,French Guiana,Urban,2013,GUF_2013_CEN,,0.794,0.011,0.012,0.0,0.0,0.175,0.0,0.0,0.0,0.0,0.0,0.008
GUF,French Guiana,Urban,2015,GUF_2015_CEN,,0.444,0.383,0.038,0.0,0.0,0.135,0.0,0.0,0.0,0.0,0.0,0.0
GUF,French Guiana,Urban,2016,GUF_2016_CEN,,0.438,0.386,0.036,0.0,0.0,0.14,0.0,0.0,0.0,0.0,0.0,0.0
GUF,French Guiana,Urban,2018,GUF_2018_CEN,,0.468,0.381,0.033,0.0,0.0,0.118,0.0,0.0,0.0,0.0,0.0,0.0
GUF,French Guiana,Urban,2019,GUF_2019_CEN,,0.465,0.385,0.032,0.0,0.0,0.118,0.0,0.0,0.0,0.0,0.0,0.0
GUM,Guam,Rural,1980,GUM_1980_CEN,,0.716,0.254,0.0,0.0,0.0,0.0,0.0,0.0,0.0,0.0,0.0,0.03
GUM,Guam,Rural,1990,GUM_1990_CEN,,0.74,0.23,0.0,0.0,0.0,0.0,0.0,0.0,0.0,0.0,0.0,0.03
GUM,Guam,Rural,2000,GUM_2000_CEN,,0.714,0.26,0.0,0.0,0.0,0.0,0.0,0.0,0.0,0.0,0.0,0.026
GUM,Guam,Rural,2020,GUM_2020_CEN,,0.681,0.307,0.0,0.0,0.0,0.0,0.0,0.0,0.0,0.0,0.0,0.012
GUM,Guam,Urban,1980,GUM_1980_CEN,,0.716,0.254,0.0,0.0,0.0,0.0,0.0,0.0,0.0,0.0,0.0,0.03
GUM,Guam,Urban,1990,GUM_1990_CEN,,0.74,0.23,0.0,0.0,0.0,0.0,0.0,0.0,0.0,0.0,0.0,0.03
GUM,Guam,Urban,2000,GUM_2000_CEN,,0.714,0.26,0.0,0.0,0.0,0.0,0.0,0.0,0.0,0.0,0.0,0.026
GUM,Guam,Urban,2020,GUM_2020_CEN,,0.681,0.307,0.0,0.0,0.0,0.0,0.0,0.0,0.0,0.0,0.0,0.012
GUY,Guyana,Rural,2014,GUY_2014_MICS,0.678,0.002,0.62,0.019,0.0,0.0,0.346,0.0,0.002,0.0,0.0,0.007,0.004
GUY,Guyana,Urban,2002,GUY_2002_CEN,0.58,0.13,0.564,0.0,0.0,0.0,0.295,0.0,0.0,0.0,0.0,0.01,0.001
GUY,Guyana,Urban,2009,GUY_2009_DHS,0.637,0.116,0.707,0.003,0.0,0.002,0.135,0.033,0.0,0.0,0.0,0.001,0.003
GUY,Guyana,Urban,2014,GUY_2014_MICS,0.678,0.074,0.768,0.013,0.0,0.001,0.14,0.0,0.0,0.0,0.0,0.001,0.003
HND,Honduras,Rural,1987,HND_1987_RHS,,0.078,0.0,0.08,0.0,0.0,0.26,0.0,0.0,0.0,0.0,0.582,0.0
HND,Honduras,Rural,1988,HND_1988_CEN,,0.031,0.05,0.042,0.0,0.0,0.257,0.0,0.0,0.0,0.0,0.62,0.0
HND,Honduras,Rural,1990,HND_1990_HTS,0.516,0.034,0.063,0.0,0.0,0.0,0.398,0.0,0.0,0.0,0.0,0.503,0.002
HND,Honduras,Rural,1995,HND_1995_EPH,0.537,0.045,0.333,0.012,0.0,0.0,0.399,0.0,0.0,0.0,0.0,0.211,0.0
HND,Honduras,Rural,1997,HND_1997_EPH,0.547,0.067,0.326,0.007,0.0,0.0,0.339,0.0,0.0,0.0,0.0,0.261,0.0
HND,Honduras,Rural,2001,HND_2001_ENSM,0.561,0.099,0.0,0.274,0.0,0.0,0.248,0.0,0.0,0.0,0.0,0.374,0.005
HND,Honduras,Rural,2005,HND_2005_EPH,0.578,0.049,0.299,0.378,0.0,0.006,0.268,0.0,0.0,0.0,0.0,0.0,0.0
HND,Honduras,Rural,2006,HND_2006_EPH,0.582,0.054,0.297,0.41,0.0,0.006,0.232,0.0,0.001,0.0,0.0,0.0,0.0
HND,Honduras,Rural,2008,HND_2008_HTS,0.592,0.346,0.211,0.215,0.0,0.005,0.107,0.0,0.0,0.0,0.0,0.113,0.003
HND,Honduras,Rural,2009,HND_2009_HTS,0.594,0.342,0.215,0.211,0.0,0.009,0.105,0.0,0.0,0.0,0.0,0.116,0.002
HND,Honduras,Rural,2015,HND_2015_ERSAPS,0.61,0.078,0.293,0.381,0.012,0.0,0.085,0.0,0.0,0.0,0.0,0.15,0.001
HND,Honduras,Rural,2017,HND_2017_EPHPM,0.618,0.03,0.264,0.463,0.008,0.017,0.075,0.0,0.0,0.0,0.0,0.142,0.001
HND,Honduras,Rural,2019,HND_2019_EPHPM,0.632,0.042,0.309,0.471,0.005,0.005,0.065,0.0,0.0,0.0,0.0,0.101,0.002
HND,Honduras,Urban,1987,HND_1987_RHS,,0.616,0.0,0.031,0.0,0.0,0.237,0.0,0.0,0.0,0.0,0.116,0.0
HND,Honduras,Urban,1988,HND_1988_CEN,,0.446,0.081,0.039,0.0,0.0,0.312,0.0,0.0,0.0,0.0,0.122,0.0
HND,Honduras,Urban,1990,HND_1990_HTS,0.516,0.499,0.058,0.0,0.0,0.0,0.353,0.0,0.0,0.0,0.0,0.085,0.005
HND,Honduras,Urban,1995,HND_1995_EPH,0.537,0.522,0.128,0.003,0.0,0.0,0.314,0.0,0.0,0.0,0.0,0.033,0.0
HND,Honduras,Urban,1997,HND_1997_EPH,0.547,0.584,0.128,0.0,0.0,0.0,0.252,0.0,0.0,0.0,0.0,0.036,0.0
HND,Honduras,Urban,2001,HND_2001_ENSM,0.561,0.617,0.0,0.125,0.0,0.0,0.205,0.0,0.0,0.0,0.0,0.049,0.004
HND,Honduras,Urban,2001,HND_2001_EPH,0.561,0.583,0.209,0.025,0.0,0.0,0.102,0.0,0.0,0.0,0.0,0.081,0.0
HND,Honduras,Urban,2005,HND_2005_EPH,0.578,0.597,0.179,0.085,0.0,0.013,0.126,0.0,0.0,0.0,0.0,0.0,0.0
HND,Honduras,Urban,2006,HND_2006_EPH,0.582,0.616,0.171,0.079,0.0,0.009,0.123,0.0,0.002,0.0,0.0,0.0,0.0
HND,Honduras,Urban,2007,HND_2007_EPHM,0.587,0.629,0.177,0.068,0.0,0.009,0.087,0.0,0.0,0.0,0.0,0.028,0.002
HND,Honduras,Urban,2008,HND_2008_HTS,0.592,0.346,0.211,0.215,0.0,0.005,0.107,0.0,0.0,0.0,0.0,0.113,0.003
HND,Honduras,Urban,2009,HND_2009_HTS,0.594,0.342,0.215,0.211,0.0,0.009,0.105,0.0,0.0,0.0,0.0,0.116,0.002
HND,Honduras,Urban,2015,HND_2015_ERSAPS,0.61,0.592,0.203,0.107,0.021,0.0,0.044,0.0,0.0,0.0,0.0,0.031,0.002
HND,Honduras,Urban,2016,HND_2016_ERSAPS,0.616,0.634,0.189,0.078,0.015,0.0,0.058,0.0,0.0,0.0,0.0,0.024,0.002
HND,Honduras,Urban,2017,HND_2017_EPHPM,0.618,0.644,0.208,0.066,0.001,0.017,0.041,0.0,0.0,0.0,0.006,0.017,0.0
HND,Honduras,Urban,2019,HND_2019_EPHPM,0.632,0.655,0.196,0.087,0.0,0.009,0.045,0.0,0.0,0.0,0.0,0.006,0.002
HRV,Croatia,Rural,2003,HRV_2003_RES,0.798,0.5,0.3,0.0,0.0,0.0,0.2,0.0,0.0,0.0,0.0,0.0,0.0
HRV,Croatia,Rural,2011,HRV_2011_CEN,0.836,0.972,0.0,0.0,0.0,0.0,0.0,0.0,0.0,0.0,0.0,0.0,0.028
HRV,Croatia,Rural,2012,HRV_2012_EUSILC,0.839,0.959,0.0,0.0,0.0,0.0,0.0,0.0,0.0,0.0,0.0,0.0,0.041
HRV,Croatia,Rural,2013,HRV_2013_EUSILC,0.846,0.969,0.0,0.0,0.0,0.0,0.0,0.0,0.0,0.0,0.0,0.0,0.031
HRV,Croatia,Rural,2014,HRV_2014_EUSILC,0.848,0.967,0.0,0.0,0.0,0.0,0.0,0.0,0.0,0.0,0.0,0.0,0.033
HRV,Croatia,Rural,2015,HRV_2015_EUSILC,0.852,0.972,0.0,0.0,0.0,0.0,0.0,0.0,0.0,0.0,0.0,0.0,0.028
HRV,Croatia,Rural,2018,HRV_2018_ES,0.867,0.546,0.454,0.0,0.0,0.0,0.0,0.0,0.0,0.0,0.0,0.0,0.0
HRV,Croatia,Rural,2019,HRV_2019_ES,0.872,0.546,0.454,0.0,0.0,0.0,0.0,0.0,0.0,0.0,0.0,0.0,0.0
HRV,Croatia,Rural,2020,HRV_2020_ES,0.867,0.546,0.454,0.0,0.0,0.0,0.0,0.0,0.0,0.0,0.0,0.0,0.0
HRV,Croatia,Urban,2003,HRV_2003_RES,0.798,0.9,0.1,0.0,0.0,0.0,0.0,0.0,0.0,0.0,0.0,0.0,0.0
HRV,Croatia,Urban,2011,HRV_2011_CEN,0.836,0.972,0.0,0.0,0.0,0.0,0.0,0.0,0.0,0.0,0.0,0.0,0.028
HRV,Croatia,Urban,2012,HRV_2012_EUSILC,0.839,0.98,0.0,0.0,0.0,0.0,0.0,0.0,0.0,0.0,0.0,0.0,0.02
HRV,Croatia,Urban,2013,HRV_2013_EUSILC,0.846,0.99,0.0,0.0,0.0,0.0,0.0,0.0,0.0,0.0,0.0,0.0,0.01
HRV,Croatia,Urban,2014,HRV_2014_EUSILC,0.848,0.99,0.0,0.0,0.0,0.0,0.0,0.0,0.0,0.0,0.0,0.0,0.01
HRV,Croatia,Urban,2015,HRV_2015_EUSILC,0.852,0.991,0.0,0.0,0.0,0.0,0.0,0.0,0.0,0.0,0.0,0.0,0.009
HRV,Croatia,Urban,2018,HRV_2018_ES,0.867,0.546,0.454,0.0,0.0,0.0,0.0,0.0,0.0,0.0,0.0,0.0,0.0
HRV,Croatia,Urban,2019,HRV_2019_ES,0.872,0.546,0.454,0.0,0.0,0.0,0.0,0.0,0.0,0.0,0.0,0.0,0.0
HRV,Croatia,Urban,2020,HRV_2020_ES,0.867,0.546,0.454,0.0,0.0,0.0,0.0,0.0,0.0,0.0,0.0,0.0,0.0
HTI,Haiti,Rural,1982,HTI_1982_CEN,,0.0,0.0,0.0,0.0,0.0,0.12,0.0,0.0,0.0,0.0,0.0,0.88
HTI,Haiti,Rural,2006,HTI_2006_DHS,0.52,0.004,0.012,0.015,0.0,0.0,0.139,0.206,0.117,0.0,0.001,0.506,0.0
HTI,Haiti,Urban,1982,HTI_1982_CEN,,0.0,0.11,0.0,0.0,0.0,0.343,0.0,0.0,0.0,0.0,0.0,0.547
HTI,Haiti,Urban,2006,HTI_2006_DHS,0.52,0.03,0.087,0.026,0.0,0.0,0.362,0.217,0.176,0.0,0.002,0.099,0.001
HUN,Hungary,Rural,1990,HUN_1990_CEN,0.73,0.032,0.227,0.0,0.0,0.0,0.741,0.0,0.0,0.0,0.0,0.0,0.0
HUN,Hungary,Rural,1996,HUN_1996_ES,0.752,0.45,0.55,0.0,0.0,0.0,0.0,0.0,0.0,0.0,0.0,0.0,0.0
HUN,Hungary,Rural,1997,HUN_1997_ES,0.758,0.46,0.54,0.0,0.0,0.0,0.0,0.0,0.0,0.0,0.0,0.0,0.0
HUN,Hungary,Rural,1998,HUN_1998_ES,0.764,0.48,0.52,0.0,0.0,0.0,0.0,0.0,0.0,0.0,0.0,0.0,0.0
HUN,Hungary,Rural,1999,HUN_1999_ES,0.771,0.49,0.51,0.0,0.0,0.0,0.0,0.0,0.0,0.0,0.0,0.0,0.0
HUN,Hungary,Rural,2000,HUN_2000_ES,0.781,0.51,0.49,0.0,0.0,0.0,0.0,0.0,0.0,0.0,0.0,0.0,0.0
HUN,Hungary,Rural,2000,HUN_2000_ESD,0.781,0.166,0.0,0.0,0.0,0.0,0.0,0.0,0.0,0.0,0.0,0.0,0.834
HUN,Hungary,Rural,2001,HUN_2001_ESD,0.791,0.202,0.0,0.0,0.0,0.0,0.0,0.0,0.0,0.0,0.0,0.0,0.798
HUN,Hungary,Rural,2012,HUN_2012_EUSILC,0.841,0.909,0.0,0.0,0.0,0.0,0.0,0.0,0.0,0.0,0.0,0.0,0.091
HUN,Hungary,Rural,2013,HUN_2013_EUSILC,0.85,0.902,0.0,0.0,0.0,0.0,0.0,0.0,0.0,0.0,0.0,0.0,0.098
HUN,Hungary,Rural,2014,HUN_2014_EUSILC,0.848,0.909,0.0,0.0,0.0,0.0,0.0,0.0,0.0,0.0,0.0,0.0,0.091
HUN,Hungary,Rural,2015,HUN_2015_EUSILC,0.847,0.925,0.0,0.0,0.0,0.0,0.0,0.0,0.0,0.0,0.0,0.0,0.075
HUN,Hungary,Rural,2016,HUN_2016_CC,0.851,0.585,0.0,0.0,0.0,0.0,0.0,0.0,0.0,0.0,0.0,0.0,0.415
HUN,Hungary,Urban,1990,HUN_1990_CEN,0.73,0.655,0.074,0.0,0.0,0.0,0.271,0.0,0.0,0.0,0.0,0.0,0.0
HUN,Hungary,Urban,1996,HUN_1996_ES,0.752,0.45,0.55,0.0,0.0,0.0,0.0,0.0,0.0,0.0,0.0,0.0,0.0
HUN,Hungary,Urban,1997,HUN_1997_ES,0.758,0.46,0.54,0.0,0.0,0.0,0.0,0.0,0.0,0.0,0.0,0.0,0.0
HUN,Hungary,Urban,1997,HUN_1997_HH,0.758,0.669,0.0,0.0,0.0,0.0,0.331,0.0,0.0,0.0,0.0,0.0,0.0
HUN,Hungary,Urban,1998,HUN_1998_ES,0.764,0.48,0.52,0.0,0.0,0.0,0.0,0.0,0.0,0.0,0.0,0.0,0.0
HUN,Hungary,Urban,1999,HUN_1999_ES,0.771,0.49,0.51,0.0,0.0,0.0,0.0,0.0,0.0,0.0,0.0,0.0,0.0
HUN,Hungary,Urban,2000,HUN_2000_ES,0.781,0.51,0.49,0.0,0.0,0.0,0.0,0.0,0.0,0.0,0.0,0.0,0.0
HUN,Hungary,Urban,2000,HUN_2000_ESD,0.781,0.687,0.0,0.0,0.0,0.0,0.0,0.0,0.0,0.0,0.0,0.0,0.313
HUN,Hungary,Urban,2001,HUN_2001_ESD,0.791,0.691,0.0,0.0,0.0,0.0,0.0,0.0,0.0,0.0,0.0,0.0,0.309
HUN,Hungary,Urban,2012,HUN_2012_EUSILC,0.841,0.98,0.0,0.0,0.0,0.0,0.0,0.0,0.0,0.0,0.0,0.0,0.02
HUN,Hungary,Urban,2013,HUN_2013_EUSILC,0.85,0.976,0.0,0.0,0.0,0.0,0.0,0.0,0.0,0.0,0.0,0.0,0.024
HUN,Hungary,Urban,2014,HUN_2014_EUSILC,0.848,0.97,0.0,0.0,0.0,0.0,0.0,0.0,0.0,0.0,0.0,0.0,0.03
HUN,Hungary,Urban,2015,HUN_2015_EUSILC,0.847,0.985,0.0,0.0,0.0,0.0,0.0,0.0,0.0,0.0,0.0,0.0,0.015
HUN,Hungary,Urban,2016,HUN_2016_CC,0.851,0.891,0.0,0.0,0.0,0.0,0.0,0.0,0.0,0.0,0.0,0.0,0.109
IDN,Indonesia,Rural,1990,IDN_1990_CEN,0.531,0.0,0.071,0.0,0.0,0.0,0.357,0.0,0.0,0.0,0.0,0.0,0.572
IDN,Indonesia,Rural,1991,IDN_1991_DHS,0.538,0.0,0.154,0.0,0.0,0.0,0.38399999999999995,0.005,0.0,0.0,0.0,0.344,0.113
IDN,Indonesia,Rural,1998,IDN_1998_CEN,0.591,0.0,0.0,0.0,0.0,0.0,1.0,0.0,0.0,0.0,0.0,0.0,0.0
IDN,Indonesia,Rural,1999,IDN_1999_NSES,0.595,0.0,0.371,0.0,0.0,0.0,0.24,0.0,0.0,0.0,0.0,0.357,0.032
IDN,Indonesia,Rural,2020,IDN_2020_SUS,0.71,0.007,0.813,0.0,0.0,0.0,0.103,0.0,0.0,0.0,0.0,0.075,0.002
IDN,Indonesia,Urban,1987,IDN_1987_DHS,,0.0,0.449,0.0,0.0,0.0,0.376,0.0,0.0,0.0,0.0,0.175,0.0
IDN,Indonesia,Urban,1990,IDN_1990_CEN,0.531,0.0,0.437,0.0,0.0,0.0,0.401,0.0,0.0,0.0,0.0,0.0,0.162
IDN,Indonesia,Urban,1991,IDN_1991_DHS,0.538,0.0,0.154,0.0,0.0,0.0,0.38399999999999995,0.005,0.0,0.0,0.0,0.344,0.113
IDN,Indonesia,Urban,1998,IDN_1998_CEN,0.591,0.018,0.0,0.0,0.0,0.0,0.982,0.0,0.0,0.0,0.0,0.0,0.0
IDN,Indonesia,Urban,1999,IDN_1999_NSES,0.595,0.0,0.371,0.0,0.0,0.0,0.24,0.0,0.0,0.0,0.0,0.357,0.032
IDN,Indonesia,Urban,2003,IDN_2003_DHS,0.625,0.0,0.646,0.0,0.0,0.0,0.182,0.029,0.0,0.0,0.0,0.118,0.024999999999999998
IDN,Indonesia,Urban,2020,IDN_2020_SUS,0.71,0.007,0.813,0.0,0.0,0.0,0.103,0.0,0.0,0.0,0.0,0.075,0.002
IMN,Isle of Man,Rural,2021,IMN_2021_MUT,,0.899,0.101,0.0,0.0,0.0,0.0,0.0,0.0,0.0,0.0,0.0,0.0
IMN,Isle of Man,Urban,2021,IMN_2021_MUT,,0.899,0.101,0.0,0.0,0.0,0.0,0.0,0.0,0.0,0.0,0.0,0.0
IND,India,Rural,1993,IND_1993_NSS,0.458,0.008,0.055,0.0,0.0,0.0,0.0,0.0,0.0,0.024,0.0,0.858,0.055
IND,India,Rural,2006,IND_2006_NFHS,0.557,0.008,0.135,0.054,0.0,0.002,0.038000000000000006,0.023,0.0,0.0,0.0,0.739,0.001
IND,India,Rural,2009,IND_2009_NSS,0.579,0.0,0.179,0.0,0.0,0.0,0.14,0.0,0.0,0.012,0.0,0.652,0.017
IND,India,Rural,2012,IND_2012_NSS,0.609,0.013,0.226,0.107,0.0,0.003,0.043,0.006,0.0,0.0,0.0,0.601,0.001
IND,India,Rural,2014,IND_2014_RSOC,0.625,0.028,0.156,0.098,0.002,0.002,0.07400000000000001,0.008,0.006,0.001,0.007,0.617,0.001
IND,India,Rural,2015,IND_2015_NSS,0.633,0.0,0.0,0.0,0.0,0.0,0.479,0.0,0.0,0.0,0.0,0.521,0.0
IND,India,Rural,2016,IND_2016_DHS,0.644,0.085,0.337,0.087,0.001,0.012,0.056,0.015,0.0,0.0,0.002,0.398,0.007
IND,India,Rural,2017,IND_2017_NSS,0.649,0.0,0.0,0.0,0.0,0.0,0.67,0.0,0.0,0.0,0.0,0.33,0.0
IND,India,Rural,2021,IND_2021_NFHS,0.647,0.028,0.402,0.151,0.001,0.006,0.077,0.014,0.0,0.0,0.064,0.255,0.002
IND,India,Urban,1993,IND_1993_NSS,0.458,0.285,0.296,0.0,0.0,0.0,0.0,0.0,0.0,0.074,0.0,0.306,0.039
IND,India,Urban,1996,IND_1996_NSS,0.476,0.296,0.375,0.0,0.0,0.0,0.0,0.0,0.0,0.055,0.0,0.23,0.044
IND,India,Urban,2002,IND_2002_NSS,0.516,0.0,0.707,0.0,0.0,0.0,0.063,0.0,0.0,0.041,0.0,0.179,0.01
IND,India,Urban,2006,IND_2006_NFHS,0.557,0.283,0.391,0.069,0.001,0.04,0.034,0.007,0.0,0.0,0.001,0.17,0.004
IND,India,Urban,2009,IND_2009_NSS,0.579,0.0,0.773,0.0,0.0,0.0,0.08,0.0,0.0,0.016,0.0,0.113,0.018000000000000002
IND,India,Urban,2011,IND_2011_CEN,0.603,0.327,0.382,0.0,0.017,0.0,0.126,0.007,0.0,0.0,0.0,0.126,0.015
IND,India,Urban,2012,IND_2012_NSS,0.609,0.363,0.454,0.061,0.0,0.009,0.018000000000000002,0.001,0.0,0.0,0.0,0.091,0.003
IND,India,Urban,2014,IND_2014_RSOC,0.625,0.252,0.389,0.107,0.005,0.005,0.092,0.005,0.003,0.001,0.004,0.13,0.007
IND,India,Urban,2015,IND_2015_NSS,0.633,0.0,0.0,0.0,0.0,0.0,0.925,0.0,0.0,0.0,0.0,0.075,0.0
IND,India,Urban,2016,IND_2016_DHS,0.644,0.085,0.337,0.087,0.001,0.012,0.056,0.015,0.0,0.0,0.002,0.398,0.007
IND,India,Urban,2017,IND_2017_NSS,0.649,0.0,0.0,0.0,0.0,0.0,0.96,0.0,0.0,0.0,0.0,0.04,0.0
IND,India,Urban,2021,IND_2021_NFHS,0.647,0.253,0.533,0.072,0.003,0.014,0.043,0.005,0.0,0.0,0.011,0.061,0.005
IRL,Ireland,Rural,2002,IRL_2002_CEN,0.883,0.186,0.771,0.0,0.0,0.0,0.0,0.0,0.0,0.0,0.0,0.0,0.043
IRL,Ireland,Rural,2012,IRL_2012_EUSILC,0.911,0.978,0.0,0.0,0.0,0.0,0.0,0.0,0.0,0.0,0.0,0.0,0.022
IRL,Ireland,Rural,2013,IRL_2013_EUSILC,0.915,0.981,0.0,0.0,0.0,0.0,0.0,0.0,0.0,0.0,0.0,0.0,0.019
IRL,Ireland,Rural,2014,IRL_2014_EUSILC,0.921,0.998,0.0,0.0,0.0,0.0,0.0,0.0,0.0,0.0,0.0,0.0,0.002
IRL,Ireland,Rural,2016,IRL_2016_CEN,0.936,0.207,0.673,0.0,0.0,0.0,0.088,0.0,0.0,0.0,0.0,0.0,0.032
IRL,Ireland,Urban,2002,IRL_2002_CEN,0.883,0.932,0.032,0.0,0.0,0.0,0.0,0.0,0.0,0.0,0.0,0.0,0.036000000000000004
IRL,Ireland,Urban,2012,IRL_2012_EUSILC,0.911,0.971,0.0,0.0,0.0,0.0,0.0,0.0,0.0,0.0,0.0,0.0,0.029
IRL,Ireland,Urban,2013,IRL_2013_EUSILC,0.915,0.978,0.0,0.0,0.0,0.0,0.0,0.0,0.0,0.0,0.0,0.0,0.022
IRL,Ireland,Urban,2014,IRL_2014_EUSILC,0.921,0.999,0.0,0.0,0.0,0.0,0.0,0.0,0.0,0.0,0.0,0.0,0.001
IRL,Ireland,Urban,2016,IRL_2016_CEN,0.936,0.917,0.021,0.0,0.0,0.0,0.006,0.0,0.0,0.0,0.0,0.0,0.056
IRN,"Iran, Islamic Republic of",Rural,1996,IRN_1996_CEN,0.681,0.0,0.0,0.0,0.0,0.0,0.83,0.0,0.0,0.0,0.0,0.0,0.17
IRN,"Iran, Islamic Republic of",Urban,1996,IRN_1996_CEN,0.681,0.0,0.0,0.0,0.0,0.0,0.864,0.0,0.0,0.0,0.0,0.0,0.136
IRN,"Iran, Islamic Republic of",Urban,2006,IRN_2006_CEN,0.757,0.304,0.006,0.0,0.0,0.0,0.681,0.0,0.0,0.0,0.0,0.0,0.009000000000000001
IRN,"Iran, Islamic Republic of",Urban,2011,IRN_2011_CEN,0.787,0.39,0.005,0.0,0.0,0.0,0.594,0.0,0.0,0.0,0.0,0.004,0.007
IRQ,Iraq,Rural,2011,IRQ_2011_MICS,0.656,0.282,0.392,0.18,0.0,0.009,0.115,0.011,0.0,0.0,0.0,0.008,0.003
IRQ,Iraq,Rural,2013,IRQ_2013_IHSES,0.668,0.114,0.0,0.0,0.0,0.0,0.802,0.0,0.0,0.0,0.0,0.028,0.056
IRQ,Iraq,Rural,2018,IRQ_2018_ES,0.689,0.34,0.572,0.0,0.0,0.0,0.0,0.0,0.0,0.0,0.0,0.0,0.088
IRQ,Iraq,Rural,2019,IRQ_2019_ES,0.693,0.345,0.555,0.0,0.0,0.0,0.0,0.0,0.0,0.0,0.0,0.0,0.1
IRQ,Iraq,Rural,2020,IRQ_2020_ES,0.68,0.34,0.571,0.0,0.0,0.0,0.0,0.0,0.0,0.0,0.0,0.0,0.089
IRQ,Iraq,Urban,2011,IRQ_2011_MICS,0.656,0.282,0.392,0.18,0.0,0.009,0.115,0.011,0.0,0.0,0.0,0.008,0.003
IRQ,Iraq,Urban,2013,IRQ_2013_IHSES,0.668,0.212,0.0,0.0,0.0,0.0,0.784,0.0,0.0,0.0,0.0,0.001,0.003
IRQ,Iraq,Urban,2018,IRQ_2018_ES,0.689,0.34,0.572,0.0,0.0,0.0,0.0,0.0,0.0,0.0,0.0,0.0,0.088
IRQ,Iraq,Urban,2019,IRQ_2019_ES,0.693,0.345,0.555,0.0,0.0,0.0,0.0,0.0,0.0,0.0,0.0,0.0,0.1
IRQ,Iraq,Urban,2020,IRQ_2020_ES,0.68,0.34,0.571,0.0,0.0,0.0,0.0,0.0,0.0,0.0,0.0,0.0,0.089
ISL,Iceland,Rural,1996,ISL_1996_ES,0.873,0.9,0.1,0.0,0.0,0.0,0.0,0.0,0.0,0.0,0.0,0.0,0.0
ISL,Iceland,Rural,1997,ISL_1997_ES,0.881,0.9,0.1,0.0,0.0,0.0,0.0,0.0,0.0,0.0,0.0,0.0,0.0
ISL,Iceland,Rural,1998,ISL_1998_ES,0.893,0.9,0.1,0.0,0.0,0.0,0.0,0.0,0.0,0.0,0.0,0.0,0.0
ISL,Iceland,Rural,1999,ISL_1999_ES,0.895,0.9,0.1,0.0,0.0,0.0,0.0,0.0,0.0,0.0,0.0,0.0,0.0
ISL,Iceland,Rural,2000,ISL_2000_ES,0.902,0.9,0.1,0.0,0.0,0.0,0.0,0.0,0.0,0.0,0.0,0.0,0.0
ISL,Iceland,Rural,2000,ISL_2000_OECD,0.902,0.9,0.06,0.0,0.0,0.0,0.0,0.0,0.0,0.0,0.0,0.0,0.04
ISL,Iceland,Rural,2001,ISL_2001_ES,0.91,0.9,0.1,0.0,0.0,0.0,0.0,0.0,0.0,0.0,0.0,0.0,0.0
ISL,Iceland,Rural,2001,ISL_2001_OECD,0.91,0.9,0.06,0.0,0.0,0.0,0.0,0.0,0.0,0.0,0.0,0.0,0.04
ISL,Iceland,Rural,2002,ISL_2002_ES,0.917,0.9,0.1,0.0,0.0,0.0,0.0,0.0,0.0,0.0,0.0,0.0,0.0
ISL,Iceland,Rural,2002,ISL_2002_OECD,0.917,0.89,0.06,0.0,0.0,0.0,0.0,0.0,0.0,0.0,0.0,0.0,0.05
ISL,Iceland,Rural,2003,ISL_2003_CEN,0.925,0.01,0.99,0.0,0.0,0.0,0.0,0.0,0.0,0.0,0.0,0.0,0.0
ISL,Iceland,Rural,2003,ISL_2003_ES,0.925,0.9,0.1,0.0,0.0,0.0,0.0,0.0,0.0,0.0,0.0,0.0,0.0
ISL,Iceland,Rural,2003,ISL_2003_OECD,0.925,0.89,0.06,0.0,0.0,0.0,0.0,0.0,0.0,0.0,0.0,0.0,0.05
ISL,Iceland,Rural,2004,ISL_2004_ES,0.928,0.9,0.1,0.0,0.0,0.0,0.0,0.0,0.0,0.0,0.0,0.0,0.0
ISL,Iceland,Rural,2004,ISL_2004_OECD,0.928,0.89,0.06,0.0,0.0,0.0,0.0,0.0,0.0,0.0,0.0,0.0,0.05
ISL,Iceland,Rural,2005,ISL_2005_ES,0.935,0.9,0.1,0.0,0.0,0.0,0.0,0.0,0.0,0.0,0.0,0.0,0.0
ISL,Iceland,Rural,2005,ISL_2005_OECD,0.935,0.89,0.06,0.0,0.0,0.0,0.0,0.0,0.0,0.0,0.0,0.0,0.05
ISL,Iceland,Rural,2006,ISL_2006_ES,0.936,0.9,0.1,0.0,0.0,0.0,0.0,0.0,0.0,0.0,0.0,0.0,0.0
ISL,Iceland,Rural,2007,ISL_2007_ES,0.941,0.9,0.1,0.0,0.0,0.0,0.0,0.0,0.0,0.0,0.0,0.0,0.0
ISL,Iceland,Rural,2008,ISL_2008_ES,0.935,0.9,0.1,0.0,0.0,0.0,0.0,0.0,0.0,0.0,0.0,0.0,0.0
ISL,Iceland,Rural,2008,ISL_2008_OECD,0.935,0.92,0.08,0.0,0.0,0.0,0.0,0.0,0.0,0.0,0.0,0.0,0.0
ISL,Iceland,Rural,2009,ISL_2009_ES,0.934,0.9,0.1,0.0,0.0,0.0,0.0,0.0,0.0,0.0,0.0,0.0,0.0
ISL,Iceland,Rural,2010,ISL_2010_EAI,0.935,0.93,0.07,0.0,0.0,0.0,0.0,0.0,0.0,0.0,0.0,0.0,0.0
ISL,Iceland,Rural,2010,ISL_2010_ES,0.935,0.9,0.1,0.0,0.0,0.0,0.0,0.0,0.0,0.0,0.0,0.0,0.0
ISL,Iceland,Rural,2010,ISL_2010_OECD,0.935,0.91,0.07,0.0,0.0,0.0,0.0,0.0,0.0,0.0,0.0,0.0,0.02
ISL,Iceland,Rural,2013,ISL_2013_EUSILC,0.95,1.0,0.0,0.0,0.0,0.0,0.0,0.0,0.0,0.0,0.0,0.0,0.0
ISL,Iceland,Rural,2014,ISL_2014_EUSILC,0.954,1.0,0.0,0.0,0.0,0.0,0.0,0.0,0.0,0.0,0.0,0.0,0.0
ISL,Iceland,Rural,2017,ISL_2017_MHCC,0.962,0.96,0.04,0.0,0.0,0.0,0.0,0.0,0.0,0.0,0.0,0.0,0.0
ISL,Iceland,Urban,1996,ISL_1996_ES,0.873,0.9,0.1,0.0,0.0,0.0,0.0,0.0,0.0,0.0,0.0,0.0,0.0
ISL,Iceland,Urban,1997,ISL_1997_ES,0.881,0.9,0.1,0.0,0.0,0.0,0.0,0.0,0.0,0.0,0.0,0.0,0.0
ISL,Iceland,Urban,1998,ISL_1998_ES,0.893,0.9,0.1,0.0,0.0,0.0,0.0,0.0,0.0,0.0,0.0,0.0,0.0
ISL,Iceland,Urban,1999,ISL_1999_ES,0.895,0.9,0.1,0.0,0.0,0.0,0.0,0.0,0.0,0.0,0.0,0.0,0.0
ISL,Iceland,Urban,2000,ISL_2000_ES,0.902,0.9,0.1,0.0,0.0,0.0,0.0,0.0,0.0,0.0,0.0,0.0,0.0
ISL,Iceland,Urban,2000,ISL_2000_OECD,0.902,0.9,0.06,0.0,0.0,0.0,0.0,0.0,0.0,0.0,0.0,0.0,0.04
ISL,Iceland,Urban,2001,ISL_2001_ES,0.91,0.9,0.1,0.0,0.0,0.0,0.0,0.0,0.0,0.0,0.0,0.0,0.0
ISL,Iceland,Urban,2001,ISL_2001_OECD,0.91,0.9,0.06,0.0,0.0,0.0,0.0,0.0,0.0,0.0,0.0,0.0,0.04
ISL,Iceland,Urban,2002,ISL_2002_ES,0.917,0.9,0.1,0.0,0.0,0.0,0.0,0.0,0.0,0.0,0.0,0.0,0.0
ISL,Iceland,Urban,2002,ISL_2002_OECD,0.917,0.89,0.06,0.0,0.0,0.0,0.0,0.0,0.0,0.0,0.0,0.0,0.05
ISL,Iceland,Urban,2003,ISL_2003_CEN,0.925,1.0,0.0,0.0,0.0,0.0,0.0,0.0,0.0,0.0,0.0,0.0,0.0
ISL,Iceland,Urban,2003,ISL_2003_ES,0.925,0.9,0.1,0.0,0.0,0.0,0.0,0.0,0.0,0.0,0.0,0.0,0.0
ISL,Iceland,Urban,2003,ISL_2003_OECD,0.925,0.89,0.06,0.0,0.0,0.0,0.0,0.0,0.0,0.0,0.0,0.0,0.05
ISL,Iceland,Urban,2004,ISL_2004_ES,0.928,0.9,0.1,0.0,0.0,0.0,0.0,0.0,0.0,0.0,0.0,0.0,0.0
ISL,Iceland,Urban,2004,ISL_2004_OECD,0.928,0.89,0.06,0.0,0.0,0.0,0.0,0.0,0.0,0.0,0.0,0.0,0.05
ISL,Iceland,Urban,2005,ISL_2005_ES,0.935,0.9,0.1,0.0,0.0,0.0,0.0,0.0,0.0,0.0,0.0,0.0,0.0
ISL,Iceland,Urban,2005,ISL_2005_OECD,0.935,0.89,0.06,0.0,0.0,0.0,0.0,0.0,0.0,0.0,0.0,0.0,0.05
ISL,Iceland,Urban,2006,ISL_2006_ES,0.936,0.9,0.1,0.0,0.0,0.0,0.0,0.0,0.0,0.0,0.0,0.0,0.0
ISL,Iceland,Urban,2007,ISL_2007_ES,0.941,0.9,0.1,0.0,0.0,0.0,0.0,0.0,0.0,0.0,0.0,0.0,0.0
ISL,Iceland,Urban,2008,ISL_2008_ES,0.935,0.9,0.1,0.0,0.0,0.0,0.0,0.0,0.0,0.0,0.0,0.0,0.0
ISL,Iceland,Urban,2008,ISL_2008_OECD,0.935,0.92,0.08,0.0,0.0,0.0,0.0,0.0,0.0,0.0,0.0,0.0,0.0
ISL,Iceland,Urban,2009,ISL_2009_ES,0.934,0.9,0.1,0.0,0.0,0.0,0.0,0.0,0.0,0.0,0.0,0.0,0.0
ISL,Iceland,Urban,2010,ISL_2010_EAI,0.935,0.93,0.07,0.0,0.0,0.0,0.0,0.0,0.0,0.0,0.0,0.0,0.0
ISL,Iceland,Urban,2010,ISL_2010_ES,0.935,0.9,0.1,0.0,0.0,0.0,0.0,0.0,0.0,0.0,0.0,0.0,0.0
ISL,Iceland,Urban,2010,ISL_2010_OECD,0.935,0.91,0.07,0.0,0.0,0.0,0.0,0.0,0.0,0.0,0.0,0.0,0.02
ISL,Iceland,Urban,2013,ISL_2013_EUSILC,0.95,1.0,0.0,0.0,0.0,0.0,0.0,0.0,0.0,0.0,0.0,0.0,0.0
ISL,Iceland,Urban,2014,ISL_2014_EUSILC,0.954,1.0,0.0,0.0,0.0,0.0,0.0,0.0,0.0,0.0,0.0,0.0,0.0
ISL,Iceland,Urban,2017,ISL_2017_MHCC,0.962,0.96,0.04,0.0,0.0,0.0,0.0,0.0,0.0,0.0,0.0,0.0,0.0
ISR,Israel,Rural,2010,ISR_2010_IWAS,0.889,0.95,0.05,0.0,0.0,0.0,0.0,0.0,0.0,0.0,0.0,0.0,0.0
ISR,Israel,Rural,2018,ISR_2018_PWH,0.911,0.0,0.0,0.0,0.0,0.0,0.99,0.0,0.0,0.0,0.0,0.0,0.01
ISR,Israel,Rural,2019,ISR_2019_OECD,0.913,0.992,0.008,0.0,0.0,0.0,0.0,0.0,0.0,0.0,0.0,0.0,0.0
ISR,Israel,Rural,2020,ISR_2020_OECD,0.912,0.992,0.008,0.0,0.0,0.0,0.0,0.0,0.0,0.0,0.0,0.0,0.0
ISR,Israel,Urban,2010,ISR_2010_IWAS,0.889,0.995,0.005,0.0,0.0,0.0,0.0,0.0,0.0,0.0,0.0,0.0,0.0
ISR,Israel,Urban,2018,ISR_2018_PWH,0.911,0.0,0.0,0.0,0.0,0.0,1.0,0.0,0.0,0.0,0.0,0.0,0.0
ISR,Israel,Urban,2019,ISR_2019_OECD,0.913,0.992,0.008,0.0,0.0,0.0,0.0,0.0,0.0,0.0,0.0,0.0,0.0
ISR,Israel,Urban,2020,ISR_2020_OECD,0.912,0.992,0.008,0.0,0.0,0.0,0.0,0.0,0.0,0.0,0.0,0.0,0.0
ITA,Italy,Rural,2005,ITA_2005_CA,0.876,1.0,0.0,0.0,0.0,0.0,0.0,0.0,0.0,0.0,0.0,0.0,0.0
ITA,Italy,Rural,2009,ITA_2009_ES,0.884,0.88,0.05,0.0,0.0,0.0,0.0,0.0,0.0,0.0,0.0,0.0,0.07
ITA,Italy,Rural,2011,ITA_2011_CEN,0.89,0.998,0.0,0.0,0.0,0.0,0.0,0.0,0.0,0.0,0.0,0.0,0.002
ITA,Italy,Rural,2012,ITA_2012_AHSILC,0.887,0.929,0.071,0.0,0.0,0.0,0.0,0.0,0.0,0.0,0.0,0.0,0.0
ITA,Italy,Rural,2012,ITA_2012_CA,0.887,0.984,0.016,0.0,0.0,0.0,0.0,0.0,0.0,0.0,0.0,0.0,0.0
ITA,Italy,Rural,2013,ITA_2013_EUSILC,0.887,0.985,0.015,0.0,0.0,0.0,0.0,0.0,0.0,0.0,0.0,0.0,0.0
ITA,Italy,Rural,2014,ITA_2014_EUSILC,0.89,0.988,0.012,0.0,0.0,0.0,0.0,0.0,0.0,0.0,0.0,0.0,0.0
ITA,Italy,Rural,2015,ITA_2015_CA,0.889,0.984,0.016,0.0,0.0,0.0,0.0,0.0,0.0,0.0,0.0,0.0,0.0
ITA,Italy,Urban,2005,ITA_2005_CA,0.876,1.0,0.0,0.0,0.0,0.0,0.0,0.0,0.0,0.0,0.0,0.0,0.0
ITA,Italy,Urban,2009,ITA_2009_ES,0.884,0.88,0.05,0.0,0.0,0.0,0.0,0.0,0.0,0.0,0.0,0.0,0.07
ITA,Italy,Urban,2011,ITA_2011_CEN,0.89,0.998,0.0,0.0,0.0,0.0,0.0,0.0,0.0,0.0,0.0,0.0,0.002
ITA,Italy,Urban,2012,ITA_2012_AHSILC,0.887,0.94,0.06,0.0,0.0,0.0,0.0,0.0,0.0,0.0,0.0,0.0,0.0
ITA,Italy,Urban,2012,ITA_2012_CA,0.887,0.984,0.016,0.0,0.0,0.0,0.0,0.0,0.0,0.0,0.0,0.0,0.0
ITA,Italy,Urban,2013,ITA_2013_EUSILC,0.887,0.988,0.012,0.0,0.0,0.0,0.0,0.0,0.0,0.0,0.0,0.0,0.0
ITA,Italy,Urban,2014,ITA_2014_EUSILC,0.89,0.992,0.008,0.0,0.0,0.0,0.0,0.0,0.0,0.0,0.0,0.0,0.0
ITA,Italy,Urban,2015,ITA_2015_CA,0.889,0.984,0.016,0.0,0.0,0.0,0.0,0.0,0.0,0.0,0.0,0.0,0.0
JAM,Jamaica,Rural,1996,JAM_1996_SLC,0.664,0.103,0.21,0.0,0.0,0.0,0.662,0.0,0.0,0.0,0.0,0.023,0.002
JAM,Jamaica,Rural,1997,JAM_1997_SLC,0.663,0.089,0.217,0.0,0.0,0.0,0.667,0.0,0.0,0.0,0.0,0.023,0.004
JAM,Jamaica,Rural,2000,JAM_2000_MICS,0.659,0.016,0.342,0.0,0.0,0.0,0.636,0.0,0.0,0.0,0.0,0.0,0.006
JAM,Jamaica,Rural,2001,JAM_2001_SLC,0.668,0.031,0.354,0.0,0.0,0.0,0.593,0.0,0.0,0.0,0.0,0.017,0.005
JAM,Jamaica,Rural,2002,JAM_2002_SLC,0.672,0.044,0.321,0.0,0.0,0.0,0.634,0.0,0.0,0.0,0.0,0.0,0.001
JAM,Jamaica,Rural,2005,JAM_2005_MICS,0.687,0.018,0.017,0.422,0.001,0.0,0.505,0.029,0.0,0.0,0.0,0.007,0.001
JAM,Jamaica,Rural,2009,JAM_2009_SLC,0.711,0.23,0.452,0.0,0.0,0.0,0.317,0.0,0.0,0.0,0.0,0.0,0.001
JAM,Jamaica,Rural,2015,JAM_2015_SLC,0.713,0.02,0.606,0.0,0.0,0.0,0.36,0.0,0.0,0.0,0.0,0.006,0.008
JAM,Jamaica,Rural,2016,JAM_2016_SLC,0.714,0.054,0.689,0.0,0.0,0.0,0.243,0.0,0.0,0.0,0.0,0.011,0.003
JAM,Jamaica,Urban,1996,JAM_1996_SLC,0.664,0.333,0.364,0.0,0.0,0.0,0.296,0.0,0.0,0.0,0.0,0.005,0.002
JAM,Jamaica,Urban,1997,JAM_1997_SLC,0.663,0.415,0.373,0.0,0.0,0.0,0.192,0.0,0.0,0.0,0.0,0.016,0.004
JAM,Jamaica,Urban,2000,JAM_2000_MICS,0.659,0.327,0.467,0.0,0.0,0.0,0.201,0.0,0.0,0.0,0.0,0.0,0.005
JAM,Jamaica,Urban,2001,JAM_2001_SLC,0.668,0.306,0.509,0.0,0.0,0.0,0.173,0.0,0.0,0.0,0.0,0.009,0.003
JAM,Jamaica,Urban,2002,JAM_2002_SLC,0.672,0.326,0.453,0.0,0.0,0.0,0.219,0.0,0.0,0.0,0.0,0.0,0.002
JAM,Jamaica,Urban,2005,JAM_2005_MICS,0.687,0.298,0.051,0.453,0.005,0.002,0.176,0.009,0.0,0.0,0.0,0.005,0.001
JAM,Jamaica,Urban,2009,JAM_2009_SLC,0.711,0.23,0.452,0.0,0.0,0.0,0.317,0.0,0.0,0.0,0.0,0.0,0.001
JAM,Jamaica,Urban,2015,JAM_2015_SLC,0.713,0.333,0.551,0.0,0.0,0.0,0.11,0.0,0.0,0.0,0.0,0.006,0.0
JAM,Jamaica,Urban,2016,JAM_2016_SLC,0.714,0.37,0.508,0.0,0.0,0.0,0.111,0.0,0.0,0.0,0.0,0.011,0.0
JAM,Jamaica,Urban,2017,JAM_2017_SLC,0.715,0.284,0.514,0.068,0.0,0.0,0.122,0.0,0.0,0.0,0.0,0.001,0.011
JOR,Jordan,Rural,2002,JOR_2002_DHS,0.686,0.0,0.762,0.0,0.0,0.0,0.235,0.0,0.0,0.0,0.0,0.003,0.0
JOR,Jordan,Rural,2004,JOR_2004_CEN,0.705,0.028,0.933,0.0,0.0,0.0,0.0,0.0,0.0,0.0,0.0,0.025,0.014
JOR,Jordan,Rural,2007,JOR_2007_DHS,0.725,0.059,0.571,0.0,0.0,0.001,0.352,0.009,0.0,0.0,0.0,0.008,0.0
JOR,Jordan,Rural,2008,JOR_2008_HIES,0.733,0.026,0.973,0.0,0.0,0.0,0.0,0.0,0.0,0.0,0.0,0.0,0.001
JOR,Jordan,Rural,2010,JOR_2010_HIES,0.732,0.025,0.975,0.0,0.0,0.0,0.0,0.0,0.0,0.0,0.0,0.0,0.0
JOR,Jordan,Rural,2010,JOR_2010_JLMS,0.732,0.06,0.938,0.0,0.0,0.0,0.0,0.0,0.0,0.0,0.0,0.002,0.0
JOR,Jordan,Rural,2015,JOR_2015_MOH,0.743,0.055,0.864,0.0,0.0,0.0,0.0,0.0,0.0,0.0,0.0,0.0,0.08099999999999999
JOR,Jordan,Rural,2016,JOR_2016_NCLS,0.745,0.0,0.0,0.0,0.0,0.0,0.653,0.0,0.0,0.0,0.0,0.0,0.347
JOR,Jordan,Rural,2018,JOR_2018_DHS,0.747,0.682,0.271,0.0,0.0,0.001,0.046,0.0,0.0,0.0,0.0,0.0,0.0
JOR,Jordan,Rural,2018,JOR_2018_HIES,0.747,0.63,0.367,0.0,0.0,0.0,0.0,0.0,0.0,0.0,0.0,0.003,0.0
JOR,Jordan,Urban,2002,JOR_2002_DHS,0.686,0.0,0.92,0.0,0.0,0.0,0.08,0.0,0.0,0.0,0.0,0.0,0.0
JOR,Jordan,Urban,2003,JOR_2003_HIES,0.693,0.708,0.291,0.0,0.0,0.0,0.0,0.0,0.0,0.0,0.0,0.0,0.001
JOR,Jordan,Urban,2004,JOR_2004_CEN,0.705,0.678,0.309,0.0,0.0,0.0,0.0,0.0,0.0,0.0,0.0,0.001,0.012
JOR,Jordan,Urban,2007,JOR_2007_DHS,0.725,0.669,0.189,0.0,0.0,0.0,0.14,0.002,0.0,0.0,0.0,0.0,0.0
JOR,Jordan,Urban,2008,JOR_2008_HIES,0.733,0.713,0.287,0.0,0.0,0.0,0.0,0.0,0.0,0.0,0.0,0.0,0.0
JOR,Jordan,Urban,2010,JOR_2010_HIES,0.732,0.706,0.294,0.0,0.0,0.0,0.0,0.0,0.0,0.0,0.0,0.0,0.0
JOR,Jordan,Urban,2010,JOR_2010_JLMS,0.732,0.702,0.298,0.0,0.0,0.0,0.0,0.0,0.0,0.0,0.0,0.0,0.0
JOR,Jordan,Urban,2012,JOR_2012_DHS,0.74,0.687,0.312,0.0,0.0,0.001,0.0,0.0,0.0,0.0,0.0,0.0,0.0
JOR,Jordan,Urban,2015,JOR_2015_MOH,0.743,0.665,0.29,0.0,0.0,0.0,0.0,0.0,0.0,0.0,0.0,0.0,0.045
JOR,Jordan,Urban,2016,JOR_2016_JLMS,0.745,0.708,0.29,0.0,0.0,0.0,0.0,0.0,0.0,0.0,0.0,0.002,0.0
JOR,Jordan,Urban,2016,JOR_2016_NCLS,0.745,0.0,0.0,0.0,0.0,0.0,0.662,0.0,0.0,0.0,0.0,0.0,0.338
JOR,Jordan,Urban,2018,JOR_2018_DHS,0.747,0.682,0.271,0.0,0.0,0.001,0.046,0.0,0.0,0.0,0.0,0.0,0.0
JOR,Jordan,Urban,2018,JOR_2018_HIES,0.747,0.63,0.367,0.0,0.0,0.0,0.0,0.0,0.0,0.0,0.0,0.003,0.0
JPN,Japan,Rural,1990,JPN_1990_JWWA,0.853,0.0,0.0,0.0,0.0,0.0,1.0,0.0,0.0,0.0,0.0,0.0,0.0
JPN,Japan,Rural,2000,JPN_2000_JWWA,0.889,0.0,0.0,0.0,0.0,0.0,1.0,0.0,0.0,0.0,0.0,0.0,0.0
JPN,Japan,Rural,2000,JPN_2000_SDGW,0.889,0.565,0.269,0.0,0.0,0.0,0.166,0.0,0.0,0.0,0.0,0.0,0.0
JPN,Japan,Rural,2001,JPN_2001_SDGW,0.892,0.583,0.264,0.0,0.0,0.0,0.153,0.0,0.0,0.0,0.0,0.0,0.0
JPN,Japan,Rural,2002,JPN_2002_SDGW,0.894,0.6,0.26,0.0,0.0,0.0,0.14,0.0,0.0,0.0,0.0,0.0,0.0
JPN,Japan,Rural,2003,JPN_2003_SDGW,0.896,0.616,0.255,0.0,0.0,0.0,0.129,0.0,0.0,0.0,0.0,0.0,0.0
JPN,Japan,Rural,2008,JPN_2008_SDGW,0.905,0.681,0.229,0.0,0.0,0.0,0.09,0.0,0.0,0.0,0.0,0.0,0.0
JPN,Japan,Rural,2009,JPN_2009_SDGW,0.905,0.691,0.224,0.0,0.0,0.0,0.085,0.0,0.0,0.0,0.0,0.0,0.0
JPN,Japan,Rural,2011,JPN_2011_SDGW,0.906,0.709,0.217,0.0,0.0,0.0,0.074,0.0,0.0,0.0,0.0,0.0,0.0
JPN,Japan,Rural,2012,JPN_2012_SDGW,0.909,0.717,0.213,0.0,0.0,0.0,0.07,0.0,0.0,0.0,0.0,0.0,0.0
JPN,Japan,Rural,2013,JPN_2013_SDGW,0.912,0.726,0.209,0.0,0.0,0.0,0.065,0.0,0.0,0.0,0.0,0.0,0.0
JPN,Japan,Rural,2014,JPN_2014_SDGW,0.914,0.733,0.206,0.0,0.0,0.0,0.061,0.0,0.0,0.0,0.0,0.0,0.0
JPN,Japan,Rural,2015,JPN_2015_SDGW,0.917,0.74,0.203,0.0,0.0,0.0,0.057,0.0,0.0,0.0,0.0,0.0,0.0
JPN,Japan,Rural,2020,JPN_2020_SDGW,0.922,0.763,0.191,0.0,0.0,0.0,0.046,0.0,0.0,0.0,0.0,0.0,0.0
JPN,Japan,Rural,2021,JPN_2021_SDGW,0.922,0.769,0.187,0.0,0.0,0.0,0.044,0.0,0.0,0.0,0.0,0.0,0.0
JPN,Japan,Urban,1990,JPN_1990_JWWA,0.853,0.0,0.0,0.0,0.0,0.0,1.0,0.0,0.0,0.0,0.0,0.0,0.0
JPN,Japan,Urban,2000,JPN_2000_JWWA,0.889,0.0,0.0,0.0,0.0,0.0,1.0,0.0,0.0,0.0,0.0,0.0,0.0
JPN,Japan,Urban,2000,JPN_2000_SDGW,0.889,0.565,0.269,0.0,0.0,0.0,0.166,0.0,0.0,0.0,0.0,0.0,0.0
JPN,Japan,Urban,2001,JPN_2001_SDGW,0.892,0.583,0.264,0.0,0.0,0.0,0.153,0.0,0.0,0.0,0.0,0.0,0.0
JPN,Japan,Urban,2002,JPN_2002_SDGW,0.894,0.6,0.26,0.0,0.0,0.0,0.14,0.0,0.0,0.0,0.0,0.0,0.0
JPN,Japan,Urban,2003,JPN_2003_SDGW,0.896,0.616,0.255,0.0,0.0,0.0,0.129,0.0,0.0,0.0,0.0,0.0,0.0
JPN,Japan,Urban,2008,JPN_2008_SDGW,0.905,0.681,0.229,0.0,0.0,0.0,0.09,0.0,0.0,0.0,0.0,0.0,0.0
JPN,Japan,Urban,2009,JPN_2009_SDGW,0.905,0.691,0.224,0.0,0.0,0.0,0.085,0.0,0.0,0.0,0.0,0.0,0.0
JPN,Japan,Urban,2011,JPN_2011_SDGW,0.906,0.709,0.217,0.0,0.0,0.0,0.074,0.0,0.0,0.0,0.0,0.0,0.0
JPN,Japan,Urban,2012,JPN_2012_SDGW,0.909,0.717,0.213,0.0,0.0,0.0,0.07,0.0,0.0,0.0,0.0,0.0,0.0
JPN,Japan,Urban,2013,JPN_2013_SDGW,0.912,0.726,0.209,0.0,0.0,0.0,0.065,0.0,0.0,0.0,0.0,0.0,0.0
JPN,Japan,Urban,2014,JPN_2014_SDGW,0.914,0.733,0.206,0.0,0.0,0.0,0.061,0.0,0.0,0.0,0.0,0.0,0.0
JPN,Japan,Urban,2015,JPN_2015_SDGW,0.917,0.74,0.203,0.0,0.0,0.0,0.057,0.0,0.0,0.0,0.0,0.0,0.0
JPN,Japan,Urban,2020,JPN_2020_SDGW,0.922,0.763,0.191,0.0,0.0,0.0,0.046,0.0,0.0,0.0,0.0,0.0,0.0
JPN,Japan,Urban,2021,JPN_2021_SDGW,0.922,0.769,0.187,0.0,0.0,0.0,0.044,0.0,0.0,0.0,0.0,0.0,0.0
KAZ,Kazakhstan,Rural,2011,KAZ_2011_MICS,0.79,0.061,0.048,0.016,0.0,0.0,0.863,0.009,0.0,0.0,0.0,0.001,0.002
KAZ,Kazakhstan,Urban,2006,KAZ_2006_MICS,0.765,0.607,0.016,0.013,0.0,0.0,0.359,0.0,0.004,0.001,0.0,0.0,0.0
KAZ,Kazakhstan,Urban,2011,KAZ_2011_MICS,0.79,0.636,0.052,0.026,0.0,0.0,0.28500000000000003,0.001,0.0,0.0,0.0,0.0,0.0
KEN,Kenya,Rural,1989,KEN_1989_CEN,,0.004,0.0,0.0,0.0,0.0,0.718,0.0,0.0,0.0,0.0,0.248,0.03
KEN,Kenya,Rural,1993,KEN_1993_WMS,0.483,0.0,0.0,0.0,0.0,0.0,0.8,0.0,0.0,0.0,0.0,0.0,0.2
KEN,Kenya,Rural,1999,KEN_1999_CEN,0.499,0.009,0.005,0.0,0.0,0.0,0.75,0.001,0.0,0.003,0.0,0.226,0.006
KEN,Kenya,Rural,2003,KEN_2003_DHS,0.515,0.0,0.0,0.0,0.015,0.0,0.7649999999999999,0.0,0.0,0.0,0.0,0.219,0.001
KEN,Kenya,Rural,2009,KEN_2009_CEN,0.553,0.002,0.005,0.001,0.0,0.0,0.554,0.231,0.0,0.001,0.0,0.205,0.001
KEN,Kenya,Rural,2010,KEN_2010_MIS,0.552,0.085,0.0,0.0,0.0,0.0,0.776,0.0,0.0,0.0,0.0,0.132,0.007
KEN,Kenya,Rural,2011,KEN_2011_AFB,0.56,0.0,0.0,0.0,0.0,0.0,0.0,0.0,0.0,0.0,0.0,0.042,0.958
KEN,Kenya,Rural,2014,KEN_2014_AFB,0.576,0.0,0.0,0.0,0.0,0.0,0.0,0.0,0.0,0.0,0.0,0.027,0.973
KEN,Kenya,Rural,2014,KEN_2014_DHS,0.576,0.002,0.008,0.005,0.0,0.0,0.31799999999999995,0.483,0.003,0.0,0.004,0.176,0.001
KEN,Kenya,Rural,2016,KEN_2016_AFB,0.594,0.0,0.0,0.0,0.0,0.0,0.0,0.0,0.0,0.0,0.0,0.044,0.956
KEN,Kenya,Rural,2016,KEN_2016_IHBS,0.594,0.08,0.046,0.022,0.002,0.001,0.443,0.293,0.001,0.003,0.002,0.106,0.001
KEN,Kenya,Rural,2018,KEN_2018_PMA,0.605,0.001,0.005,0.027,0.001,0.003,0.396,0.457,0.0,0.0,0.009,0.101,0.0
KEN,Kenya,Rural,2019,KEN_2019_VACS,0.611,0.0,0.0,0.0,0.13,0.0,0.589,0.219,0.005,0.001,0.0,0.05,0.006
KEN,Kenya,Rural,2020,KEN_2020_MIS,0.6,0.01,0.019,0.055,0.001,0.001,0.459,0.352,0.003,0.001,0.007,0.092,0.0
KEN,Kenya,Rural,2020,KEN_2020_PMA,0.6,0.003,0.021,0.021,0.0,0.006,0.427,0.401,0.001,0.0,0.016,0.103,0.001
KEN,Kenya,Urban,1989,KEN_1989_CEN,,0.287,0.0,0.0,0.0,0.0,0.57,0.0,0.0,0.0,0.0,0.036,0.107
KEN,Kenya,Urban,1993,KEN_1993_WMS,0.483,0.0,0.0,0.0,0.0,0.0,0.782,0.0,0.0,0.0,0.0,0.0,0.218
KEN,Kenya,Urban,1997,KEN_1997_CWIQ,0.493,0.283,0.074,0.0,0.0,0.0,0.34800000000000003,0.226,0.0,0.003,0.0,0.053,0.013
KEN,Kenya,Urban,1999,KEN_1999_CEN,0.499,0.23,0.064,0.0,0.0,0.0,0.631,0.011,0.0,0.007,0.0,0.043,0.014
KEN,Kenya,Urban,2003,KEN_2003_DHS,0.515,0.0,0.0,0.0,0.391,0.0,0.556,0.0,0.0,0.0,0.0,0.04,0.013
KEN,Kenya,Urban,2009,KEN_2009_CEN,0.553,0.199,0.082,0.007,0.0,0.0,0.506,0.173,0.0,0.006,0.0,0.025,0.002
KEN,Kenya,Urban,2010,KEN_2010_MIS,0.552,0.085,0.0,0.0,0.0,0.0,0.776,0.0,0.0,0.0,0.0,0.132,0.007
KEN,Kenya,Urban,2011,KEN_2011_AFB,0.56,0.0,0.0,0.0,0.0,0.0,0.0,0.0,0.0,0.0,0.0,0.01,0.99
KEN,Kenya,Urban,2013,KEN_2013_STEP-HH,0.57,0.433,0.141,0.0,0.0,0.0,0.34900000000000003,0.071,0.0,0.0,0.0,0.002,0.004
KEN,Kenya,Urban,2014,KEN_2014_AFB,0.576,0.0,0.0,0.0,0.0,0.0,0.0,0.0,0.0,0.0,0.0,0.008,0.992
KEN,Kenya,Urban,2014,KEN_2014_DHS,0.576,0.181,0.131,0.042,0.012,0.003,0.38,0.214,0.004,0.003,0.006,0.017,0.007
KEN,Kenya,Urban,2016,KEN_2016_AFB,0.594,0.0,0.0,0.0,0.0,0.0,0.0,0.0,0.0,0.0,0.0,0.003,0.997
KEN,Kenya,Urban,2016,KEN_2016_IHBS,0.594,0.08,0.046,0.022,0.002,0.001,0.443,0.293,0.001,0.003,0.002,0.106,0.001
KEN,Kenya,Urban,2017,KEN_2017_PMA,0.599,0.21,0.143,0.02,0.038,0.029,0.374,0.176,0.0,0.0,0.0,0.01,0.0
KEN,Kenya,Urban,2018,KEN_2018_PMA,0.605,0.248,0.126,0.05,0.035,0.022,0.39599999999999996,0.116,0.0,0.0,0.0,0.007,0.0
KEN,Kenya,Urban,2019,KEN_2019_AFB,0.611,0.0,0.0,0.0,0.0,0.0,0.0,0.0,0.0,0.0,0.0,0.011,0.989
KEN,Kenya,Urban,2019,KEN_2019_VACS,0.611,0.0,0.0,0.0,0.13,0.0,0.589,0.219,0.005,0.001,0.0,0.05,0.006
KEN,Kenya,Urban,2020,KEN_2020_MIS,0.6,0.239,0.138,0.065,0.004,0.038,0.34,0.132,0.0,0.01,0.016,0.018,0.0
KEN,Kenya,Urban,2020,KEN_2020_PMA,0.6,0.192,0.16,0.044,0.012,0.008,0.40399999999999997,0.167,0.0,0.0,0.009,0.003,0.001
KGZ,Kyrgyzstan,Rural,2003,KGZ_2003_HBS,0.642,0.061,0.0,0.0,0.0,0.0,0.939,0.0,0.0,0.0,0.0,0.0,0.0
KGZ,Kyrgyzstan,Rural,2014,KGZ_2014_MICS,0.691,0.146,0.009,0.013,0.0,0.0,0.831,0.0,0.0,0.0,0.0,0.0,0.001
KGZ,Kyrgyzstan,Urban,2003,KGZ_2003_HBS,0.642,0.506,0.046,0.0,0.0,0.0,0.445,0.0,0.0,0.0,0.0,0.003,0.0
KGZ,Kyrgyzstan,Urban,2014,KGZ_2014_MICS,0.691,0.146,0.009,0.013,0.0,0.0,0.831,0.0,0.0,0.0,0.0,0.0,0.001
KHM,Cambodia,Rural,2004,KHM_2004_ICPS,0.502,0.086,0.09,0.0,0.036,0.0,0.0,0.0,0.0,0.0,0.0,0.781,0.007
KHM,Cambodia,Rural,2013,KHM_2013_VACS,0.554,0.098,0.188,0.184,0.021,0.0,0.008,0.014,0.0,0.002,0.003,0.455,0.026999999999999996
KHM,Cambodia,Rural,2014,KHM_2014_DHS,0.557,0.072,0.476,0.01,0.003,0.0,0.005,0.002,0.004,0.001,0.002,0.425,0.0
KHM,Cambodia,Rural,2014,KHM_2014_SES,0.557,0.124,0.428,0.0,0.0,0.0,0.024999999999999998,0.004,0.025,0.0,0.0,0.385,0.009000000000000001
KHM,Cambodia,Rural,2019,KHM_2019_CEN,0.593,0.194,0.396,0.0,0.0,0.095,0.054,0.023,0.01,0.0,0.0,0.217,0.011
KHM,Cambodia,Rural,2019,KHM_2019_LSMSplus,0.593,0.157,0.566,0.0,0.0,0.019,0.011,0.001,0.016,0.0,0.0,0.229,0.001
KHM,Cambodia,Rural,2020,KHM_2020_SES,0.595,0.046,0.662,0.0,0.0,0.025,0.008,0.003,0.02,0.0,0.0,0.233,0.003
KHM,Cambodia,Urban,1994,KHM_1994_SES,0.4,0.0,0.0,0.0,0.196,0.0,0.074,0.101,0.0,0.0,0.0,0.533,0.096
KHM,Cambodia,Urban,2004,KHM_2004_ICPS,0.502,0.086,0.09,0.0,0.036,0.0,0.0,0.0,0.0,0.0,0.0,0.781,0.007
KHM,Cambodia,Urban,2013,KHM_2013_VACS,0.554,0.098,0.188,0.184,0.021,0.0,0.008,0.014,0.0,0.002,0.003,0.455,0.026999999999999996
KHM,Cambodia,Urban,2014,KHM_2014_DHS,0.557,0.072,0.476,0.01,0.003,0.0,0.005,0.002,0.004,0.001,0.002,0.425,0.0
KHM,Cambodia,Urban,2014,KHM_2014_SES,0.557,0.124,0.428,0.0,0.0,0.0,0.024999999999999998,0.004,0.025,0.0,0.0,0.385,0.009000000000000001
KHM,Cambodia,Urban,2019,KHM_2019_CEN,0.593,0.448,0.347,0.0,0.0,0.071,0.024,0.006,0.005,0.0,0.0,0.096,0.003
KHM,Cambodia,Urban,2019,KHM_2019_LSMSplus,0.593,0.157,0.566,0.0,0.0,0.019,0.011,0.001,0.016,0.0,0.0,0.229,0.001
KHM,Cambodia,Urban,2020,KHM_2020_SES,0.595,0.305,0.575,0.0,0.0,0.018,0.008,0.0,0.008,0.0,0.0,0.085,0.001
KIR,Kiribati,Rural,2010,KIR_2010_CEN,0.6,0.015,0.353,0.0,0.0,0.0,0.081,0.0,0.0,0.0,0.0,0.526,0.025
KIR,Kiribati,Rural,2020,KIR_2020_HIES,0.632,0.037,0.373,0.105,0.01,0.014,0.004,0.011,0.0,0.036,0.006,0.404,0.0
KIR,Kiribati,Urban,2010,KIR_2010_CEN,0.6,0.265,0.389,0.0,0.0,0.0,0.079,0.0,0.0,0.0,0.0,0.223,0.044
KIR,Kiribati,Urban,2019,KIR_2019_MICS,0.635,0.183,0.455,0.075,0.008,0.018,0.016,0.009,0.001,0.0,0.005,0.222,0.008
KIR,Kiribati,Urban,2020,KIR_2020_HIES,0.632,0.037,0.373,0.105,0.01,0.014,0.004,0.011,0.0,0.036,0.006,0.404,0.0
KOR,"Korea, Republic of",Rural,1997,KOR_1997_SO,0.812,0.015,0.0,0.0,0.0,0.0,0.02,0.0,0.0,0.0,0.0,0.0,0.965
KOR,"Korea, Republic of",Rural,2000,KOR_2000_OECD,0.83,0.705,0.295,0.0,0.0,0.0,0.0,0.0,0.0,0.0,0.0,0.0,0.0
KOR,"Korea, Republic of",Rural,2001,KOR_2001_OECD,0.838,0.732,0.268,0.0,0.0,0.0,0.0,0.0,0.0,0.0,0.0,0.0,0.0
KOR,"Korea, Republic of",Rural,2002,KOR_2002_OECD,0.846,0.758,0.242,0.0,0.0,0.0,0.0,0.0,0.0,0.0,0.0,0.0,0.0
KOR,"Korea, Republic of",Rural,2003,KOR_2003_OECD,0.852,0.788,0.212,0.0,0.0,0.0,0.0,0.0,0.0,0.0,0.0,0.0,0.0
KOR,"Korea, Republic of",Rural,2004,KOR_2004_OECD,0.859,0.814,0.186,0.0,0.0,0.0,0.0,0.0,0.0,0.0,0.0,0.0,0.0
KOR,"Korea, Republic of",Rural,2005,KOR_2005_OECD,0.866,0.835,0.165,0.0,0.0,0.0,0.0,0.0,0.0,0.0,0.0,0.0,0.0
KOR,"Korea, Republic of",Rural,2006,KOR_2006_OECD,0.871,0.855,0.145,0.0,0.0,0.0,0.0,0.0,0.0,0.0,0.0,0.0,0.0
KOR,"Korea, Republic of",Rural,2007,KOR_2007_OECD,0.876,0.871,0.129,0.0,0.0,0.0,0.0,0.0,0.0,0.0,0.0,0.0,0.0
KOR,"Korea, Republic of",Rural,2008,KOR_2008_OECD,0.878,0.886,0.114,0.0,0.0,0.0,0.0,0.0,0.0,0.0,0.0,0.0,0.0
KOR,"Korea, Republic of",Rural,2009,KOR_2009_OECD,0.881,0.894,0.106,0.0,0.0,0.0,0.0,0.0,0.0,0.0,0.0,0.0,0.0
KOR,"Korea, Republic of",Rural,2009,KOR_2009_SK,0.881,0.894,0.056,0.0,0.0,0.0,0.05,0.0,0.0,0.0,0.0,0.0,0.0
KOR,"Korea, Republic of",Rural,2010,KOR_2010_ESY,0.894,0.901,0.099,0.0,0.0,0.0,0.0,0.0,0.0,0.0,0.0,0.0,0.0
KOR,"Korea, Republic of",Rural,2011,KOR_2011_OECD,0.899,0.909,0.091,0.0,0.0,0.0,0.0,0.0,0.0,0.0,0.0,0.0,0.0
KOR,"Korea, Republic of",Rural,2011,KOR_2011_SK,0.899,0.909,0.052,0.0,0.0,0.0,0.039,0.0,0.0,0.0,0.0,0.0,0.0
KOR,"Korea, Republic of",Rural,2012,KOR_2012_OECD,0.901,0.916,0.084,0.0,0.0,0.0,0.0,0.0,0.0,0.0,0.0,0.0,0.0
KOR,"Korea, Republic of",Rural,2013,KOR_2013_OECD,0.905,0.921,0.079,0.0,0.0,0.0,0.0,0.0,0.0,0.0,0.0,0.0,0.0
KOR,"Korea, Republic of",Rural,2013,KOR_2013_SK,0.905,0.921,0.046,0.0,0.0,0.0,0.033,0.0,0.0,0.0,0.0,0.0,0.0
KOR,"Korea, Republic of",Rural,2014,KOR_2014_OECD,0.91,0.925,0.075,0.0,0.0,0.0,0.0,0.0,0.0,0.0,0.0,0.0,0.0
KOR,"Korea, Republic of",Rural,2014,KOR_2014_SK,0.91,0.925,0.045,0.0,0.0,0.0,0.03,0.0,0.0,0.0,0.0,0.0,0.0
KOR,"Korea, Republic of",Rural,2015,KOR_2015_OECD,0.914,0.929,0.071,0.0,0.0,0.0,0.0,0.0,0.0,0.0,0.0,0.0,0.0
KOR,"Korea, Republic of",Rural,2015,KOR_2015_SK,0.914,0.929,0.043,0.0,0.0,0.0,0.028,0.0,0.0,0.0,0.0,0.0,0.0
KOR,"Korea, Republic of",Rural,2016,KOR_2016_OECD,0.918,0.932,0.068,0.0,0.0,0.0,0.0,0.0,0.0,0.0,0.0,0.0,0.0
KOR,"Korea, Republic of",Rural,2016,KOR_2016_SK,0.918,0.932,0.038,0.0,0.0,0.0,0.03,0.0,0.0,0.0,0.0,0.0,0.0
KOR,"Korea, Republic of",Rural,2017,KOR_2017_OECD,0.922,0.936,0.064,0.0,0.0,0.0,0.0,0.0,0.0,0.0,0.0,0.0,0.0
KOR,"Korea, Republic of",Rural,2017,KOR_2017_SK,0.922,0.932,0.036,0.0,0.0,0.0,0.028,0.0,0.0,0.0,0.0,0.0,0.004
KOR,"Korea, Republic of",Rural,2018,KOR_2018_OECD,0.924,0.939,0.061,0.0,0.0,0.0,0.0,0.0,0.0,0.0,0.0,0.0,0.0
KOR,"Korea, Republic of",Rural,2018,KOR_2018_SK,0.924,0.935,0.035,0.0,0.0,0.0,0.027,0.0,0.0,0.0,0.0,0.0,0.003
KOR,"Korea, Republic of",Rural,2019,KOR_2019_SK,0.927,0.939,0.033,0.0,0.0,0.0,0.025,0.0,0.0,0.0,0.0,0.0,0.003
KOR,"Korea, Republic of",Urban,1997,KOR_1997_SO,0.812,0.649,0.0,0.0,0.0,0.0,0.11,0.0,0.0,0.0,0.0,0.0,0.241
KOR,"Korea, Republic of",Urban,2000,KOR_2000_OECD,0.83,0.705,0.295,0.0,0.0,0.0,0.0,0.0,0.0,0.0,0.0,0.0,0.0
KOR,"Korea, Republic of",Urban,2001,KOR_2001_OECD,0.838,0.732,0.268,0.0,0.0,0.0,0.0,0.0,0.0,0.0,0.0,0.0,0.0
KOR,"Korea, Republic of",Urban,2002,KOR_2002_OECD,0.846,0.758,0.242,0.0,0.0,0.0,0.0,0.0,0.0,0.0,0.0,0.0,0.0
KOR,"Korea, Republic of",Urban,2003,KOR_2003_OECD,0.852,0.788,0.212,0.0,0.0,0.0,0.0,0.0,0.0,0.0,0.0,0.0,0.0
KOR,"Korea, Republic of",Urban,2004,KOR_2004_OECD,0.859,0.814,0.186,0.0,0.0,0.0,0.0,0.0,0.0,0.0,0.0,0.0,0.0
KOR,"Korea, Republic of",Urban,2005,KOR_2005_OECD,0.866,0.835,0.165,0.0,0.0,0.0,0.0,0.0,0.0,0.0,0.0,0.0,0.0
KOR,"Korea, Republic of",Urban,2006,KOR_2006_OECD,0.871,0.855,0.145,0.0,0.0,0.0,0.0,0.0,0.0,0.0,0.0,0.0,0.0
KOR,"Korea, Republic of",Urban,2007,KOR_2007_OECD,0.876,0.871,0.129,0.0,0.0,0.0,0.0,0.0,0.0,0.0,0.0,0.0,0.0
KOR,"Korea, Republic of",Urban,2008,KOR_2008_OECD,0.878,0.886,0.114,0.0,0.0,0.0,0.0,0.0,0.0,0.0,0.0,0.0,0.0
KOR,"Korea, Republic of",Urban,2009,KOR_2009_OECD,0.881,0.894,0.106,0.0,0.0,0.0,0.0,0.0,0.0,0.0,0.0,0.0,0.0
KOR,"Korea, Republic of",Urban,2009,KOR_2009_SK,0.881,0.894,0.056,0.0,0.0,0.0,0.05,0.0,0.0,0.0,0.0,0.0,0.0
KOR,"Korea, Republic of",Urban,2010,KOR_2010_ESY,0.894,0.901,0.099,0.0,0.0,0.0,0.0,0.0,0.0,0.0,0.0,0.0,0.0
KOR,"Korea, Republic of",Urban,2011,KOR_2011_OECD,0.899,0.909,0.091,0.0,0.0,0.0,0.0,0.0,0.0,0.0,0.0,0.0,0.0
KOR,"Korea, Republic of",Urban,2011,KOR_2011_SK,0.899,0.909,0.052,0.0,0.0,0.0,0.039,0.0,0.0,0.0,0.0,0.0,0.0
KOR,"Korea, Republic of",Urban,2012,KOR_2012_OECD,0.901,0.916,0.084,0.0,0.0,0.0,0.0,0.0,0.0,0.0,0.0,0.0,0.0
KOR,"Korea, Republic of",Urban,2013,KOR_2013_OECD,0.905,0.921,0.079,0.0,0.0,0.0,0.0,0.0,0.0,0.0,0.0,0.0,0.0
KOR,"Korea, Republic of",Urban,2013,KOR_2013_SK,0.905,0.921,0.046,0.0,0.0,0.0,0.033,0.0,0.0,0.0,0.0,0.0,0.0
KOR,"Korea, Republic of",Urban,2014,KOR_2014_OECD,0.91,0.925,0.075,0.0,0.0,0.0,0.0,0.0,0.0,0.0,0.0,0.0,0.0
KOR,"Korea, Republic of",Urban,2014,KOR_2014_SK,0.91,0.925,0.045,0.0,0.0,0.0,0.03,0.0,0.0,0.0,0.0,0.0,0.0
KOR,"Korea, Republic of",Urban,2015,KOR_2015_OECD,0.914,0.929,0.071,0.0,0.0,0.0,0.0,0.0,0.0,0.0,0.0,0.0,0.0
KOR,"Korea, Republic of",Urban,2015,KOR_2015_SK,0.914,0.929,0.043,0.0,0.0,0.0,0.028,0.0,0.0,0.0,0.0,0.0,0.0
KOR,"Korea, Republic of",Urban,2016,KOR_2016_OECD,0.918,0.932,0.068,0.0,0.0,0.0,0.0,0.0,0.0,0.0,0.0,0.0,0.0
KOR,"Korea, Republic of",Urban,2016,KOR_2016_SK,0.918,0.932,0.038,0.0,0.0,0.0,0.03,0.0,0.0,0.0,0.0,0.0,0.0
KOR,"Korea, Republic of",Urban,2017,KOR_2017_OECD,0.922,0.936,0.064,0.0,0.0,0.0,0.0,0.0,0.0,0.0,0.0,0.0,0.0
KOR,"Korea, Republic of",Urban,2017,KOR_2017_SK,0.922,0.932,0.036,0.0,0.0,0.0,0.028,0.0,0.0,0.0,0.0,0.0,0.004
KOR,"Korea, Republic of",Urban,2018,KOR_2018_OECD,0.924,0.939,0.061,0.0,0.0,0.0,0.0,0.0,0.0,0.0,0.0,0.0,0.0
KOR,"Korea, Republic of",Urban,2018,KOR_2018_SK,0.924,0.935,0.035,0.0,0.0,0.0,0.027,0.0,0.0,0.0,0.0,0.0,0.003
KOR,"Korea, Republic of",Urban,2019,KOR_2019_SK,0.927,0.939,0.033,0.0,0.0,0.0,0.025,0.0,0.0,0.0,0.0,0.0,0.003
KWT,Kuwait,Rural,1996,KWT_1996_GFHS,0.769,0.996,0.001,0.0,0.0,0.0,0.0,0.0,0.0,0.0,0.0,0.0,0.003
KWT,Kuwait,Urban,1996,KWT_1996_GFHS,0.769,0.996,0.001,0.0,0.0,0.0,0.0,0.0,0.0,0.0,0.0,0.0,0.003
LAO,Lao People's Democratic Republic,Rural,2012,LAO_2012_STEPWB,0.577,0.0,0.183,0.504,0.0,0.001,0.007,0.033,0.0,0.0,0.0,0.272,0.0
LAO,Lao People's Democratic Republic,Rural,2017,LAO_2017_LSIS,0.612,0.01,0.107,0.61,0.008,0.014,0.004,0.003,0.0,0.0,0.0,0.239,0.005
LAO,Lao People's Democratic Republic,Urban,2012,LAO_2012_STEPWB,0.577,0.0,0.183,0.504,0.0,0.001,0.007,0.033,0.0,0.0,0.0,0.272,0.0
LAO,Lao People's Democratic Republic,Urban,2017,LAO_2017_LSIS,0.612,0.01,0.107,0.61,0.008,0.014,0.004,0.003,0.0,0.0,0.0,0.239,0.005
LBN,Lebanon,Rural,2007,LBN_2007_HCS,0.726,0.657,0.0,0.0,0.0,0.021,0.321,0.0,0.0,0.0,0.0,0.0,0.001
LBN,Lebanon,Rural,2019,LBN_2019_LFHLCS,0.771,0.723,0.256,0.0,0.0,0.019,0.0,0.0,0.0,0.0,0.0,0.002,0.0
LBN,Lebanon,Urban,1999,LBN_1999_JMP,,1.0,0.0,0.0,0.0,0.0,0.0,0.0,0.0,0.0,0.0,0.0,0.0
LBN,Lebanon,Urban,2007,LBN_2007_HCS,0.726,0.657,0.0,0.0,0.0,0.021,0.321,0.0,0.0,0.0,0.0,0.0,0.001
LBN,Lebanon,Urban,2019,LBN_2019_LFHLCS,0.771,0.723,0.256,0.0,0.0,0.019,0.0,0.0,0.0,0.0,0.0,0.002,0.0
LBR,Liberia,Rural,2007,LBR_2007_DHS,0.455,0.006,0.016,0.002,0.003,0.001,0.14300000000000002,0.088,0.03,0.001,0.001,0.706,0.003
LBR,Liberia,Rural,2012,LBR_2012_AFB,0.475,0.0,0.0,0.0,0.0,0.0,0.0,0.0,0.0,0.0,0.0,0.068,0.932
LBR,Liberia,Rural,2015,LBR_2015_AFB,0.48,0.0,0.0,0.0,0.0,0.0,0.0,0.0,0.0,0.0,0.0,0.042,0.958
LBR,Liberia,Rural,2018,LBR_2018_AFB,0.495,0.0,0.0,0.0,0.0,0.0,0.0,0.0,0.0,0.0,0.0,0.039,0.961
LBR,Liberia,Rural,2020,LBR_2020_AFB,0.498,0.0,0.0,0.0,0.0,0.0,0.0,0.0,0.0,0.0,0.0,0.345,0.655
LBR,Liberia,Rural,2020,LBR_2020_DHS,0.498,0.009,0.277,0.079,0.002,0.011,0.106,0.115,0.043,0.004,0.004,0.348,0.002
LBR,Liberia,Urban,2007,LBR_2007_CWIQ,0.455,0.082,0.239,0.0,0.0,0.0,0.284,0.039,0.082,0.008,0.0,0.251,0.015
LBR,Liberia,Urban,2007,LBR_2007_DHS,0.455,0.075,0.206,0.022,0.001,0.011,0.15999999999999998,0.129,0.078,0.007,0.007,0.283,0.021
LBR,Liberia,Urban,2012,LBR_2012_AFB,0.475,0.0,0.0,0.0,0.0,0.0,0.0,0.0,0.0,0.0,0.0,0.033,0.967
LBR,Liberia,Urban,2015,LBR_2015_AFB,0.48,0.0,0.0,0.0,0.0,0.0,0.0,0.0,0.0,0.0,0.0,0.022,0.978
LBR,Liberia,Urban,2018,LBR_2018_AFB,0.495,0.0,0.0,0.0,0.0,0.0,0.0,0.0,0.0,0.0,0.0,0.02,0.98
LBR,Liberia,Urban,2020,LBR_2020_AFB,0.498,0.0,0.0,0.0,0.0,0.0,0.0,0.0,0.0,0.0,0.0,0.055,0.945
LBR,Liberia,Urban,2020,LBR_2020_DHS,0.498,0.009,0.277,0.079,0.002,0.011,0.106,0.115,0.043,0.004,0.004,0.348,0.002
LBY,Libya,Rural,1995,LBY_1995_LMCHS,0.712,0.549,0.139,0.0,0.269,0.0,0.0,0.0,0.0,0.0,0.0,0.0,0.043
LBY,Libya,Rural,2007,LBY_2007_PAPFAM,0.754,0.631,0.0,0.0,0.0,0.0,0.0,0.0,0.0,0.0,0.0,0.0,0.369
LBY,Libya,Rural,2014,LBY_2014_PAPFAM,0.728,0.678,0.083,0.0,0.0,0.0,0.23600000000000002,0.0,0.0,0.0,0.0,0.001,0.002
LBY,Libya,Rural,2016,LBY_2016_FNAS,0.725,0.0,0.0,0.0,0.0,0.0,0.986,0.0,0.0,0.0,0.0,0.014,0.0
LBY,Libya,Urban,1995,LBY_1995_LMCHS,0.712,0.542,0.068,0.0,0.358,0.0,0.0,0.0,0.0,0.0,0.0,0.0,0.032
LBY,Libya,Urban,2007,LBY_2007_PAPFAM,0.754,0.631,0.0,0.0,0.0,0.0,0.0,0.0,0.0,0.0,0.0,0.0,0.369
LBY,Libya,Urban,2014,LBY_2014_PAPFAM,0.728,0.678,0.083,0.0,0.0,0.0,0.23600000000000002,0.0,0.0,0.0,0.0,0.001,0.002
LBY,Libya,Urban,2016,LBY_2016_FNAS,0.725,0.0,0.0,0.0,0.0,0.0,0.986,0.0,0.0,0.0,0.0,0.014,0.0
LCA,Saint Lucia,Rural,2010,LCA_2010_CEN,0.749,0.066,0.628,0.0,0.0,0.0,0.231,0.0,0.0,0.0,0.0,0.062,0.013
LCA,Saint Lucia,Rural,2012,LCA_2012_MICS,0.748,0.038,0.71,0.004,0.002,0.0,0.23500000000000001,0.001,0.0,0.001,0.0,0.009,0.0
LCA,Saint Lucia,Urban,2010,LCA_2010_CEN,0.749,0.066,0.628,0.0,0.0,0.0,0.231,0.0,0.0,0.0,0.0,0.062,0.013
LCA,Saint Lucia,Urban,2012,LCA_2012_MICS,0.748,0.11,0.738,0.0,0.002,0.0,0.084,0.0,0.0,0.011,0.0,0.052,0.003
LIE,Liechtenstein,Rural,2015,LIE_2015_OE,0.925,0.987,0.012,0.0,0.0,0.0,0.0,0.0,0.0,0.0,0.0,0.0,0.001
LIE,Liechtenstein,Urban,2015,LIE_2015_OE,0.925,0.987,0.012,0.0,0.0,0.0,0.0,0.0,0.0,0.0,0.0,0.0,0.001
LKA,Sri Lanka,Rural,2007,LKA_2007_DHS,0.729,0.006,0.048,0.849,0.0,0.001,0.06,0.007,0.0,0.0,0.0,0.027,0.002
LKA,Sri Lanka,Rural,2016,LKA_2016_HIES,0.772,0.0,0.0,0.0,0.0,0.0,0.921,0.0,0.0,0.0,0.0,0.004,0.075
LKA,Sri Lanka,Rural,2019,LAK_2019_HIES,0.781,0.0,0.0,0.0,0.0,0.0,0.932,0.0,0.0,0.0,0.0,0.002,0.066
LKA,Sri Lanka,Urban,2007,LKA_2007_DHS,0.729,0.141,0.128,0.698,0.002,0.007,0.019,0.0,0.0,0.0,0.0,0.002,0.003
LKA,Sri Lanka,Urban,2013,LKA_2013_HIES,0.764,0.0,0.0,0.0,0.0,0.0,0.927,0.0,0.0,0.0,0.0,0.0,0.073
LKA,Sri Lanka,Urban,2016,LKA_2016_HIES,0.772,0.0,0.0,0.0,0.0,0.0,0.921,0.0,0.0,0.0,0.0,0.004,0.075
LKA,Sri Lanka,Urban,2019,LAK_2019_HIES,0.781,0.0,0.0,0.0,0.0,0.0,0.932,0.0,0.0,0.0,0.0,0.002,0.066
LSO,Lesotho,Rural,2009,LSO_2009_DHS,0.468,0.009,0.009,0.001,0.001,0.0,0.311,0.28,0.0,0.001,0.027,0.356,0.005
LSO,Lesotho,Rural,2014,LSO_2014_AFB,0.509,0.0,0.0,0.0,0.0,0.0,0.0,0.0,0.0,0.0,0.0,0.265,0.735
LSO,Lesotho,Rural,2017,LSO_2017_AFB,0.531,0.0,0.0,0.0,0.0,0.0,0.0,0.0,0.0,0.0,0.0,0.238,0.762
LSO,Lesotho,Rural,2018,LSO_2018_VACS,0.538,0.0,0.0,0.0,0.037,0.0,0.639,0.101,0.0,0.0,0.0,0.221,0.002
LSO,Lesotho,Rural,2020,LSO_2020_AFB,0.537,0.0,0.0,0.0,0.0,0.0,0.0,0.0,0.0,0.0,0.0,0.201,0.799
LSO,Lesotho,Urban,2009,LSO_2009_DHS,0.468,0.009,0.009,0.001,0.001,0.0,0.311,0.28,0.0,0.001,0.027,0.356,0.005
LSO,Lesotho,Urban,2012,LSO_2012_AFB,0.496,0.0,0.0,0.0,0.0,0.0,0.0,0.0,0.0,0.0,0.0,0.025,0.975
LSO,Lesotho,Urban,2012,LSO_2012_CMS,0.496,0.069,0.019,0.023,0.0,0.0,0.669,0.171,0.0,0.0,0.0,0.047,0.002
LSO,Lesotho,Urban,2014,LSO_2014_AFB,0.509,0.0,0.0,0.0,0.0,0.0,0.0,0.0,0.0,0.0,0.0,0.039,0.961
LSO,Lesotho,Urban,2014,LSO_2014_CMS,0.509,0.026,0.035,0.012,0.0,0.0,0.727,0.113,0.0,0.0,0.0,0.087,0.0
LSO,Lesotho,Urban,2017,LSO_2017_AFB,0.531,0.0,0.0,0.0,0.0,0.0,0.0,0.0,0.0,0.0,0.0,0.042,0.958
LSO,Lesotho,Urban,2018,LSO_2018_VACS,0.538,0.0,0.0,0.0,0.037,0.0,0.639,0.101,0.0,0.0,0.0,0.221,0.002
LSO,Lesotho,Urban,2020,LSO_2020_AFB,0.537,0.0,0.0,0.0,0.0,0.0,0.0,0.0,0.0,0.0,0.0,0.066,0.934
LTU,Lithuania,Rural,2010,LTU_2010_SILC,0.854,0.569,0.0,0.0,0.0,0.0,0.0,0.0,0.0,0.0,0.0,0.0,0.431
LTU,Lithuania,Rural,2011,LTU_2011_SILC,0.86,0.571,0.0,0.0,0.0,0.0,0.0,0.0,0.0,0.0,0.0,0.0,0.429
LTU,Lithuania,Rural,2012,LTU_2012_EUSILC,0.862,0.646,0.0,0.0,0.0,0.0,0.0,0.0,0.0,0.0,0.0,0.0,0.354
LTU,Lithuania,Rural,2013,LTU_2013_EUSILC,0.865,0.587,0.0,0.0,0.0,0.0,0.0,0.0,0.0,0.0,0.0,0.0,0.413
LTU,Lithuania,Rural,2014,LTU_2014_EUSILC,0.866,0.757,0.0,0.0,0.0,0.0,0.0,0.0,0.0,0.0,0.0,0.0,0.243
LTU,Lithuania,Rural,2015,LTU_2015_EUSILC,0.869,0.815,0.0,0.0,0.0,0.0,0.0,0.0,0.0,0.0,0.0,0.0,0.185
LTU,Lithuania,Rural,2017,LTU_2017_SILC,0.885,0.674,0.0,0.0,0.0,0.0,0.0,0.0,0.0,0.0,0.0,0.0,0.326
LTU,Lithuania,Rural,2018,LTU_2018_SILC,0.889,0.703,0.0,0.0,0.0,0.0,0.0,0.0,0.0,0.0,0.0,0.0,0.297
LTU,Lithuania,Rural,2019,LTU_2019_SILC,0.894,0.852,0.0,0.0,0.0,0.0,0.0,0.0,0.0,0.0,0.0,0.0,0.148
LTU,Lithuania,Rural,2020,LTU_2020_SILC,0.888,0.77,0.0,0.0,0.0,0.0,0.0,0.0,0.0,0.0,0.0,0.0,0.23
LTU,Lithuania,Urban,2010,LTU_2010_SILC,0.854,0.935,0.0,0.0,0.0,0.0,0.0,0.0,0.0,0.0,0.0,0.0,0.065
LTU,Lithuania,Urban,2011,LTU_2011_SILC,0.86,0.93,0.0,0.0,0.0,0.0,0.0,0.0,0.0,0.0,0.0,0.0,0.07
LTU,Lithuania,Urban,2012,LTU_2012_EUSILC,0.862,0.971,0.0,0.0,0.0,0.0,0.0,0.0,0.0,0.0,0.0,0.0,0.029
LTU,Lithuania,Urban,2013,LTU_2013_EUSILC,0.865,0.956,0.0,0.0,0.0,0.0,0.0,0.0,0.0,0.0,0.0,0.0,0.044
LTU,Lithuania,Urban,2014,LTU_2014_EUSILC,0.866,0.983,0.0,0.0,0.0,0.0,0.0,0.0,0.0,0.0,0.0,0.0,0.017
LTU,Lithuania,Urban,2015,LTU_2015_EUSILC,0.869,0.988,0.0,0.0,0.0,0.0,0.0,0.0,0.0,0.0,0.0,0.0,0.012
LTU,Lithuania,Urban,2017,LTU_2017_SILC,0.885,0.965,0.0,0.0,0.0,0.0,0.0,0.0,0.0,0.0,0.0,0.0,0.035
LTU,Lithuania,Urban,2018,LTU_2018_SILC,0.889,0.967,0.0,0.0,0.0,0.0,0.0,0.0,0.0,0.0,0.0,0.0,0.033
LTU,Lithuania,Urban,2019,LTU_2019_SILC,0.894,0.911,0.0,0.0,0.0,0.0,0.0,0.0,0.0,0.0,0.0,0.0,0.089
LTU,Lithuania,Urban,2020,LTU_2020_SILC,0.888,0.973,0.0,0.0,0.0,0.0,0.0,0.0,0.0,0.0,0.0,0.0,0.027
LUX,Luxembourg,Rural,1990,LUX_1990_ES,0.787,0.9,0.1,0.0,0.0,0.0,0.0,0.0,0.0,0.0,0.0,0.0,0.0
LUX,Luxembourg,Rural,1991,LUX_1991_ES,0.796,0.9,0.1,0.0,0.0,0.0,0.0,0.0,0.0,0.0,0.0,0.0,0.0
LUX,Luxembourg,Rural,1994,LUX_1994_ES,0.82,0.87,0.13,0.0,0.0,0.0,0.0,0.0,0.0,0.0,0.0,0.0,0.0
LUX,Luxembourg,Rural,1999,LUX_1999_ES,0.858,0.93,0.07,0.0,0.0,0.0,0.0,0.0,0.0,0.0,0.0,0.0,0.0
LUX,Luxembourg,Rural,2002,LUX_2002_OECD,0.868,0.0,0.0,0.0,0.0,0.0,1.0,0.0,0.0,0.0,0.0,0.0,0.0
LUX,Luxembourg,Rural,2010,LUX_2010_ES,0.909,0.956,0.03,0.0,0.0,0.0,0.0,0.0,0.0,0.0,0.0,0.0,0.014
LUX,Luxembourg,Rural,2012,LUX_2012_ES,0.914,0.972,0.019,0.0,0.0,0.0,0.0,0.0,0.0,0.0,0.0,0.0,0.009
LUX,Luxembourg,Rural,2013,LUX_2013_ES,0.919,0.974,0.018,0.0,0.0,0.0,0.0,0.0,0.0,0.0,0.0,0.0,0.008
LUX,Luxembourg,Rural,2013,LUX_2013_EUSILC,0.919,0.999,0.0,0.0,0.0,0.0,0.0,0.0,0.0,0.0,0.0,0.0,0.001
LUX,Luxembourg,Rural,2014,LUX_2014_ES,0.924,1.0,0.0,0.0,0.0,0.0,0.0,0.0,0.0,0.0,0.0,0.0,0.0
LUX,Luxembourg,Rural,2014,LUX_2014_EUSILC,0.924,0.999,0.0,0.0,0.0,0.0,0.0,0.0,0.0,0.0,0.0,0.0,0.001
LUX,Luxembourg,Rural,2015,LUX_2015_ES,0.913,1.0,0.0,0.0,0.0,0.0,0.0,0.0,0.0,0.0,0.0,0.0,0.0
LUX,Luxembourg,Rural,2015,LUX_2015_EUSILC,0.913,1.0,0.0,0.0,0.0,0.0,0.0,0.0,0.0,0.0,0.0,0.0,0.0
LUX,Luxembourg,Rural,2016,LUX_2016_ES,0.916,1.0,0.0,0.0,0.0,0.0,0.0,0.0,0.0,0.0,0.0,0.0,0.0
LUX,Luxembourg,Rural,2017,LUX_2017_ES,0.913,1.0,0.0,0.0,0.0,0.0,0.0,0.0,0.0,0.0,0.0,0.0,0.0
LUX,Luxembourg,Rural,2018,LUX_2018_ES,0.915,1.0,0.0,0.0,0.0,0.0,0.0,0.0,0.0,0.0,0.0,0.0,0.0
LUX,Luxembourg,Rural,2019,LUX_2019_ES,0.916,1.0,0.0,0.0,0.0,0.0,0.0,0.0,0.0,0.0,0.0,0.0,0.0
LUX,Luxembourg,Rural,2020,LUX_2020_ES,0.916,1.0,0.0,0.0,0.0,0.0,0.0,0.0,0.0,0.0,0.0,0.0,0.0
LUX,Luxembourg,Urban,1990,LUX_1990_ES,0.787,0.9,0.1,0.0,0.0,0.0,0.0,0.0,0.0,0.0,0.0,0.0,0.0
LUX,Luxembourg,Urban,1991,LUX_1991_ES,0.796,0.9,0.1,0.0,0.0,0.0,0.0,0.0,0.0,0.0,0.0,0.0,0.0
LUX,Luxembourg,Urban,1994,LUX_1994_ES,0.82,0.87,0.13,0.0,0.0,0.0,0.0,0.0,0.0,0.0,0.0,0.0,0.0
LUX,Luxembourg,Urban,1999,LUX_1999_ES,0.858,0.93,0.07,0.0,0.0,0.0,0.0,0.0,0.0,0.0,0.0,0.0,0.0
LUX,Luxembourg,Urban,2002,LUX_2002_OECD,0.868,0.0,0.0,0.0,0.0,0.0,1.0,0.0,0.0,0.0,0.0,0.0,0.0
LUX,Luxembourg,Urban,2010,LUX_2010_ES,0.909,0.956,0.03,0.0,0.0,0.0,0.0,0.0,0.0,0.0,0.0,0.0,0.014
LUX,Luxembourg,Urban,2012,LUX_2012_ES,0.914,0.972,0.019,0.0,0.0,0.0,0.0,0.0,0.0,0.0,0.0,0.0,0.009
LUX,Luxembourg,Urban,2013,LUX_2013_ES,0.919,0.974,0.018,0.0,0.0,0.0,0.0,0.0,0.0,0.0,0.0,0.0,0.008
LUX,Luxembourg,Urban,2013,LUX_2013_EUSILC,0.919,1.0,0.0,0.0,0.0,0.0,0.0,0.0,0.0,0.0,0.0,0.0,0.0
LUX,Luxembourg,Urban,2014,LUX_2014_ES,0.924,1.0,0.0,0.0,0.0,0.0,0.0,0.0,0.0,0.0,0.0,0.0,0.0
LUX,Luxembourg,Urban,2014,LUX_2014_EUSILC,0.924,0.999,0.0,0.0,0.0,0.0,0.0,0.0,0.0,0.0,0.0,0.0,0.001
LUX,Luxembourg,Urban,2015,LUX_2015_ES,0.913,1.0,0.0,0.0,0.0,0.0,0.0,0.0,0.0,0.0,0.0,0.0,0.0
LUX,Luxembourg,Urban,2015,LUX_2015_EUSILC,0.913,1.0,0.0,0.0,0.0,0.0,0.0,0.0,0.0,0.0,0.0,0.0,0.0
LUX,Luxembourg,Urban,2016,LUX_2016_ES,0.916,1.0,0.0,0.0,0.0,0.0,0.0,0.0,0.0,0.0,0.0,0.0,0.0
LUX,Luxembourg,Urban,2017,LUX_2017_ES,0.913,1.0,0.0,0.0,0.0,0.0,0.0,0.0,0.0,0.0,0.0,0.0,0.0
LUX,Luxembourg,Urban,2018,LUX_2018_ES,0.915,1.0,0.0,0.0,0.0,0.0,0.0,0.0,0.0,0.0,0.0,0.0,0.0
LUX,Luxembourg,Urban,2019,LUX_2019_ES,0.916,1.0,0.0,0.0,0.0,0.0,0.0,0.0,0.0,0.0,0.0,0.0,0.0
LUX,Luxembourg,Urban,2020,LUX_2020_ES,0.916,1.0,0.0,0.0,0.0,0.0,0.0,0.0,0.0,0.0,0.0,0.0,0.0
LVA,Latvia,Rural,2007,LVA_2007_ES,0.829,0.653,0.347,0.0,0.0,0.0,0.0,0.0,0.0,0.0,0.0,0.0,0.0
LVA,Latvia,Rural,2007,LVA_2007_ILCS,0.829,0.947,0.0,0.0,0.0,0.0,0.0,0.0,0.0,0.0,0.0,0.0,0.053
LVA,Latvia,Rural,2008,LVA_2008_ES,0.837,0.616,0.371,0.013,0.0,0.0,0.0,0.0,0.0,0.0,0.0,0.0,0.0
LVA,Latvia,Rural,2008,LVA_2008_ILCS,0.837,0.656,0.0,0.0,0.0,0.0,0.0,0.0,0.0,0.0,0.0,0.0,0.344
LVA,Latvia,Rural,2009,LVA_2009_ILCS,0.836,0.644,0.0,0.0,0.0,0.0,0.0,0.0,0.0,0.0,0.0,0.0,0.356
LVA,Latvia,Rural,2010,LVA_2010_ES,0.833,0.642,0.343,0.015,0.0,0.0,0.0,0.0,0.0,0.0,0.0,0.0,0.0
LVA,Latvia,Rural,2010,LVA_2010_ILCS,0.833,0.668,0.0,0.0,0.0,0.0,0.0,0.0,0.0,0.0,0.0,0.0,0.332
LVA,Latvia,Rural,2011,LVA_2011_ES,0.84,0.703,0.283,0.014,0.0,0.0,0.0,0.0,0.0,0.0,0.0,0.0,0.0
LVA,Latvia,Rural,2011,LVA_2011_ILCS,0.84,0.692,0.0,0.0,0.0,0.0,0.0,0.0,0.0,0.0,0.0,0.0,0.308
LVA,Latvia,Rural,2012,LVA_2012_ES,0.843,0.717,0.272,0.011,0.0,0.0,0.0,0.0,0.0,0.0,0.0,0.0,0.0
LVA,Latvia,Rural,2012,LVA_2012_EUSILC,0.843,0.701,0.0,0.0,0.0,0.0,0.0,0.0,0.0,0.0,0.0,0.0,0.299
LVA,Latvia,Rural,2012,LVA_2012_ILCS,0.843,0.714,0.0,0.0,0.0,0.0,0.0,0.0,0.0,0.0,0.0,0.0,0.286
LVA,Latvia,Rural,2013,LVA_2013_ES,0.852,0.721,0.263,0.016,0.0,0.0,0.0,0.0,0.0,0.0,0.0,0.0,0.0
LVA,Latvia,Rural,2013,LVA_2013_EUSILC,0.852,0.731,0.0,0.0,0.0,0.0,0.0,0.0,0.0,0.0,0.0,0.0,0.269
LVA,Latvia,Rural,2013,LVA_2013_ILCS,0.852,0.733,0.0,0.0,0.0,0.0,0.0,0.0,0.0,0.0,0.0,0.0,0.267
LVA,Latvia,Rural,2014,LVA_2014_ES,0.854,0.717,0.265,0.018,0.0,0.0,0.0,0.0,0.0,0.0,0.0,0.0,0.0
LVA,Latvia,Rural,2014,LVA_2014_EUSILC,0.854,0.738,0.0,0.0,0.0,0.0,0.0,0.0,0.0,0.0,0.0,0.0,0.262
LVA,Latvia,Rural,2014,LVA_2014_ILCS,0.854,0.729,0.0,0.0,0.0,0.0,0.0,0.0,0.0,0.0,0.0,0.0,0.271
LVA,Latvia,Rural,2015,LVA_2015_EUSILC,0.859,0.748,0.0,0.0,0.0,0.0,0.0,0.0,0.0,0.0,0.0,0.0,0.252
LVA,Latvia,Rural,2015,LVA_2015_ILCS,0.859,0.738,0.0,0.0,0.0,0.0,0.0,0.0,0.0,0.0,0.0,0.0,0.262
LVA,Latvia,Rural,2016,LVA_2016_ES,0.864,0.719,0.261,0.02,0.0,0.0,0.0,0.0,0.0,0.0,0.0,0.0,0.0
LVA,Latvia,Rural,2016,LVA_2016_ILCS,0.864,0.744,0.0,0.0,0.0,0.0,0.0,0.0,0.0,0.0,0.0,0.0,0.256
LVA,Latvia,Rural,2017,LVA_2017_ES,0.87,0.758,0.219,0.023,0.0,0.0,0.0,0.0,0.0,0.0,0.0,0.0,0.0
LVA,Latvia,Rural,2017,LVA_2017_ILCS,0.87,0.778,0.0,0.0,0.0,0.0,0.0,0.0,0.0,0.0,0.0,0.0,0.222
LVA,Latvia,Rural,2018,LVA_2018_ES,0.875,0.741,0.239,0.02,0.0,0.0,0.0,0.0,0.0,0.0,0.0,0.0,0.0
LVA,Latvia,Rural,2018,LVA_2018_ILCS,0.875,0.787,0.0,0.0,0.0,0.0,0.0,0.0,0.0,0.0,0.0,0.0,0.213
LVA,Latvia,Rural,2019,LVA_2019_ES,0.88,0.783,0.187,0.03,0.0,0.0,0.0,0.0,0.0,0.0,0.0,0.0,0.0
LVA,Latvia,Rural,2019,LVA_2019_ILCS,0.88,0.797,0.0,0.0,0.0,0.0,0.0,0.0,0.0,0.0,0.0,0.0,0.203
LVA,Latvia,Rural,2020,LVA_2020_ILCS,0.879,0.833,0.0,0.0,0.0,0.0,0.0,0.0,0.0,0.0,0.0,0.0,0.167
LVA,Latvia,Urban,2007,LVA_2007_ES,0.829,0.653,0.347,0.0,0.0,0.0,0.0,0.0,0.0,0.0,0.0,0.0,0.0
LVA,Latvia,Urban,2007,LVA_2007_ILCS,0.829,0.988,0.0,0.0,0.0,0.0,0.0,0.0,0.0,0.0,0.0,0.0,0.012
LVA,Latvia,Urban,2008,LVA_2008_ES,0.837,0.616,0.371,0.013,0.0,0.0,0.0,0.0,0.0,0.0,0.0,0.0,0.0
LVA,Latvia,Urban,2008,LVA_2008_ILCS,0.837,0.932,0.0,0.0,0.0,0.0,0.0,0.0,0.0,0.0,0.0,0.0,0.068
LVA,Latvia,Urban,2009,LVA_2009_ILCS,0.836,0.936,0.0,0.0,0.0,0.0,0.0,0.0,0.0,0.0,0.0,0.0,0.064
LVA,Latvia,Urban,2010,LVA_2010_ES,0.833,0.642,0.343,0.015,0.0,0.0,0.0,0.0,0.0,0.0,0.0,0.0,0.0
LVA,Latvia,Urban,2010,LVA_2010_ILCS,0.833,0.944,0.0,0.0,0.0,0.0,0.0,0.0,0.0,0.0,0.0,0.0,0.056
LVA,Latvia,Urban,2011,LVA_2011_ES,0.84,0.703,0.283,0.014,0.0,0.0,0.0,0.0,0.0,0.0,0.0,0.0,0.0
LVA,Latvia,Urban,2011,LVA_2011_ILCS,0.84,0.937,0.0,0.0,0.0,0.0,0.0,0.0,0.0,0.0,0.0,0.0,0.063
LVA,Latvia,Urban,2012,LVA_2012_ES,0.843,0.717,0.272,0.011,0.0,0.0,0.0,0.0,0.0,0.0,0.0,0.0,0.0
LVA,Latvia,Urban,2012,LVA_2012_EUSILC,0.843,0.945,0.0,0.0,0.0,0.0,0.0,0.0,0.0,0.0,0.0,0.0,0.055
LVA,Latvia,Urban,2012,LVA_2012_ILCS,0.843,0.94,0.0,0.0,0.0,0.0,0.0,0.0,0.0,0.0,0.0,0.0,0.06
LVA,Latvia,Urban,2013,LVA_2013_ES,0.852,0.721,0.263,0.016,0.0,0.0,0.0,0.0,0.0,0.0,0.0,0.0,0.0
LVA,Latvia,Urban,2013,LVA_2013_EUSILC,0.852,0.939,0.0,0.0,0.0,0.0,0.0,0.0,0.0,0.0,0.0,0.0,0.061
LVA,Latvia,Urban,2013,LVA_2013_ILCS,0.852,0.943,0.0,0.0,0.0,0.0,0.0,0.0,0.0,0.0,0.0,0.0,0.057
LVA,Latvia,Urban,2014,LVA_2014_ES,0.854,0.717,0.265,0.018,0.0,0.0,0.0,0.0,0.0,0.0,0.0,0.0,0.0
LVA,Latvia,Urban,2014,LVA_2014_EUSILC,0.854,0.948,0.0,0.0,0.0,0.0,0.0,0.0,0.0,0.0,0.0,0.0,0.052
LVA,Latvia,Urban,2014,LVA_2014_ILCS,0.854,0.951,0.0,0.0,0.0,0.0,0.0,0.0,0.0,0.0,0.0,0.0,0.049
LVA,Latvia,Urban,2015,LVA_2015_EUSILC,0.859,0.954,0.0,0.0,0.0,0.0,0.0,0.0,0.0,0.0,0.0,0.0,0.046
LVA,Latvia,Urban,2015,LVA_2015_ILCS,0.859,0.961,0.0,0.0,0.0,0.0,0.0,0.0,0.0,0.0,0.0,0.0,0.039
LVA,Latvia,Urban,2016,LVA_2016_ES,0.864,0.719,0.261,0.02,0.0,0.0,0.0,0.0,0.0,0.0,0.0,0.0,0.0
LVA,Latvia,Urban,2016,LVA_2016_ILCS,0.864,0.966,0.0,0.0,0.0,0.0,0.0,0.0,0.0,0.0,0.0,0.0,0.034
LVA,Latvia,Urban,2017,LVA_2017_ES,0.87,0.758,0.219,0.023,0.0,0.0,0.0,0.0,0.0,0.0,0.0,0.0,0.0
LVA,Latvia,Urban,2017,LVA_2017_ILCS,0.87,0.97,0.0,0.0,0.0,0.0,0.0,0.0,0.0,0.0,0.0,0.0,0.03
LVA,Latvia,Urban,2018,LVA_2018_ES,0.875,0.741,0.239,0.02,0.0,0.0,0.0,0.0,0.0,0.0,0.0,0.0,0.0
LVA,Latvia,Urban,2018,LVA_2018_ILCS,0.875,0.972,0.0,0.0,0.0,0.0,0.0,0.0,0.0,0.0,0.0,0.0,0.028
LVA,Latvia,Urban,2019,LVA_2019_ES,0.88,0.783,0.187,0.03,0.0,0.0,0.0,0.0,0.0,0.0,0.0,0.0,0.0
LVA,Latvia,Urban,2019,LVA_2019_ILCS,0.88,0.971,0.0,0.0,0.0,0.0,0.0,0.0,0.0,0.0,0.0,0.0,0.029
LVA,Latvia,Urban,2020,LVA_2020_ILCS,0.879,0.969,0.0,0.0,0.0,0.0,0.0,0.0,0.0,0.0,0.0,0.0,0.031
MAR,Morocco,Rural,2001,MAR_2001_ECM,0.539,0.016,0.092,0.0,0.0,0.0,0.319,0.0,0.0,0.0,0.0,0.57,0.003
MAR,Morocco,Rural,2015,MAR_2015_AFB,0.659,0.0,0.0,0.0,0.0,0.0,0.0,0.0,0.0,0.0,0.0,0.121,0.879
MAR,Morocco,Rural,2018,MAR_2018_AFB,0.68,0.0,0.0,0.0,0.0,0.0,0.0,0.0,0.0,0.0,0.0,0.0,1.0
MAR,Morocco,Urban,1991,MAR_1991_ECV,0.457,0.785,0.07,0.0,0.0,0.0,0.076,0.0,0.0,0.0,0.0,0.065,0.004
MAR,Morocco,Urban,2001,MAR_2001_ECM,0.539,0.848,0.029,0.0,0.0,0.0,0.093,0.0,0.0,0.0,0.0,0.028,0.002
MAR,Morocco,Urban,2004,MAR_2004_CEN,0.567,0.79,0.11,0.031,0.0,0.0,0.0,0.0,0.0,0.0,0.0,0.0,0.069
MAR,Morocco,Urban,2012,MAR_2012_ONDH,0.629,0.0,0.0,0.0,0.0,0.0,0.991,0.0,0.0,0.0,0.0,0.009,0.0
MAR,Morocco,Urban,2013,MAR_2013_AFB,0.639,0.0,0.0,0.0,0.0,0.0,0.0,0.0,0.0,0.0,0.0,0.0,1.0
MAR,Morocco,Urban,2015,MAR_2015_AFB,0.659,0.0,0.0,0.0,0.0,0.0,0.0,0.0,0.0,0.0,0.0,0.009,0.991
MAR,Morocco,Urban,2018,MAR_2018_AFB,0.68,0.0,0.0,0.0,0.0,0.0,0.0,0.0,0.0,0.0,0.0,0.001,0.999
MAR,Morocco,Urban,2018,MAR_2018_ENPSF,0.68,0.895,0.031,0.0,0.0,0.0,0.071,0.0,0.0,0.0,0.0,0.002,0.001
MDA,"Moldova, Republic of",Rural,1998,MDA_1998_HBS,,0.016,0.0,0.0,0.0,0.0,0.0,0.0,0.0,0.0,0.0,0.0,0.984
MDA,"Moldova, Republic of",Rural,1999,MDA_1999_HBS,,0.011,0.0,0.0,0.0,0.0,0.0,0.0,0.0,0.0,0.0,0.0,0.989
MDA,"Moldova, Republic of",Rural,2000,MDA_2000_HBS,,0.016,0.0,0.0,0.0,0.0,0.0,0.0,0.0,0.0,0.0,0.0,0.984
MDA,"Moldova, Republic of",Rural,2001,MDA_2001_HBS,,0.024,0.0,0.0,0.0,0.0,0.0,0.0,0.0,0.0,0.0,0.0,0.976
MDA,"Moldova, Republic of",Rural,2002,MDA_2002_HBS,,0.023,0.0,0.0,0.0,0.0,0.0,0.0,0.0,0.0,0.0,0.0,0.977
MDA,"Moldova, Republic of",Rural,2003,MDA_2003_HBS,,0.029,0.0,0.0,0.0,0.0,0.0,0.0,0.0,0.0,0.0,0.0,0.971
MDA,"Moldova, Republic of",Rural,2004,MDA_2004_HBS,,0.042,0.0,0.0,0.0,0.0,0.0,0.0,0.0,0.0,0.0,0.0,0.958
MDA,"Moldova, Republic of",Rural,2005,MDA_2005_HBS,0.702,0.051,0.0,0.0,0.0,0.0,0.0,0.0,0.0,0.0,0.0,0.0,0.949
MDA,"Moldova, Republic of",Rural,2006,MDA_2006_HBS,0.711,0.027,0.098,0.0,0.0,0.0,0.0,0.0,0.0,0.0,0.0,0.0,0.875
MDA,"Moldova, Republic of",Rural,2009,MDA_2009_HBS,0.729,0.014,0.171,0.0,0.0,0.0,0.0,0.0,0.0,0.0,0.0,0.0,0.815
MDA,"Moldova, Republic of",Rural,2010,MDA_2010_HBS,0.739,0.016,0.203,0.0,0.0,0.0,0.0,0.0,0.0,0.0,0.0,0.0,0.781
MDA,"Moldova, Republic of",Rural,2012,MDA_2012_HBS,0.754,0.015,0.282,0.0,0.0,0.0,0.0,0.0,0.0,0.0,0.0,0.0,0.703
MDA,"Moldova, Republic of",Rural,2013,MDA_2013_HBS,0.758,0.016,0.317,0.0,0.0,0.0,0.0,0.0,0.0,0.0,0.0,0.0,0.667
MDA,"Moldova, Republic of",Rural,2014,MDA_2014_CEN,0.762,0.13,0.162,0.0,0.0,0.0,0.708,0.0,0.0,0.0,0.0,0.0,0.0
MDA,"Moldova, Republic of",Rural,2014,MDA_2014_HBS,0.762,0.017,0.344,0.0,0.0,0.0,0.0,0.0,0.0,0.0,0.0,0.0,0.639
MDA,"Moldova, Republic of",Rural,2015,MDA_2015_HBS,0.759,0.017,0.402,0.0,0.0,0.0,0.0,0.0,0.0,0.0,0.0,0.0,0.581
MDA,"Moldova, Republic of",Rural,2016,MDA_2016_HBS,0.763,0.023,0.419,0.0,0.0,0.0,0.0,0.0,0.0,0.0,0.0,0.0,0.558
MDA,"Moldova, Republic of",Rural,2017,MDA_2017_HBS,0.769,0.036,0.453,0.0,0.0,0.0,0.0,0.0,0.0,0.0,0.0,0.0,0.511
MDA,"Moldova, Republic of",Rural,2018,MDA_2018_HBS,0.772,0.037,0.478,0.0,0.0,0.0,0.0,0.0,0.0,0.0,0.0,0.0,0.485
MDA,"Moldova, Republic of",Rural,2019,MDA_2019_HBS,0.775,0.028,0.53,0.0,0.0,0.0,0.0,0.0,0.0,0.0,0.0,0.0,0.442
MDA,"Moldova, Republic of",Rural,2020,MDA_2020_HBS,0.77,0.028,0.568,0.0,0.0,0.0,0.0,0.0,0.0,0.0,0.0,0.0,0.404
MDA,"Moldova, Republic of",Rural,2021,MDA_2021_HBS,0.773,0.029,0.608,0.0,0.0,0.0,0.0,0.0,0.0,0.0,0.0,0.0,0.363
MDA,"Moldova, Republic of",Urban,1998,MDA_1998_HBS,,0.767,0.0,0.0,0.0,0.0,0.0,0.0,0.0,0.0,0.0,0.0,0.233
MDA,"Moldova, Republic of",Urban,1999,MDA_1999_HBS,,0.775,0.0,0.0,0.0,0.0,0.0,0.0,0.0,0.0,0.0,0.0,0.225
MDA,"Moldova, Republic of",Urban,2000,MDA_2000_HBS,,0.785,0.0,0.0,0.0,0.0,0.0,0.0,0.0,0.0,0.0,0.0,0.215
MDA,"Moldova, Republic of",Urban,2001,MDA_2001_HBS,,0.785,0.0,0.0,0.0,0.0,0.0,0.0,0.0,0.0,0.0,0.0,0.215
MDA,"Moldova, Republic of",Urban,2002,MDA_2002_HBS,,0.764,0.0,0.0,0.0,0.0,0.0,0.0,0.0,0.0,0.0,0.0,0.236
MDA,"Moldova, Republic of",Urban,2003,MDA_2003_HBS,,0.779,0.0,0.0,0.0,0.0,0.0,0.0,0.0,0.0,0.0,0.0,0.221
MDA,"Moldova, Republic of",Urban,2004,MDA_2004_HBS,,0.785,0.0,0.0,0.0,0.0,0.0,0.0,0.0,0.0,0.0,0.0,0.215
MDA,"Moldova, Republic of",Urban,2005,MDA_2005_DHS,0.702,0.703,0.0,0.0,0.0,0.0,0.212,0.077,0.0,0.0,0.008,0.0,0.0
MDA,"Moldova, Republic of",Urban,2005,MDA_2005_HBS,0.702,0.815,0.0,0.0,0.0,0.0,0.0,0.0,0.0,0.0,0.0,0.0,0.185
MDA,"Moldova, Republic of",Urban,2006,MDA_2006_HBS,0.711,0.712,0.131,0.0,0.0,0.0,0.0,0.0,0.0,0.0,0.0,0.0,0.157
MDA,"Moldova, Republic of",Urban,2009,MDA_2009_HBS,0.729,0.718,0.131,0.0,0.0,0.0,0.0,0.0,0.0,0.0,0.0,0.0,0.151
MDA,"Moldova, Republic of",Urban,2010,MDA_2010_HBS,0.739,0.719,0.155,0.0,0.0,0.0,0.0,0.0,0.0,0.0,0.0,0.0,0.126
MDA,"Moldova, Republic of",Urban,2012,MDA_2012_HBS,0.754,0.756,0.143,0.0,0.0,0.0,0.0,0.0,0.0,0.0,0.0,0.0,0.101
MDA,"Moldova, Republic of",Urban,2013,MDA_2013_HBS,0.758,0.715,0.166,0.0,0.0,0.0,0.0,0.0,0.0,0.0,0.0,0.0,0.119
MDA,"Moldova, Republic of",Urban,2014,MDA_2014_CEN,0.762,0.807,0.087,0.0,0.0,0.0,0.106,0.0,0.0,0.0,0.0,0.0,0.0
MDA,"Moldova, Republic of",Urban,2014,MDA_2014_HBS,0.762,0.719,0.178,0.0,0.0,0.0,0.0,0.0,0.0,0.0,0.0,0.0,0.103
MDA,"Moldova, Republic of",Urban,2015,MDA_2015_HBS,0.759,0.721,0.192,0.0,0.0,0.0,0.0,0.0,0.0,0.0,0.0,0.0,0.087
MDA,"Moldova, Republic of",Urban,2016,MDA_2016_HBS,0.763,0.732,0.173,0.0,0.0,0.0,0.0,0.0,0.0,0.0,0.0,0.0,0.095
MDA,"Moldova, Republic of",Urban,2017,MDA_2017_HBS,0.769,0.744,0.178,0.0,0.0,0.0,0.0,0.0,0.0,0.0,0.0,0.0,0.078
MDA,"Moldova, Republic of",Urban,2018,MDA_2018_HBS,0.772,0.764,0.175,0.0,0.0,0.0,0.0,0.0,0.0,0.0,0.0,0.0,0.061
MDA,"Moldova, Republic of",Urban,2019,MDA_2019_HBS,0.775,0.78,0.168,0.0,0.0,0.0,0.0,0.0,0.0,0.0,0.0,0.0,0.052
MDA,"Moldova, Republic of",Urban,2020,MDA_2020_HBS,0.77,0.794,0.168,0.0,0.0,0.0,0.0,0.0,0.0,0.0,0.0,0.0,0.038
MDA,"Moldova, Republic of",Urban,2021,MDA_2021_HBS,0.773,0.786,0.178,0.0,0.0,0.0,0.0,0.0,0.0,0.0,0.0,0.0,0.036
MDG,Madagascar,Rural,1992,MDG_1992_DHS,,0.0,0.002,0.0,0.0,0.0,0.255,0.003,0.0,0.0,0.0,0.703,0.037
MDG,Madagascar,Rural,1997,MDG_1997_DHS,,0.0,0.007,0.0,0.0,0.0,0.26,0.035,0.0,0.0,0.0,0.698,0.0
MDG,Madagascar,Rural,2000,MDG_2000_MICS,0.443,0.003,0.022,0.0,0.0,0.0,0.046,0.52,0.0,0.0,0.0,0.409,0.0
MDG,Madagascar,Rural,2010,MDG_2010_EPM,0.493,0.036,0.0,0.0,0.0,0.0,0.316,0.061,0.0,0.0,0.0,0.585,0.002
MDG,Madagascar,Rural,2013,MDG_2013_AFB,0.497,0.0,0.0,0.0,0.0,0.0,0.0,0.0,0.0,0.0,0.0,0.328,0.672
MDG,Madagascar,Rural,2015,MDG_2015_AFB,0.501,0.0,0.0,0.0,0.0,0.0,0.0,0.0,0.0,0.0,0.0,0.246,0.754
MDG,Madagascar,Rural,2018,MDG_2018_AFB,0.501,0.0,0.0,0.0,0.0,0.0,0.0,0.0,0.0,0.0,0.0,0.188,0.812
MDG,Madagascar,Urban,1992,MDG_1992_DHS,,0.0,0.166,0.0,0.0,0.0,0.495,0.034,0.0,0.0,0.0,0.221,0.084
MDG,Madagascar,Urban,1997,MDG_1997_DHS,,0.0,0.074,0.0,0.0,0.0,0.518,0.089,0.0,0.0,0.0,0.318,0.001
MDG,Madagascar,Urban,2000,MDG_2000_MICS,0.443,0.003,0.022,0.0,0.0,0.0,0.046,0.52,0.0,0.0,0.0,0.409,0.0
MDG,Madagascar,Urban,2009,MDG_2009_DHS,0.493,0.005,0.136,0.017,0.0,0.0,0.6819999999999999,0.0,0.001,0.053,0.0,0.106,0.0
MDG,Madagascar,Urban,2010,MDG_2010_EPM,0.493,0.105,0.0,0.0,0.0,0.0,0.473,0.109,0.0,0.0,0.0,0.307,0.006
MDG,Madagascar,Urban,2013,MDG_2013_AFB,0.497,0.0,0.0,0.0,0.0,0.0,0.0,0.0,0.0,0.0,0.0,0.095,0.905
MDG,Madagascar,Urban,2013,MDG_2013_EIPM-AIS,0.497,0.013,0.09,0.005,0.002,0.004,0.239,0.373,0.006,0.013,0.001,0.251,0.003
MDG,Madagascar,Urban,2015,MDG_2015_AFB,0.501,0.0,0.0,0.0,0.0,0.0,0.0,0.0,0.0,0.0,0.0,0.061,0.939
MDG,Madagascar,Urban,2018,MDG_2018_AFB,0.501,0.0,0.0,0.0,0.0,0.0,0.0,0.0,0.0,0.0,0.0,0.043,0.957
MDV,Maldives,Rural,2000,MDV_2000_CEN,0.639,0.083,0.478,0.0,0.0,0.0,0.074,0.0,0.0,0.0,0.0,0.236,0.129
MDV,Maldives,Rural,2001,MDV_2001_MICS,0.639,0.075,0.0,0.652,0.0,0.0,0.039,0.0,0.0,0.0,0.0,0.223,0.011
MDV,Maldives,Rural,2006,MDV_2006_CEN,0.672,0.0,0.719,0.0,0.0,0.161,0.037,0.0,0.0,0.0,0.0,0.066,0.017
MDV,Maldives,Rural,2014,MDV_2014_CEN,0.718,0.259,0.627,0.0,0.0,0.112,0.002,0.0,0.0,0.0,0.0,0.0,0.0
MDV,Maldives,Rural,2019,MDV_2019_ADM,0.749,0.51,0.49,0.0,0.0,0.0,0.0,0.0,0.0,0.0,0.0,0.0,0.0
MDV,Maldives,Urban,2000,MDV_2000_CEN,0.639,0.725,0.168,0.0,0.0,0.0,0.013,0.0,0.0,0.0,0.0,0.0,0.094
MDV,Maldives,Urban,2001,MDV_2001_MICS,0.639,0.994,0.0,0.006,0.0,0.0,0.0,0.0,0.0,0.0,0.0,0.0,0.0
MDV,Maldives,Urban,2006,MDV_2006_CEN,0.672,0.0,0.013,0.0,0.0,0.883,0.0,0.0,0.0,0.0,0.0,0.001,0.103
MDV,Maldives,Urban,2014,MDV_2014_CEN,0.718,1.0,0.0,0.0,0.0,0.0,0.0,0.0,0.0,0.0,0.0,0.0,0.0
MDV,Maldives,Urban,2019,MDV_2019_ADM,0.749,1.0,0.0,0.0,0.0,0.0,0.0,0.0,0.0,0.0,0.0,0.0,0.0
MEX,Mexico,Rural,1987,MEX_1987_DHS,,0.558,0.118,0.0,0.0,0.0,0.048,0.0,0.0,0.0,0.0,0.246,0.03
MEX,Mexico,Rural,2000,MEX_2000_CEN,0.712,0.101,0.159,0.0,0.0,0.0,0.43,0.0,0.0,0.0,0.0,0.31,0.0
MEX,Mexico,Rural,2008,MEX_2008_MCS,0.75,0.197,0.32,0.0,0.0,0.013,0.272,0.0,0.0,0.0,0.0,0.175,0.023
MEX,Mexico,Rural,2008,MEX_2008_SAGE,0.75,0.783,0.167,0.009,0.0,0.0,0.011,0.008,0.001,0.0,0.002,0.018,0.001
MEX,Mexico,Rural,2010,MEX_2010_ENIGH,0.751,0.729,0.15,0.0,0.009,0.005,0.054,0.0,0.0,0.0,0.0,0.032,0.021
MEX,Mexico,Rural,2012,MEX_2012_ENIGH,0.764,0.754,0.154,0.0,0.0,0.017,0.046,0.0,0.0,0.0,0.0,0.029,0.0
MEX,Mexico,Rural,2012,MEX_2012_ENSANUT,0.764,0.522,0.341,0.0,0.0,0.018,0.062,0.0,0.0,0.0,0.0,0.057,0.0
MEX,Mexico,Rural,2012,MEX_2012_MCS,0.764,0.264,0.393,0.0,0.0,0.007,0.216,0.0,0.0,0.0,0.0,0.091,0.029
MEX,Mexico,Rural,2014,MEX_2014_ENDD,0.769,0.308,0.384,0.0,0.0,0.009,0.181,0.0,0.0,0.0,0.0,0.092,0.026
MEX,Mexico,Rural,2014,MEX_2014_ENUT,0.769,0.425,0.346,0.0,0.0,0.021,0.129,0.0,0.0,0.0,0.0,0.076,0.003
MEX,Mexico,Rural,2014,MEX_2014_MCS,0.769,0.726,0.169,0.0,0.0,0.006,0.063,0.0,0.0,0.0,0.0,0.026,0.01
MEX,Mexico,Rural,2015,MEX_2015_EIC,0.773,0.543,0.291,0.014,0.002,0.024,0.072,0.0,0.0,0.0,0.0,0.049,0.005
MEX,Mexico,Rural,2015,MEX_2015_MICS,0.773,0.345,0.285,0.167,0.004,0.005,0.134,0.03,0.001,0.0,0.002,0.026,0.001
MEX,Mexico,Rural,2017,MEX_2017_ENH,0.781,0.754,0.177,0.0,0.0,0.013,0.03,0.0,0.0,0.0,0.0,0.026,0.0
MEX,Mexico,Rural,2020,MEX_2020_ENVI,0.763,0.782,0.166,0.0,0.003,0.011,0.015,0.0,0.0,0.0,0.0,0.023,0.0
MEX,Mexico,Urban,1987,MEX_1987_DHS,,0.558,0.118,0.0,0.0,0.0,0.048,0.0,0.0,0.0,0.0,0.246,0.03
MEX,Mexico,Urban,2000,MEX_2000_CEN,0.712,0.766,0.082,0.0,0.0,0.0,0.11299999999999999,0.0,0.0,0.0,0.0,0.039,0.0
MEX,Mexico,Urban,2002,MEX_2002_ENIGH,0.722,0.814,0.071,0.0,0.0,0.115,0.0,0.0,0.0,0.0,0.0,0.0,0.0
MEX,Mexico,Urban,2008,MEX_2008_MCS,0.75,0.835,0.101,0.0,0.0,0.005,0.029,0.0,0.0,0.0,0.0,0.021,0.009
MEX,Mexico,Urban,2008,MEX_2008_SAGE,0.75,0.783,0.167,0.009,0.0,0.0,0.011,0.008,0.001,0.0,0.002,0.018,0.001
MEX,Mexico,Urban,2010,MEX_2010_ENIGH,0.751,0.729,0.15,0.0,0.009,0.005,0.054,0.0,0.0,0.0,0.0,0.032,0.021
MEX,Mexico,Urban,2012,MEX_2012_ENIGH,0.764,0.754,0.154,0.0,0.0,0.017,0.046,0.0,0.0,0.0,0.0,0.029,0.0
MEX,Mexico,Urban,2012,MEX_2012_ENSANUT,0.764,0.92,0.059,0.0,0.0,0.005,0.004,0.0,0.0,0.0,0.0,0.012,0.0
MEX,Mexico,Urban,2012,MEX_2012_MCS,0.764,0.867,0.088,0.0,0.0,0.005,0.023,0.0,0.0,0.0,0.0,0.011,0.006
MEX,Mexico,Urban,2014,MEX_2014_ENDD,0.769,0.87,0.09,0.0,0.0,0.003,0.017,0.0,0.0,0.0,0.0,0.013,0.007
MEX,Mexico,Urban,2014,MEX_2014_ENUT,0.769,0.921,0.062,0.0,0.0,0.005,0.006,0.0,0.0,0.0,0.0,0.005,0.001
MEX,Mexico,Urban,2014,MEX_2014_MCS,0.769,0.726,0.169,0.0,0.0,0.006,0.063,0.0,0.0,0.0,0.0,0.026,0.01
MEX,Mexico,Urban,2014,MEX_2014_SAGE,0.769,0.914,0.079,0.001,0.001,0.0,0.001,0.001,0.0,0.001,0.0,0.001,0.001
MEX,Mexico,Urban,2015,MEX_2015_EIC,0.773,0.925,0.057,0.002,0.004,0.004,0.002,0.0,0.0,0.0,0.0,0.003,0.003
MEX,Mexico,Urban,2015,MEX_2015_MICS,0.773,0.913,0.049,0.012,0.002,0.004,0.016,0.001,0.0,0.0,0.0,0.002,0.001
MEX,Mexico,Urban,2017,MEX_2017_ENH,0.781,0.754,0.177,0.0,0.0,0.013,0.03,0.0,0.0,0.0,0.0,0.026,0.0
MEX,Mexico,Urban,2018,MEX_2018_ENDD,0.785,0.887,0.086,0.0,0.0,0.004,0.007,0.0,0.0,0.0,0.0,0.011,0.005
MEX,Mexico,Urban,2020,MEX_2020_ENIGH,0.763,0.893,0.09,0.0,0.0,0.002,0.005,0.0,0.0,0.0,0.0,0.005,0.005
MEX,Mexico,Urban,2020,MEX_2020_ENVI,0.763,0.782,0.166,0.0,0.003,0.011,0.015,0.0,0.0,0.0,0.0,0.023,0.0
MHL,Marshall Islands,Rural,1999,MHL_1999_MDG,,0.0,0.0,0.0,0.0,0.0,0.567,0.0,0.0,0.0,0.0,0.0,0.433
MHL,Marshall Islands,Rural,2012,MHL_2012_NFHS,0.668,0.472,0.243,0.0,0.0,0.0,0.145,0.0,0.0,0.0,0.0,0.136,0.004
MHL,Marshall Islands,Rural,2017,MHL_2017_ICNS,0.702,0.03,0.567,0.029,0.0,0.007,0.02,0.0,0.0,0.0,0.0,0.347,0.0
MHL,Marshall Islands,Urban,1999,MHL_1999_MDG,,0.0,0.0,0.0,0.0,0.0,0.921,0.0,0.0,0.0,0.0,0.0,0.079
MHL,Marshall Islands,Urban,2012,MHL_2012_NFHS,0.668,0.472,0.243,0.0,0.0,0.0,0.145,0.0,0.0,0.0,0.0,0.136,0.004
MHL,Marshall Islands,Urban,2017,MHL_2017_ICNS,0.702,0.5,0.453,0.001,0.0,0.004,0.007,0.0,0.0,0.0,0.0,0.035,0.0
MKD,North Macedonia,Rural,2006,MKD_2006_MICS,0.726,0.307,0.53,0.02,0.014,0.058,0.019,0.044,0.0,0.0,0.0,0.005,0.003
MKD,North Macedonia,Rural,2011,MKD_2011_MICS,0.771,0.358,0.357,0.016,0.011,0.072,0.124,0.035,0.001,0.0,0.01,0.013,0.003
MKD,North Macedonia,Rural,2019,MKD_2019_MICS,0.805,0.529,0.309,0.017,0.011,0.054,0.059,0.018,0.0,0.0,0.0,0.001,0.002
MKD,North Macedonia,Urban,2006,MKD_2006_MICS,0.726,0.831,0.124,0.007,0.001,0.017,0.008,0.011,0.0,0.0,0.0,0.0,0.001
MKD,North Macedonia,Urban,2011,MKD_2011_MICS,0.771,0.981,0.011,0.0,0.0,0.0,0.006,0.001,0.0,0.0,0.0,0.0,0.001
MKD,North Macedonia,Urban,2019,MKD_2019_MICS,0.805,0.988,0.007,0.0,0.0,0.0,0.003,0.0,0.0,0.0,0.0,0.0,0.002
MLI,Mali,Rural,2014,MLI_2014_AFB,0.414,0.0,0.0,0.0,0.0,0.0,0.0,0.0,0.0,0.0,0.0,0.021,0.979
MLI,Mali,Rural,2015,MLI_2015_MICS,0.413,0.003,0.013,0.009,0.009,0.001,0.28500000000000003,0.52,0.007,0.0,0.01,0.141,0.002
MLI,Mali,Rural,2017,MLI_2017_AFB,0.416,0.0,0.0,0.0,0.0,0.0,0.0,0.0,0.0,0.0,0.0,0.04,0.96
MLI,Mali,Rural,2018,MLI_2018_EHCVM,0.421,0.025,0.068,0.033,0.071,0.004,0.46900000000000003,0.181,0.0,0.0,0.071,0.074,0.004
MLI,Mali,Rural,2020,MLI_2020_AFB,0.414,0.0,0.0,0.0,0.0,0.0,0.0,0.0,0.0,0.0,0.0,0.153,0.847
MLI,Mali,Rural,2021,MLI_2021_MIS,0.414,0.012,0.028,0.02,0.001,0.001,0.456,0.362,0.024,0.0,0.007,0.089,0.0
MLI,Mali,Urban,2014,MLI_2014_AFB,0.414,0.0,0.0,0.0,0.0,0.0,0.0,0.0,0.0,0.0,0.0,0.0,1.0
MLI,Mali,Urban,2015,MLI_2015_MICS,0.413,0.035,0.101,0.042,0.002,0.005,0.635,0.167,0.001,0.0,0.005,0.007,0.0
MLI,Mali,Urban,2017,MLI_2017_AFB,0.416,0.0,0.0,0.0,0.0,0.0,0.0,0.0,0.0,0.0,0.0,0.0,1.0
MLI,Mali,Urban,2018,MLI_2018_EHCVM,0.421,0.025,0.068,0.033,0.071,0.004,0.46900000000000003,0.181,0.0,0.0,0.071,0.074,0.004
MLI,Mali,Urban,2020,MLI_2020_AFB,0.414,0.0,0.0,0.0,0.0,0.0,0.0,0.0,0.0,0.0,0.0,0.06,0.94
MLI,Mali,Urban,2021,MLI_2021_MIS,0.414,0.012,0.028,0.02,0.001,0.001,0.456,0.362,0.024,0.0,0.007,0.089,0.0
MLT,Malta,Rural,1990,MLT_1990_ES,0.735,1.0,0.0,0.0,0.0,0.0,0.0,0.0,0.0,0.0,0.0,0.0,0.0
MLT,Malta,Rural,1991,MLT_1991_ES,0.742,1.0,0.0,0.0,0.0,0.0,0.0,0.0,0.0,0.0,0.0,0.0,0.0
MLT,Malta,Rural,1992,MLT_1992_ES,0.748,1.0,0.0,0.0,0.0,0.0,0.0,0.0,0.0,0.0,0.0,0.0,0.0
MLT,Malta,Rural,1993,MLT_1993_ES,0.754,1.0,0.0,0.0,0.0,0.0,0.0,0.0,0.0,0.0,0.0,0.0,0.0
MLT,Malta,Rural,1994,MLT_1994_ES,0.758,1.0,0.0,0.0,0.0,0.0,0.0,0.0,0.0,0.0,0.0,0.0,0.0
MLT,Malta,Rural,1995,MLT_1995_ES,0.763,1.0,0.0,0.0,0.0,0.0,0.0,0.0,0.0,0.0,0.0,0.0,0.0
MLT,Malta,Rural,1996,MLT_1996_ES,0.763,1.0,0.0,0.0,0.0,0.0,0.0,0.0,0.0,0.0,0.0,0.0,0.0
MLT,Malta,Rural,1997,MLT_1997_ES,0.772,1.0,0.0,0.0,0.0,0.0,0.0,0.0,0.0,0.0,0.0,0.0,0.0
MLT,Malta,Rural,1998,MLT_1998_ES,0.781,1.0,0.0,0.0,0.0,0.0,0.0,0.0,0.0,0.0,0.0,0.0,0.0
MLT,Malta,Rural,1999,MLT_1999_ES,0.784,1.0,0.0,0.0,0.0,0.0,0.0,0.0,0.0,0.0,0.0,0.0,0.0
MLT,Malta,Rural,2000,MLT_2000_ES,0.79,1.0,0.0,0.0,0.0,0.0,0.0,0.0,0.0,0.0,0.0,0.0,0.0
MLT,Malta,Rural,2001,MLT_2001_ES,0.801,1.0,0.0,0.0,0.0,0.0,0.0,0.0,0.0,0.0,0.0,0.0,0.0
MLT,Malta,Rural,2002,MLT_2002_ES,0.806,1.0,0.0,0.0,0.0,0.0,0.0,0.0,0.0,0.0,0.0,0.0,0.0
MLT,Malta,Rural,2003,MLT_2003_ES,0.818,1.0,0.0,0.0,0.0,0.0,0.0,0.0,0.0,0.0,0.0,0.0,0.0
MLT,Malta,Rural,2004,MLT_2004_ES,0.832,1.0,0.0,0.0,0.0,0.0,0.0,0.0,0.0,0.0,0.0,0.0,0.0
MLT,Malta,Rural,2011,MLT_2011_ES,0.862,0.984,0.0,0.016,0.0,0.0,0.0,0.0,0.0,0.0,0.0,0.0,0.0
MLT,Malta,Rural,2012,MLT_2012_ES,0.87,0.984,0.0,0.016,0.0,0.0,0.0,0.0,0.0,0.0,0.0,0.0,0.0
MLT,Malta,Rural,2013,MLT_2013_ES,0.88,0.984,0.0,0.016,0.0,0.0,0.0,0.0,0.0,0.0,0.0,0.0,0.0
MLT,Malta,Rural,2013,MLT_2013_EUSILC,0.88,1.0,0.0,0.0,0.0,0.0,0.0,0.0,0.0,0.0,0.0,0.0,0.0
MLT,Malta,Rural,2014,MLT_2014_ES,0.886,0.985,0.0,0.015,0.0,0.0,0.0,0.0,0.0,0.0,0.0,0.0,0.0
MLT,Malta,Rural,2014,MLT_2014_EUSILC,0.886,1.0,0.0,0.0,0.0,0.0,0.0,0.0,0.0,0.0,0.0,0.0,0.0
MLT,Malta,Rural,2015,MLT_2015_ES,0.892,0.985,0.0,0.015,0.0,0.0,0.0,0.0,0.0,0.0,0.0,0.0,0.0
MLT,Malta,Rural,2015,MLT_2015_EUSILC,0.892,1.0,0.0,0.0,0.0,0.0,0.0,0.0,0.0,0.0,0.0,0.0,0.0
MLT,Malta,Rural,2016,MLT_2016_IBNET,0.891,0.985,0.0,0.015,0.0,0.0,0.0,0.0,0.0,0.0,0.0,0.0,0.0
MLT,Malta,Rural,2017,MLT_2017_ES,0.901,0.988,0.0,0.012,0.0,0.0,0.0,0.0,0.0,0.0,0.0,0.0,0.0
MLT,Malta,Rural,2018,MLT_2018_ES,0.908,0.989,0.0,0.011,0.0,0.0,0.0,0.0,0.0,0.0,0.0,0.0,0.0
MLT,Malta,Rural,2019,MLT_2019_ES,0.91,0.989,0.0,0.011,0.0,0.0,0.0,0.0,0.0,0.0,0.0,0.0,0.0
MLT,Malta,Rural,2020,MLT_2020_ES,0.903,0.989,0.0,0.011,0.0,0.0,0.0,0.0,0.0,0.0,0.0,0.0,0.0
MLT,Malta,Urban,1990,MLT_1990_ES,0.735,1.0,0.0,0.0,0.0,0.0,0.0,0.0,0.0,0.0,0.0,0.0,0.0
MLT,Malta,Urban,1991,MLT_1991_ES,0.742,1.0,0.0,0.0,0.0,0.0,0.0,0.0,0.0,0.0,0.0,0.0,0.0
MLT,Malta,Urban,1992,MLT_1992_ES,0.748,1.0,0.0,0.0,0.0,0.0,0.0,0.0,0.0,0.0,0.0,0.0,0.0
MLT,Malta,Urban,1993,MLT_1993_ES,0.754,1.0,0.0,0.0,0.0,0.0,0.0,0.0,0.0,0.0,0.0,0.0,0.0
MLT,Malta,Urban,1994,MLT_1994_ES,0.758,1.0,0.0,0.0,0.0,0.0,0.0,0.0,0.0,0.0,0.0,0.0,0.0
MLT,Malta,Urban,1995,MLT_1995_ES,0.763,1.0,0.0,0.0,0.0,0.0,0.0,0.0,0.0,0.0,0.0,0.0,0.0
MLT,Malta,Urban,1996,MLT_1996_ES,0.763,1.0,0.0,0.0,0.0,0.0,0.0,0.0,0.0,0.0,0.0,0.0,0.0
MLT,Malta,Urban,1997,MLT_1997_ES,0.772,1.0,0.0,0.0,0.0,0.0,0.0,0.0,0.0,0.0,0.0,0.0,0.0
MLT,Malta,Urban,1998,MLT_1998_ES,0.781,1.0,0.0,0.0,0.0,0.0,0.0,0.0,0.0,0.0,0.0,0.0,0.0
MLT,Malta,Urban,1999,MLT_1999_ES,0.784,1.0,0.0,0.0,0.0,0.0,0.0,0.0,0.0,0.0,0.0,0.0,0.0
MLT,Malta,Urban,1999,MLT_1999_JMP,0.784,0.95,0.0,0.0,0.0,0.0,0.05,0.0,0.0,0.0,0.0,0.0,0.0
MLT,Malta,Urban,2000,MLT_2000_ES,0.79,1.0,0.0,0.0,0.0,0.0,0.0,0.0,0.0,0.0,0.0,0.0,0.0
MLT,Malta,Urban,2001,MLT_2001_ES,0.801,1.0,0.0,0.0,0.0,0.0,0.0,0.0,0.0,0.0,0.0,0.0,0.0
MLT,Malta,Urban,2002,MLT_2002_ES,0.806,1.0,0.0,0.0,0.0,0.0,0.0,0.0,0.0,0.0,0.0,0.0,0.0
MLT,Malta,Urban,2003,MLT_2003_ES,0.818,1.0,0.0,0.0,0.0,0.0,0.0,0.0,0.0,0.0,0.0,0.0,0.0
MLT,Malta,Urban,2004,MLT_2004_ES,0.832,1.0,0.0,0.0,0.0,0.0,0.0,0.0,0.0,0.0,0.0,0.0,0.0
MLT,Malta,Urban,2011,MLT_2011_ES,0.862,0.984,0.0,0.016,0.0,0.0,0.0,0.0,0.0,0.0,0.0,0.0,0.0
MLT,Malta,Urban,2012,MLT_2012_ES,0.87,0.984,0.0,0.016,0.0,0.0,0.0,0.0,0.0,0.0,0.0,0.0,0.0
MLT,Malta,Urban,2013,MLT_2013_ES,0.88,0.984,0.0,0.016,0.0,0.0,0.0,0.0,0.0,0.0,0.0,0.0,0.0
MLT,Malta,Urban,2013,MLT_2013_EUSILC,0.88,0.998,0.0,0.0,0.0,0.0,0.0,0.0,0.0,0.0,0.0,0.0,0.002
MLT,Malta,Urban,2014,MLT_2014_ES,0.886,0.985,0.0,0.015,0.0,0.0,0.0,0.0,0.0,0.0,0.0,0.0,0.0
MLT,Malta,Urban,2014,MLT_2014_EUSILC,0.886,0.999,0.0,0.0,0.0,0.0,0.0,0.0,0.0,0.0,0.0,0.0,0.001
MLT,Malta,Urban,2015,MLT_2015_ES,0.892,0.985,0.0,0.015,0.0,0.0,0.0,0.0,0.0,0.0,0.0,0.0,0.0
MLT,Malta,Urban,2015,MLT_2015_EUSILC,0.892,1.0,0.0,0.0,0.0,0.0,0.0,0.0,0.0,0.0,0.0,0.0,0.0
MLT,Malta,Urban,2016,MLT_2016_IBNET,0.891,0.985,0.0,0.015,0.0,0.0,0.0,0.0,0.0,0.0,0.0,0.0,0.0
MLT,Malta,Urban,2017,MLT_2017_ES,0.901,0.988,0.0,0.012,0.0,0.0,0.0,0.0,0.0,0.0,0.0,0.0,0.0
MLT,Malta,Urban,2018,MLT_2018_ES,0.908,0.989,0.0,0.011,0.0,0.0,0.0,0.0,0.0,0.0,0.0,0.0,0.0
MLT,Malta,Urban,2019,MLT_2019_ES,0.91,0.989,0.0,0.011,0.0,0.0,0.0,0.0,0.0,0.0,0.0,0.0,0.0
MLT,Malta,Urban,2020,MLT_2020_ES,0.903,0.989,0.0,0.011,0.0,0.0,0.0,0.0,0.0,0.0,0.0,0.0,0.0
MMR,Myanmar,Rural,2014,MMR_2014_CEN,0.557,0.0,0.0,0.664,0.009,0.0,0.094,0.0,0.0,0.033,0.0,0.19,0.01
MMR,Myanmar,Rural,2017,MMR_2017_MLCS,0.587,0.008,0.205,0.539,0.0,0.013,0.138,0.018,0.01,0.0,0.0,0.064,0.005
MMR,Myanmar,Rural,2019,MMR_2019_ICEN,0.61,0.026,0.235,0.592,0.001,0.009,0.062,0.016,0.008,0.0,0.0,0.049,0.002
MMR,Myanmar,Urban,2014,MMR_2014_CEN,0.557,0.0,0.0,0.871,0.052,0.0,0.038,0.0,0.0,0.01,0.0,0.026,0.003
MMR,Myanmar,Urban,2017,MMR_2017_MLCS,0.587,0.008,0.205,0.539,0.0,0.013,0.138,0.018,0.01,0.0,0.0,0.064,0.005
MMR,Myanmar,Urban,2019,MMR_2019_ICEN,0.61,0.026,0.235,0.592,0.001,0.009,0.062,0.016,0.008,0.0,0.0,0.049,0.002
MNE,Montenegro,Rural,2011,MNE_2011_CEN,0.822,0.45,0.42,0.0,0.0,0.05,0.0,0.0,0.0,0.0,0.0,0.0,0.08
MNE,Montenegro,Urban,2006,MNE_2006_MICS,0.785,0.665,0.317,0.0,0.0,0.0,0.017,0.0,0.0,0.0,0.0,0.001,0.0
MNE,Montenegro,Urban,2011,MNE_2011_CEN,0.822,0.45,0.42,0.0,0.0,0.05,0.0,0.0,0.0,0.0,0.0,0.0,0.08
MNG,Mongolia,Rural,1989,MNG_1989_CEN,,0.181,0.0,0.0,0.0,0.0,0.0,0.0,0.0,0.0,0.0,0.0,0.819
MNG,Mongolia,Rural,2010,MNG_2010_MICS,0.714,0.189,0.003,0.001,0.0,0.0,0.639,0.037,0.0,0.0,0.0,0.13,0.001
MNG,Mongolia,Urban,1989,MNG_1989_CEN,,0.552,0.0,0.0,0.0,0.0,0.0,0.0,0.0,0.0,0.0,0.0,0.448
MNG,Mongolia,Urban,2002,MNG_2002_IES,0.631,0.399,0.0,0.0,0.019,0.0,0.256,0.0,0.0,0.0,0.0,0.0,0.326
MNG,Mongolia,Urban,2005,MNG_2005_MICS,0.671,0.327,0.0,0.034,0.0,0.0,0.5930000000000001,0.026,0.0,0.0,0.0,0.019,0.001
MNG,Mongolia,Urban,2010,MNG_2010_MICS,0.714,0.189,0.003,0.001,0.0,0.0,0.639,0.037,0.0,0.0,0.0,0.13,0.001
MNG,Mongolia,Urban,2017,MNG_2017_GBVS,0.759,0.312,0.0,0.0,0.0,0.0,0.672,0.0,0.0,0.0,0.001,0.013,0.002
MNP,Northern Mariana Islands,Rural,1990,MNP_1990_CEN,,0.336,0.481,0.0,0.0,0.0,0.0,0.0,0.0,0.0,0.0,0.0,0.183
MNP,Northern Mariana Islands,Rural,1995,MNP_1995_CEN,,0.351,0.574,0.0,0.0,0.0,0.0,0.0,0.0,0.0,0.0,0.0,0.075
MNP,Northern Mariana Islands,Rural,2000,MNP_2000_LFS,,0.279,0.634,0.0,0.0,0.0,0.0,0.0,0.0,0.0,0.0,0.0,0.087
MNP,Northern Mariana Islands,Rural,2003,MNP_2003_LFS,,0.379,0.621,0.0,0.0,0.0,0.0,0.0,0.0,0.0,0.0,0.0,0.0
MNP,Northern Mariana Islands,Rural,2005,MNP_2005_HIES,,0.384,0.577,0.0,0.0,0.0,0.0,0.0,0.0,0.0,0.0,0.002,0.037
MNP,Northern Mariana Islands,Rural,2020,MNP_2020_CEN,,0.506,0.476,0.0,0.0,0.0,0.0,0.0,0.0,0.0,0.0,0.0,0.018
MNP,Northern Mariana Islands,Urban,1990,MNP_1990_CEN,,0.336,0.481,0.0,0.0,0.0,0.0,0.0,0.0,0.0,0.0,0.0,0.183
MNP,Northern Mariana Islands,Urban,1990,MNP_1990_WHO,,0.75,0.0,0.0,0.0,0.0,0.25,0.0,0.0,0.0,0.0,0.0,0.0
MNP,Northern Mariana Islands,Urban,1995,MNP_1995_CEN,,0.351,0.574,0.0,0.0,0.0,0.0,0.0,0.0,0.0,0.0,0.0,0.075
MNP,Northern Mariana Islands,Urban,2000,MNP_2000_LFS,,0.419,0.538,0.0,0.0,0.0,0.0,0.0,0.0,0.0,0.0,0.0,0.043
MNP,Northern Mariana Islands,Urban,2003,MNP_2003_LFS,,0.536,0.423,0.0,0.0,0.0,0.0,0.0,0.0,0.0,0.0,0.0,0.041
MNP,Northern Mariana Islands,Urban,2005,MNP_2005_HIES,,0.384,0.577,0.0,0.0,0.0,0.0,0.0,0.0,0.0,0.0,0.002,0.037
MNP,Northern Mariana Islands,Urban,2020,MNP_2020_CEN,,0.506,0.476,0.0,0.0,0.0,0.0,0.0,0.0,0.0,0.0,0.0,0.018
MOZ,Mozambique,Rural,2001,MOZ_2001_QUIBB,0.326,0.001,0.002,0.0,0.0,0.0,0.28400000000000003,0.0,0.0,0.0,0.0,0.709,0.004
MOZ,Mozambique,Rural,2005,MOZ_2005_IFTRAB,0.371,0.0,0.003,0.0,0.0,0.0,0.32,0.0,0.0,0.0,0.0,0.664,0.013
MOZ,Mozambique,Rural,2007,MOZ_2007_CEN,0.392,0.0,0.003,0.0,0.0,0.0,0.055,0.306,0.0,0.0,0.0,0.636,0.0
MOZ,Mozambique,Rural,2009,MOZ_2009_AIS,0.411,0.001,0.002,0.062,0.002,0.005,0.14500000000000002,0.24,0.005,0.0,0.0,0.526,0.012
MOZ,Mozambique,Rural,2015,MOZ_2015_AFB,0.457,0.0,0.0,0.0,0.0,0.0,0.0,0.0,0.0,0.0,0.0,0.027,0.973
MOZ,Mozambique,Rural,2018,MOZ_2018_AFB,0.469,0.0,0.0,0.0,0.0,0.0,0.0,0.0,0.0,0.0,0.0,0.016,0.984
MOZ,Mozambique,Rural,2018,MOZ_2018_MIS,0.469,0.0,0.013,0.005,0.0,0.006,0.214,0.382,0.0,0.002,0.001,0.374,0.003
MOZ,Mozambique,Rural,2020,MOZ_2020_IOF,0.477,0.0,0.0,0.0,0.016,0.0,0.591,0.0,0.0,0.0,0.0,0.393,0.0
MOZ,Mozambique,Urban,2001,MOZ_2001_QUIBB,0.326,0.053,0.054,0.0,0.0,0.0,0.6399999999999999,0.0,0.0,0.0,0.0,0.213,0.04
MOZ,Mozambique,Urban,2005,MOZ_2005_IFTRAB,0.371,0.054,0.102,0.0,0.0,0.0,0.622,0.0,0.0,0.0,0.0,0.166,0.056
MOZ,Mozambique,Urban,2007,MOZ_2007_CEN,0.392,0.0,0.12,0.0,0.0,0.0,0.34199999999999997,0.339,0.0,0.0,0.0,0.199,0.0
MOZ,Mozambique,Urban,2009,MOZ_2009_AIS,0.411,0.046,0.095,0.106,0.003,0.007,0.269,0.284,0.002,0.001,0.001,0.175,0.011
MOZ,Mozambique,Urban,2009,MOZ_2009_IOF,0.411,0.0,0.132,0.0,0.0,0.0,0.284,0.36,0.0,0.0,0.0,0.223,0.001
MOZ,Mozambique,Urban,2015,MOZ_2015_AFB,0.457,0.0,0.0,0.0,0.0,0.0,0.0,0.0,0.0,0.0,0.0,0.008,0.992
MOZ,Mozambique,Urban,2015,MOZ_2015_IOF,0.457,0.0,0.188,0.0,0.0,0.0,0.39,0.295,0.0,0.0,0.0,0.127,0.0
MOZ,Mozambique,Urban,2018,MOZ_2018_AFB,0.469,0.0,0.0,0.0,0.0,0.0,0.0,0.0,0.0,0.0,0.0,0.007,0.993
MOZ,Mozambique,Urban,2018,MOZ_2018_MIS,0.469,0.029,0.241,0.041,0.001,0.008,0.382,0.203,0.0,0.0,0.001,0.091,0.003
MOZ,Mozambique,Urban,2020,MOZ_2020_IOF,0.477,0.0,0.0,0.0,0.273,0.0,0.6080000000000001,0.0,0.0,0.0,0.0,0.119,0.0
MRT,Mauritania,Rural,1995,MRT_1995_CEN,0.439,0.008,0.087,0.0,0.0,0.0,0.319,0.0,0.0,0.0,0.0,0.0,0.586
MRT,Mauritania,Rural,1996,MRT_1996_MICS,0.448,0.008,0.087,0.0,0.0,0.0,0.096,0.223,0.0,0.0,0.0,0.486,0.1
MRT,Mauritania,Urban,1995,MRT_1995_CEN,0.439,0.05,0.085,0.0,0.0,0.0,0.593,0.0,0.0,0.0,0.0,0.0,0.272
MRT,Mauritania,Urban,1996,MRT_1996_MICS,0.448,0.05,0.085,0.0,0.0,0.0,0.307,0.286,0.0,0.0,0.0,0.23,0.042
MRT,Mauritania,Urban,2011,MRT_2011_MICS,0.53,0.043,0.156,0.227,0.003,0.0,0.309,0.119,0.005,0.0,0.001,0.116,0.020999999999999998
MSR,Montserrat,Rural,1991,MSR_1991_CEN,,0.007,0.692,0.0,0.0,0.0,0.185,0.0,0.0,0.0,0.0,0.108,0.008
MSR,Montserrat,Rural,2001,MSR_2001_CEN,,0.142,0.73,0.0,0.0,0.0,0.065,0.0,0.0,0.0,0.0,0.037,0.026
MSR,Montserrat,Rural,2011,MSR_2011_CEN,,0.185,0.773,0.0,0.0,0.0,0.024,0.0,0.0,0.0,0.0,0.017,0.001
MSR,Montserrat,Urban,1991,MSR_1991_CEN,,0.007,0.692,0.0,0.0,0.0,0.185,0.0,0.0,0.0,0.0,0.108,0.008
MSR,Montserrat,Urban,2001,MSR_2001_CEN,,0.142,0.73,0.0,0.0,0.0,0.065,0.0,0.0,0.0,0.0,0.037,0.026
MSR,Montserrat,Urban,2011,MSR_2011_CEN,,0.185,0.773,0.0,0.0,0.0,0.024,0.0,0.0,0.0,0.0,0.017,0.001
MTQ,Martinique,Rural,2006,MTQ_2006_CEN,,0.114,0.24,0.102,0.0,0.0,0.542,0.0,0.0,0.0,0.0,0.0,0.002
MTQ,Martinique,Rural,2007,MTQ_2007_CEN,,0.428,0.509,0.013,0.0,0.0,0.05,0.0,0.0,0.0,0.0,0.0,0.0
MTQ,Martinique,Rural,2008,MTQ_2008_CEN,,0.436,0.502,0.013,0.0,0.0,0.049,0.0,0.0,0.0,0.0,0.0,0.0
MTQ,Martinique,Rural,2009,MTQ_2009_CEN,,0.437,0.513,0.012,0.0,0.0,0.038,0.0,0.0,0.0,0.0,0.0,0.0
MTQ,Martinique,Rural,2010,MTQ_2010_CEN,,0.447,0.512,0.011,0.0,0.0,0.03,0.0,0.0,0.0,0.0,0.0,0.0
MTQ,Martinique,Rural,2011,MTQ_2011_CEN,,0.451,0.508,0.011,0.0,0.0,0.03,0.0,0.0,0.0,0.0,0.0,0.0
MTQ,Martinique,Rural,2014,MTQ_2014_CEN,,0.455,0.512,0.008,0.0,0.0,0.025,0.0,0.0,0.0,0.0,0.0,0.0
MTQ,Martinique,Rural,2016,MTQ_2016_CEN,,0.454,0.516,0.007,0.0,0.0,0.023,0.0,0.0,0.0,0.0,0.0,0.0
MTQ,Martinique,Rural,2018,MTQ_2018_CEN,,0.455,0.518,0.006,0.0,0.0,0.021,0.0,0.0,0.0,0.0,0.0,0.0
MTQ,Martinique,Rural,2019,MTQ_2019_CEN,,0.454,0.519,0.006,0.0,0.0,0.021,0.0,0.0,0.0,0.0,0.0,0.0
MTQ,Martinique,Urban,1999,MTQ_1999_REC,,0.393,0.543,0.0,0.0,0.0,0.0,0.0,0.0,0.0,0.0,0.0,0.064
MTQ,Martinique,Urban,2006,MTQ_2006_CEN,,0.411,0.426,0.044,0.0,0.0,0.103,0.0,0.0,0.0,0.0,0.0,0.016
MTQ,Martinique,Urban,2007,MTQ_2007_CEN,,0.428,0.509,0.013,0.0,0.0,0.05,0.0,0.0,0.0,0.0,0.0,0.0
MTQ,Martinique,Urban,2008,MTQ_2008_CEN,,0.436,0.502,0.013,0.0,0.0,0.049,0.0,0.0,0.0,0.0,0.0,0.0
MTQ,Martinique,Urban,2009,MTQ_2009_CEN,,0.437,0.513,0.012,0.0,0.0,0.038,0.0,0.0,0.0,0.0,0.0,0.0
MTQ,Martinique,Urban,2010,MTQ_2010_CEN,,0.447,0.512,0.011,0.0,0.0,0.03,0.0,0.0,0.0,0.0,0.0,0.0
MTQ,Martinique,Urban,2011,MTQ_2011_CEN,,0.451,0.508,0.011,0.0,0.0,0.03,0.0,0.0,0.0,0.0,0.0,0.0
MTQ,Martinique,Urban,2014,MTQ_2014_CEN,,0.455,0.512,0.008,0.0,0.0,0.025,0.0,0.0,0.0,0.0,0.0,0.0
MTQ,Martinique,Urban,2016,MTQ_2016_CEN,,0.454,0.516,0.007,0.0,0.0,0.023,0.0,0.0,0.0,0.0,0.0,0.0
MTQ,Martinique,Urban,2018,MTQ_2018_CEN,,0.455,0.518,0.006,0.0,0.0,0.021,0.0,0.0,0.0,0.0,0.0,0.0
MTQ,Martinique,Urban,2019,MTQ_2019_CEN,,0.454,0.519,0.006,0.0,0.0,0.021,0.0,0.0,0.0,0.0,0.0,0.0
MUS,Mauritius,Rural,2012,MUS_2012_AFB,0.778,0.0,0.0,0.0,0.0,0.0,0.0,0.0,0.0,0.0,0.0,0.001,0.999
MUS,Mauritius,Rural,2014,MUS_2014_AFB,0.79,0.0,0.0,0.0,0.0,0.0,0.0,0.0,0.0,0.0,0.0,0.0,1.0
MUS,Mauritius,Rural,2017,MUS_2017_AFB,0.799,0.0,0.0,0.0,0.0,0.0,0.0,0.0,0.0,0.0,0.0,0.003,0.997
MUS,Mauritius,Rural,2020,MUS_2020_AFB,0.795,0.0,0.0,0.0,0.0,0.0,0.0,0.0,0.0,0.0,0.0,0.002,0.998
MUS,Mauritius,Urban,2012,MUS_2012_AFB,0.778,0.0,0.0,0.0,0.0,0.0,0.0,0.0,0.0,0.0,0.0,0.003,0.997
MUS,Mauritius,Urban,2014,MUS_2014_AFB,0.79,0.0,0.0,0.0,0.0,0.0,0.0,0.0,0.0,0.0,0.0,0.0,1.0
MUS,Mauritius,Urban,2017,MUS_2017_AFB,0.799,0.0,0.0,0.0,0.0,0.0,0.0,0.0,0.0,0.0,0.0,0.003,0.997
MUS,Mauritius,Urban,2020,MUS_2020_AFB,0.795,0.0,0.0,0.0,0.0,0.0,0.0,0.0,0.0,0.0,0.0,0.003,0.997
MWI,Malawi,Rural,2008,MWI_2008_WMS,0.455,0.01,0.0,0.0,0.0,0.0,0.28,0.64,0.0,0.0,0.0,0.07,0.0
MWI,Malawi,Rural,2011,MWI_2011_IHS,0.483,0.012,0.0,0.0,0.0,0.0,0.685,0.199,0.0,0.0,0.0,0.102,0.002
MWI,Malawi,Rural,2012,MWI_2012_AFB,0.488,0.0,0.0,0.0,0.0,0.0,0.0,0.0,0.0,0.0,0.0,0.044,0.956
MWI,Malawi,Rural,2014,MWI_2014_AFB,0.5,0.0,0.0,0.0,0.0,0.0,0.0,0.0,0.0,0.0,0.0,0.005,0.995
MWI,Malawi,Rural,2017,MWI_2017_AFB,0.508,0.0,0.0,0.0,0.0,0.0,0.0,0.0,0.0,0.0,0.0,0.02,0.98
MWI,Malawi,Rural,2019,MWI_2019_AFB,0.513,0.0,0.0,0.0,0.0,0.0,0.0,0.0,0.0,0.0,0.0,0.055,0.945
MWI,Malawi,Rural,2020,MWI_2020_MICS,0.512,0.003,0.02,0.001,0.0,0.0,0.774,0.124,0.003,0.0,0.003,0.067,0.005
MWI,Malawi,Urban,1995,MWI_1995_MICS,0.37,0.027,0.072,0.0,0.0,0.0,0.865,0.0,0.0,0.0,0.0,0.036,0.0
MWI,Malawi,Urban,2006,MWI_2006_MICS,0.436,0.012,0.109,0.001,0.001,0.004,0.323,0.523,0.0,0.0,0.0,0.024,0.003
MWI,Malawi,Urban,2008,MWI_2008_WMS,0.455,0.12,0.0,0.0,0.0,0.0,0.49,0.38,0.0,0.0,0.0,0.01,0.0
MWI,Malawi,Urban,2009,MWI_2009_WMS,0.465,0.11,0.0,0.0,0.0,0.0,0.39,0.47,0.0,0.0,0.0,0.03,0.0
MWI,Malawi,Urban,2011,MWI_2011_IHS,0.483,0.123,0.0,0.0,0.0,0.0,0.744,0.123,0.0,0.0,0.0,0.01,0.0
MWI,Malawi,Urban,2012,MWI_2012_AFB,0.488,0.0,0.0,0.0,0.0,0.0,0.0,0.0,0.0,0.0,0.0,0.014,0.986
MWI,Malawi,Urban,2014,MWI_2014_AFB,0.5,0.0,0.0,0.0,0.0,0.0,0.0,0.0,0.0,0.0,0.0,0.003,0.997
MWI,Malawi,Urban,2017,MWI_2017_AFB,0.508,0.0,0.0,0.0,0.0,0.0,0.0,0.0,0.0,0.0,0.0,0.025,0.975
MWI,Malawi,Urban,2019,MWI_2019_AFB,0.513,0.0,0.0,0.0,0.0,0.0,0.0,0.0,0.0,0.0,0.0,0.01,0.99
MWI,Malawi,Urban,2020,MWI_2020_MICS,0.512,0.003,0.02,0.001,0.0,0.0,0.774,0.124,0.003,0.0,0.003,0.067,0.005
MYS,Malaysia,Rural,2009,MYS_2009_HIBAS,0.773,0.0,0.0,0.0,0.965,0.0,0.0,0.0,0.0,0.0,0.0,0.0,0.035
MYS,Malaysia,Rural,2012,MYS_2012_HIBAS,0.787,0.0,0.0,0.0,0.985,0.0,0.0,0.0,0.0,0.0,0.0,0.0,0.015
MYS,Malaysia,Rural,2015,MYS_2015_REG,0.8,0.764,0.236,0.0,0.0,0.0,0.0,0.0,0.0,0.0,0.0,0.0,0.0
MYS,Malaysia,Rural,2016,MYS_2016_REG,0.805,0.77,0.23,0.0,0.0,0.0,0.0,0.0,0.0,0.0,0.0,0.0,0.0
MYS,Malaysia,Rural,2017,MYS_2017_REG,0.807,0.781,0.219,0.0,0.0,0.0,0.0,0.0,0.0,0.0,0.0,0.0,0.0
MYS,Malaysia,Rural,2018,MYS_2018_REG,0.809,0.777,0.223,0.0,0.0,0.0,0.0,0.0,0.0,0.0,0.0,0.0,0.0
MYS,Malaysia,Rural,2019,MYS_2019_HIBAS,0.812,0.0,0.0,0.0,0.989,0.0,0.0,0.0,0.0,0.0,0.0,0.0,0.011
MYS,Malaysia,Rural,2019,MYS_2019_REG,0.812,0.781,0.219,0.0,0.0,0.0,0.0,0.0,0.0,0.0,0.0,0.0,0.0
MYS,Malaysia,Rural,2020,MYS_2020_REG,0.81,0.784,0.216,0.0,0.0,0.0,0.0,0.0,0.0,0.0,0.0,0.0,0.0
MYS,Malaysia,Urban,2009,MYS_2009_HIBAS,0.773,0.0,0.0,0.0,0.993,0.0,0.0,0.0,0.0,0.0,0.0,0.0,0.007
MYS,Malaysia,Urban,2012,MYS_2012_HIBAS,0.787,0.0,0.0,0.0,0.996,0.0,0.0,0.0,0.0,0.0,0.0,0.0,0.004
MYS,Malaysia,Urban,2015,MYS_2015_REG,0.8,0.764,0.236,0.0,0.0,0.0,0.0,0.0,0.0,0.0,0.0,0.0,0.0
MYS,Malaysia,Urban,2016,MYS_2016_REG,0.805,0.77,0.23,0.0,0.0,0.0,0.0,0.0,0.0,0.0,0.0,0.0,0.0
MYS,Malaysia,Urban,2017,MYS_2017_REG,0.807,0.781,0.219,0.0,0.0,0.0,0.0,0.0,0.0,0.0,0.0,0.0,0.0
MYS,Malaysia,Urban,2018,MYS_2018_REG,0.809,0.777,0.223,0.0,0.0,0.0,0.0,0.0,0.0,0.0,0.0,0.0,0.0
MYS,Malaysia,Urban,2019,MYS_2019_HIBAS,0.812,0.0,0.0,0.0,0.999,0.0,0.0,0.0,0.0,0.0,0.0,0.0,0.001
MYS,Malaysia,Urban,2019,MYS_2019_REG,0.812,0.781,0.219,0.0,0.0,0.0,0.0,0.0,0.0,0.0,0.0,0.0,0.0
MYS,Malaysia,Urban,2020,MYS_2020_REG,0.81,0.784,0.216,0.0,0.0,0.0,0.0,0.0,0.0,0.0,0.0,0.0,0.0
MYT,Mayotte,Rural,2012,MYT_2012_CEN,,0.185,0.353,0.0,0.0,0.0,0.0,0.0,0.0,0.0,0.0,0.0,0.462
MYT,Mayotte,Rural,2017,MYT_2017_CEN,,0.467,0.353,0.11,0.0,0.0,0.07,0.0,0.0,0.0,0.0,0.0,0.0
MYT,Mayotte,Urban,2012,MYT_2012_CEN,,0.185,0.353,0.0,0.0,0.0,0.0,0.0,0.0,0.0,0.0,0.0,0.462
MYT,Mayotte,Urban,2017,MYT_2017_CEN,,0.467,0.353,0.11,0.0,0.0,0.07,0.0,0.0,0.0,0.0,0.0,0.0
NAM,Namibia,Rural,2012,NAM_2012_AFB,0.607,0.0,0.0,0.0,0.0,0.0,0.0,0.0,0.0,0.0,0.0,0.552,0.448
NAM,Namibia,Rural,2014,NAM_2014_AFB,0.624,0.0,0.0,0.0,0.0,0.0,0.0,0.0,0.0,0.0,0.0,0.493,0.507
NAM,Namibia,Rural,2017,NAM_2017_AFB,0.638,0.0,0.0,0.0,0.0,0.0,0.0,0.0,0.0,0.0,0.0,0.317,0.683
NAM,Namibia,Rural,2019,NAM_2019_AFB,0.647,0.0,0.0,0.0,0.0,0.0,0.0,0.0,0.0,0.0,0.0,0.552,0.448
NAM,Namibia,Urban,2011,NAM_2011_CEN,0.598,0.656,0.031,0.0,0.0,0.0,0.057999999999999996,0.014,0.0,0.013,0.0,0.224,0.004
NAM,Namibia,Urban,2012,NAM_2012_AFB,0.607,0.0,0.0,0.0,0.0,0.0,0.0,0.0,0.0,0.0,0.0,0.128,0.872
NAM,Namibia,Urban,2014,NAM_2014_AFB,0.624,0.0,0.0,0.0,0.0,0.0,0.0,0.0,0.0,0.0,0.0,0.103,0.897
NAM,Namibia,Urban,2017,NAM_2017_AFB,0.638,0.0,0.0,0.0,0.0,0.0,0.0,0.0,0.0,0.0,0.0,0.112,0.888
NAM,Namibia,Urban,2019,NAM_2019_AFB,0.647,0.0,0.0,0.0,0.0,0.0,0.0,0.0,0.0,0.0,0.0,0.146,0.854
NER,Niger,Rural,1996,NER_1996_MICS,0.245,0.0,0.0,0.0,0.0,0.0,0.05,0.0,0.0,0.0,0.0,0.0,0.95
NER,Niger,Rural,2012,NER_2012_DHS-MICS,0.356,0.005,0.023,0.0,0.0,0.0,0.17099999999999999,0.076,0.0,0.005,0.0,0.719,0.001
NER,Niger,Rural,2013,NER_2013_AFB,0.362,0.0,0.0,0.0,0.0,0.0,0.0,0.0,0.0,0.0,0.0,0.265,0.735
NER,Niger,Rural,2015,NER_2015_AFB,0.374,0.0,0.0,0.0,0.0,0.0,0.0,0.0,0.0,0.0,0.0,0.457,0.543
NER,Niger,Rural,2017,NER_2017_PMA,0.384,0.006,0.02,0.037,0.001,0.023,0.196,0.088,0.001,0.0,0.0,0.621,0.007
NER,Niger,Rural,2018,NER_2018_EHCVM,0.391,0.0,0.028,0.021,0.002,0.002,0.15600000000000003,0.052,0.0,0.0,0.008,0.729,0.002
NER,Niger,Rural,2020,NER_2020_AFB,0.404,0.0,0.0,0.0,0.0,0.0,0.0,0.0,0.0,0.0,0.0,0.69,0.31
NER,Niger,Urban,1996,NER_1996_MICS,0.245,0.0,0.0,0.0,0.0,0.0,0.788,0.0,0.0,0.0,0.0,0.0,0.212
NER,Niger,Urban,2012,NER_2012_DHS-MICS,0.356,0.005,0.023,0.0,0.0,0.0,0.17099999999999999,0.076,0.0,0.005,0.0,0.719,0.001
NER,Niger,Urban,2013,NER_2013_AFB,0.362,0.0,0.0,0.0,0.0,0.0,0.0,0.0,0.0,0.0,0.0,0.034,0.966
NER,Niger,Urban,2015,NER_2015_AFB,0.374,0.0,0.0,0.0,0.0,0.0,0.0,0.0,0.0,0.0,0.0,0.069,0.931
NER,Niger,Urban,2017,NER_2017_PMA,0.384,0.006,0.02,0.037,0.001,0.023,0.196,0.088,0.001,0.0,0.0,0.621,0.007
NER,Niger,Urban,2018,NER_2018_EHCVM,0.391,0.0,0.028,0.021,0.002,0.002,0.15600000000000003,0.052,0.0,0.0,0.008,0.729,0.002
NER,Niger,Urban,2019,NER_2019_PROSEHA,0.4,0.0,0.369,0.0,0.0,0.0,0.511,0.0,0.0,0.0,0.0,0.107,0.013
NER,Niger,Urban,2020,NER_2020_AFB,0.404,0.0,0.0,0.0,0.0,0.0,0.0,0.0,0.0,0.0,0.0,0.098,0.902
NGA,Nigeria,Rural,1995,NGA_1995_MICS,0.402,0.08,0.02,0.0,0.0,0.0,0.47000000000000003,0.13,0.0,0.0,0.0,0.27,0.03
NGA,Nigeria,Rural,2010,NGA_2010_CEN,0.502,0.032,0.024,0.0,0.0,0.0,0.402,0.221,0.046,0.017,0.0,0.157,0.10099999999999999
NGA,Nigeria,Rural,2010,NGA_2010_MIS,0.502,0.038,0.019,0.016,0.0,0.002,0.267,0.227,0.033,0.0,0.002,0.396,0.0
NGA,Nigeria,Rural,2013,NGA_2013_AFB,0.517,0.0,0.0,0.0,0.0,0.0,0.0,0.0,0.0,0.0,0.0,0.059,0.941
NGA,Nigeria,Rural,2013,NGA_2013_DHS,0.517,0.045,0.097,0.047,0.0,0.003,0.34800000000000003,0.156,0.014,0.001,0.001,0.288,0.0
NGA,Nigeria,Rural,2015,NGA_2015_AFB,0.53,0.0,0.0,0.0,0.0,0.0,0.0,0.0,0.0,0.0,0.0,0.025,0.975
NGA,Nigeria,Rural,2016,NGA_2016_PMA,0.532,0.079,0.041,0.038,0.001,0.001,0.265,0.305,0.022,0.001,0.008,0.234,0.005
NGA,Nigeria,Rural,2017,NGA_2017_AFB,0.534,0.0,0.0,0.0,0.0,0.0,0.0,0.0,0.0,0.0,0.0,0.017,0.983
NGA,Nigeria,Rural,2020,NGA_2020_AFB,0.547,0.0,0.0,0.0,0.0,0.0,0.0,0.0,0.0,0.0,0.0,0.19,0.81
NGA,Nigeria,Rural,2021,NGA_2021_MICS,0.554,0.039,0.229,0.076,0.002,0.004,0.226,0.182,0.013,0.001,0.003,0.222,0.003
NGA,Nigeria,Urban,1995,NGA_1995_MICS,0.402,0.08,0.02,0.0,0.0,0.0,0.47000000000000003,0.13,0.0,0.0,0.0,0.27,0.03
NGA,Nigeria,Urban,2007,NGA_2007_MICS,0.492,0.103,0.163,0.129,0.0,0.004,0.305,0.142,0.006,0.0,0.0,0.136,0.012
NGA,Nigeria,Urban,2010,NGA_2010_CEN,0.502,0.165,0.171,0.0,0.0,0.0,0.36800000000000005,0.075,0.083,0.013,0.0,0.085,0.04
NGA,Nigeria,Urban,2010,NGA_2010_MIS,0.502,0.188,0.107,0.049,0.001,0.013,0.28600000000000003,0.122,0.026,0.001,0.0,0.206,0.001
NGA,Nigeria,Urban,2013,NGA_2013_AFB,0.517,0.0,0.0,0.0,0.0,0.0,0.0,0.0,0.0,0.0,0.0,0.037,0.963
NGA,Nigeria,Urban,2013,NGA_2013_DHS,0.517,0.045,0.097,0.047,0.0,0.003,0.34800000000000003,0.156,0.014,0.001,0.001,0.288,0.0
NGA,Nigeria,Urban,2015,NGA_2015_AFB,0.53,0.0,0.0,0.0,0.0,0.0,0.0,0.0,0.0,0.0,0.0,0.02,0.98
NGA,Nigeria,Urban,2016,NGA_2016_PMA,0.532,0.269,0.336,0.106,0.002,0.005,0.177,0.059,0.02,0.008,0.0,0.016,0.002
NGA,Nigeria,Urban,2017,NGA_2017_AFB,0.534,0.0,0.0,0.0,0.0,0.0,0.0,0.0,0.0,0.0,0.0,0.009,0.991
NGA,Nigeria,Urban,2019,NGA_2019_GHS,0.544,0.093,0.282,0.127,0.0,0.001,0.331,0.079,0.01,0.0,0.0,0.073,0.004
NGA,Nigeria,Urban,2020,NGA_2020_AFB,0.547,0.0,0.0,0.0,0.0,0.0,0.0,0.0,0.0,0.0,0.0,0.047,0.953
NGA,Nigeria,Urban,2021,NGA_2021_MICS,0.554,0.039,0.229,0.076,0.002,0.004,0.226,0.182,0.013,0.001,0.003,0.222,0.003
NIC,Nicaragua,Rural,1998,NIC_1998_LSMS,0.569,0.002,0.011,0.0,0.0,0.0,0.625,0.0,0.0,0.0,0.0,0.362,0.0
NIC,Nicaragua,Rural,2005,NIC_2005_CEN,0.63,0.0,0.02,0.0,0.0,0.001,0.676,0.0,0.0,0.0,0.0,0.303,0.0
NIC,Nicaragua,Rural,2005,NIC_2005_LSMS,0.63,0.002,0.021,0.0,0.0,0.0,0.761,0.0,0.0,0.0,0.0,0.216,0.0
NIC,Nicaragua,Rural,2009,NIC_2009_ECH,0.646,0.215,0.09,0.0,0.315,0.003,0.264,0.0,0.0,0.0,0.0,0.113,0.0
NIC,Nicaragua,Rural,2009,NIC_2009_EMNV,0.646,0.004,0.029,0.0,0.0,0.0,0.794,0.0,0.0,0.0,0.0,0.173,0.0
NIC,Nicaragua,Rural,2010,NIC_2010_ECH,0.651,0.22,0.106,0.0,0.345,0.003,0.219,0.0,0.0,0.0,0.0,0.107,0.0
NIC,Nicaragua,Rural,2011,NIC_2011_ECH,0.657,0.225,0.108,0.0,0.354,0.002,0.206,0.0,0.0,0.0,0.0,0.105,0.0
NIC,Nicaragua,Rural,2012,NIC_2012_ECH,0.664,0.238,0.119,0.0,0.399,0.004,0.154,0.0,0.0,0.0,0.0,0.086,0.0
NIC,Nicaragua,Rural,2013,NIC_2013_ECH,0.668,0.245,0.129,0.0,0.4,0.002,0.137,0.0,0.0,0.0,0.0,0.087,0.0
NIC,Nicaragua,Rural,2014,NIC_2014_EMNV,0.674,0.003,0.023,0.0,0.0,0.0,0.798,0.0,0.0,0.0,0.0,0.176,0.0
NIC,Nicaragua,Rural,2016,NIC_2016_ECH,0.684,0.272,0.15,0.0,0.361,0.001,0.162,0.0,0.0,0.0,0.0,0.054,0.0
NIC,Nicaragua,Rural,2019,NIC_2019_ECH,0.69,0.286,0.186,0.0,0.361,0.0,0.109,0.0,0.0,0.0,0.0,0.058,0.0
NIC,Nicaragua,Rural,2020,NIC_2020_ECH,0.676,0.287,0.191,0.0,0.375,0.002,0.098,0.0,0.0,0.0,0.0,0.047,0.0
NIC,Nicaragua,Urban,1998,NIC_1998_LSMS,0.569,0.228,0.094,0.0,0.0,0.0,0.62,0.0,0.001,0.0,0.0,0.057,0.0
NIC,Nicaragua,Urban,2005,NIC_2005_CEN,0.63,0.323,0.105,0.0,0.0,0.003,0.533,0.0,0.0,0.0,0.0,0.036,0.0
NIC,Nicaragua,Urban,2005,NIC_2005_LSMS,0.63,0.352,0.11,0.0,0.0,0.001,0.512,0.0,0.0,0.0,0.0,0.025,0.0
NIC,Nicaragua,Urban,2006,NIC_2006_ENDESA,0.636,0.395,0.121,0.0,0.0,0.0,0.449,0.0,0.0,0.0,0.0,0.032,0.003
NIC,Nicaragua,Urban,2009,NIC_2009_ECH,0.646,0.215,0.09,0.0,0.315,0.003,0.264,0.0,0.0,0.0,0.0,0.113,0.0
NIC,Nicaragua,Urban,2009,NIC_2009_EMNV,0.646,0.363,0.113,0.0,0.0,0.001,0.507,0.0,0.0,0.0,0.0,0.016,0.0
NIC,Nicaragua,Urban,2010,NIC_2010_ECH,0.651,0.22,0.106,0.0,0.345,0.003,0.219,0.0,0.0,0.0,0.0,0.107,0.0
NIC,Nicaragua,Urban,2011,NIC_2011_ECH,0.657,0.225,0.108,0.0,0.354,0.002,0.206,0.0,0.0,0.0,0.0,0.105,0.0
NIC,Nicaragua,Urban,2012,NIC_2012_ECH,0.664,0.238,0.119,0.0,0.399,0.004,0.154,0.0,0.0,0.0,0.0,0.086,0.0
NIC,Nicaragua,Urban,2013,NIC_2013_ECH,0.668,0.245,0.129,0.0,0.4,0.002,0.137,0.0,0.0,0.0,0.0,0.087,0.0
NIC,Nicaragua,Urban,2014,NIC_2014_EMNV,0.674,0.353,0.106,0.0,0.0,0.002,0.525,0.0,0.0,0.0,0.0,0.014,0.0
NIC,Nicaragua,Urban,2016,NIC_2016_ECH,0.684,0.272,0.15,0.0,0.361,0.001,0.162,0.0,0.0,0.0,0.0,0.054,0.0
NIC,Nicaragua,Urban,2019,NIC_2019_ECH,0.69,0.286,0.186,0.0,0.361,0.0,0.109,0.0,0.0,0.0,0.0,0.058,0.0
NIC,Nicaragua,Urban,2020,NIC_2020_ECH,0.676,0.287,0.191,0.0,0.375,0.002,0.098,0.0,0.0,0.0,0.0,0.047,0.0
NIU,Niue,Rural,1997,NIU_1997_CEN,,0.04,0.66,0.0,0.0,0.0,0.0,0.3,0.0,0.0,0.0,0.0,0.0
NIU,Niue,Rural,2006,NIU_2006_CEN,,0.07,0.78,0.15,0.0,0.0,0.0,0.0,0.0,0.0,0.0,0.0,0.0
NIU,Niue,Urban,1997,NIU_1997_CEN,,0.04,0.66,0.0,0.0,0.0,0.0,0.3,0.0,0.0,0.0,0.0,0.0
NIU,Niue,Urban,2006,NIU_2006_CEN,,0.07,0.78,0.15,0.0,0.0,0.0,0.0,0.0,0.0,0.0,0.0,0.0
NLD,"Netherlands, Kingdom of the",Rural,1990,NLD_1990_ES,0.855,0.95,0.0,0.0,0.0,0.0,0.05,0.0,0.0,0.0,0.0,0.0,0.0
NLD,"Netherlands, Kingdom of the",Rural,1995,NLD_1995_ES,0.886,0.97,0.03,0.0,0.0,0.0,0.0,0.0,0.0,0.0,0.0,0.0,0.0
NLD,"Netherlands, Kingdom of the",Rural,1996,NLD_1996_ES,0.89,0.97,0.03,0.0,0.0,0.0,0.0,0.0,0.0,0.0,0.0,0.0,0.0
NLD,"Netherlands, Kingdom of the",Rural,1997,NLD_1997_ES,0.891,0.98,0.02,0.0,0.0,0.0,0.0,0.0,0.0,0.0,0.0,0.0,0.0
NLD,"Netherlands, Kingdom of the",Rural,1998,NLD_1998_ES,0.893,0.98,0.02,0.0,0.0,0.0,0.0,0.0,0.0,0.0,0.0,0.0,0.0
NLD,"Netherlands, Kingdom of the",Rural,1999,NLD_1999_ES,0.894,0.98,0.02,0.0,0.0,0.0,0.0,0.0,0.0,0.0,0.0,0.0,0.0
NLD,"Netherlands, Kingdom of the",Rural,2000,NLD_2000_ES,0.9,0.98,0.02,0.0,0.0,0.0,0.0,0.0,0.0,0.0,0.0,0.0,0.0
NLD,"Netherlands, Kingdom of the",Rural,2001,NLD_2001_ES,0.902,0.98,0.02,0.0,0.0,0.0,0.0,0.0,0.0,0.0,0.0,0.0,0.0
NLD,"Netherlands, Kingdom of the",Rural,2003,NLD_2003_ES,0.901,0.99,0.01,0.0,0.0,0.0,0.0,0.0,0.0,0.0,0.0,0.0,0.0
NLD,"Netherlands, Kingdom of the",Rural,2004,NLD_2004_ES,0.904,0.99,0.01,0.0,0.0,0.0,0.0,0.0,0.0,0.0,0.0,0.0,0.0
NLD,"Netherlands, Kingdom of the",Rural,2005,NLD_2005_ES,0.907,0.99,0.01,0.0,0.0,0.0,0.0,0.0,0.0,0.0,0.0,0.0,0.0
NLD,"Netherlands, Kingdom of the",Rural,2006,NLD_2006_ES,0.914,0.991,0.009,0.0,0.0,0.0,0.0,0.0,0.0,0.0,0.0,0.0,0.0
NLD,"Netherlands, Kingdom of the",Rural,2008,NLD_2008_ES,0.92,0.993,0.007,0.0,0.0,0.0,0.0,0.0,0.0,0.0,0.0,0.0,0.0
NLD,"Netherlands, Kingdom of the",Rural,2010,NLD_2010_ES,0.925,0.993,0.007,0.0,0.0,0.0,0.0,0.0,0.0,0.0,0.0,0.0,0.0
NLD,"Netherlands, Kingdom of the",Rural,2011,NLD_2011_ES,0.935,0.994,0.006,0.0,0.0,0.0,0.0,0.0,0.0,0.0,0.0,0.0,0.0
NLD,"Netherlands, Kingdom of the",Rural,2012,NLD_2012_DDW,0.935,0.994,0.006,0.0,0.0,0.0,0.0,0.0,0.0,0.0,0.0,0.0,0.0
NLD,"Netherlands, Kingdom of the",Rural,2012,NLD_2012_ES,0.935,0.995,0.005,0.0,0.0,0.0,0.0,0.0,0.0,0.0,0.0,0.0,0.0
NLD,"Netherlands, Kingdom of the",Rural,2012,NLD_2012_EUSILC,0.935,0.999,0.0,0.0,0.0,0.0,0.0,0.0,0.0,0.0,0.0,0.0,0.001
NLD,"Netherlands, Kingdom of the",Rural,2013,NLD_2013_ES,0.937,0.994,0.006,0.0,0.0,0.0,0.0,0.0,0.0,0.0,0.0,0.0,0.0
NLD,"Netherlands, Kingdom of the",Rural,2013,NLD_2013_EUSILC,0.937,1.0,0.0,0.0,0.0,0.0,0.0,0.0,0.0,0.0,0.0,0.0,0.0
NLD,"Netherlands, Kingdom of the",Rural,2014,NLD_2014_ES,0.939,0.994,0.006,0.0,0.0,0.0,0.0,0.0,0.0,0.0,0.0,0.0,0.0
NLD,"Netherlands, Kingdom of the",Rural,2014,NLD_2014_EUSILC,0.939,1.0,0.0,0.0,0.0,0.0,0.0,0.0,0.0,0.0,0.0,0.0,0.0
NLD,"Netherlands, Kingdom of the",Rural,2015,NLD_2015_ES,0.94,0.994,0.006,0.0,0.0,0.0,0.0,0.0,0.0,0.0,0.0,0.0,0.0
NLD,"Netherlands, Kingdom of the",Rural,2015,NLD_2015_EUSILC,0.94,1.0,0.0,0.0,0.0,0.0,0.0,0.0,0.0,0.0,0.0,0.0,0.0
NLD,"Netherlands, Kingdom of the",Rural,2016,NLD_2016_PWH,0.941,0.995,0.005,0.0,0.0,0.0,0.0,0.0,0.0,0.0,0.0,0.0,0.0
NLD,"Netherlands, Kingdom of the",Rural,2017,NLD_2017_ES,0.945,0.995,0.005,0.0,0.0,0.0,0.0,0.0,0.0,0.0,0.0,0.0,0.0
NLD,"Netherlands, Kingdom of the",Rural,2018,NLD_2018_ES,0.947,0.995,0.005,0.0,0.0,0.0,0.0,0.0,0.0,0.0,0.0,0.0,0.0
NLD,"Netherlands, Kingdom of the",Rural,2019,NLD_2019_ES,0.95,0.995,0.005,0.0,0.0,0.0,0.0,0.0,0.0,0.0,0.0,0.0,0.0
NLD,"Netherlands, Kingdom of the",Rural,2020,NLD_2020_ES,0.945,0.995,0.005,0.0,0.0,0.0,0.0,0.0,0.0,0.0,0.0,0.0,0.0
NLD,"Netherlands, Kingdom of the",Urban,1985,NLD_1985_WHO,,1.0,0.0,0.0,0.0,0.0,0.0,0.0,0.0,0.0,0.0,0.0,0.0
NLD,"Netherlands, Kingdom of the",Urban,1990,NLD_1990_ES,0.855,1.0,0.0,0.0,0.0,0.0,0.0,0.0,0.0,0.0,0.0,0.0,0.0
NLD,"Netherlands, Kingdom of the",Urban,1995,NLD_1995_ES,0.886,0.97,0.03,0.0,0.0,0.0,0.0,0.0,0.0,0.0,0.0,0.0,0.0
NLD,"Netherlands, Kingdom of the",Urban,1996,NLD_1996_ES,0.89,0.97,0.03,0.0,0.0,0.0,0.0,0.0,0.0,0.0,0.0,0.0,0.0
NLD,"Netherlands, Kingdom of the",Urban,1997,NLD_1997_ES,0.891,0.98,0.02,0.0,0.0,0.0,0.0,0.0,0.0,0.0,0.0,0.0,0.0
NLD,"Netherlands, Kingdom of the",Urban,1998,NLD_1998_ES,0.893,0.98,0.02,0.0,0.0,0.0,0.0,0.0,0.0,0.0,0.0,0.0,0.0
NLD,"Netherlands, Kingdom of the",Urban,1999,NLD_1999_ES,0.894,0.98,0.02,0.0,0.0,0.0,0.0,0.0,0.0,0.0,0.0,0.0,0.0
NLD,"Netherlands, Kingdom of the",Urban,2000,NLD_2000_ES,0.9,0.98,0.02,0.0,0.0,0.0,0.0,0.0,0.0,0.0,0.0,0.0,0.0
NLD,"Netherlands, Kingdom of the",Urban,2001,NLD_2001_ES,0.902,0.98,0.02,0.0,0.0,0.0,0.0,0.0,0.0,0.0,0.0,0.0,0.0
NLD,"Netherlands, Kingdom of the",Urban,2003,NLD_2003_ES,0.901,0.99,0.01,0.0,0.0,0.0,0.0,0.0,0.0,0.0,0.0,0.0,0.0
NLD,"Netherlands, Kingdom of the",Urban,2004,NLD_2004_ES,0.904,0.99,0.01,0.0,0.0,0.0,0.0,0.0,0.0,0.0,0.0,0.0,0.0
NLD,"Netherlands, Kingdom of the",Urban,2005,NLD_2005_ES,0.907,0.99,0.01,0.0,0.0,0.0,0.0,0.0,0.0,0.0,0.0,0.0,0.0
NLD,"Netherlands, Kingdom of the",Urban,2006,NLD_2006_ES,0.914,0.991,0.009,0.0,0.0,0.0,0.0,0.0,0.0,0.0,0.0,0.0,0.0
NLD,"Netherlands, Kingdom of the",Urban,2008,NLD_2008_ES,0.92,0.993,0.007,0.0,0.0,0.0,0.0,0.0,0.0,0.0,0.0,0.0,0.0
NLD,"Netherlands, Kingdom of the",Urban,2010,NLD_2010_ES,0.925,0.993,0.007,0.0,0.0,0.0,0.0,0.0,0.0,0.0,0.0,0.0,0.0
NLD,"Netherlands, Kingdom of the",Urban,2011,NLD_2011_ES,0.935,0.994,0.006,0.0,0.0,0.0,0.0,0.0,0.0,0.0,0.0,0.0,0.0
NLD,"Netherlands, Kingdom of the",Urban,2012,NLD_2012_DDW,0.935,0.994,0.006,0.0,0.0,0.0,0.0,0.0,0.0,0.0,0.0,0.0,0.0
NLD,"Netherlands, Kingdom of the",Urban,2012,NLD_2012_ES,0.935,0.995,0.005,0.0,0.0,0.0,0.0,0.0,0.0,0.0,0.0,0.0,0.0
NLD,"Netherlands, Kingdom of the",Urban,2012,NLD_2012_EUSILC,0.935,1.0,0.0,0.0,0.0,0.0,0.0,0.0,0.0,0.0,0.0,0.0,0.0
NLD,"Netherlands, Kingdom of the",Urban,2013,NLD_2013_ES,0.937,0.994,0.006,0.0,0.0,0.0,0.0,0.0,0.0,0.0,0.0,0.0,0.0
NLD,"Netherlands, Kingdom of the",Urban,2013,NLD_2013_EUSILC,0.937,1.0,0.0,0.0,0.0,0.0,0.0,0.0,0.0,0.0,0.0,0.0,0.0
NLD,"Netherlands, Kingdom of the",Urban,2014,NLD_2014_ES,0.939,0.994,0.006,0.0,0.0,0.0,0.0,0.0,0.0,0.0,0.0,0.0,0.0
NLD,"Netherlands, Kingdom of the",Urban,2014,NLD_2014_EUSILC,0.939,1.0,0.0,0.0,0.0,0.0,0.0,0.0,0.0,0.0,0.0,0.0,0.0
NLD,"Netherlands, Kingdom of the",Urban,2015,NLD_2015_ES,0.94,0.994,0.006,0.0,0.0,0.0,0.0,0.0,0.0,0.0,0.0,0.0,0.0
NLD,"Netherlands, Kingdom of the",Urban,2015,NLD_2015_EUSILC,0.94,1.0,0.0,0.0,0.0,0.0,0.0,0.0,0.0,0.0,0.0,0.0,0.0
NLD,"Netherlands, Kingdom of the",Urban,2016,NLD_2016_PWH,0.941,0.995,0.005,0.0,0.0,0.0,0.0,0.0,0.0,0.0,0.0,0.0,0.0
NLD,"Netherlands, Kingdom of the",Urban,2017,NLD_2017_ES,0.945,0.995,0.005,0.0,0.0,0.0,0.0,0.0,0.0,0.0,0.0,0.0,0.0
NLD,"Netherlands, Kingdom of the",Urban,2018,NLD_2018_ES,0.947,0.995,0.005,0.0,0.0,0.0,0.0,0.0,0.0,0.0,0.0,0.0,0.0
NLD,"Netherlands, Kingdom of the",Urban,2019,NLD_2019_ES,0.95,0.995,0.005,0.0,0.0,0.0,0.0,0.0,0.0,0.0,0.0,0.0,0.0
NLD,"Netherlands, Kingdom of the",Urban,2020,NLD_2020_ES,0.945,0.995,0.005,0.0,0.0,0.0,0.0,0.0,0.0,0.0,0.0,0.0,0.0
NOR,Norway,Rural,1990,NOR_1990_ES,0.856,0.77,0.23,0.0,0.0,0.0,0.0,0.0,0.0,0.0,0.0,0.0,0.0
NOR,Norway,Rural,1993,NOR_1993_ES,0.875,0.8,0.2,0.0,0.0,0.0,0.0,0.0,0.0,0.0,0.0,0.0,0.0
NOR,Norway,Rural,1994,NOR_1994_ES,0.89,0.8,0.2,0.0,0.0,0.0,0.0,0.0,0.0,0.0,0.0,0.0,0.0
NOR,Norway,Rural,1995,NOR_1995_ES,0.887,0.8,0.2,0.0,0.0,0.0,0.0,0.0,0.0,0.0,0.0,0.0,0.0
NOR,Norway,Rural,1996,NOR_1996_ES,0.894,0.8,0.2,0.0,0.0,0.0,0.0,0.0,0.0,0.0,0.0,0.0,0.0
NOR,Norway,Rural,1997,NOR_1997_ES,0.9,0.8,0.2,0.0,0.0,0.0,0.0,0.0,0.0,0.0,0.0,0.0,0.0
NOR,Norway,Rural,1998,NOR_1998_ES,0.908,0.8,0.2,0.0,0.0,0.0,0.0,0.0,0.0,0.0,0.0,0.0,0.0
NOR,Norway,Rural,1999,NOR_1999_ES,0.913,0.8,0.2,0.0,0.0,0.0,0.0,0.0,0.0,0.0,0.0,0.0,0.0
NOR,Norway,Rural,2000,NOR_2000_ES,0.924,0.8,0.2,0.0,0.0,0.0,0.0,0.0,0.0,0.0,0.0,0.0,0.0
NOR,Norway,Rural,2002,NOR_2002_SN,0.923,0.812,0.179,0.0,0.0,0.0,0.0,0.0,0.0,0.0,0.0,0.0,0.009
NOR,Norway,Rural,2003,NOR_2003_ES,0.93,0.81,0.19,0.0,0.0,0.0,0.0,0.0,0.0,0.0,0.0,0.0,0.0
NOR,Norway,Rural,2004,NOR_2004_ES,0.937,0.81,0.19,0.0,0.0,0.0,0.0,0.0,0.0,0.0,0.0,0.0,0.0
NOR,Norway,Rural,2004,NOR_2004_SN,0.937,0.814,0.177,0.0,0.0,0.0,0.0,0.0,0.0,0.0,0.0,0.0,0.009
NOR,Norway,Rural,2006,NOR_2006_ES,0.942,0.78,0.17,0.0,0.0,0.0,0.0,0.0,0.0,0.0,0.0,0.0,0.05
NOR,Norway,Rural,2006,NOR_2006_SN,0.942,0.823,0.17,0.0,0.0,0.0,0.0,0.0,0.0,0.0,0.0,0.0,0.007
NOR,Norway,Rural,2007,NOR_2007_ES,0.943,0.783,0.168,0.0,0.0,0.0,0.0,0.0,0.0,0.0,0.0,0.0,0.049
NOR,Norway,Rural,2008,NOR_2008_SN,0.943,0.828,0.165,0.0,0.0,0.0,0.0,0.0,0.0,0.0,0.0,0.0,0.007
NOR,Norway,Rural,2010,NOR_2010_ES,0.947,0.8,0.161,0.0,0.0,0.0,0.0,0.0,0.0,0.0,0.0,0.0,0.039
NOR,Norway,Rural,2011,NOR_2011_ES,0.949,0.803,0.16,0.0,0.0,0.0,0.0,0.0,0.0,0.0,0.0,0.0,0.037
NOR,Norway,Rural,2011,NOR_2011_PWH,0.949,0.83,0.17,0.0,0.0,0.0,0.0,0.0,0.0,0.0,0.0,0.0,0.0
NOR,Norway,Rural,2011,NOR_2011_SN,0.949,0.835,0.158,0.0,0.0,0.0,0.0,0.0,0.0,0.0,0.0,0.0,0.007
NOR,Norway,Rural,2012,NOR_2012_ES,0.95,0.807,0.158,0.0,0.0,0.0,0.0,0.0,0.0,0.0,0.0,0.0,0.035
NOR,Norway,Rural,2012,NOR_2012_EUSILC,0.95,1.0,0.0,0.0,0.0,0.0,0.0,0.0,0.0,0.0,0.0,0.0,0.0
NOR,Norway,Rural,2012,NOR_2012_SN,0.95,0.837,0.154,0.0,0.0,0.0,0.0,0.0,0.0,0.0,0.0,0.0,0.009
NOR,Norway,Rural,2013,NOR_2013_ES,0.953,0.811,0.155,0.0,0.0,0.0,0.0,0.0,0.0,0.0,0.0,0.0,0.034
NOR,Norway,Rural,2013,NOR_2013_EUSILC,0.953,1.0,0.0,0.0,0.0,0.0,0.0,0.0,0.0,0.0,0.0,0.0,0.0
NOR,Norway,Rural,2014,NOR_2014_ES,0.956,0.818,0.152,0.0,0.0,0.0,0.0,0.0,0.0,0.0,0.0,0.0,0.03
NOR,Norway,Rural,2014,NOR_2014_ESDW,0.956,1.0,0.0,0.0,0.0,0.0,0.0,0.0,0.0,0.0,0.0,0.0,0.0
NOR,Norway,Rural,2014,NOR_2014_SN,0.956,0.843,0.148,0.0,0.0,0.0,0.0,0.0,0.0,0.0,0.001,0.0,0.008
NOR,Norway,Rural,2015,NOR_2015_ES,0.959,0.827,0.149,0.0,0.0,0.0,0.0,0.0,0.0,0.0,0.0,0.0,0.024
NOR,Norway,Rural,2015,NOR_2015_EUSILC,0.959,1.0,0.0,0.0,0.0,0.0,0.0,0.0,0.0,0.0,0.0,0.0,0.0
NOR,Norway,Rural,2015,NOR_2015_SN,0.959,0.846,0.146,0.0,0.0,0.0,0.0,0.0,0.0,0.0,0.001,0.0,0.007
NOR,Norway,Rural,2016,NOR_2016_SN,0.962,0.847,0.145,0.0,0.0,0.0,0.0,0.0,0.0,0.0,0.001,0.0,0.007
NOR,Norway,Rural,2017,NOR_2017_ES,0.965,0.834,0.147,0.0,0.0,0.0,0.0,0.0,0.0,0.0,0.0,0.0,0.019
NOR,Norway,Rural,2017,NOR_2017_SN,0.965,0.849,0.144,0.0,0.0,0.0,0.0,0.0,0.0,0.0,0.001,0.0,0.006
NOR,Norway,Rural,2018,NOR_2018_SN,0.966,0.853,0.139,0.0,0.0,0.0,0.0,0.0,0.0,0.0,0.001,0.0,0.007
NOR,Norway,Rural,2019,NOR_2019_SN,0.967,0.854,0.139,0.0,0.0,0.0,0.0,0.0,0.0,0.0,0.001,0.0,0.006
NOR,Norway,Rural,2020,NOR_2020_SN,0.969,0.858,0.135,0.0,0.0,0.0,0.0,0.0,0.0,0.0,0.001,0.0,0.006
NOR,Norway,Urban,1990,NOR_1990_ES,0.856,0.77,0.23,0.0,0.0,0.0,0.0,0.0,0.0,0.0,0.0,0.0,0.0
NOR,Norway,Urban,1993,NOR_1993_ES,0.875,0.8,0.2,0.0,0.0,0.0,0.0,0.0,0.0,0.0,0.0,0.0,0.0
NOR,Norway,Urban,1994,NOR_1994_ES,0.89,0.8,0.2,0.0,0.0,0.0,0.0,0.0,0.0,0.0,0.0,0.0,0.0
NOR,Norway,Urban,1995,NOR_1995_ES,0.887,0.8,0.2,0.0,0.0,0.0,0.0,0.0,0.0,0.0,0.0,0.0,0.0
NOR,Norway,Urban,1996,NOR_1996_ES,0.894,0.8,0.2,0.0,0.0,0.0,0.0,0.0,0.0,0.0,0.0,0.0,0.0
NOR,Norway,Urban,1997,NOR_1997_ES,0.9,0.8,0.2,0.0,0.0,0.0,0.0,0.0,0.0,0.0,0.0,0.0,0.0
NOR,Norway,Urban,1998,NOR_1998_ES,0.908,0.8,0.2,0.0,0.0,0.0,0.0,0.0,0.0,0.0,0.0,0.0,0.0
NOR,Norway,Urban,1999,NOR_1999_ES,0.913,0.8,0.2,0.0,0.0,0.0,0.0,0.0,0.0,0.0,0.0,0.0,0.0
NOR,Norway,Urban,2000,NOR_2000_ES,0.924,0.8,0.2,0.0,0.0,0.0,0.0,0.0,0.0,0.0,0.0,0.0,0.0
NOR,Norway,Urban,2002,NOR_2002_SN,0.923,0.812,0.179,0.0,0.0,0.0,0.0,0.0,0.0,0.0,0.0,0.0,0.009
NOR,Norway,Urban,2003,NOR_2003_ES,0.93,0.81,0.19,0.0,0.0,0.0,0.0,0.0,0.0,0.0,0.0,0.0,0.0
NOR,Norway,Urban,2004,NOR_2004_ES,0.937,0.81,0.19,0.0,0.0,0.0,0.0,0.0,0.0,0.0,0.0,0.0,0.0
NOR,Norway,Urban,2004,NOR_2004_SN,0.937,0.814,0.177,0.0,0.0,0.0,0.0,0.0,0.0,0.0,0.0,0.0,0.009
NOR,Norway,Urban,2006,NOR_2006_ES,0.942,0.78,0.17,0.0,0.0,0.0,0.0,0.0,0.0,0.0,0.0,0.0,0.05
NOR,Norway,Urban,2006,NOR_2006_SN,0.942,0.823,0.17,0.0,0.0,0.0,0.0,0.0,0.0,0.0,0.0,0.0,0.007
NOR,Norway,Urban,2007,NOR_2007_ES,0.943,0.783,0.168,0.0,0.0,0.0,0.0,0.0,0.0,0.0,0.0,0.0,0.049
NOR,Norway,Urban,2008,NOR_2008_SN,0.943,0.828,0.165,0.0,0.0,0.0,0.0,0.0,0.0,0.0,0.0,0.0,0.007
NOR,Norway,Urban,2010,NOR_2010_ES,0.947,0.8,0.161,0.0,0.0,0.0,0.0,0.0,0.0,0.0,0.0,0.0,0.039
NOR,Norway,Urban,2011,NOR_2011_ES,0.949,0.803,0.16,0.0,0.0,0.0,0.0,0.0,0.0,0.0,0.0,0.0,0.037
NOR,Norway,Urban,2011,NOR_2011_PWH,0.949,0.83,0.17,0.0,0.0,0.0,0.0,0.0,0.0,0.0,0.0,0.0,0.0
NOR,Norway,Urban,2011,NOR_2011_SN,0.949,0.835,0.158,0.0,0.0,0.0,0.0,0.0,0.0,0.0,0.0,0.0,0.007
NOR,Norway,Urban,2012,NOR_2012_ES,0.95,0.807,0.158,0.0,0.0,0.0,0.0,0.0,0.0,0.0,0.0,0.0,0.035
NOR,Norway,Urban,2012,NOR_2012_EUSILC,0.95,1.0,0.0,0.0,0.0,0.0,0.0,0.0,0.0,0.0,0.0,0.0,0.0
NOR,Norway,Urban,2012,NOR_2012_SN,0.95,0.837,0.154,0.0,0.0,0.0,0.0,0.0,0.0,0.0,0.0,0.0,0.009
NOR,Norway,Urban,2013,NOR_2013_ES,0.953,0.811,0.155,0.0,0.0,0.0,0.0,0.0,0.0,0.0,0.0,0.0,0.034
NOR,Norway,Urban,2013,NOR_2013_EUSILC,0.953,1.0,0.0,0.0,0.0,0.0,0.0,0.0,0.0,0.0,0.0,0.0,0.0
NOR,Norway,Urban,2014,NOR_2014_ES,0.956,0.818,0.152,0.0,0.0,0.0,0.0,0.0,0.0,0.0,0.0,0.0,0.03
NOR,Norway,Urban,2014,NOR_2014_ESDW,0.956,1.0,0.0,0.0,0.0,0.0,0.0,0.0,0.0,0.0,0.0,0.0,0.0
NOR,Norway,Urban,2014,NOR_2014_SN,0.956,0.843,0.148,0.0,0.0,0.0,0.0,0.0,0.0,0.0,0.001,0.0,0.008
NOR,Norway,Urban,2015,NOR_2015_ES,0.959,0.827,0.149,0.0,0.0,0.0,0.0,0.0,0.0,0.0,0.0,0.0,0.024
NOR,Norway,Urban,2015,NOR_2015_EUSILC,0.959,1.0,0.0,0.0,0.0,0.0,0.0,0.0,0.0,0.0,0.0,0.0,0.0
NOR,Norway,Urban,2015,NOR_2015_SN,0.959,0.846,0.146,0.0,0.0,0.0,0.0,0.0,0.0,0.0,0.001,0.0,0.007
NOR,Norway,Urban,2016,NOR_2016_SN,0.962,0.847,0.145,0.0,0.0,0.0,0.0,0.0,0.0,0.0,0.001,0.0,0.007
NOR,Norway,Urban,2017,NOR_2017_ES,0.965,0.834,0.147,0.0,0.0,0.0,0.0,0.0,0.0,0.0,0.0,0.0,0.019
NOR,Norway,Urban,2017,NOR_2017_SN,0.965,0.849,0.144,0.0,0.0,0.0,0.0,0.0,0.0,0.0,0.001,0.0,0.006
NOR,Norway,Urban,2018,NOR_2018_SN,0.966,0.853,0.139,0.0,0.0,0.0,0.0,0.0,0.0,0.0,0.001,0.0,0.007
NOR,Norway,Urban,2019,NOR_2019_SN,0.967,0.854,0.139,0.0,0.0,0.0,0.0,0.0,0.0,0.0,0.001,0.0,0.006
NOR,Norway,Urban,2020,NOR_2020_SN,0.969,0.858,0.135,0.0,0.0,0.0,0.0,0.0,0.0,0.0,0.001,0.0,0.006
NPL,Nepal,Rural,2006,NPL_2006_DHS,0.512,0.01,0.186,0.01,0.0,0.002,0.082,0.123,0.0,0.0,0.006,0.581,0.0
NPL,Nepal,Rural,2008,NPL_2008_NMIP,0.526,0.027,0.0,0.219,0.0,0.0,0.158,0.0,0.0,0.0,0.0,0.596,0.0
NPL,Nepal,Rural,2010,NPL_2010_LSMS,0.551,0.0,0.0,0.0,0.0,0.0,0.472,0.0,0.0,0.0,0.0,0.528,0.0
NPL,Nepal,Rural,2010,NPL_2010_MICS,0.551,0.011,0.154,0.128,0.0,0.002,0.081,0.02,0.0,0.0,0.016,0.587,0.001
NPL,Nepal,Rural,2011,NPL_2011_CEN,0.559,0.03,0.301,0.0,0.0,0.0,0.212,0.0,0.0,0.0,0.0,0.451,0.006
NPL,Nepal,Rural,2011,NPL_2011_DHS,0.559,0.031,0.337,0.046,0.0,0.003,0.10099999999999999,0.08,0.0,0.0,0.003,0.399,0.0
NPL,Nepal,Rural,2016,NPL_2016_NMSS,0.58,0.0,0.0,0.0,0.0,0.0,0.849,0.0,0.0,0.0,0.0,0.14,0.011
NPL,Nepal,Rural,2019,NPL_2019_MICS,0.604,0.105,0.531,0.247,0.002,0.007,0.039,0.002,0.0,0.0,0.014,0.05,0.003
NPL,Nepal,Urban,2006,NPL_2006_DHS,0.512,0.204,0.524,0.005,0.001,0.018,0.036000000000000004,0.039,0.0,0.0,0.0,0.173,0.0
NPL,Nepal,Urban,2008,NPL_2008_NMIP,0.526,0.027,0.0,0.219,0.0,0.0,0.158,0.0,0.0,0.0,0.0,0.596,0.0
NPL,Nepal,Urban,2010,NPL_2010_LSMS,0.551,0.0,0.0,0.0,0.0,0.0,0.882,0.0,0.0,0.0,0.0,0.118,0.0
NPL,Nepal,Urban,2010,NPL_2010_MICS,0.551,0.024,0.529,0.046,0.0,0.003,0.048999999999999995,0.016,0.0,0.001,0.02,0.308,0.004
NPL,Nepal,Urban,2011,NPL_2011_CEN,0.559,0.302,0.475,0.0,0.0,0.0,0.124,0.0,0.0,0.0,0.0,0.091,0.008
NPL,Nepal,Urban,2011,NPL_2011_DHS,0.559,0.273,0.546,0.034,0.001,0.003,0.04,0.016,0.0,0.0,0.0,0.087,0.0
NPL,Nepal,Urban,2016,NPL_2016_NMSS,0.58,0.0,0.0,0.0,0.0,0.0,0.849,0.0,0.0,0.0,0.0,0.14,0.011
NPL,Nepal,Urban,2019,NPL_2019_MICS,0.604,0.105,0.531,0.247,0.002,0.007,0.039,0.002,0.0,0.0,0.014,0.05,0.003
NZL,New Zealand,Rural,2000,NZL_2000_OECD,0.896,0.81,0.0,0.0,0.0,0.0,0.0,0.0,0.0,0.0,0.0,0.0,0.19
NZL,New Zealand,Rural,2001,NZL_2001_OECD,0.902,0.81,0.0,0.0,0.0,0.0,0.0,0.0,0.0,0.0,0.0,0.0,0.19
NZL,New Zealand,Rural,2002,NZL_2002_OECD,0.905,0.81,0.0,0.0,0.0,0.0,0.0,0.0,0.0,0.0,0.0,0.0,0.19
NZL,New Zealand,Rural,2003,NZL_2003_OECD,0.91,0.81,0.0,0.0,0.0,0.0,0.0,0.0,0.0,0.0,0.0,0.0,0.19
NZL,New Zealand,Rural,2004,NZL_2004_OECD,0.912,0.81,0.0,0.0,0.0,0.0,0.0,0.0,0.0,0.0,0.0,0.0,0.19
NZL,New Zealand,Rural,2005,NZL_2005_OECD,0.917,0.81,0.0,0.0,0.0,0.0,0.0,0.0,0.0,0.0,0.0,0.0,0.19
NZL,New Zealand,Rural,2006,NZL_2006_OECD,0.918,0.82,0.0,0.0,0.0,0.0,0.0,0.0,0.0,0.0,0.0,0.0,0.18
NZL,New Zealand,Rural,2007,NZL_2007_OECD,0.921,0.82,0.0,0.0,0.0,0.0,0.0,0.0,0.0,0.0,0.0,0.0,0.18
NZL,New Zealand,Rural,2008,NZL_2008_OECD,0.92,0.82,0.0,0.0,0.0,0.0,0.0,0.0,0.0,0.0,0.0,0.0,0.18
NZL,New Zealand,Rural,2009,NZL_2009_OECD,0.923,0.82,0.0,0.0,0.0,0.0,0.0,0.0,0.0,0.0,0.0,0.0,0.18
NZL,New Zealand,Rural,2010,NZL_2010_ADM,0.926,0.0,0.0,0.0,0.0,0.0,1.0,0.0,0.0,0.0,0.0,0.0,0.0
NZL,New Zealand,Rural,2010,NZL_2010_OECD,0.926,0.82,0.0,0.0,0.0,0.0,0.0,0.0,0.0,0.0,0.0,0.0,0.18
NZL,New Zealand,Rural,2011,NZL_2011_ADM,0.927,0.0,0.0,0.0,0.0,0.0,1.0,0.0,0.0,0.0,0.0,0.0,0.0
NZL,New Zealand,Rural,2011,NZL_2011_OECD,0.927,0.82,0.0,0.0,0.0,0.0,0.0,0.0,0.0,0.0,0.0,0.0,0.18
NZL,New Zealand,Rural,2012,NZL_2012_ADM,0.929,0.0,0.0,0.0,0.0,0.0,1.0,0.0,0.0,0.0,0.0,0.0,0.0
NZL,New Zealand,Rural,2012,NZL_2012_OECD,0.929,0.82,0.0,0.0,0.0,0.0,0.0,0.0,0.0,0.0,0.0,0.0,0.18
NZL,New Zealand,Rural,2013,NZL_2013_OECD,0.933,0.82,0.0,0.0,0.0,0.0,0.0,0.0,0.0,0.0,0.0,0.0,0.18
NZL,New Zealand,Rural,2014,NZL_2014_OECD,0.932,0.82,0.12,0.0,0.0,0.0,0.0,0.0,0.0,0.0,0.0,0.0,0.06
NZL,New Zealand,Rural,2016,NZL_2016_WW,0.938,0.866,0.134,0.0,0.0,0.0,0.0,0.0,0.0,0.0,0.0,0.0,0.0
NZL,New Zealand,Rural,2017,NZL_2017_WWT,0.936,0.857,0.143,0.0,0.0,0.0,0.0,0.0,0.0,0.0,0.0,0.0,0.0
NZL,New Zealand,Rural,2018,NZL_2018_WWT,0.938,0.847,0.153,0.0,0.0,0.0,0.0,0.0,0.0,0.0,0.0,0.0,0.0
NZL,New Zealand,Rural,2019,NZL_2019_WWT,0.938,0.858,0.142,0.0,0.0,0.0,0.0,0.0,0.0,0.0,0.0,0.0,0.0
NZL,New Zealand,Rural,2020,NZL_2020_WWT,0.94,0.78,0.22,0.0,0.0,0.0,0.0,0.0,0.0,0.0,0.0,0.0,0.0
NZL,New Zealand,Rural,2021,NZL_2021_WWT,0.939,0.818,0.182,0.0,0.0,0.0,0.0,0.0,0.0,0.0,0.0,0.0,0.0
NZL,New Zealand,Urban,2000,NZL_2000_OECD,0.896,0.81,0.0,0.0,0.0,0.0,0.0,0.0,0.0,0.0,0.0,0.0,0.19
NZL,New Zealand,Urban,2001,NZL_2001_OECD,0.902,0.81,0.0,0.0,0.0,0.0,0.0,0.0,0.0,0.0,0.0,0.0,0.19
NZL,New Zealand,Urban,2002,NZL_2002_OECD,0.905,0.81,0.0,0.0,0.0,0.0,0.0,0.0,0.0,0.0,0.0,0.0,0.19
NZL,New Zealand,Urban,2003,NZL_2003_OECD,0.91,0.81,0.0,0.0,0.0,0.0,0.0,0.0,0.0,0.0,0.0,0.0,0.19
NZL,New Zealand,Urban,2004,NZL_2004_OECD,0.912,0.81,0.0,0.0,0.0,0.0,0.0,0.0,0.0,0.0,0.0,0.0,0.19
NZL,New Zealand,Urban,2005,NZL_2005_OECD,0.917,0.81,0.0,0.0,0.0,0.0,0.0,0.0,0.0,0.0,0.0,0.0,0.19
NZL,New Zealand,Urban,2006,NZL_2006_OECD,0.918,0.82,0.0,0.0,0.0,0.0,0.0,0.0,0.0,0.0,0.0,0.0,0.18
NZL,New Zealand,Urban,2007,NZL_2007_OECD,0.921,0.82,0.0,0.0,0.0,0.0,0.0,0.0,0.0,0.0,0.0,0.0,0.18
NZL,New Zealand,Urban,2008,NZL_2008_OECD,0.92,0.82,0.0,0.0,0.0,0.0,0.0,0.0,0.0,0.0,0.0,0.0,0.18
NZL,New Zealand,Urban,2009,NZL_2009_OECD,0.923,0.82,0.0,0.0,0.0,0.0,0.0,0.0,0.0,0.0,0.0,0.0,0.18
NZL,New Zealand,Urban,2010,NZL_2010_ADM,0.926,0.0,0.0,0.0,0.0,0.0,1.0,0.0,0.0,0.0,0.0,0.0,0.0
NZL,New Zealand,Urban,2010,NZL_2010_OECD,0.926,0.82,0.0,0.0,0.0,0.0,0.0,0.0,0.0,0.0,0.0,0.0,0.18
NZL,New Zealand,Urban,2011,NZL_2011_ADM,0.927,0.0,0.0,0.0,0.0,0.0,1.0,0.0,0.0,0.0,0.0,0.0,0.0
NZL,New Zealand,Urban,2011,NZL_2011_OECD,0.927,0.82,0.0,0.0,0.0,0.0,0.0,0.0,0.0,0.0,0.0,0.0,0.18
NZL,New Zealand,Urban,2012,NZL_2012_ADM,0.929,0.0,0.0,0.0,0.0,0.0,1.0,0.0,0.0,0.0,0.0,0.0,0.0
NZL,New Zealand,Urban,2012,NZL_2012_OECD,0.929,0.82,0.0,0.0,0.0,0.0,0.0,0.0,0.0,0.0,0.0,0.0,0.18
NZL,New Zealand,Urban,2013,NZL_2013_OECD,0.933,0.82,0.0,0.0,0.0,0.0,0.0,0.0,0.0,0.0,0.0,0.0,0.18
NZL,New Zealand,Urban,2014,NZL_2014_OECD,0.932,0.82,0.12,0.0,0.0,0.0,0.0,0.0,0.0,0.0,0.0,0.0,0.06
NZL,New Zealand,Urban,2016,NZL_2016_WW,0.938,0.866,0.134,0.0,0.0,0.0,0.0,0.0,0.0,0.0,0.0,0.0,0.0
NZL,New Zealand,Urban,2017,NZL_2017_WWT,0.936,0.857,0.143,0.0,0.0,0.0,0.0,0.0,0.0,0.0,0.0,0.0,0.0
NZL,New Zealand,Urban,2018,NZL_2018_WWT,0.938,0.847,0.153,0.0,0.0,0.0,0.0,0.0,0.0,0.0,0.0,0.0,0.0
NZL,New Zealand,Urban,2019,NZL_2019_WWT,0.938,0.858,0.142,0.0,0.0,0.0,0.0,0.0,0.0,0.0,0.0,0.0,0.0
NZL,New Zealand,Urban,2020,NZL_2020_WWT,0.94,0.78,0.22,0.0,0.0,0.0,0.0,0.0,0.0,0.0,0.0,0.0,0.0
NZL,New Zealand,Urban,2021,NZL_2021_WWT,0.939,0.818,0.182,0.0,0.0,0.0,0.0,0.0,0.0,0.0,0.0,0.0,0.0
OMN,Oman,Rural,2017,OMN_2017_ONNS,0.848,0.259,0.0,0.739,0.001,0.0,0.0,0.0,0.0,0.0,0.0,0.001,0.0
OMN,Oman,Urban,1996,OMN_1996_GFHS,,0.896,0.067,0.0,0.0,0.0,0.012,0.0,0.0,0.0,0.0,0.022,0.003
OMN,Oman,Urban,2017,OMN_2017_ONNS,0.848,0.259,0.0,0.739,0.001,0.0,0.0,0.0,0.0,0.0,0.0,0.001,0.0
PAK,Pakistan,Rural,1995,PAK_1995_MICS,0.415,0.08,0.14,0.0,0.0,0.08,0.12,0.0,0.0,0.0,0.0,0.45,0.13
PAK,Pakistan,Rural,2006,PAK_2006_PSLM,0.489,0.019,0.316,0.0,0.0,0.082,0.059,0.0,0.086,0.0,0.0,0.438,0.0
PAK,Pakistan,Rural,2007,PAK_2007_PSLM,0.495,0.219,0.231,0.0,0.0,0.134,0.065,0.0,0.042,0.0,0.0,0.268,0.041
PAK,Pakistan,Rural,2013,PAK_2013_DHS,0.512,0.091,0.22,0.213,0.017,0.049,0.046,0.037,0.003,0.007,0.0,0.315,0.002
PAK,Pakistan,Rural,2015,PAK_2015_PSLM,0.527,0.05,0.411,0.0,0.0,0.136,0.106,0.0,0.0,0.0,0.0,0.206,0.091
PAK,Pakistan,Urban,1995,PAK_1995_MICS,0.415,0.45,0.33,0.0,0.0,0.06,0.07,0.0,0.0,0.0,0.0,0.05,0.04
PAK,Pakistan,Urban,2005,PAK_2005_CWIQ,0.48,0.517,0.231,0.0,0.0,0.162,0.022,0.0,0.009,0.0,0.0,0.053,0.006
PAK,Pakistan,Urban,2006,PAK_2006_PSLM,0.489,0.531,0.242,0.0,0.0,0.161,0.019,0.0,0.019,0.0,0.0,0.028,0.0
PAK,Pakistan,Urban,2007,PAK_2007_PSLM,0.495,0.219,0.231,0.0,0.0,0.134,0.065,0.0,0.042,0.0,0.0,0.268,0.041
PAK,Pakistan,Urban,2012,PAK_2012_PSLM,0.508,0.567,0.0,0.216,0.0,0.19,0.013,0.0,0.006,0.0,0.0,0.008,0.0
PAK,Pakistan,Urban,2013,PAK_2013_DHS,0.512,0.688,0.154,0.085,0.007,0.033,0.019,0.008,0.0,0.0,0.0,0.006,0.0
PAK,Pakistan,Urban,2015,PAK_2015_PSLM,0.527,0.582,0.185,0.0,0.0,0.202,0.012,0.0,0.0,0.0,0.0,0.008,0.011
PAK,Pakistan,Urban,2019,PAK_2019_MMS,0.54,0.57,0.284,0.075,0.008,0.036,0.006,0.004,0.0,0.0,0.001,0.014,0.002
PAK,Pakistan,Urban,2019,PAK_2019_NNS,0.54,0.696,0.124,0.059,0.0,0.005,0.08,0.016,0.0,0.005,0.0,0.014,0.001
PAN,Panama,Rural,2008,PAN_2008_LSMS,0.767,0.008,0.265,0.0,0.0,0.0,0.601,0.0,0.0,0.0,0.0,0.126,0.0
PAN,Panama,Rural,2010,PAN_2010_CEN,0.775,0.295,0.289,0.0,0.0,0.0,0.33,0.0,0.0,0.0,0.0,0.069,0.017
PAN,Panama,Rural,2013,PAN_2013_MICS,0.799,0.308,0.352,0.026,0.0,0.006,0.25,0.004,0.008,0.0,0.0,0.043,0.003
PAN,Panama,Rural,2015,PAN_2015_ENASSER,0.803,0.031,0.402,0.101,0.006,0.001,0.43,0.0,0.0,0.0,0.003,0.025,0.001
PAN,Panama,Rural,2017,PAN_2017_EPM,0.815,0.025,0.37,0.0,0.0,0.0,0.47900000000000004,0.0,0.0,0.0,0.0,0.126,0.0
PAN,Panama,Rural,2019,PAN_2019_ENSPA,0.824,0.289,0.471,0.0,0.0,0.0,0.173,0.0,0.0,0.0,0.0,0.051,0.016
PAN,Panama,Urban,1997,PAN_1997_LSMS,0.701,0.58,0.206,0.0,0.0,0.0,0.201,0.0,0.0,0.0,0.0,0.013,0.0
PAN,Panama,Urban,2000,PAN_2000_CEN,0.718,0.43,0.246,0.0,0.0,0.0,0.294,0.0,0.0,0.0,0.0,0.012,0.018
PAN,Panama,Urban,2008,PAN_2008_LSMS,0.767,0.501,0.295,0.0,0.0,0.0,0.188,0.0,0.0,0.0,0.0,0.016,0.0
PAN,Panama,Urban,2010,PAN_2010_CEN,0.775,0.295,0.289,0.0,0.0,0.0,0.33,0.0,0.0,0.0,0.0,0.069,0.017
PAN,Panama,Urban,2013,PAN_2013_MICS,0.799,0.308,0.352,0.026,0.0,0.006,0.25,0.004,0.008,0.0,0.0,0.043,0.003
PAN,Panama,Urban,2015,PAN_2015_ENASSER,0.803,0.574,0.348,0.032,0.001,0.0,0.042,0.0,0.0,0.0,0.0,0.003,0.0
PAN,Panama,Urban,2017,PAN_2017_EPM,0.815,0.472,0.396,0.0,0.0,0.0,0.13,0.0,0.0,0.0,0.0,0.002,0.0
PAN,Panama,Urban,2019,PAN_2019_ENSPA,0.824,0.289,0.471,0.0,0.0,0.0,0.173,0.0,0.0,0.0,0.0,0.051,0.016
PER,Peru,Rural,1986,PER_1986_DHS,,0.031,0.008,0.028,0.0,0.0,0.0,0.0,0.0,0.0,0.0,0.929,0.004
PER,Peru,Rural,1997,PER_1997_ENAHO,0.663,0.038,0.0,0.0,0.0,0.0,0.366,0.0,0.022,0.0,0.0,0.574,0.0
PER,Peru,Rural,2004,PER_2004_ENAHO,0.694,0.053,0.174,0.0,0.0,0.021,0.306,0.0,0.0,0.0,0.0,0.446,0.0
PER,Peru,Rural,2004,PER_2004_ENDES,0.694,0.106,0.0,0.0,0.0,0.003,0.471,0.0,0.0,0.0,0.0,0.411,0.009
PER,Peru,Rural,2005,PER_2005_ENAHO,0.691,0.058,0.253,0.0,0.0,0.023,0.201,0.0,0.0,0.0,0.0,0.465,0.0
PER,Peru,Rural,2005,PER_2005_ENDES,0.691,0.535,0.0,0.0,0.0,0.004,0.253,0.0,0.0,0.0,0.0,0.189,0.019
PER,Peru,Rural,2006,PER_2006_ENAHO,0.697,0.565,0.159,0.0,0.0,0.018,0.099,0.0,0.0,0.0,0.0,0.159,0.0
PER,Peru,Rural,2008,PER_2008_ENAHO,0.714,0.077,0.32,0.0,0.0,0.02,0.24,0.0,0.0,0.0,0.0,0.343,0.0
PER,Peru,Rural,2009,PER_2009_ENAHO,0.717,0.094,0.345,0.0,0.0,0.023,0.248,0.0,0.0,0.0,0.0,0.29,0.0
PER,Peru,Rural,2010,PER_2010_ENAHO,0.731,0.103,0.377,0.0,0.0,0.021,0.238,0.0,0.0,0.0,0.0,0.261,0.0
PER,Peru,Rural,2010,PER_2010_ENDES,0.731,0.563,0.013,0.0,0.0,0.0,0.278,0.0,0.0,0.0,0.0,0.142,0.004
PER,Peru,Rural,2011,PER_2011_ENAHO,0.738,0.651,0.123,0.0,0.0,0.015,0.115,0.0,0.0,0.0,0.0,0.091,0.005
PER,Peru,Rural,2011,PER_2011_ENAPRES,0.738,0.1,0.301,0.0,0.0,0.008,0.21,0.0,0.0,0.0,0.0,0.321,0.06
PER,Peru,Rural,2011,PER_2011_ENDES,0.738,0.125,0.032,0.0,0.0,0.0,0.554,0.0,0.0,0.0,0.0,0.287,0.002
PER,Peru,Rural,2012,PER_2012_ENAHO,0.748,0.122,0.334,0.0,0.0,0.013,0.134,0.165,0.0,0.0,0.0,0.228,0.004
PER,Peru,Rural,2012,PER_2012_ENAPRES,0.748,0.111,0.279,0.0,0.0,0.013,0.064,0.236,0.0,0.0,0.0,0.297,0.0
PER,Peru,Rural,2013,PER_2013_ENAPRES,0.757,0.135,0.262,0.0,0.0,0.014,0.057,0.238,0.0,0.0,0.0,0.294,0.0
PER,Peru,Rural,2014,PER_2014_ENAHO,0.763,0.15,0.319,0.0,0.0,0.016,0.155,0.163,0.0,0.0,0.0,0.193,0.004
PER,Peru,Rural,2014,PER_2014_ENAPRES,0.763,0.668,0.08,0.0,0.0,0.013,0.018,0.112,0.0,0.0,0.0,0.109,0.0
PER,Peru,Rural,2016,PER_2016_ENAHO,0.775,0.172,0.288,0.0,0.0,0.011,0.156,0.169,0.0,0.0,0.0,0.199,0.005
PER,Peru,Rural,2016,PER_2016_ENAPRES,0.775,0.17,0.252,0.0,0.0,0.009,0.08,0.231,0.0,0.0,0.0,0.258,0.0
PER,Peru,Rural,2017,PER_2017_ENAHO,0.775,0.703,0.092,0.0,0.0,0.012,0.059,0.065,0.0,0.0,0.0,0.062,0.007
PER,Peru,Rural,2019,PER_2019_ENAHO,0.784,0.73,0.068,0.0,0.0,0.011,0.029,0.078,0.0,0.0,0.0,0.039,0.045
PER,Peru,Rural,2020,PER_2020_ENAPRES,0.769,0.198,0.166,0.0,0.0,0.011,0.149,0.32,0.0,0.0,0.0,0.116,0.04
PER,Peru,Rural,2020,PER_2020_ENDES,0.769,0.744,0.033,0.0,0.0,0.0,0.193,0.0,0.0,0.0,0.0,0.028,0.002
PER,Peru,Rural,2021,PER_2021_ENAHO,0.764,0.13,0.327,0.0,0.0,0.008,0.067,0.194,0.0,0.0,0.0,0.133,0.141
PER,Peru,Urban,1986,PER_1986_DHS,,0.635,0.04,0.025,0.006,0.0,0.0,0.0,0.0,0.0,0.0,0.275,0.019
PER,Peru,Urban,1995,PER_1995_LSMS,0.654,0.717,0.078,0.0,0.0,0.022,0.102,0.0,0.0,0.0,0.0,0.081,0.0
PER,Peru,Urban,1997,PER_1997_ENAHO,0.663,0.739,0.0,0.0,0.0,0.0,0.152,0.0,0.02,0.0,0.0,0.089,0.0
PER,Peru,Urban,2004,PER_2004_ENAHO,0.694,0.75,0.081,0.0,0.0,0.01,0.087,0.0,0.0,0.0,0.0,0.072,0.0
PER,Peru,Urban,2004,PER_2004_ENDES,0.694,0.842,0.0,0.0,0.0,0.002,0.118,0.0,0.0,0.0,0.0,0.029,0.009
PER,Peru,Urban,2005,PER_2005_ENAHO,0.691,0.753,0.094,0.0,0.0,0.012,0.076,0.0,0.0,0.0,0.0,0.065,0.0
PER,Peru,Urban,2005,PER_2005_ENDES,0.691,0.535,0.0,0.0,0.0,0.004,0.253,0.0,0.0,0.0,0.0,0.189,0.019
PER,Peru,Urban,2006,PER_2006_ENAHO,0.697,0.565,0.159,0.0,0.0,0.018,0.099,0.0,0.0,0.0,0.0,0.159,0.0
PER,Peru,Urban,2008,PER_2008_ENAHO,0.714,0.792,0.058,0.0,0.0,0.017,0.073,0.0,0.0,0.0,0.0,0.06,0.0
PER,Peru,Urban,2009,PER_2009_ENAHO,0.717,0.809,0.052,0.0,0.0,0.02,0.068,0.0,0.0,0.0,0.0,0.051,0.0
PER,Peru,Urban,2010,PER_2010_ENAHO,0.731,0.827,0.051,0.0,0.0,0.014,0.062,0.0,0.0,0.0,0.0,0.046,0.0
PER,Peru,Urban,2010,PER_2010_ENDES,0.731,0.563,0.013,0.0,0.0,0.0,0.278,0.0,0.0,0.0,0.0,0.142,0.004
PER,Peru,Urban,2011,PER_2011_ENAHO,0.738,0.651,0.123,0.0,0.0,0.015,0.115,0.0,0.0,0.0,0.0,0.091,0.005
PER,Peru,Urban,2011,PER_2011_ENAPRES,0.738,0.796,0.036,0.0,0.0,0.014,0.08,0.0,0.0,0.0,0.0,0.065,0.009
PER,Peru,Urban,2011,PER_2011_ENDES,0.738,0.79,0.01,0.0,0.0,0.0,0.15,0.0,0.0,0.0,0.0,0.046,0.004
PER,Peru,Urban,2012,PER_2012_ENAHO,0.748,0.85,0.037,0.0,0.0,0.013,0.017,0.04,0.0,0.0,0.0,0.034,0.009
PER,Peru,Urban,2012,PER_2012_ENAPRES,0.748,0.817,0.031,0.0,0.0,0.014,0.01,0.071,0.0,0.0,0.0,0.057,0.0
PER,Peru,Urban,2013,PER_2013_ENAPRES,0.757,0.833,0.025,0.0,0.0,0.012,0.006,0.068,0.0,0.0,0.0,0.056,0.0
PER,Peru,Urban,2014,PER_2014_ENAHO,0.763,0.844,0.04,0.0,0.0,0.013,0.032,0.034,0.0,0.0,0.0,0.029,0.008
PER,Peru,Urban,2014,PER_2014_ENAPRES,0.763,0.668,0.08,0.0,0.0,0.013,0.018,0.112,0.0,0.0,0.0,0.109,0.0
PER,Peru,Urban,2016,PER_2016_ENAHO,0.775,0.85,0.04,0.0,0.0,0.01,0.029,0.035,0.0,0.0,0.0,0.028,0.008
PER,Peru,Urban,2016,PER_2016_ENAPRES,0.775,0.881,0.014,0.0,0.0,0.012,0.004,0.053,0.0,0.0,0.0,0.036,0.0
PER,Peru,Urban,2017,PER_2017_ENAHO,0.775,0.703,0.092,0.0,0.0,0.012,0.059,0.065,0.0,0.0,0.0,0.062,0.007
PER,Peru,Urban,2019,PER_2019_ENAHO,0.784,0.73,0.068,0.0,0.0,0.011,0.029,0.078,0.0,0.0,0.0,0.039,0.045
PER,Peru,Urban,2020,PER_2020_ENAPRES,0.769,0.884,0.012,0.0,0.0,0.01,0.008,0.059,0.0,0.0,0.0,0.011,0.016
PER,Peru,Urban,2020,PER_2020_ENDES,0.769,0.744,0.033,0.0,0.0,0.0,0.193,0.0,0.0,0.0,0.0,0.028,0.002
PER,Peru,Urban,2021,PER_2021_ENAHO,0.764,0.844,0.032,0.0,0.0,0.012,0.017,0.05,0.0,0.0,0.0,0.011,0.034
PHL,Philippines,Rural,2008,PHL_2008_DHS,0.662,0.033,0.526,0.164,0.002,0.006,0.054,0.035,0.017,0.002,0.008,0.153,0.0
PHL,Philippines,Rural,2015,PHL_2015_FIES,0.69,0.0,0.791,0.0,0.079,0.0,0.055,0.029,0.0,0.0,0.0,0.038,0.008
PHL,Philippines,Urban,2008,PHL_2008_DHS,0.662,0.035,0.84,0.05,0.001,0.007,0.01,0.011,0.004,0.001,0.002,0.039,0.0
PHL,Philippines,Urban,2015,PHL_2015_FIES,0.69,0.0,0.791,0.0,0.079,0.0,0.055,0.029,0.0,0.0,0.0,0.038,0.008
PHL,Philippines,Urban,2019,PHL_2019_APIS,0.708,0.154,0.693,0.092,0.01,0.007,0.01,0.001,0.005,0.001,0.001,0.021,0.005
PLW,Palau,Rural,1980,PLW_1980_CEN,,0.143,0.0,0.0,0.075,0.0,0.707,0.0,0.0,0.0,0.0,0.0,0.075
PLW,Palau,Rural,1990,PLW_1990_CEN,,0.346,0.0,0.0,0.117,0.0,0.521,0.0,0.0,0.0,0.0,0.0,0.016
PLW,Palau,Rural,1995,PLW_1995_CEN,,0.521,0.0,0.0,0.108,0.0,0.353,0.0,0.0,0.0,0.0,0.0,0.018
PLW,Palau,Rural,2005,PLW_2005_CEN,0.761,0.679,0.0,0.0,0.315,0.0,0.006,0.0,0.0,0.0,0.0,0.0,0.0
PLW,Palau,Rural,2014,PLW_2014_FHSS,0.795,0.551,0.396,0.0,0.0,0.0,0.0,0.0,0.0,0.0,0.0,0.0,0.053
PLW,Palau,Rural,2014,PLW_2014_HIES,0.795,0.12,0.88,0.0,0.0,0.0,0.0,0.0,0.0,0.0,0.0,0.0,0.0
PLW,Palau,Urban,1980,PLW_1980_CEN,,0.143,0.0,0.0,0.075,0.0,0.707,0.0,0.0,0.0,0.0,0.0,0.075
PLW,Palau,Urban,1990,PLW_1990_CEN,,0.346,0.0,0.0,0.117,0.0,0.521,0.0,0.0,0.0,0.0,0.0,0.016
PLW,Palau,Urban,1995,PLW_1995_CEN,,0.521,0.0,0.0,0.108,0.0,0.353,0.0,0.0,0.0,0.0,0.0,0.018
PLW,Palau,Urban,2000,PLW_2000_CEN,0.736,0.776,0.0,0.0,0.118,0.0,0.098,0.0,0.0,0.0,0.0,0.0,0.008
PLW,Palau,Urban,2005,PLW_2005_CEN,0.761,0.679,0.0,0.0,0.315,0.0,0.006,0.0,0.0,0.0,0.0,0.0,0.0
PLW,Palau,Urban,2014,PLW_2014_FHSS,0.795,0.551,0.396,0.0,0.0,0.0,0.0,0.0,0.0,0.0,0.0,0.0,0.053
PLW,Palau,Urban,2014,PLW_2014_HIES,0.795,0.68,0.32,0.0,0.0,0.0,0.0,0.0,0.0,0.0,0.0,0.0,0.0
PLW,Palau,Urban,2015,PLW_2015_CEN,0.802,0.865,0.0,0.0,0.092,0.0,0.038,0.0,0.0,0.0,0.0,0.0,0.005
PLW,Palau,Urban,2020,PLW_2020_CEN,0.799,0.887,0.0,0.0,0.087,0.0,0.023,0.0,0.0,0.0,0.0,0.0,0.003
PNG,Papua New Guinea,Rural,2020,PNG_2020_HFPS,0.567,0.044,0.025,0.002,0.0,0.0,0.499,0.392,0.004,0.0,0.001,0.033,0.0
PNG,Papua New Guinea,Urban,2010,PNG_2010_HIES,0.503,0.233,0.246,0.004,0.0,0.049,0.137,0.277,0.018,0.003,0.0,0.029,0.004
PNG,Papua New Guinea,Urban,2018,PNG_2018_DHS,0.559,0.327,0.131,0.011,0.0,0.004,0.153,0.274,0.017,0.006,0.004,0.072,0.001
PNG,Papua New Guinea,Urban,2019,PNG_2019_KAP,0.566,0.011,0.032,0.008,0.0,0.003,0.246,0.333,0.0,0.0,0.005,0.362,0.0
PNG,Papua New Guinea,Urban,2020,PNG_2020_HFPS,0.567,0.456,0.098,0.002,0.0,0.0,0.34500000000000003,0.097,0.0,0.0,0.0,0.002,0.0
POL,Poland,Rural,2002,POL_2002_CEN,0.816,0.708,0.292,0.0,0.0,0.0,0.0,0.0,0.0,0.0,0.0,0.0,0.0
POL,Poland,Rural,2011,POL_2011_CEN,0.858,0.726,0.274,0.0,0.0,0.0,0.0,0.0,0.0,0.0,0.0,0.0,0.0
POL,Poland,Rural,2012,POL_2012_HBS,0.863,0.0,0.0,0.0,0.92,0.0,0.0,0.0,0.0,0.0,0.0,0.0,0.08
POL,Poland,Rural,2012,POL_2012_SO,0.863,0.294,0.0,0.0,0.0,0.0,0.0,0.0,0.0,0.0,0.0,0.0,0.706
POL,Poland,Rural,2013,POL_2013_EUSILC,0.873,0.0,0.0,0.0,0.0,0.0,0.942,0.0,0.0,0.0,0.0,0.0,0.058
POL,Poland,Rural,2013,POL_2013_SO,0.873,0.309,0.0,0.0,0.0,0.0,0.0,0.0,0.0,0.0,0.0,0.0,0.691
POL,Poland,Rural,2014,POL_2014_EUSILC,0.873,0.948,0.0,0.0,0.0,0.0,0.0,0.0,0.0,0.0,0.0,0.0,0.052
POL,Poland,Rural,2014,POL_2014_SO,0.873,0.373,0.0,0.0,0.0,0.0,0.0,0.0,0.0,0.0,0.0,0.0,0.627
POL,Poland,Rural,2015,POL_2015_EUSILC,0.879,0.958,0.0,0.0,0.0,0.0,0.0,0.0,0.0,0.0,0.0,0.0,0.042
POL,Poland,Rural,2015,POL_2015_SO,0.879,0.392,0.0,0.0,0.0,0.0,0.0,0.0,0.0,0.0,0.0,0.0,0.608
POL,Poland,Rural,2016,POL_2016_SO,0.884,0.403,0.0,0.0,0.0,0.0,0.0,0.0,0.0,0.0,0.0,0.0,0.597
POL,Poland,Rural,2017,POL_2017_EUSILC,0.882,0.0,0.0,0.0,0.0,0.0,0.96,0.0,0.0,0.0,0.0,0.0,0.04
POL,Poland,Rural,2017,POL_2017_SO,0.882,0.408,0.0,0.0,0.0,0.0,0.0,0.0,0.0,0.0,0.0,0.0,0.592
POL,Poland,Rural,2018,POL_2018_SO,0.884,0.413,0.0,0.0,0.0,0.0,0.0,0.0,0.0,0.0,0.0,0.0,0.587
POL,Poland,Rural,2019,POL_2019_SO,0.887,0.422,0.0,0.0,0.0,0.0,0.0,0.0,0.0,0.0,0.0,0.0,0.578
POL,Poland,Urban,2002,POL_2002_CEN,0.816,0.708,0.292,0.0,0.0,0.0,0.0,0.0,0.0,0.0,0.0,0.0,0.0
POL,Poland,Urban,2011,POL_2011_CEN,0.858,0.726,0.274,0.0,0.0,0.0,0.0,0.0,0.0,0.0,0.0,0.0,0.0
POL,Poland,Urban,2012,POL_2012_HBS,0.863,0.0,0.0,0.0,0.958,0.0,0.0,0.0,0.0,0.0,0.0,0.0,0.042
POL,Poland,Urban,2012,POL_2012_SO,0.863,0.87,0.0,0.0,0.0,0.0,0.0,0.0,0.0,0.0,0.0,0.0,0.13
POL,Poland,Urban,2013,POL_2013_EUSILC,0.873,0.0,0.0,0.0,0.0,0.0,0.986,0.0,0.0,0.0,0.0,0.0,0.014
POL,Poland,Urban,2013,POL_2013_SO,0.873,0.874,0.0,0.0,0.0,0.0,0.0,0.0,0.0,0.0,0.0,0.0,0.126
POL,Poland,Urban,2014,POL_2014_EUSILC,0.873,0.986,0.0,0.0,0.0,0.0,0.0,0.0,0.0,0.0,0.0,0.0,0.014
POL,Poland,Urban,2014,POL_2014_SO,0.873,0.893,0.0,0.0,0.0,0.0,0.0,0.0,0.0,0.0,0.0,0.0,0.107
POL,Poland,Urban,2015,POL_2015_EUSILC,0.879,0.984,0.0,0.0,0.0,0.0,0.0,0.0,0.0,0.0,0.0,0.0,0.016
POL,Poland,Urban,2015,POL_2015_SO,0.879,0.898,0.0,0.0,0.0,0.0,0.0,0.0,0.0,0.0,0.0,0.0,0.102
POL,Poland,Urban,2016,POL_2016_SO,0.884,0.9,0.0,0.0,0.0,0.0,0.0,0.0,0.0,0.0,0.0,0.0,0.1
POL,Poland,Urban,2017,POL_2017_EUSILC,0.882,0.0,0.0,0.0,0.0,0.0,0.986,0.0,0.0,0.0,0.0,0.0,0.014
POL,Poland,Urban,2017,POL_2017_SO,0.882,0.902,0.0,0.0,0.0,0.0,0.0,0.0,0.0,0.0,0.0,0.0,0.098
POL,Poland,Urban,2018,POL_2018_SO,0.884,0.903,0.0,0.0,0.0,0.0,0.0,0.0,0.0,0.0,0.0,0.0,0.097
POL,Poland,Urban,2019,POL_2019_SO,0.887,0.905,0.0,0.0,0.0,0.0,0.0,0.0,0.0,0.0,0.0,0.0,0.095
PRI,Puerto Rico,Rural,1995,PRI_1995_RHS,,0.993,0.0,0.0,0.0,0.0,0.0,0.0,0.0,0.0,0.0,0.007,0.0
PRI,Puerto Rico,Urban,1995,PRI_1995_RHS,,0.993,0.0,0.0,0.0,0.0,0.0,0.0,0.0,0.0,0.0,0.007,0.0
PRK,"Korea, Democratic People's Republic of",Rural,2017,PRK_2017_MICS,,0.446,0.096,0.027,0.0,0.001,0.272,0.158,0.0,0.0,0.0,0.0,0.0
PRK,"Korea, Democratic People's Republic of",Urban,2017,PRK_2017_MICS,,0.446,0.096,0.027,0.0,0.001,0.272,0.158,0.0,0.0,0.0,0.0,0.0
PRT,Portugal,Rural,2001,PRT_2001_CEN,0.801,0.31,0.595,0.0,0.0,0.0,0.053,0.0,0.0,0.0,0.0,0.034,0.008
PRT,Portugal,Rural,2002,PRT_2002_ES,0.804,0.73,0.27,0.0,0.0,0.0,0.0,0.0,0.0,0.0,0.0,0.0,0.0
PRT,Portugal,Rural,2003,PRT_2003_ES,0.808,0.74,0.26,0.0,0.0,0.0,0.0,0.0,0.0,0.0,0.0,0.0,0.0
PRT,Portugal,Rural,2011,PRT_2011_CEN,0.843,0.99,0.0,0.0,0.0,0.0,0.0,0.0,0.0,0.0,0.0,0.0,0.01
PRT,Portugal,Rural,2012,PRT_2012_EUSILC,0.844,0.977,0.0,0.0,0.0,0.0,0.0,0.0,0.0,0.0,0.0,0.0,0.023
PRT,Portugal,Rural,2013,PRT_2013_EUSILC,0.849,0.984,0.0,0.0,0.0,0.0,0.0,0.0,0.0,0.0,0.0,0.0,0.016
PRT,Portugal,Rural,2014,PRT_2014_EUSILC,0.854,0.995,0.0,0.0,0.0,0.0,0.0,0.0,0.0,0.0,0.0,0.0,0.005
PRT,Portugal,Rural,2015,PRT_2015_ERSAR,0.857,0.75,0.25,0.0,0.0,0.0,0.0,0.0,0.0,0.0,0.0,0.0,0.0
PRT,Portugal,Rural,2015,PRT_2015_EUSILC,0.857,0.984,0.0,0.0,0.0,0.0,0.0,0.0,0.0,0.0,0.0,0.0,0.016
PRT,Portugal,Rural,2021,PRT_2021_ERSAR,0.876,0.73,0.27,0.0,0.0,0.0,0.0,0.0,0.0,0.0,0.0,0.0,0.0
PRT,Portugal,Urban,2001,PRT_2001_CEN,0.801,0.823,0.137,0.0,0.0,0.0,0.022,0.0,0.0,0.0,0.0,0.006,0.012
PRT,Portugal,Urban,2002,PRT_2002_ES,0.804,0.73,0.27,0.0,0.0,0.0,0.0,0.0,0.0,0.0,0.0,0.0,0.0
PRT,Portugal,Urban,2003,PRT_2003_ES,0.808,0.74,0.26,0.0,0.0,0.0,0.0,0.0,0.0,0.0,0.0,0.0,0.0
PRT,Portugal,Urban,2011,PRT_2011_CEN,0.843,0.998,0.0,0.0,0.0,0.0,0.0,0.0,0.0,0.0,0.0,0.0,0.002
PRT,Portugal,Urban,2012,PRT_2012_EUSILC,0.844,0.991,0.0,0.0,0.0,0.0,0.0,0.0,0.0,0.0,0.0,0.0,0.009
PRT,Portugal,Urban,2013,PRT_2013_EUSILC,0.849,0.994,0.0,0.0,0.0,0.0,0.0,0.0,0.0,0.0,0.0,0.0,0.006
PRT,Portugal,Urban,2014,PRT_2014_EUSILC,0.854,0.993,0.0,0.0,0.0,0.0,0.0,0.0,0.0,0.0,0.0,0.0,0.007
PRT,Portugal,Urban,2015,PRT_2015_ERSAR,0.857,0.75,0.25,0.0,0.0,0.0,0.0,0.0,0.0,0.0,0.0,0.0,0.0
PRT,Portugal,Urban,2015,PRT_2015_EUSILC,0.857,0.992,0.0,0.0,0.0,0.0,0.0,0.0,0.0,0.0,0.0,0.0,0.008
PRT,Portugal,Urban,2021,PRT_2021_ERSAR,0.876,0.929,0.071,0.0,0.0,0.0,0.0,0.0,0.0,0.0,0.0,0.0,0.0
PRY,Paraguay,Rural,1998,PRY_1998_ENSMI,0.659,0.026,0.0,0.127,0.0,0.0,0.841,0.0,0.0,0.0,0.0,0.0,0.006
PRY,Paraguay,Rural,2002,PRY_2002_EPH,0.679,0.042,0.0,0.247,0.0,0.0,0.697,0.0,0.0,0.0,0.0,0.012,0.002
PRY,Paraguay,Rural,2003,PRY_2003_EPH,0.673,0.026,0.0,0.3,0.0,0.0,0.648,0.0,0.0,0.0,0.0,0.024,0.002
PRY,Paraguay,Rural,2012,PRY_2012_CEN,0.719,0.004,0.277,0.184,0.0,0.008,0.512,0.0,0.0,0.0,0.0,0.013,0.002
PRY,Paraguay,Rural,2013,PRY_2013_EPH,0.73,0.023,0.251,0.302,0.0,0.003,0.42100000000000004,0.0,0.0,0.0,0.0,0.0,0.0
PRY,Paraguay,Rural,2016,PRY_2016_MICS,0.737,0.003,0.299,0.239,0.001,0.001,0.173,0.136,0.0,0.0,0.0,0.015,0.133
PRY,Paraguay,Rural,2017,PRY_2017_EPH,0.74,0.008,0.308,0.327,0.0,0.001,0.34199999999999997,0.0,0.0,0.0,0.0,0.014,0.0
PRY,Paraguay,Rural,2018,PRY_2018_EPH,0.744,0.003,0.314,0.324,0.0,0.0,0.35,0.0,0.0,0.0,0.0,0.008,0.001
PRY,Paraguay,Urban,1992,PRY_1992_CEN,0.619,0.203,0.0,0.445,0.0,0.0,0.33,0.0,0.0,0.0,0.0,0.016,0.006
PRY,Paraguay,Urban,1998,PRY_1998_EIH,0.659,0.164,0.0,0.624,0.0,0.0,0.198,0.0,0.0,0.0,0.0,0.01,0.004
PRY,Paraguay,Urban,1998,PRY_1998_ENSMI,0.659,0.198,0.0,0.62,0.0,0.0,0.174,0.0,0.0,0.0,0.0,0.0,0.008
PRY,Paraguay,Urban,2002,PRY_2002_EPH,0.679,0.184,0.0,0.631,0.0,0.0,0.177,0.0,0.0,0.0,0.0,0.007,0.001
PRY,Paraguay,Urban,2003,PRY_2003_EPH,0.673,0.211,0.0,0.625,0.0,0.0,0.152,0.0,0.0,0.0,0.0,0.007,0.005
PRY,Paraguay,Urban,2012,PRY_2012_CEN,0.719,0.165,0.551,0.198,0.0,0.005,0.075,0.0,0.0,0.0,0.0,0.006,0.0
PRY,Paraguay,Urban,2013,PRY_2013_EPH,0.73,0.157,0.502,0.295,0.0,0.002,0.044,0.0,0.0,0.0,0.0,0.0,0.0
PRY,Paraguay,Urban,2015,PRY_2015_EPH,0.737,0.143,0.513,0.262,0.0,0.006,0.069,0.0,0.0,0.0,0.0,0.007,0.0
PRY,Paraguay,Urban,2016,PRY_2016_MICS,0.737,0.148,0.527,0.239,0.006,0.003,0.026000000000000002,0.016,0.0,0.0,0.0,0.002,0.033
PRY,Paraguay,Urban,2017,PRY_2017_EPH,0.74,0.139,0.527,0.279,0.0,0.01,0.039,0.0,0.0,0.0,0.0,0.006,0.0
PRY,Paraguay,Urban,2018,PRY_2018_EPH,0.744,0.15,0.549,0.246,0.0,0.01,0.041,0.0,0.0,0.0,0.0,0.004,0.0
PSE,"Palestine, State of",Rural,2000,PSE_2000_HCS,,0.882,0.0,0.0,0.0,0.0,0.112,0.0,0.0,0.0,0.0,0.006,0.0
PSE,"Palestine, State of",Rural,2002,PSE_2002_NS,,0.07,0.915,0.0,0.0,0.0,0.0,0.0,0.0,0.0,0.0,0.014,0.001
PSE,"Palestine, State of",Rural,2004,PSE_2004_DHS,0.654,0.121,0.867,0.0,0.0,0.0,0.0,0.0,0.0,0.0,0.0,0.0,0.012
PSE,"Palestine, State of",Rural,2004,PSE_2004_HES,0.654,0.429,0.561,0.0,0.0,0.0,0.0,0.0,0.0,0.0,0.0,0.0,0.01
PSE,"Palestine, State of",Rural,2004,PSE_2004_PECS,0.654,0.143,0.0,0.0,0.841,0.0,0.0,0.0,0.0,0.0,0.0,0.016,0.0
PSE,"Palestine, State of",Rural,2005,PSE_2005_PECS,0.663,0.12,0.0,0.0,0.866,0.0,0.0,0.0,0.0,0.0,0.0,0.014,0.0
PSE,"Palestine, State of",Rural,2006,PSE_2006_PAP,0.664,0.095,0.893,0.0,0.0,0.0,0.0,0.0,0.0,0.0,0.0,0.0,0.012
PSE,"Palestine, State of",Rural,2006,PSE_2006_PECS,0.664,0.133,0.0,0.0,0.861,0.0,0.0,0.0,0.0,0.0,0.0,0.006,0.0
PSE,"Palestine, State of",Rural,2007,PSE_2007_HCS,0.674,0.124,0.861,0.0,0.0,0.0,0.0,0.0,0.0,0.0,0.0,0.0,0.015
PSE,"Palestine, State of",Rural,2008,PSE_2008_HES,0.679,0.455,0.537,0.0,0.0,0.0,0.0,0.0,0.0,0.0,0.0,0.0,0.008
PSE,"Palestine, State of",Rural,2009,PSE_2009_HES,0.685,0.521,0.472,0.0,0.0,0.0,0.0,0.0,0.0,0.0,0.0,0.0,0.007
PSE,"Palestine, State of",Rural,2010,PSE_2010_MICS-PFS,0.691,0.081,0.605,0.26,0.0,0.025,0.0,0.0,0.0,0.0,0.0,0.026,0.003
PSE,"Palestine, State of",Rural,2011,PSE_2011_HES,0.698,0.55,0.053,0.39,0.0,0.0,0.0,0.0,0.0,0.0,0.0,0.0,0.007
PSE,"Palestine, State of",Rural,2013,PSE_2013_HES,0.706,0.553,0.083,0.359,0.0,0.0,0.0,0.0,0.0,0.0,0.0,0.0,0.005
PSE,"Palestine, State of",Rural,2014,PSE_2014_MICS,0.7,0.1,0.671,0.222,0.002,0.005,0.0,0.0,0.0,0.0,0.0,0.0,0.0
PSE,"Palestine, State of",Rural,2015,PSE_2015_HES,0.712,0.539,0.135,0.318,0.0,0.0,0.0,0.0,0.0,0.0,0.0,0.0,0.008
PSE,"Palestine, State of",Rural,2017,PSE_2017_CEN,0.721,0.553,0.105,0.332,0.0,0.002,0.0,0.0,0.0,0.0,0.0,0.001,0.007
PSE,"Palestine, State of",Rural,2020,PSE_2020_MICS,0.718,0.101,0.256,0.608,0.004,0.026,0.0,0.0,0.0,0.0,0.0,0.003,0.002
PSE,"Palestine, State of",Rural,2021,PSE_2021_SECS,0.718,0.153,0.216,0.625,0.0,0.0,0.0,0.0,0.0,0.0,0.0,0.004,0.002
PSE,"Palestine, State of",Urban,2000,PSE_2000_HCS,,0.959,0.0,0.0,0.0,0.0,0.037,0.0,0.0,0.0,0.0,0.004,0.0
PSE,"Palestine, State of",Urban,2002,PSE_2002_NS,,0.569,0.423,0.0,0.0,0.0,0.0,0.0,0.0,0.0,0.0,0.005,0.003
PSE,"Palestine, State of",Urban,2004,PSE_2004_DHS,0.654,0.63,0.363,0.0,0.0,0.0,0.0,0.0,0.0,0.0,0.0,0.0,0.007
PSE,"Palestine, State of",Urban,2004,PSE_2004_HES,0.654,0.429,0.561,0.0,0.0,0.0,0.0,0.0,0.0,0.0,0.0,0.0,0.01
PSE,"Palestine, State of",Urban,2004,PSE_2004_PECS,0.654,0.65,0.0,0.0,0.345,0.0,0.0,0.0,0.0,0.0,0.0,0.005,0.0
PSE,"Palestine, State of",Urban,2005,PSE_2005_MICS,0.663,0.997,0.0,0.0,0.0,0.0,0.0,0.003,0.0,0.0,0.0,0.0,0.0
PSE,"Palestine, State of",Urban,2005,PSE_2005_PECS,0.663,0.675,0.0,0.0,0.324,0.0,0.0,0.0,0.0,0.0,0.0,0.001,0.0
PSE,"Palestine, State of",Urban,2006,PSE_2006_PAP,0.664,0.621,0.365,0.0,0.0,0.0,0.0,0.0,0.0,0.0,0.0,0.0,0.014
PSE,"Palestine, State of",Urban,2006,PSE_2006_PECS,0.664,0.737,0.0,0.0,0.263,0.0,0.0,0.0,0.0,0.0,0.0,0.0,0.0
PSE,"Palestine, State of",Urban,2007,PSE_2007_HCS,0.674,0.669,0.324,0.0,0.0,0.0,0.0,0.0,0.0,0.0,0.0,0.0,0.007
PSE,"Palestine, State of",Urban,2008,PSE_2008_HES,0.679,0.455,0.537,0.0,0.0,0.0,0.0,0.0,0.0,0.0,0.0,0.0,0.008
PSE,"Palestine, State of",Urban,2009,PSE_2009_HES,0.685,0.521,0.472,0.0,0.0,0.0,0.0,0.0,0.0,0.0,0.0,0.0,0.007
PSE,"Palestine, State of",Urban,2010,PSE_2010_MICS-PFS,0.691,0.621,0.253,0.122,0.0,0.003,0.0,0.0,0.0,0.0,0.0,0.001,0.0
PSE,"Palestine, State of",Urban,2011,PSE_2011_HES,0.698,0.55,0.053,0.39,0.0,0.0,0.0,0.0,0.0,0.0,0.0,0.0,0.007
PSE,"Palestine, State of",Urban,2013,PSE_2013_HES,0.706,0.553,0.083,0.359,0.0,0.0,0.0,0.0,0.0,0.0,0.0,0.0,0.005
PSE,"Palestine, State of",Urban,2014,PSE_2014_MICS,0.7,0.649,0.275,0.072,0.001,0.002,0.0,0.0,0.0,0.0,0.0,0.0,0.001
PSE,"Palestine, State of",Urban,2015,PSE_2015_HES,0.712,0.539,0.135,0.318,0.0,0.0,0.0,0.0,0.0,0.0,0.0,0.0,0.008
PSE,"Palestine, State of",Urban,2017,PSE_2017_CEN,0.721,0.553,0.105,0.332,0.0,0.002,0.0,0.0,0.0,0.0,0.0,0.001,0.007
PSE,"Palestine, State of",Urban,2020,PSE_2020_MICS,0.718,0.669,0.095,0.223,0.004,0.007,0.0,0.0,0.0,0.0,0.0,0.0,0.002
PSE,"Palestine, State of",Urban,2021,PSE_2021_SECS,0.718,0.602,0.122,0.275,0.0,0.0,0.0,0.0,0.0,0.0,0.0,0.001,0.0
PYF,French Polynesia,Rural,1996,PYF_1996_CEN,,0.0,0.0,0.0,0.0,0.0,0.981,0.0,0.0,0.0,0.0,0.019,0.0
PYF,French Polynesia,Rural,2002,PYF_2002_CEN,,0.0,0.0,0.0,0.0,0.0,0.985,0.0,0.0,0.0,0.0,0.015,0.0
PYF,French Polynesia,Rural,2012,PYF_2012_CEN,,0.173,0.801,0.0,0.0,0.026,0.0,0.0,0.0,0.0,0.0,0.0,0.0
PYF,French Polynesia,Rural,2017,PYF_2017_CEN,,0.192,0.782,0.0,0.0,0.026,0.0,0.0,0.0,0.0,0.0,0.0,0.0
PYF,French Polynesia,Urban,1996,PYF_1996_CEN,,0.0,0.0,0.0,0.0,0.0,0.981,0.0,0.0,0.0,0.0,0.019,0.0
PYF,French Polynesia,Urban,2002,PYF_2002_CEN,,0.0,0.0,0.0,0.0,0.0,0.985,0.0,0.0,0.0,0.0,0.015,0.0
PYF,French Polynesia,Urban,2012,PYF_2012_CEN,,0.173,0.801,0.0,0.0,0.026,0.0,0.0,0.0,0.0,0.0,0.0,0.0
PYF,French Polynesia,Urban,2017,PYF_2017_CEN,,0.192,0.782,0.0,0.0,0.026,0.0,0.0,0.0,0.0,0.0,0.0,0.0
QAT,Qatar,Rural,2008,QAT_2008_SDI,0.839,0.0,0.0,0.0,0.0,0.0,1.0,0.0,0.0,0.0,0.0,0.0,0.0
QAT,Qatar,Rural,2009,QAT_2009_SDI,0.838,0.0,0.0,0.0,0.0,0.0,1.0,0.0,0.0,0.0,0.0,0.0,0.0
QAT,Qatar,Rural,2010,QAT_2010_CEN,0.834,0.769,0.231,0.0,0.0,0.0,0.0,0.0,0.0,0.0,0.0,0.0,0.0
QAT,Qatar,Rural,2010,QAT_2010_SDI,0.834,0.0,0.0,0.0,0.0,0.0,1.0,0.0,0.0,0.0,0.0,0.0,0.0
QAT,Qatar,Rural,2011,QAT_2011_SDI,0.835,0.0,0.0,0.0,0.0,0.0,1.0,0.0,0.0,0.0,0.0,0.0,0.0
QAT,Qatar,Rural,2012,QAT_2012_SDI,0.846,0.0,0.0,0.0,0.0,0.0,1.0,0.0,0.0,0.0,0.0,0.0,0.0
QAT,Qatar,Rural,2013,QAT_2013_SDI,0.859,0.0,0.0,0.0,0.0,0.0,1.0,0.0,0.0,0.0,0.0,0.0,0.0
QAT,Qatar,Rural,2014,QAT_2014_SDI,0.857,0.0,0.0,0.0,0.0,0.0,1.0,0.0,0.0,0.0,0.0,0.0,0.0
QAT,Qatar,Rural,2015,QAT_2015_CEN,0.86,0.914,0.086,0.0,0.0,0.0,0.0,0.0,0.0,0.0,0.0,0.0,0.0
QAT,Qatar,Rural,2020,QAT_2020_CEN,0.872,0.947,0.053,0.0,0.0,0.0,0.0,0.0,0.0,0.0,0.0,0.0,0.0
QAT,Qatar,Urban,2008,QAT_2008_SDI,0.839,0.0,0.0,0.0,0.0,0.0,1.0,0.0,0.0,0.0,0.0,0.0,0.0
QAT,Qatar,Urban,2009,QAT_2009_SDI,0.838,0.0,0.0,0.0,0.0,0.0,1.0,0.0,0.0,0.0,0.0,0.0,0.0
QAT,Qatar,Urban,2010,QAT_2010_CEN,0.834,0.769,0.231,0.0,0.0,0.0,0.0,0.0,0.0,0.0,0.0,0.0,0.0
QAT,Qatar,Urban,2010,QAT_2010_SDI,0.834,0.0,0.0,0.0,0.0,0.0,1.0,0.0,0.0,0.0,0.0,0.0,0.0
QAT,Qatar,Urban,2011,QAT_2011_SDI,0.835,0.0,0.0,0.0,0.0,0.0,1.0,0.0,0.0,0.0,0.0,0.0,0.0
QAT,Qatar,Urban,2012,QAT_2012_SDI,0.846,0.0,0.0,0.0,0.0,0.0,1.0,0.0,0.0,0.0,0.0,0.0,0.0
QAT,Qatar,Urban,2013,QAT_2013_SDI,0.859,0.0,0.0,0.0,0.0,0.0,1.0,0.0,0.0,0.0,0.0,0.0,0.0
QAT,Qatar,Urban,2014,QAT_2014_SDI,0.857,0.0,0.0,0.0,0.0,0.0,1.0,0.0,0.0,0.0,0.0,0.0,0.0
QAT,Qatar,Urban,2015,QAT_2015_CEN,0.86,0.914,0.086,0.0,0.0,0.0,0.0,0.0,0.0,0.0,0.0,0.0,0.0
QAT,Qatar,Urban,2020,QAT_2020_CEN,0.872,0.947,0.053,0.0,0.0,0.0,0.0,0.0,0.0,0.0,0.0,0.0,0.0
REU,Réunion,Rural,2009,REU_2009_CEN,,0.439,0.517,0.031,0.0,0.0,0.013,0.0,0.0,0.0,0.0,0.0,0.0
REU,Réunion,Rural,2011,REU_2011_CEN,,0.455,0.506,0.028,0.0,0.0,0.011,0.0,0.0,0.0,0.0,0.0,0.0
REU,Réunion,Rural,2012,REU_2012_CEN,,0.46,0.5,0.029,0.0,0.0,0.011,0.0,0.0,0.0,0.0,0.0,0.0
REU,Réunion,Rural,2013,REU_2013_CEN,,0.466,0.494,0.029,0.0,0.0,0.011,0.0,0.0,0.0,0.0,0.0,0.0
REU,Réunion,Rural,2014,REU_2014_CEN,,0.473,0.486,0.029,0.0,0.0,0.012,0.0,0.0,0.0,0.0,0.0,0.0
REU,Réunion,Rural,2016,REU_2016_CEN,,0.487,0.47,0.03,0.0,0.0,0.013,0.0,0.0,0.0,0.0,0.0,0.0
REU,Réunion,Rural,2017,REU_2017_CEN,,0.493,0.464,0.029,0.0,0.0,0.014,0.0,0.0,0.0,0.0,0.0,0.0
REU,Réunion,Rural,2018,REU_2018_CEN,,0.497,0.461,0.028,0.0,0.0,0.014,0.0,0.0,0.0,0.0,0.0,0.0
REU,Réunion,Rural,2019,REU_2019_CEN,,0.498,0.46,0.028,0.0,0.0,0.014,0.0,0.0,0.0,0.0,0.0,0.0
REU,Réunion,Urban,2008,REU_2008_CEN,,0.404,0.525,0.045,0.0,0.0,0.02,0.0,0.0,0.0,0.0,0.0,0.006
REU,Réunion,Urban,2009,REU_2009_CEN,,0.439,0.517,0.031,0.0,0.0,0.013,0.0,0.0,0.0,0.0,0.0,0.0
REU,Réunion,Urban,2011,REU_2011_CEN,,0.455,0.506,0.028,0.0,0.0,0.011,0.0,0.0,0.0,0.0,0.0,0.0
REU,Réunion,Urban,2012,REU_2012_CEN,,0.46,0.5,0.029,0.0,0.0,0.011,0.0,0.0,0.0,0.0,0.0,0.0
REU,Réunion,Urban,2013,REU_2013_CEN,,0.466,0.494,0.029,0.0,0.0,0.011,0.0,0.0,0.0,0.0,0.0,0.0
REU,Réunion,Urban,2014,REU_2014_CEN,,0.473,0.486,0.029,0.0,0.0,0.012,0.0,0.0,0.0,0.0,0.0,0.0
REU,Réunion,Urban,2016,REU_2016_CEN,,0.487,0.47,0.03,0.0,0.0,0.013,0.0,0.0,0.0,0.0,0.0,0.0
REU,Réunion,Urban,2017,REU_2017_CEN,,0.493,0.464,0.029,0.0,0.0,0.014,0.0,0.0,0.0,0.0,0.0,0.0
REU,Réunion,Urban,2018,REU_2018_CEN,,0.497,0.461,0.028,0.0,0.0,0.014,0.0,0.0,0.0,0.0,0.0,0.0
REU,Réunion,Urban,2019,REU_2019_CEN,,0.498,0.46,0.028,0.0,0.0,0.014,0.0,0.0,0.0,0.0,0.0,0.0
ROU,Romania,Rural,1992,ROU_1992_CEN,0.694,0.026,0.034,0.0,0.0,0.0,0.0,0.0,0.0,0.0,0.0,0.0,0.94
ROU,Romania,Rural,1994,ROU_1994_IHS,0.695,0.729,0.0,0.0,0.0,0.0,0.238,0.0,0.0,0.0,0.0,0.033,0.0
ROU,Romania,Rural,2012,ROU_2012_EUSILC,0.817,0.283,0.0,0.0,0.0,0.0,0.0,0.0,0.0,0.0,0.0,0.0,0.717
ROU,Romania,Rural,2013,ROU_2013_EUSILC,0.821,0.381,0.0,0.0,0.0,0.0,0.0,0.0,0.0,0.0,0.0,0.0,0.619
ROU,Romania,Rural,2014,ROU_2014_EUSILC,0.82,0.41,0.0,0.0,0.0,0.0,0.0,0.0,0.0,0.0,0.0,0.0,0.59
ROU,Romania,Rural,2015,ROU_2015_EUSILC,0.823,0.41,0.0,0.0,0.0,0.0,0.0,0.0,0.0,0.0,0.0,0.0,0.59
ROU,Romania,Urban,1992,ROU_1992_CEN,0.694,0.788,0.035,0.0,0.0,0.0,0.0,0.0,0.0,0.0,0.0,0.0,0.177
ROU,Romania,Urban,1994,ROU_1994_IHS,0.695,0.808,0.0,0.0,0.0,0.0,0.161,0.0,0.0,0.0,0.0,0.031,0.0
ROU,Romania,Urban,2002,ROU_2002_CEN,0.745,0.793,0.043,0.0,0.0,0.0,0.0,0.0,0.0,0.0,0.0,0.0,0.164
ROU,Romania,Urban,2012,ROU_2012_EUSILC,0.817,0.878,0.0,0.0,0.0,0.0,0.0,0.0,0.0,0.0,0.0,0.0,0.122
ROU,Romania,Urban,2013,ROU_2013_EUSILC,0.821,0.833,0.0,0.0,0.0,0.0,0.0,0.0,0.0,0.0,0.0,0.0,0.167
ROU,Romania,Urban,2014,ROU_2014_EUSILC,0.82,0.878,0.0,0.0,0.0,0.0,0.0,0.0,0.0,0.0,0.0,0.0,0.122
ROU,Romania,Urban,2015,ROU_2015_EUSILC,0.823,0.874,0.0,0.0,0.0,0.0,0.0,0.0,0.0,0.0,0.0,0.0,0.126
RUS,Russian Federation,Rural,2003,RUS_2003_RLMS,0.772,0.353,0.0,0.0,0.0,0.0,0.0,0.0,0.0,0.0,0.0,0.0,0.647
RUS,Russian Federation,Rural,2004,RUS_2004_RLMS,0.777,0.225,0.0,0.0,0.0,0.0,0.0,0.0,0.0,0.0,0.0,0.0,0.775
RUS,Russian Federation,Rural,2005,RUS_2005_RLMS,0.78,0.244,0.0,0.0,0.0,0.0,0.0,0.0,0.0,0.0,0.0,0.0,0.756
RUS,Russian Federation,Rural,2006,RUS_2006_RLMS,0.791,0.348,0.0,0.0,0.0,0.0,0.0,0.0,0.0,0.0,0.0,0.0,0.652
RUS,Russian Federation,Rural,2007,RUS_2007_RLMS,0.802,0.38,0.0,0.0,0.0,0.0,0.0,0.0,0.0,0.0,0.0,0.0,0.62
RUS,Russian Federation,Rural,2008,RUS_2008_RLMS,0.807,0.523,0.0,0.0,0.0,0.0,0.0,0.0,0.0,0.0,0.0,0.0,0.477
RUS,Russian Federation,Rural,2009,RUS_2009_RLMS,0.805,0.377,0.0,0.0,0.0,0.0,0.0,0.0,0.0,0.0,0.0,0.0,0.623
RUS,Russian Federation,Rural,2010,RUS_2010_RLMS,0.808,0.384,0.0,0.0,0.0,0.0,0.0,0.0,0.0,0.0,0.0,0.0,0.616
RUS,Russian Federation,Rural,2011,RUS_2011_RLMS,0.822,0.397,0.0,0.0,0.0,0.0,0.0,0.0,0.0,0.0,0.0,0.0,0.603
RUS,Russian Federation,Rural,2012,RUS_2012_RLMS,0.825,0.385,0.0,0.0,0.0,0.0,0.0,0.0,0.0,0.0,0.0,0.0,0.615
RUS,Russian Federation,Rural,2013,RUS_2013_RLMS,0.83,0.303,0.0,0.0,0.0,0.0,0.0,0.0,0.0,0.0,0.0,0.0,0.697
RUS,Russian Federation,Rural,2014,RUS_2014_RLMS,0.831,0.325,0.0,0.0,0.0,0.0,0.0,0.0,0.0,0.0,0.0,0.0,0.675
RUS,Russian Federation,Rural,2015,RUS_2015_RLMS,0.833,0.541,0.0,0.0,0.0,0.0,0.0,0.0,0.0,0.0,0.0,0.0,0.459
RUS,Russian Federation,Rural,2016,RUS_2016_RLMS,0.835,0.46,0.0,0.0,0.0,0.0,0.0,0.0,0.0,0.0,0.0,0.0,0.54
RUS,Russian Federation,Rural,2017,RUS_2017_RLMS,0.838,0.226,0.0,0.0,0.0,0.0,0.0,0.0,0.0,0.0,0.0,0.0,0.774
RUS,Russian Federation,Rural,2019,RUS_2019_RLMS,0.847,0.217,0.0,0.0,0.0,0.0,0.0,0.0,0.0,0.0,0.0,0.0,0.783
RUS,Russian Federation,Rural,2020,RUS_2020_RLMS,0.818,0.217,0.0,0.0,0.0,0.0,0.0,0.0,0.0,0.0,0.0,0.0,0.783
RUS,Russian Federation,Urban,2003,RUS_2003_RLMS,0.772,0.929,0.0,0.0,0.0,0.0,0.0,0.0,0.0,0.0,0.0,0.0,0.071
RUS,Russian Federation,Urban,2004,RUS_2004_RLMS,0.777,0.871,0.0,0.0,0.0,0.0,0.0,0.0,0.0,0.0,0.0,0.0,0.129
RUS,Russian Federation,Urban,2005,RUS_2005_RLMS,0.78,0.876,0.0,0.0,0.0,0.0,0.0,0.0,0.0,0.0,0.0,0.0,0.124
RUS,Russian Federation,Urban,2006,RUS_2006_RLMS,0.791,0.944,0.0,0.0,0.0,0.0,0.0,0.0,0.0,0.0,0.0,0.0,0.056
RUS,Russian Federation,Urban,2007,RUS_2007_RLMS,0.802,0.923,0.0,0.0,0.0,0.0,0.0,0.0,0.0,0.0,0.0,0.0,0.077
RUS,Russian Federation,Urban,2008,RUS_2008_RLMS,0.807,0.899,0.0,0.0,0.0,0.0,0.0,0.0,0.0,0.0,0.0,0.0,0.101
RUS,Russian Federation,Urban,2008,RUS_2008_SAGE,0.807,0.678,0.022,0.04,0.002,0.006,0.091,0.099,0.0,0.007,0.04,0.01,0.005
RUS,Russian Federation,Urban,2009,RUS_2009_RLMS,0.805,0.858,0.0,0.0,0.0,0.0,0.0,0.0,0.0,0.0,0.0,0.0,0.142
RUS,Russian Federation,Urban,2010,RUS_2010_RLMS,0.808,0.864,0.0,0.0,0.0,0.0,0.0,0.0,0.0,0.0,0.0,0.0,0.136
RUS,Russian Federation,Urban,2011,RUS_2011_RLMS,0.822,0.86,0.0,0.0,0.0,0.0,0.0,0.0,0.0,0.0,0.0,0.0,0.14
RUS,Russian Federation,Urban,2012,RUS_2012_RLMS,0.825,0.866,0.0,0.0,0.0,0.0,0.0,0.0,0.0,0.0,0.0,0.0,0.134
RUS,Russian Federation,Urban,2013,RUS_2013_RLMS,0.83,0.891,0.0,0.0,0.0,0.0,0.0,0.0,0.0,0.0,0.0,0.0,0.109
RUS,Russian Federation,Urban,2014,RUS_2014_RLMS,0.831,0.847,0.0,0.0,0.0,0.0,0.0,0.0,0.0,0.0,0.0,0.0,0.153
RUS,Russian Federation,Urban,2015,RUS_2015_RLMS,0.833,0.904,0.0,0.0,0.0,0.0,0.0,0.0,0.0,0.0,0.0,0.0,0.096
RUS,Russian Federation,Urban,2016,RUS_2016_RLMS,0.835,0.962,0.0,0.0,0.0,0.0,0.0,0.0,0.0,0.0,0.0,0.0,0.038
RUS,Russian Federation,Urban,2017,RUS_2017_RLMS,0.838,0.899,0.0,0.0,0.0,0.0,0.0,0.0,0.0,0.0,0.0,0.0,0.101
RUS,Russian Federation,Urban,2018,RUS_2018_RLMS,0.845,0.898,0.0,0.0,0.0,0.0,0.0,0.0,0.0,0.0,0.0,0.0,0.102
RUS,Russian Federation,Urban,2019,RUS_2019_RLMS,0.847,0.904,0.0,0.0,0.0,0.0,0.0,0.0,0.0,0.0,0.0,0.0,0.096
RUS,Russian Federation,Urban,2020,RUS_2020_RLMS,0.818,0.905,0.0,0.0,0.0,0.0,0.0,0.0,0.0,0.0,0.0,0.0,0.095
RWA,Rwanda,Rural,2010,RWA_2010_DHS,0.504,0.001,0.0,0.002,0.0,0.004,0.714,0.251,0.0,0.0,0.005,0.015,0.008
RWA,Rwanda,Rural,2013,RWA_2013_MIS,0.499,0.009,0.007,0.0,0.0,0.0,0.632,0.331,0.0,0.0,0.003,0.018,0.0
RWA,Rwanda,Rural,2015,RWA_2015_CFSVA,0.525,0.0,0.0,0.0,0.0,0.0,0.561,0.0,0.0,0.0,0.0,0.0,0.439
RWA,Rwanda,Urban,2010,RWA_2010_DHS,0.504,0.032,0.003,0.017,0.001,0.003,0.8220000000000001,0.107,0.0,0.0,0.001,0.009,0.005
RWA,Rwanda,Urban,2013,RWA_2013_MIS,0.499,0.009,0.007,0.0,0.0,0.0,0.632,0.331,0.0,0.0,0.003,0.018,0.0
RWA,Rwanda,Urban,2015,RWA_2015_CFSVA,0.525,0.0,0.0,0.0,0.0,0.0,0.845,0.0,0.0,0.0,0.0,0.0,0.155
SAU,Saudi Arabia,Rural,2004,SAU_2004_CEN,0.773,0.373,0.602,0.0,0.0,0.0,0.011,0.0,0.0,0.0,0.0,0.0,0.014
SAU,Saudi Arabia,Rural,2010,SAU_2010_CEN,0.801,0.494,0.499,0.0,0.0,0.0,0.0,0.0,0.0,0.0,0.0,0.0,0.007
SAU,Saudi Arabia,Rural,2017,SAU_2017_HS,0.869,0.542,0.457,0.0,0.0,0.0,0.001,0.0,0.0,0.0,0.0,0.0,0.0
SAU,Saudi Arabia,Rural,2018,SAU_2018_HS,0.875,0.564,0.433,0.0,0.0,0.0,0.003,0.0,0.0,0.0,0.0,0.0,0.0
SAU,Saudi Arabia,Rural,2019,SAU_2019_HS,0.878,0.212,0.785,0.0,0.0,0.0,0.003,0.0,0.0,0.0,0.0,0.0,0.0
SAU,Saudi Arabia,Rural,2021,SAU_2021_HES,0.878,0.599,0.394,0.0,0.0,0.0,0.007,0.0,0.0,0.0,0.0,0.0,0.0
SAU,Saudi Arabia,Urban,2004,SAU_2004_CEN,0.773,0.373,0.602,0.0,0.0,0.0,0.011,0.0,0.0,0.0,0.0,0.0,0.014
SAU,Saudi Arabia,Urban,2010,SAU_2010_CEN,0.801,0.494,0.499,0.0,0.0,0.0,0.0,0.0,0.0,0.0,0.0,0.0,0.007
SAU,Saudi Arabia,Urban,2017,SAU_2017_HS,0.869,0.542,0.457,0.0,0.0,0.0,0.001,0.0,0.0,0.0,0.0,0.0,0.0
SAU,Saudi Arabia,Urban,2018,SAU_2018_HS,0.875,0.564,0.433,0.0,0.0,0.0,0.003,0.0,0.0,0.0,0.0,0.0,0.0
SAU,Saudi Arabia,Urban,2019,SAU_2019_HS,0.878,0.212,0.785,0.0,0.0,0.0,0.003,0.0,0.0,0.0,0.0,0.0,0.0
SAU,Saudi Arabia,Urban,2021,SAU_2021_HES,0.878,0.599,0.394,0.0,0.0,0.0,0.007,0.0,0.0,0.0,0.0,0.0,0.0
SDN,Sudan,Rural,2006,SDN_2006_SHHS,,0.001,0.004,0.002,0.0,0.001,0.16899999999999998,0.219,0.001,0.002,0.003,0.568,0.030000000000000002
SDN,Sudan,Rural,2015,SDN_2015_AFB,0.498,0.0,0.0,0.0,0.0,0.0,0.0,0.0,0.0,0.0,0.0,0.097,0.903
SDN,Sudan,Rural,2018,SDN_2018_AFB,0.515,0.0,0.0,0.0,0.0,0.0,0.0,0.0,0.0,0.0,0.0,0.068,0.932
SDN,Sudan,Rural,2021,SDN_2021_AFB,0.512,0.0,0.0,0.0,0.0,0.0,0.0,0.0,0.0,0.0,0.0,0.202,0.798
SDN,Sudan,Urban,2000,SDN_2000_MICS,,0.002,0.14,0.035,0.0,0.0,0.649,0.0,0.0,0.0,0.0,0.146,0.028
SDN,Sudan,Urban,2006,SDN_2006_SHHS,,0.014,0.057,0.06,0.002,0.004,0.407,0.229,0.001,0.0,0.008,0.191,0.027
SDN,Sudan,Urban,2014,SDN_2014_MICS,0.496,0.024,0.14,0.046,0.002,0.005,0.473,0.236,0.0,0.0,0.003,0.05,0.020999999999999998
SDN,Sudan,Urban,2015,SDN_2015_AFB,0.498,0.0,0.0,0.0,0.0,0.0,0.0,0.0,0.0,0.0,0.0,0.001,0.999
SDN,Sudan,Urban,2018,SDN_2018_AFB,0.515,0.0,0.0,0.0,0.0,0.0,0.0,0.0,0.0,0.0,0.0,0.006,0.994
SDN,Sudan,Urban,2021,SDN_2021_AFB,0.512,0.0,0.0,0.0,0.0,0.0,0.0,0.0,0.0,0.0,0.0,0.077,0.923
SEN,Senegal,Rural,2002,SEN_2002_ESAM,0.409,0.002,0.052,0.0,0.0,0.0,0.518,0.0,0.0,0.013,0.0,0.313,0.102
SEN,Senegal,Rural,2013,SEN_2013_AFB,0.504,0.0,0.0,0.0,0.0,0.0,0.0,0.0,0.0,0.0,0.0,0.086,0.914
SEN,Senegal,Rural,2014,SEN_2014_AFB,0.508,0.0,0.0,0.0,0.0,0.0,0.0,0.0,0.0,0.0,0.0,0.074,0.926
SEN,Senegal,Rural,2017,SEN_2017_AFB,0.517,0.0,0.0,0.0,0.0,0.0,0.0,0.0,0.0,0.0,0.0,0.032,0.968
SEN,Senegal,Rural,2018,SEN_2018_DHS,0.522,0.003,0.294,0.063,0.0,0.004,0.424,0.0,0.023,0.0,0.002,0.175,0.012
SEN,Senegal,Rural,2018,SEN_2018_EHCVM,0.522,0.002,0.223,0.144,0.006,0.015,0.214,0.205,0.0,0.0,0.037,0.143,0.011
SEN,Senegal,Rural,2021,SEN_2021_AFB,0.522,0.0,0.0,0.0,0.0,0.0,0.0,0.0,0.0,0.0,0.0,0.069,0.931
SEN,Senegal,Rural,2021,SEN_2021_MIS,0.522,0.015,0.245,0.139,0.001,0.008,0.16599999999999998,0.26,0.016,0.0,0.008,0.137,0.005
SEN,Senegal,Urban,2002,SEN_2002_ESAM,0.409,0.162,0.489,0.0,0.0,0.0,0.244,0.0,0.0,0.034,0.0,0.047,0.024
SEN,Senegal,Urban,2011,SEN_2011_ESPS,0.491,0.274,0.535,0.0,0.0,0.0,0.107,0.049,0.0,0.014,0.0,0.005,0.016
SEN,Senegal,Urban,2013,SEN_2013_AFB,0.504,0.0,0.0,0.0,0.0,0.0,0.0,0.0,0.0,0.0,0.0,0.006,0.994
SEN,Senegal,Urban,2014,SEN_2014_AFB,0.508,0.0,0.0,0.0,0.0,0.0,0.0,0.0,0.0,0.0,0.0,0.004,0.996
SEN,Senegal,Urban,2017,SEN_2017_AFB,0.517,0.0,0.0,0.0,0.0,0.0,0.0,0.0,0.0,0.0,0.0,0.006,0.994
SEN,Senegal,Urban,2018,SEN_2018_DHS,0.522,0.198,0.629,0.025,0.0,0.008,0.12,0.0,0.005,0.0,0.004,0.009,0.002
SEN,Senegal,Urban,2018,SEN_2018_EHCVM,0.522,0.151,0.453,0.153,0.006,0.005,0.152,0.049,0.0,0.0,0.019,0.008,0.004
SEN,Senegal,Urban,2021,SEN_2021_AFB,0.522,0.0,0.0,0.0,0.0,0.0,0.0,0.0,0.0,0.0,0.0,0.014,0.986
SEN,Senegal,Urban,2021,SEN_2021_MIS,0.522,0.168,0.629,0.049,0.0,0.001,0.079,0.049,0.008,0.001,0.007,0.009,0.0
SGP,Singapore,Rural,1999,SGP_1999_JMP,0.875,1.0,0.0,0.0,0.0,0.0,0.0,0.0,0.0,0.0,0.0,0.0,0.0
SGP,Singapore,Rural,2009,SGP_2009_PUB,0.928,1.0,0.0,0.0,0.0,0.0,0.0,0.0,0.0,0.0,0.0,0.0,0.0
SGP,Singapore,Urban,1999,SGP_1999_JMP,0.875,1.0,0.0,0.0,0.0,0.0,0.0,0.0,0.0,0.0,0.0,0.0,0.0
SGP,Singapore,Urban,2009,SGP_2009_PUB,0.928,1.0,0.0,0.0,0.0,0.0,0.0,0.0,0.0,0.0,0.0,0.0,0.0
SLE,Sierra Leone,Rural,2011,SLE_2011_OSM,0.416,0.0,0.003,0.006,0.0,0.0,0.24300000000000002,0.381,0.011,0.0,0.0,0.356,0.0
SLE,Sierra Leone,Rural,2012,SLE_2012_AFB,0.418,0.0,0.0,0.0,0.0,0.0,0.0,0.0,0.0,0.0,0.0,0.082,0.918
SLE,Sierra Leone,Rural,2015,SLE_2015_AFB,0.432,0.0,0.0,0.0,0.0,0.0,0.0,0.0,0.0,0.0,0.0,0.03,0.97
SLE,Sierra Leone,Rural,2017,SLE_2017_MICS,0.445,0.011,0.054,0.028,0.003,0.007,0.385,0.3,0.032,0.002,0.002,0.171,0.005
SLE,Sierra Leone,Rural,2018,SLE_2018_AFB,0.451,0.0,0.0,0.0,0.0,0.0,0.0,0.0,0.0,0.0,0.0,0.076,0.924
SLE,Sierra Leone,Rural,2020,SLE_2020_AFB,0.454,0.0,0.0,0.0,0.0,0.0,0.0,0.0,0.0,0.0,0.0,0.237,0.763
SLE,Sierra Leone,Urban,2011,SLE_2011_OSM,0.416,0.016,0.11,0.031,0.0,0.0,0.492,0.279,0.005,0.0,0.0,0.067,0.0
SLE,Sierra Leone,Urban,2012,SLE_2012_AFB,0.418,0.0,0.0,0.0,0.0,0.0,0.0,0.0,0.0,0.0,0.0,0.046,0.954
SLE,Sierra Leone,Urban,2015,SLE_2015_AFB,0.432,0.0,0.0,0.0,0.0,0.0,0.0,0.0,0.0,0.0,0.0,0.005,0.995
SLE,Sierra Leone,Urban,2017,SLE_2017_MICS,0.445,0.011,0.054,0.028,0.003,0.007,0.385,0.3,0.032,0.002,0.002,0.171,0.005
SLE,Sierra Leone,Urban,2018,SLE_2018_AFB,0.451,0.0,0.0,0.0,0.0,0.0,0.0,0.0,0.0,0.0,0.0,0.053,0.947
SLE,Sierra Leone,Urban,2020,SLE_2020_AFB,0.454,0.0,0.0,0.0,0.0,0.0,0.0,0.0,0.0,0.0,0.0,0.028,0.972
SLV,El Salvador,Rural,1992,SLV_1992_CEN,0.538,0.085,0.0,0.0,0.0,0.0,0.553,0.0,0.0,0.0,0.0,0.348,0.014
SLV,El Salvador,Rural,1998,SLV_1998_EHPM,0.594,0.012,0.025,0.0,0.0,0.0,0.654,0.0,0.0,0.0,0.062,0.247,0.0
SLV,El Salvador,Rural,2004,SLV_2004_EHPM,0.636,0.023,0.067,0.0,0.0,0.0,0.758,0.0,0.0,0.0,0.0,0.152,0.0
SLV,El Salvador,Rural,2006,SLV_2006_EHPM,0.647,0.398,0.1,0.0,0.0,0.0,0.381,0.0,0.0,0.0,0.028,0.093,0.0
SLV,El Salvador,Rural,2010,SLV_2010_EHPM,0.66,0.009,0.125,0.0,0.0,0.0,0.604,0.0,0.0,0.0,0.158,0.104,0.0
SLV,El Salvador,Rural,2011,SLV_2011_EHPM,0.662,0.386,0.132,0.0,0.0,0.0,0.369,0.0,0.0,0.0,0.076,0.037,0.0
SLV,El Salvador,Rural,2012,SLV_2012_EHPM,0.666,0.009,0.146,0.0,0.0,0.0,0.589,0.0,0.0,0.0,0.164,0.092,0.0
SLV,El Salvador,Rural,2013,SLV_2013_EHPM,0.668,0.391,0.141,0.0,0.0,0.0,0.36,0.0,0.0,0.0,0.078,0.03,0.0
SLV,El Salvador,Rural,2016,SLV_2016_EHPM,0.666,0.383,0.175,0.0,0.0,0.0,0.346,0.0,0.0,0.0,0.073,0.023,0.0
SLV,El Salvador,Rural,2017,SLV_2017_EHPM,0.665,0.357,0.19,0.0,0.0,0.0,0.358,0.0,0.0,0.0,0.074,0.021,0.0
SLV,El Salvador,Rural,2021,SLV_2021_EHPM,0.663,0.016,0.274,0.0,0.0,0.0,0.55,0.0,0.0,0.0,0.131,0.029,0.0
SLV,El Salvador,Urban,1992,SLV_1992_CEN,0.538,0.658,0.0,0.0,0.0,0.0,0.299,0.0,0.0,0.0,0.0,0.038,0.005
SLV,El Salvador,Urban,1998,SLV_1998_EHPM,0.594,0.612,0.046,0.0,0.0,0.0,0.31,0.0,0.0,0.0,0.01,0.022,0.0
SLV,El Salvador,Urban,2004,SLV_2004_EHPM,0.636,0.622,0.082,0.0,0.0,0.0,0.279,0.0,0.0,0.0,0.0,0.017,0.0
SLV,El Salvador,Urban,2006,SLV_2006_EHPM,0.647,0.398,0.1,0.0,0.0,0.0,0.381,0.0,0.0,0.0,0.028,0.093,0.0
SLV,El Salvador,Urban,2010,SLV_2010_EHPM,0.66,0.591,0.124,0.0,0.0,0.0,0.252,0.0,0.0,0.0,0.026,0.007,0.0
SLV,El Salvador,Urban,2011,SLV_2011_EHPM,0.662,0.386,0.132,0.0,0.0,0.0,0.369,0.0,0.0,0.0,0.076,0.037,0.0
SLV,El Salvador,Urban,2012,SLV_2012_EHPM,0.666,0.6,0.134,0.0,0.0,0.0,0.236,0.0,0.0,0.0,0.024,0.006,0.0
SLV,El Salvador,Urban,2013,SLV_2013_EHPM,0.668,0.391,0.141,0.0,0.0,0.0,0.36,0.0,0.0,0.0,0.078,0.03,0.0
SLV,El Salvador,Urban,2014,SLV_2014_EHPM,0.668,0.592,0.145,0.0,0.0,0.0,0.236,0.0,0.0,0.0,0.023,0.004,0.0
SLV,El Salvador,Urban,2016,SLV_2016_EHPM,0.666,0.383,0.175,0.0,0.0,0.0,0.346,0.0,0.0,0.0,0.073,0.023,0.0
SLV,El Salvador,Urban,2017,SLV_2017_EHPM,0.665,0.357,0.19,0.0,0.0,0.0,0.358,0.0,0.0,0.0,0.074,0.021,0.0
SLV,El Salvador,Urban,2019,SLV_2019_EHPM,0.67,0.585,0.202,0.0,0.0,0.0,0.188,0.0,0.0,0.0,0.022,0.003,0.0
SLV,El Salvador,Urban,2021,SLV_2021_EHPM,0.663,0.553,0.235,0.0,0.0,0.0,0.185,0.0,0.0,0.0,0.025,0.002,0.0
SMR,San Marino,Rural,2015,SMR_2015_ASS,0.896,0.85,0.15,0.0,0.0,0.0,0.0,0.0,0.0,0.0,0.0,0.0,0.0
SMR,San Marino,Rural,2016,SMR_2016_ASS,0.898,0.85,0.15,0.0,0.0,0.0,0.0,0.0,0.0,0.0,0.0,0.0,0.0
SMR,San Marino,Urban,2015,SMR_2015_ASS,0.896,0.85,0.15,0.0,0.0,0.0,0.0,0.0,0.0,0.0,0.0,0.0,0.0
SMR,San Marino,Urban,2016,SMR_2016_ASS,0.898,0.85,0.15,0.0,0.0,0.0,0.0,0.0,0.0,0.0,0.0,0.0,0.0
SOM,Somalia,Rural,2015,SOM_2015_KAP,,0.004,0.001,0.0,0.0,0.0,0.42000000000000004,0.0,0.0,0.001,0.0,0.574,0.0
SOM,Somalia,Rural,2017,SOM_2017_HFS,,0.125,0.045,0.201,0.007,0.009,0.23099999999999998,0.121,0.005,0.005,0.003,0.218,0.03
SOM,Somalia,Rural,2019,SOM_2019_SHDS,,0.061,0.044,0.178,0.006,0.008,0.315,0.175,0.004,0.02,0.0,0.18,0.009
SOM,Somalia,Urban,2015,SOM_2015_KAP,,0.004,0.0,0.0,0.0,0.0,0.8760000000000001,0.0,0.0,0.011,0.0,0.109,0.0
SOM,Somalia,Urban,2017,SOM_2017_HFS,,0.125,0.045,0.201,0.007,0.009,0.23099999999999998,0.121,0.005,0.005,0.003,0.218,0.03
SOM,Somalia,Urban,2019,SOM_2019_MNS,,0.054,0.057,0.188,0.021,0.01,0.486,0.155,0.0,0.003,0.0,0.017,0.009000000000000001
SOM,Somalia,Urban,2019,SOM_2019_SHDS,,0.061,0.044,0.178,0.006,0.008,0.315,0.175,0.004,0.02,0.0,0.18,0.009
SRB,Serbia,Rural,2002,SRB_2002_LSMS,0.711,0.251,0.332,0.0,0.0,0.0,0.0,0.0,0.0,0.0,0.0,0.0,0.417
SRB,Serbia,Rural,2007,SRB_2007_LSMS,0.763,0.075,0.318,0.0,0.0,0.0,0.094,0.0,0.0,0.0,0.0,0.004,0.509
SRB,Serbia,Rural,2010,SRB_2010_MICS,0.775,0.549,0.389,0.006,0.002,0.015,0.038000000000000006,0.001,0.0,0.0,0.0,0.0,0.0
SRB,Serbia,Rural,2013,SRB_2013_EUSILC,0.792,0.902,0.0,0.0,0.0,0.0,0.0,0.0,0.0,0.0,0.0,0.0,0.098
SRB,Serbia,Rural,2014,SRB_2014_EUSILC,0.795,0.909,0.0,0.0,0.0,0.0,0.0,0.0,0.0,0.0,0.0,0.0,0.091
SRB,Serbia,Rural,2015,SRB_2015_EUSILC,0.802,0.913,0.0,0.0,0.0,0.0,0.0,0.0,0.0,0.0,0.0,0.0,0.087
SRB,Serbia,Rural,2016,SRB_2016_HBS,0.806,0.992,0.0,0.0,0.0,0.0,0.0,0.0,0.0,0.0,0.0,0.0,0.008
SRB,Serbia,Rural,2019,SRB_2019_MICS,0.817,0.582,0.373,0.002,0.0,0.012,0.029,0.001,0.0,0.0,0.0,0.001,0.0
SRB,Serbia,Urban,2002,SRB_2002_LSMS,0.711,0.746,0.114,0.0,0.0,0.0,0.0,0.0,0.0,0.0,0.0,0.0,0.14
SRB,Serbia,Urban,2007,SRB_2007_LSMS,0.763,0.39,0.078,0.0,0.0,0.0,0.011,0.0,0.0,0.0,0.0,0.0,0.521
SRB,Serbia,Urban,2010,SRB_2010_MICS,0.775,0.549,0.389,0.006,0.002,0.015,0.038000000000000006,0.001,0.0,0.0,0.0,0.0,0.0
SRB,Serbia,Urban,2013,SRB_2013_EUSILC,0.792,0.984,0.0,0.0,0.0,0.0,0.0,0.0,0.0,0.0,0.0,0.0,0.016
SRB,Serbia,Urban,2014,SRB_2014_EUSILC,0.795,0.99,0.0,0.0,0.0,0.0,0.0,0.0,0.0,0.0,0.0,0.0,0.01
SRB,Serbia,Urban,2014,SRB_2014_MICS,0.795,0.833,0.145,0.0,0.001,0.001,0.015,0.004,0.0,0.0,0.0,0.0,0.001
SRB,Serbia,Urban,2015,SRB_2015_EUSILC,0.802,0.989,0.0,0.0,0.0,0.0,0.0,0.0,0.0,0.0,0.0,0.0,0.011
SRB,Serbia,Urban,2016,SRB_2016_HBS,0.806,0.992,0.0,0.0,0.0,0.0,0.0,0.0,0.0,0.0,0.0,0.0,0.008
SRB,Serbia,Urban,2019,SRB_2019_MICS,0.817,0.582,0.373,0.002,0.0,0.012,0.029,0.001,0.0,0.0,0.0,0.001,0.0
SSD,South Sudan,Rural,2019,SSD_2019_FSNMS,0.403,0.0,0.0,0.0,0.0,0.0,0.0,0.0,0.0,0.0,0.0,0.839,0.161
SSD,South Sudan,Rural,2020,SSD_2020_FSNMS,0.398,0.0,0.0,0.0,0.0,0.0,0.0,0.0,0.0,0.0,0.0,0.787,0.213
SSD,South Sudan,Urban,2019,SSD_2019_FSNMS,0.403,0.0,0.0,0.0,0.0,0.0,0.0,0.0,0.0,0.0,0.0,0.839,0.161
SSD,South Sudan,Urban,2020,SSD_2020_FSNMS,0.398,0.0,0.0,0.0,0.0,0.0,0.0,0.0,0.0,0.0,0.0,0.787,0.213
STP,Sao Tome and Principe,Rural,2000,STP_2000_ENCV,,0.0,0.161,0.0,0.0,0.0,0.12200000000000001,0.0,0.0,0.0,0.0,0.691,0.026
STP,Sao Tome and Principe,Rural,2015,STP_2015_AFB,0.608,0.0,0.0,0.0,0.0,0.0,0.0,0.0,0.0,0.0,0.0,0.263,0.737
STP,Sao Tome and Principe,Rural,2018,STP_2018_AFB,0.621,0.0,0.0,0.0,0.0,0.0,0.0,0.0,0.0,0.0,0.0,0.282,0.718
STP,Sao Tome and Principe,Urban,2000,STP_2000_ENCV,,0.0,0.161,0.0,0.0,0.0,0.12200000000000001,0.0,0.0,0.0,0.0,0.691,0.026
STP,Sao Tome and Principe,Urban,2010,STP_2010_IOF,0.564,0.089,0.134,0.0,0.0,0.0,0.223,0.042,0.0,0.0,0.0,0.512,0.0
STP,Sao Tome and Principe,Urban,2014,STP_2014_MICS,0.596,0.214,0.044,0.0,0.0,0.0,0.312,0.0,0.0,0.003,0.0,0.419,0.008
STP,Sao Tome and Principe,Urban,2015,STP_2015_AFB,0.608,0.0,0.0,0.0,0.0,0.0,0.0,0.0,0.0,0.0,0.0,0.27,0.73
STP,Sao Tome and Principe,Urban,2018,STP_2018_AFB,0.621,0.0,0.0,0.0,0.0,0.0,0.0,0.0,0.0,0.0,0.0,0.171,0.829
STP,Sao Tome and Principe,Urban,2018,STP_2018_MTF,0.621,0.111,0.184,0.0,0.0,0.0,0.204,0.056,0.0,0.0,0.0,0.445,0.0
STP,Sao Tome and Principe,Urban,2019,STP_2019_MICS,0.625,0.184,0.082,0.006,0.001,0.025,0.253,0.015,0.0,0.002,0.0,0.427,0.005
SUR,Suriname,Rural,2012,SUR_2012_CEN,0.711,0.0,0.787,0.0,0.0,0.0,0.127,0.012,0.0,0.0,0.0,0.033,0.041
SUR,Suriname,Urban,2012,SUR_2012_CEN,0.711,0.0,0.787,0.0,0.0,0.0,0.127,0.012,0.0,0.0,0.0,0.033,0.041
SVK,Slovakia,Rural,1996,SVK_1996_ES,0.74,0.53,0.47,0.0,0.0,0.0,0.0,0.0,0.0,0.0,0.0,0.0,0.0
SVK,Slovakia,Rural,1997,SVK_1997_ES,0.747,0.53,0.47,0.0,0.0,0.0,0.0,0.0,0.0,0.0,0.0,0.0,0.0
SVK,Slovakia,Rural,1998,SVK_1998_ES,0.758,0.54,0.46,0.0,0.0,0.0,0.0,0.0,0.0,0.0,0.0,0.0,0.0
SVK,Slovakia,Rural,1999,SVK_1999_ES,0.765,0.55,0.45,0.0,0.0,0.0,0.0,0.0,0.0,0.0,0.0,0.0,0.0
SVK,Slovakia,Rural,2000,SVK_2000_ES,0.774,0.55,0.45,0.0,0.0,0.0,0.0,0.0,0.0,0.0,0.0,0.0,0.0
SVK,Slovakia,Rural,2001,SVK_2001_ES,0.781,0.55,0.45,0.0,0.0,0.0,0.0,0.0,0.0,0.0,0.0,0.0,0.0
SVK,Slovakia,Rural,2002,SVK_2002_ES,0.79,0.55,0.45,0.0,0.0,0.0,0.0,0.0,0.0,0.0,0.0,0.0,0.0
SVK,Slovakia,Rural,2004,SVK_2004_IBNET,0.806,0.0,0.0,0.0,0.0,0.0,0.984,0.0,0.0,0.0,0.0,0.0,0.016
SVK,Slovakia,Rural,2005,SVK_2005_ES,0.815,0.571,0.429,0.0,0.0,0.0,0.0,0.0,0.0,0.0,0.0,0.0,0.0
SVK,Slovakia,Rural,2006,SVK_2006_ES,0.824,0.577,0.423,0.0,0.0,0.0,0.0,0.0,0.0,0.0,0.0,0.0,0.0
SVK,Slovakia,Rural,2007,SVK_2007_ES,0.834,0.583,0.417,0.0,0.0,0.0,0.0,0.0,0.0,0.0,0.0,0.0,0.0
SVK,Slovakia,Rural,2008,SVK_2008_PHASR,0.842,0.591,0.409,0.0,0.0,0.0,0.0,0.0,0.0,0.0,0.0,0.0,0.0
SVK,Slovakia,Rural,2009,SVK_2009_PHASR,0.845,0.594,0.406,0.0,0.0,0.0,0.0,0.0,0.0,0.0,0.0,0.0,0.0
SVK,Slovakia,Rural,2010,SVK_2010_PHASR,0.851,0.604,0.396,0.0,0.0,0.0,0.0,0.0,0.0,0.0,0.0,0.0,0.0
SVK,Slovakia,Rural,2011,SVK_2011_PHASR,0.856,0.616,0.384,0.0,0.0,0.0,0.0,0.0,0.0,0.0,0.0,0.0,0.0
SVK,Slovakia,Rural,2012,SVK_2012_EUSILC,0.856,0.976,0.0,0.0,0.0,0.0,0.0,0.0,0.0,0.0,0.0,0.0,0.024
SVK,Slovakia,Rural,2013,SVK_2013_EUSILC,0.858,0.989,0.0,0.0,0.0,0.0,0.0,0.0,0.0,0.0,0.0,0.0,0.011
SVK,Slovakia,Rural,2014,SVK_2014_EUSILC,0.859,0.975,0.0,0.0,0.0,0.0,0.0,0.0,0.0,0.0,0.0,0.0,0.025
SVK,Slovakia,Rural,2015,SVK_2015_EUSILC,0.861,0.974,0.0,0.0,0.0,0.0,0.0,0.0,0.0,0.0,0.0,0.0,0.026
SVK,Slovakia,Urban,1996,SVK_1996_ES,0.74,0.53,0.47,0.0,0.0,0.0,0.0,0.0,0.0,0.0,0.0,0.0,0.0
SVK,Slovakia,Urban,1997,SVK_1997_ES,0.747,0.53,0.47,0.0,0.0,0.0,0.0,0.0,0.0,0.0,0.0,0.0,0.0
SVK,Slovakia,Urban,1998,SVK_1998_ES,0.758,0.54,0.46,0.0,0.0,0.0,0.0,0.0,0.0,0.0,0.0,0.0,0.0
SVK,Slovakia,Urban,1999,SVK_1999_ES,0.765,0.55,0.45,0.0,0.0,0.0,0.0,0.0,0.0,0.0,0.0,0.0,0.0
SVK,Slovakia,Urban,2000,SVK_2000_ES,0.774,0.55,0.45,0.0,0.0,0.0,0.0,0.0,0.0,0.0,0.0,0.0,0.0
SVK,Slovakia,Urban,2001,SVK_2001_ES,0.781,0.55,0.45,0.0,0.0,0.0,0.0,0.0,0.0,0.0,0.0,0.0,0.0
SVK,Slovakia,Urban,2002,SVK_2002_ES,0.79,0.55,0.45,0.0,0.0,0.0,0.0,0.0,0.0,0.0,0.0,0.0,0.0
SVK,Slovakia,Urban,2004,SVK_2004_IBNET,0.806,0.0,0.0,0.0,0.0,0.0,1.0,0.0,0.0,0.0,0.0,0.0,0.0
SVK,Slovakia,Urban,2005,SVK_2005_ES,0.815,0.571,0.429,0.0,0.0,0.0,0.0,0.0,0.0,0.0,0.0,0.0,0.0
SVK,Slovakia,Urban,2006,SVK_2006_ES,0.824,0.577,0.423,0.0,0.0,0.0,0.0,0.0,0.0,0.0,0.0,0.0,0.0
SVK,Slovakia,Urban,2007,SVK_2007_ES,0.834,0.583,0.417,0.0,0.0,0.0,0.0,0.0,0.0,0.0,0.0,0.0,0.0
SVK,Slovakia,Urban,2008,SVK_2008_PHASR,0.842,0.591,0.409,0.0,0.0,0.0,0.0,0.0,0.0,0.0,0.0,0.0,0.0
SVK,Slovakia,Urban,2009,SVK_2009_PHASR,0.845,0.594,0.406,0.0,0.0,0.0,0.0,0.0,0.0,0.0,0.0,0.0,0.0
SVK,Slovakia,Urban,2010,SVK_2010_PHASR,0.851,0.604,0.396,0.0,0.0,0.0,0.0,0.0,0.0,0.0,0.0,0.0,0.0
SVK,Slovakia,Urban,2011,SVK_2011_PHASR,0.856,0.616,0.384,0.0,0.0,0.0,0.0,0.0,0.0,0.0,0.0,0.0,0.0
SVK,Slovakia,Urban,2012,SVK_2012_EUSILC,0.856,0.995,0.0,0.0,0.0,0.0,0.0,0.0,0.0,0.0,0.0,0.0,0.005
SVK,Slovakia,Urban,2013,SVK_2013_EUSILC,0.858,0.998,0.0,0.0,0.0,0.0,0.0,0.0,0.0,0.0,0.0,0.0,0.002
SVK,Slovakia,Urban,2014,SVK_2014_EUSILC,0.859,0.999,0.0,0.0,0.0,0.0,0.0,0.0,0.0,0.0,0.0,0.0,0.001
SVK,Slovakia,Urban,2015,SVK_2015_EUSILC,0.861,0.998,0.0,0.0,0.0,0.0,0.0,0.0,0.0,0.0,0.0,0.0,0.002
SVN,Slovenia,Rural,1999,SVN_1999_ES,0.82,0.53,0.47,0.0,0.0,0.0,0.0,0.0,0.0,0.0,0.0,0.0,0.0
SVN,Slovenia,Rural,2000,SVN_2000_ES,0.829,0.64,0.36,0.0,0.0,0.0,0.0,0.0,0.0,0.0,0.0,0.0,0.0
SVN,Slovenia,Rural,2001,SVN_2001_ES,0.845,0.64,0.36,0.0,0.0,0.0,0.0,0.0,0.0,0.0,0.0,0.0,0.0
SVN,Slovenia,Rural,2002,SVN_2002_ES,0.855,0.64,0.36,0.0,0.0,0.0,0.0,0.0,0.0,0.0,0.0,0.0,0.0
SVN,Slovenia,Rural,2003,SVN_2003_ES,0.865,0.64,0.36,0.0,0.0,0.0,0.0,0.0,0.0,0.0,0.0,0.0,0.0
SVN,Slovenia,Rural,2004,SVN_2004_ES,0.87,0.64,0.36,0.0,0.0,0.0,0.0,0.0,0.0,0.0,0.0,0.0,0.0
SVN,Slovenia,Rural,2005,SVN_2005_ES,0.876,0.64,0.36,0.0,0.0,0.0,0.0,0.0,0.0,0.0,0.0,0.0,0.0
SVN,Slovenia,Rural,2006,SVN_2006_ES,0.883,0.64,0.36,0.0,0.0,0.0,0.0,0.0,0.0,0.0,0.0,0.0,0.0
SVN,Slovenia,Rural,2007,SVN_2007_ES,0.888,0.64,0.36,0.0,0.0,0.0,0.0,0.0,0.0,0.0,0.0,0.0,0.0
SVN,Slovenia,Rural,2008,SVN_2008_ES,0.894,0.64,0.36,0.0,0.0,0.0,0.0,0.0,0.0,0.0,0.0,0.0,0.0
SVN,Slovenia,Rural,2009,SVN_2009_ES,0.894,0.64,0.36,0.0,0.0,0.0,0.0,0.0,0.0,0.0,0.0,0.0,0.0
SVN,Slovenia,Rural,2010,SVN_2010_ES,0.896,0.638,0.362,0.0,0.0,0.0,0.0,0.0,0.0,0.0,0.0,0.0,0.0
SVN,Slovenia,Rural,2012,SVN_2012_ES,0.897,0.637,0.363,0.0,0.0,0.0,0.0,0.0,0.0,0.0,0.0,0.0,0.0
SVN,Slovenia,Rural,2012,SVN_2012_EUSILC,0.897,0.0,0.0,0.0,0.0,0.0,0.985,0.0,0.0,0.0,0.0,0.0,0.015
SVN,Slovenia,Rural,2013,SVN_2013_ES,0.907,0.636,0.364,0.0,0.0,0.0,0.0,0.0,0.0,0.0,0.0,0.0,0.0
SVN,Slovenia,Rural,2013,SVN_2013_EUSILC,0.907,0.0,0.0,0.0,0.0,0.0,0.994,0.0,0.0,0.0,0.0,0.0,0.006
SVN,Slovenia,Rural,2014,SVN_2014_ES,0.907,0.636,0.364,0.0,0.0,0.0,0.0,0.0,0.0,0.0,0.0,0.0,0.0
SVN,Slovenia,Rural,2014,SVN_2014_EUSILC,0.907,0.0,0.0,0.0,0.0,0.0,0.994,0.0,0.0,0.0,0.0,0.0,0.006
SVN,Slovenia,Rural,2015,SVN_2015_ES,0.909,0.634,0.366,0.0,0.0,0.0,0.0,0.0,0.0,0.0,0.0,0.0,0.0
SVN,Slovenia,Rural,2015,SVN_2015_EUSILC,0.909,0.0,0.0,0.0,0.0,0.0,0.997,0.0,0.0,0.0,0.0,0.0,0.003
SVN,Slovenia,Rural,2016,SVN_2016_ES,0.914,0.695,0.305,0.0,0.0,0.0,0.0,0.0,0.0,0.0,0.0,0.0,0.0
SVN,Slovenia,Rural,2019,SVN_2019_CC,0.923,0.676,0.31,0.0,0.0,0.0,0.0,0.0,0.0,0.0,0.0,0.0,0.014
SVN,Slovenia,Urban,1999,SVN_1999_ES,0.82,0.53,0.47,0.0,0.0,0.0,0.0,0.0,0.0,0.0,0.0,0.0,0.0
SVN,Slovenia,Urban,2000,SVN_2000_ES,0.829,0.64,0.36,0.0,0.0,0.0,0.0,0.0,0.0,0.0,0.0,0.0,0.0
SVN,Slovenia,Urban,2001,SVN_2001_ES,0.845,0.64,0.36,0.0,0.0,0.0,0.0,0.0,0.0,0.0,0.0,0.0,0.0
SVN,Slovenia,Urban,2002,SVN_2002_ES,0.855,0.64,0.36,0.0,0.0,0.0,0.0,0.0,0.0,0.0,0.0,0.0,0.0
SVN,Slovenia,Urban,2003,SVN_2003_ES,0.865,0.64,0.36,0.0,0.0,0.0,0.0,0.0,0.0,0.0,0.0,0.0,0.0
SVN,Slovenia,Urban,2004,SVN_2004_ES,0.87,0.64,0.36,0.0,0.0,0.0,0.0,0.0,0.0,0.0,0.0,0.0,0.0
SVN,Slovenia,Urban,2005,SVN_2005_ES,0.876,0.64,0.36,0.0,0.0,0.0,0.0,0.0,0.0,0.0,0.0,0.0,0.0
SVN,Slovenia,Urban,2006,SVN_2006_ES,0.883,0.64,0.36,0.0,0.0,0.0,0.0,0.0,0.0,0.0,0.0,0.0,0.0
SVN,Slovenia,Urban,2007,SVN_2007_ES,0.888,0.64,0.36,0.0,0.0,0.0,0.0,0.0,0.0,0.0,0.0,0.0,0.0
SVN,Slovenia,Urban,2008,SVN_2008_ES,0.894,0.64,0.36,0.0,0.0,0.0,0.0,0.0,0.0,0.0,0.0,0.0,0.0
SVN,Slovenia,Urban,2009,SVN_2009_ES,0.894,0.64,0.36,0.0,0.0,0.0,0.0,0.0,0.0,0.0,0.0,0.0,0.0
SVN,Slovenia,Urban,2010,SVN_2010_ES,0.896,0.638,0.362,0.0,0.0,0.0,0.0,0.0,0.0,0.0,0.0,0.0,0.0
SVN,Slovenia,Urban,2012,SVN_2012_ES,0.897,0.637,0.363,0.0,0.0,0.0,0.0,0.0,0.0,0.0,0.0,0.0,0.0
SVN,Slovenia,Urban,2012,SVN_2012_EUSILC,0.897,0.0,0.0,0.0,0.0,0.0,0.996,0.0,0.0,0.0,0.0,0.0,0.004
SVN,Slovenia,Urban,2013,SVN_2013_ES,0.907,0.636,0.364,0.0,0.0,0.0,0.0,0.0,0.0,0.0,0.0,0.0,0.0
SVN,Slovenia,Urban,2013,SVN_2013_EUSILC,0.907,0.0,0.0,0.0,0.0,0.0,0.998,0.0,0.0,0.0,0.0,0.0,0.002
SVN,Slovenia,Urban,2014,SVN_2014_ES,0.907,0.636,0.364,0.0,0.0,0.0,0.0,0.0,0.0,0.0,0.0,0.0,0.0
SVN,Slovenia,Urban,2014,SVN_2014_EUSILC,0.907,0.0,0.0,0.0,0.0,0.0,0.997,0.0,0.0,0.0,0.0,0.0,0.003
SVN,Slovenia,Urban,2015,SVN_2015_ES,0.909,0.634,0.366,0.0,0.0,0.0,0.0,0.0,0.0,0.0,0.0,0.0,0.0
SVN,Slovenia,Urban,2015,SVN_2015_EUSILC,0.909,0.0,0.0,0.0,0.0,0.0,0.999,0.0,0.0,0.0,0.0,0.0,0.001
SVN,Slovenia,Urban,2016,SVN_2016_ES,0.914,0.695,0.305,0.0,0.0,0.0,0.0,0.0,0.0,0.0,0.0,0.0,0.0
SVN,Slovenia,Urban,2019,SVN_2019_CC,0.923,0.676,0.31,0.0,0.0,0.0,0.0,0.0,0.0,0.0,0.0,0.0,0.014
SWE,Sweden,Rural,1998,SWE_1998_ES,0.901,0.93,0.07,0.0,0.0,0.0,0.0,0.0,0.0,0.0,0.0,0.0,0.0
SWE,Sweden,Rural,1999,SWE_1999_JMP,0.906,0.01,0.0,0.0,0.0,0.0,0.99,0.0,0.0,0.0,0.0,0.0,0.0
SWE,Sweden,Rural,2000,SWE_2000_ES,0.912,0.86,0.14,0.0,0.0,0.0,0.0,0.0,0.0,0.0,0.0,0.0,0.0
SWE,Sweden,Rural,2003,SWE_2003_ES,0.923,0.86,0.14,0.0,0.0,0.0,0.0,0.0,0.0,0.0,0.0,0.0,0.0
SWE,Sweden,Rural,2004,SWE_2004_ES,0.908,0.86,0.14,0.0,0.0,0.0,0.0,0.0,0.0,0.0,0.0,0.0,0.0
SWE,Sweden,Rural,2005,SWE_2005_ES,0.911,0.86,0.14,0.0,0.0,0.0,0.0,0.0,0.0,0.0,0.0,0.0,0.0
SWE,Sweden,Rural,2005,SWE_2005_RETAR,0.911,0.727,0.257,0.0,0.0,0.0,0.0,0.0,0.0,0.0,0.0,0.0,0.016
SWE,Sweden,Rural,2006,SWE_2006_ES,0.915,0.86,0.14,0.0,0.0,0.0,0.0,0.0,0.0,0.0,0.0,0.0,0.0
SWE,Sweden,Rural,2007,SWE_2007_ES,0.917,0.86,0.14,0.0,0.0,0.0,0.0,0.0,0.0,0.0,0.0,0.0,0.0
SWE,Sweden,Rural,2008,SWE_2008_ES,0.913,0.86,0.14,0.0,0.0,0.0,0.0,0.0,0.0,0.0,0.0,0.0,0.0
SWE,Sweden,Rural,2009,SWE_2009_ES,0.912,0.86,0.14,0.0,0.0,0.0,0.0,0.0,0.0,0.0,0.0,0.0,0.0
SWE,Sweden,Rural,2010,SWE_2010_ES,0.918,0.86,0.14,0.0,0.0,0.0,0.0,0.0,0.0,0.0,0.0,0.0,0.0
SWE,Sweden,Rural,2010,SWE_2010_RETAR,0.918,0.737,0.254,0.0,0.0,0.0,0.0,0.0,0.0,0.0,0.0,0.0,0.009
SWE,Sweden,Rural,2011,SWE_2011_ES,0.92,0.86,0.14,0.0,0.0,0.0,0.0,0.0,0.0,0.0,0.0,0.0,0.0
SWE,Sweden,Rural,2012,SWE_2012_ES,0.92,0.87,0.13,0.0,0.0,0.0,0.0,0.0,0.0,0.0,0.0,0.0,0.0
SWE,Sweden,Rural,2012,SWE_2012_EUSILC,0.92,1.0,0.0,0.0,0.0,0.0,0.0,0.0,0.0,0.0,0.0,0.0,0.0
SWE,Sweden,Rural,2013,SWE_2013_ES,0.94,0.87,0.13,0.0,0.0,0.0,0.0,0.0,0.0,0.0,0.0,0.0,0.0
SWE,Sweden,Rural,2013,SWE_2013_EUSILC,0.94,1.0,0.0,0.0,0.0,0.0,0.0,0.0,0.0,0.0,0.0,0.0,0.0
SWE,Sweden,Rural,2014,SWE_2014_ES,0.943,0.87,0.13,0.0,0.0,0.0,0.0,0.0,0.0,0.0,0.0,0.0,0.0
SWE,Sweden,Rural,2014,SWE_2014_EUSILC,0.943,1.0,0.0,0.0,0.0,0.0,0.0,0.0,0.0,0.0,0.0,0.0,0.0
SWE,Sweden,Rural,2015,SWE_2015_ES,0.945,0.87,0.13,0.0,0.0,0.0,0.0,0.0,0.0,0.0,0.0,0.0,0.0
SWE,Sweden,Rural,2015,SWE_2015_EUSILC,0.945,1.0,0.0,0.0,0.0,0.0,0.0,0.0,0.0,0.0,0.0,0.0,0.0
SWE,Sweden,Rural,2015,SWE_2015_RETAR,0.945,0.744,0.245,0.0,0.0,0.0,0.0,0.0,0.0,0.0,0.0,0.0,0.011
SWE,Sweden,Rural,2016,SWE_2016_ES,0.947,0.87,0.13,0.0,0.0,0.0,0.0,0.0,0.0,0.0,0.0,0.0,0.0
SWE,Sweden,Rural,2016,SWE_2016_RETAR,0.947,0.887,0.106,0.0,0.0,0.0,0.0,0.0,0.0,0.0,0.0,0.0,0.007
SWE,Sweden,Rural,2017,SWE_2017_ES,0.949,0.87,0.13,0.0,0.0,0.0,0.0,0.0,0.0,0.0,0.0,0.0,0.0
SWE,Sweden,Rural,2017,SWE_2017_RETAR,0.949,0.749,0.242,0.0,0.0,0.0,0.0,0.0,0.0,0.0,0.0,0.0,0.009000000000000001
SWE,Sweden,Rural,2018,SWE_2018_RETAR,0.95,0.748,0.241,0.0,0.0,0.0,0.0,0.0,0.0,0.0,0.0,0.0,0.011
SWE,Sweden,Urban,1998,SWE_1998_ES,0.901,0.93,0.07,0.0,0.0,0.0,0.0,0.0,0.0,0.0,0.0,0.0,0.0
SWE,Sweden,Urban,1999,SWE_1999_JMP,0.906,1.0,0.0,0.0,0.0,0.0,0.0,0.0,0.0,0.0,0.0,0.0,0.0
SWE,Sweden,Urban,2000,SWE_2000_ES,0.912,0.86,0.14,0.0,0.0,0.0,0.0,0.0,0.0,0.0,0.0,0.0,0.0
SWE,Sweden,Urban,2000,SWE_2000_RETAR,0.912,0.88,0.112,0.0,0.0,0.0,0.0,0.0,0.0,0.0,0.0,0.0,0.008
SWE,Sweden,Urban,2003,SWE_2003_ES,0.923,0.86,0.14,0.0,0.0,0.0,0.0,0.0,0.0,0.0,0.0,0.0,0.0
SWE,Sweden,Urban,2004,SWE_2004_ES,0.908,0.86,0.14,0.0,0.0,0.0,0.0,0.0,0.0,0.0,0.0,0.0,0.0
SWE,Sweden,Urban,2005,SWE_2005_ES,0.911,0.86,0.14,0.0,0.0,0.0,0.0,0.0,0.0,0.0,0.0,0.0,0.0
SWE,Sweden,Urban,2005,SWE_2005_RETAR,0.911,0.882,0.11,0.0,0.0,0.0,0.0,0.0,0.0,0.0,0.0,0.0,0.008
SWE,Sweden,Urban,2006,SWE_2006_ES,0.915,0.86,0.14,0.0,0.0,0.0,0.0,0.0,0.0,0.0,0.0,0.0,0.0
SWE,Sweden,Urban,2007,SWE_2007_ES,0.917,0.86,0.14,0.0,0.0,0.0,0.0,0.0,0.0,0.0,0.0,0.0,0.0
SWE,Sweden,Urban,2008,SWE_2008_ES,0.913,0.86,0.14,0.0,0.0,0.0,0.0,0.0,0.0,0.0,0.0,0.0,0.0
SWE,Sweden,Urban,2009,SWE_2009_ES,0.912,0.86,0.14,0.0,0.0,0.0,0.0,0.0,0.0,0.0,0.0,0.0,0.0
SWE,Sweden,Urban,2010,SWE_2010_ES,0.918,0.86,0.14,0.0,0.0,0.0,0.0,0.0,0.0,0.0,0.0,0.0,0.0
SWE,Sweden,Urban,2010,SWE_2010_RETAR,0.918,0.89,0.105,0.0,0.0,0.0,0.0,0.0,0.0,0.0,0.0,0.0,0.005
SWE,Sweden,Urban,2011,SWE_2011_ES,0.92,0.86,0.14,0.0,0.0,0.0,0.0,0.0,0.0,0.0,0.0,0.0,0.0
SWE,Sweden,Urban,2012,SWE_2012_ES,0.92,0.87,0.13,0.0,0.0,0.0,0.0,0.0,0.0,0.0,0.0,0.0,0.0
SWE,Sweden,Urban,2012,SWE_2012_EUSILC,0.92,1.0,0.0,0.0,0.0,0.0,0.0,0.0,0.0,0.0,0.0,0.0,0.0
SWE,Sweden,Urban,2013,SWE_2013_ES,0.94,0.87,0.13,0.0,0.0,0.0,0.0,0.0,0.0,0.0,0.0,0.0,0.0
SWE,Sweden,Urban,2013,SWE_2013_EUSILC,0.94,1.0,0.0,0.0,0.0,0.0,0.0,0.0,0.0,0.0,0.0,0.0,0.0
SWE,Sweden,Urban,2014,SWE_2014_ES,0.943,0.87,0.13,0.0,0.0,0.0,0.0,0.0,0.0,0.0,0.0,0.0,0.0
SWE,Sweden,Urban,2014,SWE_2014_EUSILC,0.943,1.0,0.0,0.0,0.0,0.0,0.0,0.0,0.0,0.0,0.0,0.0,0.0
SWE,Sweden,Urban,2015,SWE_2015_ES,0.945,0.87,0.13,0.0,0.0,0.0,0.0,0.0,0.0,0.0,0.0,0.0,0.0
SWE,Sweden,Urban,2015,SWE_2015_EUSILC,0.945,1.0,0.0,0.0,0.0,0.0,0.0,0.0,0.0,0.0,0.0,0.0,0.0
SWE,Sweden,Urban,2015,SWE_2015_RETAR,0.945,0.898,0.098,0.0,0.0,0.0,0.0,0.0,0.0,0.0,0.0,0.0,0.004
SWE,Sweden,Urban,2016,SWE_2016_ES,0.947,0.87,0.13,0.0,0.0,0.0,0.0,0.0,0.0,0.0,0.0,0.0,0.0
SWE,Sweden,Urban,2016,SWE_2016_RETAR,0.947,0.887,0.106,0.0,0.0,0.0,0.0,0.0,0.0,0.0,0.0,0.0,0.007
SWE,Sweden,Urban,2017,SWE_2017_ES,0.949,0.87,0.13,0.0,0.0,0.0,0.0,0.0,0.0,0.0,0.0,0.0,0.0
SWE,Sweden,Urban,2017,SWE_2017_RETAR,0.949,0.899,0.095,0.0,0.0,0.0,0.0,0.0,0.0,0.0,0.0,0.0,0.006
SWE,Sweden,Urban,2018,SWE_2018_RETAR,0.95,0.9,0.094,0.0,0.0,0.0,0.0,0.0,0.0,0.0,0.0,0.0,0.006
SWE,Sweden,Urban,2019,SWE_2019_RETAR,0.955,0.901,0.093,0.0,0.0,0.0,0.0,0.0,0.0,0.0,0.0,0.0,0.006
SWZ,Eswatini,Rural,2008,SWZ_2008_NNS,0.507,0.0,0.0,0.0,0.0,0.0,0.699,0.0,0.0,0.0,0.0,0.0,0.301
SWZ,Eswatini,Rural,2010,SWZ_2010_MICS,0.534,0.026,0.026,0.0,0.0,0.0,0.6809999999999999,0.07,0.0,0.0,0.0,0.197,0.0
SWZ,Eswatini,Rural,2018,SWZ_2018_AFB,0.643,0.0,0.0,0.0,0.0,0.0,0.0,0.0,0.0,0.0,0.0,0.04,0.96
SWZ,Eswatini,Rural,2021,SWZ_2021_AFB,0.658,0.0,0.0,0.0,0.0,0.0,0.0,0.0,0.0,0.0,0.0,0.029,0.971
SWZ,Eswatini,Urban,2008,SWZ_2008_NNS,0.507,0.0,0.0,0.0,0.0,0.0,0.875,0.0,0.0,0.0,0.0,0.0,0.125
SWZ,Eswatini,Urban,2010,SWZ_2010_MICS,0.534,0.361,0.091,0.001,0.009,0.002,0.47900000000000004,0.041,0.0,0.0,0.0,0.013,0.003
SWZ,Eswatini,Urban,2015,SWZ_2015_AFB,0.607,0.0,0.0,0.0,0.0,0.0,0.0,0.0,0.0,0.0,0.0,0.007,0.993
SWZ,Eswatini,Urban,2015,SWZ_2015_WSC,0.607,0.0,0.0,0.0,0.0,0.0,0.0,0.0,0.0,0.0,0.0,0.007,0.993
SWZ,Eswatini,Urban,2016,SWZ_2016_WSC,0.619,0.0,0.0,0.0,0.0,0.0,0.0,0.0,0.0,0.0,0.0,0.007,0.993
SWZ,Eswatini,Urban,2017,SWZ_2017_SHIMS,0.631,0.251,0.166,0.047,0.0,0.0,0.488,0.033,0.0,0.0,0.0,0.011,0.004
SWZ,Eswatini,Urban,2017,SWZ_2017_WSC,0.631,0.0,0.0,0.0,0.0,0.0,0.0,0.0,0.0,0.0,0.0,0.007,0.993
SWZ,Eswatini,Urban,2018,SWZ_2018_AFB,0.643,0.0,0.0,0.0,0.0,0.0,0.0,0.0,0.0,0.0,0.0,0.01,0.99
SWZ,Eswatini,Urban,2018,SWZ_2018_WSC,0.643,0.0,0.0,0.0,0.0,0.0,0.0,0.0,0.0,0.0,0.0,0.007,0.993
SWZ,Eswatini,Urban,2019,SWZ_2019_WSC,0.653,0.0,0.0,0.0,0.0,0.0,0.0,0.0,0.0,0.0,0.0,0.007,0.993
SWZ,Eswatini,Urban,2020,SWZ_2020_WSC,0.657,0.0,0.0,0.0,0.0,0.0,0.0,0.0,0.0,0.0,0.0,0.007,0.993
SWZ,Eswatini,Urban,2021,SWZ_2021_AFB,0.658,0.0,0.0,0.0,0.0,0.0,0.0,0.0,0.0,0.0,0.0,0.025,0.975
SWZ,Eswatini,Urban,2021,SWZ_2021_WSC,0.658,0.0,0.0,0.0,0.0,0.0,0.0,0.0,0.0,0.0,0.0,0.007,0.993
SYC,Seychelles,Rural,2002,SYC_2002_CEN,,0.074,0.861,0.0,0.0,0.0,0.036,0.0,0.0,0.0,0.0,0.012,0.017
SYC,Seychelles,Rural,2010,SYC_2010_CEN,0.758,0.143,0.824,0.0,0.0,0.0,0.009,0.0,0.0,0.0,0.0,0.009,0.015
SYC,Seychelles,Urban,2002,SYC_2002_CEN,,0.074,0.861,0.0,0.0,0.0,0.036,0.0,0.0,0.0,0.0,0.012,0.017
SYC,Seychelles,Urban,2010,SYC_2010_CEN,0.758,0.143,0.824,0.0,0.0,0.0,0.009,0.0,0.0,0.0,0.0,0.009,0.015
SYR,Syrian Arab Republic,Rural,1996,SYR_1996_MICS,0.59,0.312,0.0,0.0,0.0,0.0,0.502,0.014,0.0,0.0,0.0,0.172,0.0
SYR,Syrian Arab Republic,Rural,2006,SYR_2006_MICS,0.658,0.445,0.127,0.0,0.0,0.0,0.37,0.034,0.0,0.0,0.0,0.023,0.001
SYR,Syrian Arab Republic,Rural,2018,SYR_2018_SDS,0.557,0.0,0.0,0.0,0.0,0.0,1.0,0.0,0.0,0.0,0.0,0.0,0.0
SYR,Syrian Arab Republic,Rural,2021,SYR_2021_HNO,0.571,0.815,0.161,0.0,0.0,0.022,0.0,0.0,0.0,0.0,0.0,0.0,0.002
SYR,Syrian Arab Republic,Urban,1996,SYR_1996_MICS,0.59,0.964,0.0,0.0,0.0,0.0,0.02,0.013,0.0,0.0,0.0,0.003,0.0
SYR,Syrian Arab Republic,Urban,2006,SYR_2006_MICS,0.658,0.959,0.012,0.0,0.0,0.0,0.026,0.002,0.0,0.0,0.0,0.001,0.0
SYR,Syrian Arab Republic,Urban,2018,SYR_2018_SDS,0.557,0.0,0.0,0.0,0.0,0.0,1.0,0.0,0.0,0.0,0.0,0.0,0.0
SYR,Syrian Arab Republic,Urban,2021,SYR_2021_HNO,0.571,0.815,0.161,0.0,0.0,0.022,0.0,0.0,0.0,0.0,0.0,0.0,0.002
TCA,Turks and Caicos Islands,Rural,2001,TCA_2001_SLC,,0.092,0.544,0.0,0.0,0.0,0.342,0.0,0.0,0.0,0.0,0.014,0.008
TCA,Turks and Caicos Islands,Urban,2001,TCA_2001_SLC,,0.092,0.544,0.0,0.0,0.0,0.342,0.0,0.0,0.0,0.0,0.014,0.008
TCD,Chad,Rural,2016,TCD_2016_NNS,0.396,0.0,0.0,0.0,0.0,0.0,0.108,0.205,0.0,0.0,0.0,0.687,0.0
TCD,Chad,Rural,2017,TCD_2017_NNS,0.397,0.0,0.0,0.0,0.0,0.0,0.041,0.135,0.0,0.0,0.0,0.824,0.0
TCD,Chad,Rural,2019,TCD_2019_MICS,0.406,0.006,0.004,0.004,0.002,0.025,0.12300000000000001,0.092,0.045,0.013,0.023,0.656,0.007
TCD,Chad,Rural,2019,TCD_2019_NNS,0.406,0.0,0.015,0.0,0.0,0.0,0.164,0.144,0.0,0.0,0.0,0.677,0.0
TCD,Chad,Urban,2016,TCD_2016_NNS,0.396,0.0,0.0,0.0,0.0,0.0,0.108,0.205,0.0,0.0,0.0,0.687,0.0
TCD,Chad,Urban,2017,TCD_2017_ENIPT,0.397,0.017,0.027,0.017,0.0,0.001,0.331,0.396,0.059,0.003,0.01,0.138,0.001
TCD,Chad,Urban,2017,TCD_2017_NNS,0.397,0.0,0.0,0.0,0.0,0.0,0.041,0.135,0.0,0.0,0.0,0.824,0.0
TCD,Chad,Urban,2019,TCD_2019_MICS,0.406,0.006,0.004,0.004,0.002,0.025,0.12300000000000001,0.092,0.045,0.013,0.023,0.656,0.007
TCD,Chad,Urban,2019,TCD_2019_NNS,0.406,0.0,0.015,0.0,0.0,0.0,0.164,0.144,0.0,0.0,0.0,0.677,0.0
TGO,Togo,Rural,1996,TGO_1996_MICS,0.433,0.0,0.01,0.072,0.0,0.0,0.125,0.024,0.0,0.0,0.0,0.734,0.035
TGO,Togo,Rural,2012,TGO_2012_AFB,0.5,0.0,0.0,0.0,0.0,0.0,0.0,0.0,0.0,0.0,0.0,0.394,0.606
TGO,Togo,Rural,2014,TGO_2014_AFB,0.514,0.0,0.0,0.0,0.0,0.0,0.0,0.0,0.0,0.0,0.0,0.279,0.721
TGO,Togo,Rural,2017,TGO_2017_AFB,0.534,0.0,0.0,0.0,0.0,0.0,0.0,0.0,0.0,0.0,0.0,0.079,0.921
TGO,Togo,Rural,2021,TGO_2021_AFB,0.56,0.0,0.0,0.0,0.0,0.0,0.0,0.0,0.0,0.0,0.0,0.496,0.504
TGO,Togo,Urban,1996,TGO_1996_MICS,0.433,0.0,0.22,0.091,0.0,0.0,0.44,0.022,0.0,0.0,0.0,0.224,0.003
TGO,Togo,Urban,2010,TGO_2010_MICS,0.483,0.004,0.286,0.12,0.001,0.003,0.316,0.062,0.008,0.002,0.003,0.186,0.009000000000000001
TGO,Togo,Urban,2012,TGO_2012_AFB,0.5,0.0,0.0,0.0,0.0,0.0,0.0,0.0,0.0,0.0,0.0,0.082,0.918
TGO,Togo,Urban,2014,TGO_2014_AFB,0.514,0.0,0.0,0.0,0.0,0.0,0.0,0.0,0.0,0.0,0.0,0.039,0.961
TGO,Togo,Urban,2017,TGO_2017_AFB,0.534,0.0,0.0,0.0,0.0,0.0,0.0,0.0,0.0,0.0,0.0,0.012,0.988
TGO,Togo,Urban,2021,TGO_2021_AFB,0.56,0.0,0.0,0.0,0.0,0.0,0.0,0.0,0.0,0.0,0.0,0.151,0.849
THA,Thailand,Rural,1992,THA_1992_SES,0.603,0.0,0.887,0.0,0.0,0.0,0.0,0.011,0.0,0.001,0.0,0.1,0.001
THA,Thailand,Rural,2004,THA_2004_SES,0.699,0.0,0.877,0.0,0.113,0.0,0.0,0.0,0.0,0.0,0.0,0.008,0.002
THA,Thailand,Rural,2006,THA_2006_SES,0.71,0.0,0.875,0.0,0.11,0.0,0.0,0.0,0.0,0.0,0.0,0.013,0.002
THA,Thailand,Rural,2007,THA_2007_SES,0.721,0.0,0.925,0.0,0.058,0.0,0.0,0.0,0.0,0.0,0.0,0.016,0.001
THA,Thailand,Rural,2015,THA_2015_SES,0.788,0.0,0.0,0.0,0.229,0.0,0.7689999999999999,0.0,0.0,0.0,0.0,0.002,0.0
THA,Thailand,Rural,2017,THA_2017_SES,0.794,0.0,0.0,0.0,0.28,0.0,0.716,0.0,0.0,0.0,0.0,0.004,0.0
THA,Thailand,Rural,2019,THA_2019_MICS,0.8,0.105,0.855,0.032,0.003,0.002,0.0,0.0,0.0,0.0,0.0,0.002,0.001
THA,Thailand,Rural,2019,THA_2019_SES,0.8,0.0,0.0,0.0,0.464,0.0,0.534,0.0,0.0,0.0,0.0,0.002,0.0
THA,Thailand,Rural,2021,THA_2021_SES,0.8,0.0,0.0,0.0,0.293,0.0,0.706,0.0,0.0,0.0,0.0,0.001,0.0
THA,Thailand,Urban,1992,THA_1992_SES,0.603,0.0,0.887,0.0,0.0,0.0,0.0,0.011,0.0,0.001,0.0,0.1,0.001
THA,Thailand,Urban,2004,THA_2004_SES,0.699,0.0,0.877,0.0,0.113,0.0,0.0,0.0,0.0,0.0,0.0,0.008,0.002
THA,Thailand,Urban,2006,THA_2006_SES,0.71,0.0,0.875,0.0,0.11,0.0,0.0,0.0,0.0,0.0,0.0,0.013,0.002
THA,Thailand,Urban,2007,THA_2007_SES,0.721,0.0,0.76,0.0,0.237,0.0,0.0,0.0,0.0,0.0,0.0,0.003,0.0
THA,Thailand,Urban,2009,THA_2009_SES,0.725,0.0,0.722,0.0,0.274,0.0,0.0,0.0,0.0,0.0,0.0,0.003,0.001
THA,Thailand,Urban,2015,THA_2015_SES,0.788,0.0,0.0,0.0,0.466,0.0,0.533,0.0,0.0,0.0,0.0,0.001,0.0
THA,Thailand,Urban,2017,THA_2017_SES,0.794,0.0,0.0,0.0,0.539,0.0,0.46,0.0,0.0,0.0,0.0,0.001,0.0
THA,Thailand,Urban,2019,THA_2019_MICS,0.8,0.229,0.759,0.008,0.002,0.002,0.0,0.0,0.0,0.0,0.0,0.0,0.0
THA,Thailand,Urban,2019,THA_2019_SES,0.8,0.0,0.0,0.0,0.464,0.0,0.534,0.0,0.0,0.0,0.0,0.002,0.0
THA,Thailand,Urban,2021,THA_2021_SES,0.8,0.0,0.0,0.0,0.412,0.0,0.587,0.0,0.0,0.0,0.0,0.001,0.0
TKM,Turkmenistan,Rural,2006,TKM_2006_MICS,0.662,0.001,0.0,0.005,0.0,0.0,0.974,0.015,0.0,0.0,0.0,0.005,0.0
TKM,Turkmenistan,Rural,2019,TKM_2019_MICS,0.741,0.0,0.009,0.026,0.001,0.006,0.958,0.0,0.0,0.0,0.0,0.0,0.0
TKM,Turkmenistan,Urban,2006,TKM_2006_MICS,0.662,0.489,0.021,0.032,0.0,0.0,0.456,0.001,0.0,0.0,0.0,0.001,0.0
TKM,Turkmenistan,Urban,2019,TKM_2019_MICS,0.741,0.521,0.038,0.04,0.0,0.005,0.39599999999999996,0.0,0.0,0.0,0.0,0.0,0.0
TLS,Timor-Leste,Rural,2010,TLS_2010_CEN,0.645,0.0,0.059,0.0,0.0,0.016,0.188,0.097,0.275,0.0,0.0,0.359,0.006
TLS,Timor-Leste,Urban,2010,TLS_2010_CEN,0.645,0.0,0.243,0.0,0.0,0.033,0.5660000000000001,0.046,0.037,0.0,0.0,0.068,0.007
TON,Tonga,Rural,2012,TON_2012_DHS,0.735,0.0,0.807,0.07,0.0,0.002,0.046,0.038,0.0,0.013,0.003,0.0,0.021
TON,Tonga,Rural,2021,TON_2021_CEN,0.763,0.0,0.938,0.0,0.0,0.008,0.038,0.003,0.0,0.0,0.009,0.002,0.002
TON,Tonga,Urban,2012,TON_2012_DHS,0.735,0.0,0.807,0.07,0.0,0.002,0.046,0.038,0.0,0.013,0.003,0.0,0.021
TON,Tonga,Urban,2021,TON_2021_CEN,0.763,0.0,0.938,0.0,0.0,0.008,0.038,0.003,0.0,0.0,0.009,0.002,0.002
TTO,Trinidad and Tobago,Rural,1992,TTO_1992_SLC,0.665,0.018,0.0,0.0,0.0,0.0,0.979,0.0,0.0,0.0,0.0,0.0,0.003
TTO,Trinidad and Tobago,Rural,2009,TTO_2009_HBS,0.782,0.224,0.64,0.0,0.0,0.0,0.131,0.0,0.0,0.0,0.0,0.002,0.003
TTO,Trinidad and Tobago,Rural,2011,TTO_2011_CEN,0.792,0.253,0.637,0.0,0.0,0.0,0.11,0.0,0.0,0.0,0.0,0.0,0.0
TTO,Trinidad and Tobago,Rural,2011,TTO_2011_MICS,0.792,0.028,0.833,0.0,0.0,0.0,0.134,0.004,0.0,0.0,0.0,0.0,0.001
TTO,Trinidad and Tobago,Urban,1992,TTO_1992_SLC,0.665,0.298,0.0,0.0,0.0,0.0,0.696,0.0,0.0,0.0,0.0,0.0,0.006
TTO,Trinidad and Tobago,Urban,2009,TTO_2009_HBS,0.782,0.224,0.64,0.0,0.0,0.0,0.131,0.0,0.0,0.0,0.0,0.002,0.003
TTO,Trinidad and Tobago,Urban,2011,TTO_2011_CEN,0.792,0.253,0.637,0.0,0.0,0.0,0.11,0.0,0.0,0.0,0.0,0.0,0.0
TTO,Trinidad and Tobago,Urban,2011,TTO_2011_MICS,0.792,0.318,0.611,0.0,0.007,0.001,0.047999999999999994,0.012,0.0,0.0,0.0,0.001,0.002
TUN,Tunisia,Rural,2005,TUN_2005_EBCNV,0.69,0.06,0.0,0.0,0.0,0.0,0.0,0.0,0.0,0.0,0.0,0.0,0.94
TUN,Tunisia,Rural,2010,TUN_2010_EBCNV,0.717,0.094,0.0,0.0,0.0,0.0,0.0,0.0,0.0,0.0,0.0,0.0,0.906
TUN,Tunisia,Rural,2012,TUN_2012_MICS,0.72,0.561,0.143,0.137,0.0,0.002,0.12,0.013,0.0,0.0,0.0,0.023,0.001
TUN,Tunisia,Rural,2013,TUN_2013_AFB,0.722,0.0,0.0,0.0,0.0,0.0,0.0,0.0,0.0,0.0,0.0,0.042,0.958
TUN,Tunisia,Rural,2014,TUN_2014_CEN,0.725,0.0,0.0,0.0,0.0,0.0,0.796,0.0,0.0,0.0,0.0,0.0,0.204
TUN,Tunisia,Rural,2015,TUN_2015_AFB,0.728,0.0,0.0,0.0,0.0,0.0,0.0,0.0,0.0,0.0,0.0,0.009,0.991
TUN,Tunisia,Rural,2015,TUN_2015_EBCNV,0.728,0.062,0.0,0.0,0.341,0.0,0.41,0.0,0.0,0.0,0.0,0.0,0.187
TUN,Tunisia,Rural,2018,TUN_2018_AFB,0.742,0.0,0.0,0.0,0.0,0.0,0.0,0.0,0.0,0.0,0.0,0.017,0.983
TUN,Tunisia,Rural,2020,TUN_2020_AFB,0.733,0.0,0.0,0.0,0.0,0.0,0.0,0.0,0.0,0.0,0.0,0.012,0.988
TUN,Tunisia,Urban,2005,TUN_2005_EBCNV,0.69,0.759,0.0,0.0,0.0,0.0,0.0,0.0,0.0,0.0,0.0,0.0,0.241
TUN,Tunisia,Urban,2010,TUN_2010_EBCNV,0.717,0.835,0.0,0.0,0.0,0.0,0.0,0.0,0.0,0.0,0.0,0.0,0.165
TUN,Tunisia,Urban,2012,TUN_2012_MICS,0.72,0.561,0.143,0.137,0.0,0.002,0.12,0.013,0.0,0.0,0.0,0.023,0.001
TUN,Tunisia,Urban,2013,TUN_2013_AFB,0.722,0.0,0.0,0.0,0.0,0.0,0.0,0.0,0.0,0.0,0.0,0.004,0.996
TUN,Tunisia,Urban,2014,TUN_2014_CEN,0.725,0.0,0.0,0.0,0.0,0.0,0.98,0.0,0.0,0.0,0.0,0.0,0.02
TUN,Tunisia,Urban,2015,TUN_2015_AFB,0.728,0.0,0.0,0.0,0.0,0.0,0.0,0.0,0.0,0.0,0.0,0.001,0.999
TUN,Tunisia,Urban,2015,TUN_2015_EBCNV,0.728,0.74,0.0,0.0,0.132,0.0,0.119,0.0,0.0,0.0,0.0,0.0,0.009
TUN,Tunisia,Urban,2018,TUN_2018_AFB,0.742,0.0,0.0,0.0,0.0,0.0,0.0,0.0,0.0,0.0,0.0,0.009,0.991
TUN,Tunisia,Urban,2020,TUN_2020_AFB,0.733,0.0,0.0,0.0,0.0,0.0,0.0,0.0,0.0,0.0,0.0,0.002,0.998
TUR,Türkiye,Rural,1995,TUR_1995_MICS,0.623,0.192,0.368,0.0,0.0,0.0,0.0,0.391,0.0,0.0,0.0,0.023,0.026
TUR,Türkiye,Urban,1995,TUR_1995_MICS,0.623,0.873,0.081,0.0,0.0,0.0,0.0,0.036,0.0,0.0,0.0,0.003,0.007
TUV,Tuvalu,Rural,2005,TUV_2005_HIES,0.621,0.611,0.268,0.0,0.0,0.0,0.0,0.0,0.0,0.0,0.0,0.107,0.014
TUV,Tuvalu,Rural,2007,TUV_2007_TDHS,0.63,0.63,0.15,0.0,0.0,0.0,0.044,0.088,0.0,0.006,0.001,0.073,0.008
TUV,Tuvalu,Rural,2012,TUV_2012_CEN,0.642,0.0,0.682,0.195,0.0,0.0,0.0,0.0,0.0,0.0,0.0,0.122,0.001
TUV,Tuvalu,Rural,2020,TUV_2020_MICS,0.681,0.001,0.873,0.048,0.0,0.0,0.003,0.002,0.0,0.045,0.0,0.024,0.004
TUV,Tuvalu,Urban,2005,TUV_2005_HIES,0.621,0.248,0.667,0.0,0.0,0.0,0.0,0.0,0.0,0.0,0.0,0.068,0.017
TUV,Tuvalu,Urban,2007,TUV_2007_TDHS,0.63,0.806,0.038,0.0,0.0,0.0,0.092,0.027,0.0,0.011,0.0,0.015,0.011
TUV,Tuvalu,Urban,2012,TUV_2012_CEN,0.642,0.0,0.863,0.059,0.0,0.001,0.0,0.001,0.0,0.0,0.026,0.046,0.004
TUV,Tuvalu,Urban,2020,TUV_2020_MICS,0.681,0.002,0.924,0.02,0.0,0.005,0.0,0.002,0.0,0.017,0.013,0.017,0.0
TZA,"Tanzania, United Republic of",Rural,1996,TZA_1996_MICS,0.383,0.002,0.006,0.0,0.0,0.0,0.889,0.0,0.0,0.002,0.0,0.099,0.002
TZA,"Tanzania, United Republic of",Rural,2012,TZA_2012_AFB,0.519,0.0,0.0,0.0,0.0,0.0,0.0,0.0,0.0,0.0,0.0,0.019,0.981
TZA,"Tanzania, United Republic of",Rural,2014,TZA_2014_AFB,0.521,0.0,0.0,0.0,0.0,0.0,0.0,0.0,0.0,0.0,0.0,0.029,0.971
TZA,"Tanzania, United Republic of",Rural,2017,TZA_2017_AFB,0.528,0.0,0.0,0.0,0.0,0.0,0.0,0.0,0.0,0.0,0.0,0.015,0.985
TZA,"Tanzania, United Republic of",Rural,2021,TZA_2021_AFB,0.548,0.0,0.0,0.0,0.0,0.0,0.0,0.0,0.0,0.0,0.0,0.032,0.968
TZA,"Tanzania, United Republic of",Urban,1996,TZA_1996_MICS,0.383,0.062,0.08,0.0,0.0,0.0,0.8370000000000001,0.0,0.0,0.004,0.0,0.016,0.001
TZA,"Tanzania, United Republic of",Urban,2010,TZA_2010_DHS,0.513,0.013,0.058,0.241,0.0,0.021,0.16,0.485,0.0,0.0,0.001,0.02,0.001
TZA,"Tanzania, United Republic of",Urban,2012,TZA_2012_AFB,0.519,0.0,0.0,0.0,0.0,0.0,0.0,0.0,0.0,0.0,0.0,0.006,0.994
TZA,"Tanzania, United Republic of",Urban,2014,TZA_2014_AFB,0.521,0.0,0.0,0.0,0.0,0.0,0.0,0.0,0.0,0.0,0.0,0.002,0.998
TZA,"Tanzania, United Republic of",Urban,2017,TZA_2017_AFB,0.528,0.0,0.0,0.0,0.0,0.0,0.0,0.0,0.0,0.0,0.0,0.0,1.0
TZA,"Tanzania, United Republic of",Urban,2021,TZA_2021_AFB,0.548,0.0,0.0,0.0,0.0,0.0,0.0,0.0,0.0,0.0,0.0,0.002,0.998
UGA,Uganda,Rural,2015,UGA_2015_AFB,0.547,0.0,0.0,0.0,0.0,0.0,0.0,0.0,0.0,0.0,0.0,0.025,0.975
UGA,Uganda,Rural,2015,UGA_2015_MIS,0.547,0.002,0.003,0.0,0.0,0.0,0.228,0.516,0.011,0.0,0.001,0.067,0.172
UGA,Uganda,Rural,2016,UGA_2016_PMA,0.553,0.001,0.002,0.0,0.0,0.001,0.19599999999999998,0.671,0.009,0.0,0.001,0.104,0.015
UGA,Uganda,Rural,2017,UGA_2017_AFB,0.557,0.0,0.0,0.0,0.0,0.0,0.0,0.0,0.0,0.0,0.0,0.025,0.975
UGA,Uganda,Rural,2018,UGA_2018_PMA,0.563,0.003,0.02,0.002,0.002,0.0,0.29400000000000004,0.598,0.002,0.0,0.003,0.068,0.008
UGA,Uganda,Rural,2019,UGA_2019_AFB,0.569,0.0,0.0,0.0,0.0,0.0,0.0,0.0,0.0,0.0,0.0,0.03,0.97
UGA,Uganda,Rural,2019,UGA_2019_MIS,0.569,0.0,0.001,0.0,0.0,0.0,0.35500000000000004,0.573,0.006,0.0,0.011,0.051,0.003
UGA,Uganda,Rural,2019,UGA_2019_PMA,0.569,0.001,0.005,0.0,0.0,0.0,0.23399999999999999,0.675,0.002,0.0,0.008,0.075,0.0
UGA,Uganda,Rural,2020,UGA_2020_NPS,0.571,0.003,0.006,0.001,0.0,0.0,0.22399999999999998,0.699,0.002,0.0,0.0,0.065,0.0
UGA,Uganda,Urban,2012,UGA_2012_AFB,0.526,0.0,0.0,0.0,0.0,0.0,0.0,0.0,0.0,0.0,0.0,0.0,1.0
UGA,Uganda,Urban,2015,UGA_2015_AFB,0.547,0.0,0.0,0.0,0.0,0.0,0.0,0.0,0.0,0.0,0.0,0.002,0.998
UGA,Uganda,Urban,2015,UGA_2015_MIS,0.547,0.028,0.054,0.003,0.0,0.001,0.61,0.254,0.0,0.0,0.005,0.008,0.037
UGA,Uganda,Urban,2015,UGA_2015_PMA,0.547,0.09,0.166,0.0,0.017,0.016,0.509,0.169,0.0,0.0,0.0,0.031,0.002
UGA,Uganda,Urban,2016,UGA_2016_PMA,0.553,0.014,0.074,0.0,0.006,0.005,0.459,0.419,0.0,0.0,0.002,0.02,0.001
UGA,Uganda,Urban,2017,UGA_2017_AFB,0.557,0.0,0.0,0.0,0.0,0.0,0.0,0.0,0.0,0.0,0.0,0.013,0.987
UGA,Uganda,Urban,2017,UGA_2017_PMA,0.557,0.014,0.062,0.039,0.006,0.002,0.506,0.35,0.0,0.0,0.009,0.012,0.0
UGA,Uganda,Urban,2018,UGA_2018_PMA,0.563,0.003,0.02,0.002,0.002,0.0,0.29400000000000004,0.598,0.002,0.0,0.003,0.068,0.008
UGA,Uganda,Urban,2019,UGA_2019_AFB,0.569,0.0,0.0,0.0,0.0,0.0,0.0,0.0,0.0,0.0,0.0,0.021,0.979
UGA,Uganda,Urban,2019,UGA_2019_MIS,0.569,0.011,0.079,0.017,0.003,0.004,0.5800000000000001,0.275,0.004,0.001,0.009,0.016,0.001
UGA,Uganda,Urban,2019,UGA_2019_NPS,0.569,0.023,0.081,0.005,0.002,0.0,0.63,0.219,0.002,0.0,0.0,0.037,0.001
UGA,Uganda,Urban,2019,UGA_2019_PMA,0.569,0.02,0.101,0.0,0.005,0.006,0.455,0.392,0.0,0.0,0.008,0.013,0.0
UGA,Uganda,Urban,2020,UGA_2020_NPS,0.571,0.028,0.045,0.003,0.0,0.0,0.664,0.243,0.0,0.0,0.0,0.013,0.004
UGA,Uganda,Urban,2020,UGA_2020_PMA,0.571,0.036,0.052,0.012,0.002,0.004,0.5800000000000001,0.274,0.002,0.0,0.003,0.033,0.002
UKR,Ukraine,Rural,2007,UKR_2007_DHS,0.77,0.059,0.022,0.07,0.001,0.0,0.806,0.02,0.0,0.009,0.012,0.001,0.0
UKR,Ukraine,Rural,2010,UKR_2010_LCS,0.782,0.345,0.0,0.0,0.0,0.0,0.0,0.0,0.0,0.0,0.0,0.0,0.655
UKR,Ukraine,Rural,2011,UKR_2011_LCS,0.786,0.384,0.0,0.0,0.0,0.0,0.0,0.0,0.0,0.0,0.0,0.0,0.616
UKR,Ukraine,Rural,2019,UKR_2019_LCS,0.789,0.588,0.0,0.0,0.0,0.0,0.0,0.0,0.0,0.0,0.0,0.0,0.412
UKR,Ukraine,Rural,2020,UKR_2020_LCS,0.783,0.642,0.0,0.0,0.0,0.0,0.0,0.0,0.0,0.0,0.0,0.0,0.358
UKR,Ukraine,Urban,2005,UKR_2005_MICS,0.757,0.96,0.005,0.002,0.0,0.0,0.021,0.002,0.0,0.01,0.0,0.0,0.0
UKR,Ukraine,Urban,2007,UKR_2007_DHS,0.77,0.699,0.018,0.071,0.0,0.0,0.202,0.006,0.0,0.001,0.003,0.0,0.0
UKR,Ukraine,Urban,2010,UKR_2010_LCS,0.782,0.898,0.0,0.0,0.0,0.0,0.0,0.0,0.0,0.0,0.0,0.0,0.102
UKR,Ukraine,Urban,2011,UKR_2011_LCS,0.786,0.908,0.0,0.0,0.0,0.0,0.0,0.0,0.0,0.0,0.0,0.0,0.092
UKR,Ukraine,Urban,2019,UKR_2019_LCS,0.789,0.937,0.0,0.0,0.0,0.0,0.0,0.0,0.0,0.0,0.0,0.0,0.063
UKR,Ukraine,Urban,2020,UKR_2020_LCS,0.783,0.953,0.0,0.0,0.0,0.0,0.0,0.0,0.0,0.0,0.0,0.0,0.047
URY,Uruguay,Rural,2007,URY_2007_ECH,0.78,0.008,0.866,0.0,0.0,0.048,0.0,0.0,0.0,0.0,0.0,0.04,0.038
URY,Uruguay,Rural,2010,URY_2010_ENH,0.796,0.012,0.9,0.0,0.0,0.039,0.0,0.0,0.0,0.0,0.0,0.028,0.021
URY,Uruguay,Rural,2012,URY_2012_ECH,0.804,0.012,0.92,0.0,0.0,0.033,0.0,0.0,0.0,0.0,0.0,0.017,0.018
URY,Uruguay,Rural,2013,URY_2013_ECH,0.812,0.005,0.951,0.0,0.0,0.02,0.0,0.0,0.0,0.0,0.0,0.01,0.014
URY,Uruguay,Rural,2014,URY_2014_ECH,0.816,0.58,0.36,0.0,0.0,0.001,0.045,0.0,0.0,0.0,0.0,0.007,0.007
URY,Uruguay,Rural,2015,URY_2015_ECH,0.818,0.59,0.359,0.0,0.0,0.002,0.039,0.0,0.0,0.0,0.0,0.005,0.005
URY,Uruguay,Urban,2006,URY_2006_ENH,0.777,0.598,0.384,0.0,0.0,0.005,0.0,0.0,0.0,0.0,0.0,0.011,0.002
URY,Uruguay,Urban,2007,URY_2007_ECH,0.78,0.599,0.382,0.0,0.0,0.005,0.0,0.0,0.0,0.0,0.0,0.01,0.004
URY,Uruguay,Urban,2010,URY_2010_ENH,0.796,0.587,0.397,0.0,0.0,0.005,0.0,0.0,0.0,0.0,0.0,0.008,0.003
URY,Uruguay,Urban,2012,URY_2012_ECH,0.804,0.66,0.329,0.0,0.0,0.003,0.0,0.0,0.0,0.0,0.0,0.007,0.001
URY,Uruguay,Urban,2013,URY_2013_ECH,0.812,0.639,0.348,0.0,0.0,0.004,0.0,0.0,0.0,0.0,0.0,0.007,0.002
URY,Uruguay,Urban,2014,URY_2014_ECH,0.816,0.58,0.36,0.0,0.0,0.001,0.045,0.0,0.0,0.0,0.0,0.007,0.007
URY,Uruguay,Urban,2015,URY_2015_ECH,0.818,0.59,0.359,0.0,0.0,0.002,0.039,0.0,0.0,0.0,0.0,0.005,0.005
USA,United States of America,Rural,1990,USA_1990_CEN,0.878,0.221,0.751,0.0,0.0,0.0,0.028,0.0,0.0,0.0,0.0,0.0,0.0
USA,United States of America,Rural,2013,USA_2013_AHS,0.925,0.322,0.677,0.0,0.0,0.0,0.0,0.0,0.0,0.0,0.0,0.0,0.001
USA,United States of America,Rural,2015,USA_2015_AHS,0.928,0.266,0.72,0.0,0.0,0.0,0.0,0.0,0.0,0.0,0.0,0.0,0.014
USA,United States of America,Rural,2021,USA_2021_AHS,0.921,0.846,0.152,0.0,0.0,0.0,0.0,0.0,0.0,0.0,0.0,0.0,0.002
USA,United States of America,Urban,1990,USA_1990_CEN,0.878,0.913,0.083,0.0,0.0,0.0,0.004,0.0,0.0,0.0,0.0,0.0,0.0
USA,United States of America,Urban,2011,USA_2011_AHS,0.92,0.932,0.068,0.0,0.0,0.0,0.0,0.0,0.0,0.0,0.0,0.0,0.0
USA,United States of America,Urban,2013,USA_2013_AHS,0.925,0.937,0.063,0.0,0.0,0.0,0.0,0.0,0.0,0.0,0.0,0.0,0.0
USA,United States of America,Urban,2015,USA_2015_AHS,0.928,0.922,0.071,0.0,0.0,0.0,0.0,0.0,0.0,0.0,0.0,0.0,0.007
USA,United States of America,Urban,2017,USA_2017_AHS,0.931,0.942,0.058,0.0,0.0,0.0,0.0,0.0,0.0,0.0,0.0,0.0,0.0
USA,United States of America,Urban,2021,USA_2021_AHS,0.921,0.846,0.152,0.0,0.0,0.0,0.0,0.0,0.0,0.0,0.0,0.0,0.002
UZB,Uzbekistan,Rural,2006,UZB_2006_MICS,0.644,0.003,0.001,0.048,0.0,0.0,0.9410000000000001,0.007,0.0,0.0,0.0,0.0,0.0
UZB,Uzbekistan,Urban,2006,UZB_2006_MICS,0.644,0.386,0.009,0.096,0.0,0.0,0.5069999999999999,0.002,0.0,0.0,0.0,0.0,0.0
VCT,Saint Vincent and the Grenadines,Rural,2001,VCT_2001_CEN,0.704,0.004,0.401,0.0,0.0,0.0,0.569,0.0,0.0,0.0,0.0,0.025,0.001
VCT,Saint Vincent and the Grenadines,Rural,2008,VCT_2008_SLC,0.741,0.029,0.561,0.0,0.0,0.0,0.394,0.0,0.0,0.0,0.0,0.012,0.004
VCT,Saint Vincent and the Grenadines,Rural,2012,VCT_2012_CEN,0.753,0.021,0.602,0.0,0.0,0.0,0.323,0.0,0.0,0.0,0.0,0.048,0.006
VCT,Saint Vincent and the Grenadines,Urban,2001,VCT_2001_CEN,0.704,0.007,0.642,0.0,0.0,0.0,0.334,0.0,0.0,0.0,0.0,0.015,0.002
VCT,Saint Vincent and the Grenadines,Urban,2008,VCT_2008_SLC,0.741,0.201,0.57,0.0,0.0,0.0,0.215,0.0,0.0,0.0,0.0,0.006,0.008
VCT,Saint Vincent and the Grenadines,Urban,2012,VCT_2012_CEN,0.753,0.034,0.769,0.0,0.0,0.0,0.17300000000000001,0.0,0.0,0.0,0.0,0.016,0.008
VEN,"Venezuela, Bolivarian Republic of",Rural,1993,VEN_1993_CEN,0.68,0.52,0.265,0.0,0.0,0.0,0.177,0.0,0.0,0.0,0.0,0.0,0.038
VEN,"Venezuela, Bolivarian Republic of",Rural,2017,VEN_2017_ENCOVI,0.749,0.0,0.0,0.0,0.0,0.0,0.87,0.0,0.0,0.0,0.0,0.0,0.13
VEN,"Venezuela, Bolivarian Republic of",Rural,2018,VEN_2018_ENCOVI,0.741,0.0,0.0,0.0,0.0,0.0,0.87,0.0,0.0,0.0,0.0,0.0,0.13
VEN,"Venezuela, Bolivarian Republic of",Rural,2020,VEN_2020_ENCOVI,0.699,0.84,0.11,0.0,0.0,0.02,0.01,0.0,0.0,0.0,0.0,0.0,0.02
VEN,"Venezuela, Bolivarian Republic of",Urban,1993,VEN_1993_CEN,0.68,0.919,0.0,0.0,0.0,0.0,0.0,0.0,0.0,0.0,0.0,0.0,0.081
VEN,"Venezuela, Bolivarian Republic of",Urban,2017,VEN_2017_ENCOVI,0.749,0.0,0.0,0.0,0.0,0.0,0.87,0.0,0.0,0.0,0.0,0.0,0.13
VEN,"Venezuela, Bolivarian Republic of",Urban,2018,VEN_2018_ENCOVI,0.741,0.0,0.0,0.0,0.0,0.0,0.87,0.0,0.0,0.0,0.0,0.0,0.13
VEN,"Venezuela, Bolivarian Republic of",Urban,2020,VEN_2020_ENCOVI,0.699,0.84,0.11,0.0,0.0,0.02,0.01,0.0,0.0,0.0,0.0,0.0,0.02
VGB,Virgin Islands (British),Rural,2002,VGB_2002_SLC,,0.32,0.64,0.0,0.0,0.0,0.01,0.0,0.0,0.0,0.0,0.0,0.03
VGB,Virgin Islands (British),Urban,2002,VGB_2002_SLC,,0.32,0.64,0.0,0.0,0.0,0.01,0.0,0.0,0.0,0.0,0.0,0.03
VIR,Virgin Islands (U.S.),Rural,2003,VIR_2003_VIC,,0.625,0.363,0.0,0.0,0.0,0.0,0.0,0.0,0.0,0.0,0.0,0.012
VIR,Virgin Islands (U.S.),Rural,2005,VIR_2005_VIC,,0.475,0.514,0.0,0.0,0.0,0.0,0.0,0.0,0.0,0.0,0.0,0.011
VIR,Virgin Islands (U.S.),Rural,2006,VIR_2006_VIC,,0.469,0.522,0.0,0.0,0.0,0.0,0.0,0.0,0.0,0.0,0.0,0.009
VIR,Virgin Islands (U.S.),Rural,2007,VIR_2007_VIC,,0.459,0.52,0.0,0.0,0.0,0.0,0.0,0.0,0.0,0.0,0.0,0.021
VIR,Virgin Islands (U.S.),Rural,2008,VIR_2008_VIC,,0.435,0.533,0.0,0.0,0.0,0.0,0.0,0.0,0.0,0.0,0.0,0.032
VIR,Virgin Islands (U.S.),Rural,2009,VIR_2009_VIC,,0.422,0.548,0.0,0.0,0.0,0.0,0.0,0.0,0.0,0.0,0.0,0.03
VIR,Virgin Islands (U.S.),Rural,2010,VIR_2010_CEN,,0.488,0.486,0.0,0.0,0.0,0.0,0.0,0.0,0.0,0.0,0.0,0.026
VIR,Virgin Islands (U.S.),Rural,2012,VIR_2012_VIC,,0.439,0.556,0.0,0.0,0.0,0.0,0.0,0.0,0.0,0.0,0.0,0.005
VIR,Virgin Islands (U.S.),Rural,2013,VIR_2013_VIC,,0.457,0.533,0.0,0.0,0.0,0.0,0.0,0.0,0.0,0.0,0.0,0.01
VIR,Virgin Islands (U.S.),Rural,2014,VIR_2014_VIC,,0.466,0.524,0.0,0.0,0.0,0.0,0.0,0.0,0.0,0.0,0.0,0.01
VIR,Virgin Islands (U.S.),Rural,2020,VIR_2020_CEN,,0.425,0.561,0.0,0.0,0.0,0.0,0.0,0.0,0.0,0.0,0.0,0.014
VIR,Virgin Islands (U.S.),Urban,2003,VIR_2003_VIC,,0.625,0.363,0.0,0.0,0.0,0.0,0.0,0.0,0.0,0.0,0.0,0.012
VIR,Virgin Islands (U.S.),Urban,2005,VIR_2005_VIC,,0.475,0.514,0.0,0.0,0.0,0.0,0.0,0.0,0.0,0.0,0.0,0.011
VIR,Virgin Islands (U.S.),Urban,2006,VIR_2006_VIC,,0.469,0.522,0.0,0.0,0.0,0.0,0.0,0.0,0.0,0.0,0.0,0.009
VIR,Virgin Islands (U.S.),Urban,2007,VIR_2007_VIC,,0.459,0.52,0.0,0.0,0.0,0.0,0.0,0.0,0.0,0.0,0.0,0.021
VIR,Virgin Islands (U.S.),Urban,2008,VIR_2008_VIC,,0.435,0.533,0.0,0.0,0.0,0.0,0.0,0.0,0.0,0.0,0.0,0.032
VIR,Virgin Islands (U.S.),Urban,2009,VIR_2009_VIC,,0.422,0.548,0.0,0.0,0.0,0.0,0.0,0.0,0.0,0.0,0.0,0.03
VIR,Virgin Islands (U.S.),Urban,2010,VIR_2010_CEN,,0.488,0.486,0.0,0.0,0.0,0.0,0.0,0.0,0.0,0.0,0.0,0.026
VIR,Virgin Islands (U.S.),Urban,2012,VIR_2012_VIC,,0.439,0.556,0.0,0.0,0.0,0.0,0.0,0.0,0.0,0.0,0.0,0.005
VIR,Virgin Islands (U.S.),Urban,2013,VIR_2013_VIC,,0.457,0.533,0.0,0.0,0.0,0.0,0.0,0.0,0.0,0.0,0.0,0.01
VIR,Virgin Islands (U.S.),Urban,2014,VIR_2014_VIC,,0.466,0.524,0.0,0.0,0.0,0.0,0.0,0.0,0.0,0.0,0.0,0.01
VIR,Virgin Islands (U.S.),Urban,2020,VIR_2020_CEN,,0.425,0.561,0.0,0.0,0.0,0.0,0.0,0.0,0.0,0.0,0.0,0.014
VNM,Viet Nam,Rural,1993,VNM_1993_LSS,0.531,0.0,0.104,0.0,0.0,0.0,0.338,0.0,0.0,0.0,0.084,0.266,0.208
VNM,Viet Nam,Rural,2014,VNM_2014_IC,0.711,0.0,0.0,0.0,0.0,0.0,0.6,0.0,0.0,0.0,0.0,0.056,0.344
VNM,Viet Nam,Rural,2014,VNM_2014_MICS,0.711,0.004,0.537,0.039,0.001,0.011,0.097,0.049,0.093,0.001,0.088,0.073,0.007
VNM,Viet Nam,Urban,1993,VNM_1993_LSS,0.531,0.0,0.104,0.0,0.0,0.0,0.338,0.0,0.0,0.0,0.084,0.266,0.208
VNM,Viet Nam,Urban,2014,VNM_2014_IC,0.711,0.0,0.0,0.0,0.0,0.0,0.938,0.0,0.0,0.0,0.0,0.01,0.052
VNM,Viet Nam,Urban,2014,VNM_2014_MICS,0.711,0.013,0.877,0.01,0.001,0.006,0.017,0.009,0.026,0.0,0.013,0.026,0.002
VUT,Vanuatu,Rural,2007,VUT_2007_MICS,0.57,0.0,0.034,0.066,0.0,0.0,0.45099999999999996,0.404,0.0,0.0,0.0,0.04,0.005
VUT,Vanuatu,Rural,2013,VUT_2013_VDHS,0.592,0.018,0.027,0.027,0.0,0.0,0.467,0.255,0.0,0.0,0.0,0.021,0.185
VUT,Vanuatu,Urban,2007,VUT_2007_MICS,0.57,0.0,0.704,0.036,0.0,0.0,0.172,0.075,0.0,0.0,0.0,0.008,0.005
VUT,Vanuatu,Urban,2013,VUT_2013_VDHS,0.592,0.077,0.326,0.018,0.0,0.005,0.07400000000000001,0.046,0.0,0.0,0.0,0.014,0.44
VUT,Vanuatu,Urban,2020,VUT_2020_NSDP,0.617,0.0,0.718,0.114,0.008,0.0,0.12,0.035,0.0,0.0,0.005,0.0,0.0
WSM,Samoa,Rural,2014,WSM_2014_DHS,0.706,0.0,0.886,0.087,0.0,0.0,0.015,0.005,0.0,0.0,0.0,0.003,0.004
WSM,Samoa,Rural,2014,WSM_2014_HIES,0.706,0.0,0.0,0.0,0.831,0.0,0.143,0.025,0.0,0.0,0.0,0.001,0.0
WSM,Samoa,Rural,2016,WSM_2016_CEN,0.712,0.0,0.855,0.0,0.109,0.0,0.023,0.012,0.0,0.0,0.0,0.001,0.0
WSM,Samoa,Urban,2014,WSM_2014_DHS,0.706,0.0,0.908,0.067,0.0,0.002,0.01,0.002,0.0,0.0,0.0,0.0,0.011
WSM,Samoa,Urban,2014,WSM_2014_HIES,0.706,0.0,0.0,0.0,0.831,0.0,0.143,0.025,0.0,0.0,0.0,0.001,0.0
WSM,Samoa,Urban,2016,WSM_2016_CEN,0.712,0.0,0.956,0.0,0.034,0.0,0.005,0.005,0.0,0.0,0.0,0.0,0.0
YEM,Yemen,Rural,1997,YEM_1997_CEN,0.413,0.0,0.0,0.0,0.0,0.0,0.313,0.0,0.0,0.0,0.0,0.0,0.687
YEM,Yemen,Rural,2019,YEM_2019_WFP,0.458,0.0,0.0,0.0,0.0,0.0,0.235,0.0,0.0,0.0,0.0,0.131,0.634
YEM,Yemen,Urban,1997,YEM_1997_CEN,0.413,0.262,0.0,0.0,0.0,0.0,0.593,0.0,0.0,0.0,0.0,0.0,0.145
YEM,Yemen,Urban,1997,YEM_1997_DHS,0.413,0.364,0.2,0.0,0.0,0.0,0.35200000000000004,0.046,0.0,0.0,0.0,0.035,0.003
YEM,Yemen,Urban,1998,YEM_1998_HBS,0.423,0.535,0.0,0.0,0.0,0.0,0.371,0.066,0.0,0.0,0.0,0.028,0.0
YEM,Yemen,Urban,2004,YEM_2004_FHS,0.475,0.439,0.32,0.0,0.0,0.0,0.157,0.0,0.0,0.0,0.0,0.077,0.007
YEM,Yemen,Urban,2006,YEM_2006_MICS,0.486,0.418,0.023,0.468,0.003,0.049,0.014,0.016,0.0,0.0,0.0,0.007,0.002
YEM,Yemen,Urban,2019,YEM_2019_WFP,0.458,0.0,0.0,0.0,0.0,0.0,0.729,0.0,0.0,0.0,0.0,0.016,0.255
ZAF,South Africa,Rural,2003,ZAF_2003_DHS,0.61,0.055,0.015,0.0,0.0,0.0,0.738,0.0,0.0,0.0,0.0,0.185,0.007
ZAF,South Africa,Rural,2003,ZAF_2003_GHS,0.61,0.508,0.017,0.0,0.0,0.0,0.35,0.0,0.0,0.021,0.0,0.103,0.001
ZAF,South Africa,Rural,2005,ZAF_2005_GHS,0.616,0.502,0.038,0.0,0.0,0.0,0.35400000000000004,0.0,0.0,0.022,0.0,0.083,0.001
ZAF,South Africa,Rural,2009,ZAF_2009_LCS,0.657,0.535,0.024,0.0,0.0,0.0,0.37,0.0,0.0,0.01,0.0,0.058,0.003
ZAF,South Africa,Rural,2010,ZAF_2010_NIDS,0.669,0.164,0.432,0.0,0.0,0.0,0.305,0.0,0.0,0.041,0.0,0.054,0.004
ZAF,South Africa,Rural,2011,ZAF_2011_AFB,0.683,0.0,0.0,0.0,0.0,0.0,0.0,0.0,0.0,0.0,0.0,0.148,0.852
ZAF,South Africa,Rural,2011,ZAF_2011_CEN,0.683,0.06,0.027,0.0,0.0,0.0,0.749,0.0,0.0,0.012,0.0,0.112,0.04
ZAF,South Africa,Rural,2011,ZAF_2011_GHS,0.683,0.051,0.041,0.0,0.0,0.0,0.76,0.0,0.0,0.001,0.0,0.112,0.035
ZAF,South Africa,Rural,2015,ZAF_2015_AFB,0.722,0.0,0.0,0.0,0.0,0.0,0.0,0.0,0.0,0.0,0.0,0.024,0.976
ZAF,South Africa,Rural,2017,ZAF_2017_NIDS,0.726,0.22,0.386,0.0,0.0,0.0,0.35500000000000004,0.0,0.0,0.02,0.0,0.017,0.002
ZAF,South Africa,Rural,2018,ZAF_2018_AFB,0.732,0.0,0.0,0.0,0.0,0.0,0.0,0.0,0.0,0.0,0.0,0.03,0.97
ZAF,South Africa,Rural,2019,ZAF_2019_GHS,0.742,0.573,0.039,0.0,0.0,0.0,0.363,0.0,0.0,0.008,0.001,0.012,0.004
ZAF,South Africa,Urban,2003,ZAF_2003_DHS,0.61,0.748,0.063,0.0,0.0,0.0,0.156,0.0,0.0,0.0,0.0,0.023,0.01
ZAF,South Africa,Urban,2003,ZAF_2003_GHS,0.61,0.508,0.017,0.0,0.0,0.0,0.35,0.0,0.0,0.021,0.0,0.103,0.001
ZAF,South Africa,Urban,2005,ZAF_2005_GHS,0.616,0.502,0.038,0.0,0.0,0.0,0.35400000000000004,0.0,0.0,0.022,0.0,0.083,0.001
ZAF,South Africa,Urban,2009,ZAF_2009_LCS,0.657,0.535,0.024,0.0,0.0,0.0,0.37,0.0,0.0,0.01,0.0,0.058,0.003
ZAF,South Africa,Urban,2010,ZAF_2010_GHS,0.669,0.848,0.016,0.0,0.0,0.0,0.082,0.0,0.0,0.008,0.0,0.012,0.034
ZAF,South Africa,Urban,2010,ZAF_2010_NIDS,0.669,0.219,0.698,0.0,0.0,0.0,0.06,0.0,0.0,0.015,0.0,0.005,0.003
ZAF,South Africa,Urban,2011,ZAF_2011_AFB,0.683,0.0,0.0,0.0,0.0,0.0,0.0,0.0,0.0,0.0,0.0,0.048,0.952
ZAF,South Africa,Urban,2011,ZAF_2011_CEN,0.683,0.821,0.027,0.0,0.0,0.0,0.102,0.0,0.0,0.022,0.0,0.017,0.011
ZAF,South Africa,Urban,2011,ZAF_2011_GHS,0.683,0.837,0.025,0.0,0.0,0.0,0.1,0.0,0.0,0.008,0.0,0.012,0.018000000000000002
ZAF,South Africa,Urban,2012,ZAF_2012_GHS,0.696,0.836,0.015,0.0,0.0,0.0,0.099,0.0,0.0,0.012,0.0,0.015,0.023
ZAF,South Africa,Urban,2015,ZAF_2015_AFB,0.722,0.0,0.0,0.0,0.0,0.0,0.0,0.0,0.0,0.0,0.0,0.011,0.989
ZAF,South Africa,Urban,2015,ZAF_2015_GHS,0.722,0.86,0.015,0.0,0.0,0.0,0.091,0.0,0.0,0.012,0.002,0.014,0.006
ZAF,South Africa,Urban,2017,ZAF_2017_NIDS,0.726,0.22,0.386,0.0,0.0,0.0,0.35500000000000004,0.0,0.0,0.02,0.0,0.017,0.002
ZAF,South Africa,Urban,2018,ZAF_2018_AFB,0.732,0.0,0.0,0.0,0.0,0.0,0.0,0.0,0.0,0.0,0.0,0.009,0.991
ZAF,South Africa,Urban,2019,ZAF_2019_GHS,0.742,0.573,0.039,0.0,0.0,0.0,0.363,0.0,0.0,0.008,0.001,0.012,0.004
ZAF,South Africa,Urban,2021,ZAF_2021_GHS,0.721,0.853,0.02,0.0,0.0,0.0,0.112,0.0,0.0,0.01,0.0,0.003,0.002
ZMB,Zambia,Rural,1995,ZMB_1995_MICS,0.413,0.0,0.0,0.0,0.0,0.0,0.43,0.0,0.0,0.0,0.0,0.0,0.57
ZMB,Zambia,Rural,2007,ZMB_2007_DHS,0.504,0.004,0.006,0.002,0.0,0.0,0.172,0.454,0.001,0.0,0.0,0.354,0.007
ZMB,Zambia,Rural,2008,ZMB_2008_HSCS,0.514,0.176,0.014,0.002,0.002,0.001,0.183,0.439,0.001,0.0,0.0,0.181,0.001
ZMB,Zambia,Rural,2013,ZMB_2013_AFB,0.557,0.0,0.0,0.0,0.0,0.0,0.0,0.0,0.0,0.0,0.0,0.022,0.978
ZMB,Zambia,Rural,2014,ZMB_2014_AFB,0.559,0.0,0.0,0.0,0.0,0.0,0.0,0.0,0.0,0.0,0.0,0.029,0.971
ZMB,Zambia,Rural,2015,ZMB_2015_LCMS,0.565,0.108,0.046,0.002,0.001,0.0,0.245,0.395,0.0,0.001,0.0,0.037,0.165
ZMB,Zambia,Rural,2016,ZMB_2016_PHIA,0.565,0.105,0.057,0.011,0.001,0.001,0.261,0.462,0.002,0.001,0.0,0.096,0.003
ZMB,Zambia,Urban,1995,ZMB_1995_MICS,0.413,0.0,0.0,0.0,0.0,0.0,0.88,0.0,0.0,0.0,0.0,0.0,0.12
ZMB,Zambia,Urban,2007,ZMB_2007_DHS,0.504,0.281,0.086,0.009,0.001,0.002,0.34,0.259,0.0,0.0,0.001,0.018,0.003
ZMB,Zambia,Urban,2008,ZMB_2008_HSCS,0.514,0.277,0.042,0.005,0.004,0.0,0.19899999999999998,0.352,0.001,0.0,0.0,0.11,0.01
ZMB,Zambia,Urban,2013,ZMB_2013_AFB,0.557,0.0,0.0,0.0,0.0,0.0,0.0,0.0,0.0,0.0,0.0,0.004,0.996
ZMB,Zambia,Urban,2014,ZMB_2014_AFB,0.559,0.0,0.0,0.0,0.0,0.0,0.0,0.0,0.0,0.0,0.0,0.011,0.989
ZMB,Zambia,Urban,2015,ZMB_2015_LCMS,0.565,0.108,0.046,0.002,0.001,0.0,0.245,0.395,0.0,0.001,0.0,0.037,0.165
ZMB,Zambia,Urban,2016,ZMB_2016_PHIA,0.565,0.105,0.057,0.011,0.001,0.001,0.261,0.462,0.002,0.001,0.0,0.096,0.003
ZWE,Zimbabwe,Rural,2012,ZWE_2012_AFB,0.545,0.0,0.0,0.0,0.0,0.0,0.0,0.0,0.0,0.0,0.0,0.159,0.841
ZWE,Zimbabwe,Rural,2014,ZWE_2014_AFB,0.56,0.0,0.0,0.0,0.0,0.0,0.0,0.0,0.0,0.0,0.0,0.166,0.834
ZWE,Zimbabwe,Rural,2014,ZWE_2014_MICS,0.56,0.23,0.037,0.006,0.0,0.0,0.34299999999999997,0.064,0.0,0.0,0.001,0.317,0.002
ZWE,Zimbabwe,Rural,2017,ZWE_2017_AFB,0.575,0.0,0.0,0.0,0.0,0.0,0.0,0.0,0.0,0.0,0.0,0.105,0.895
ZWE,Zimbabwe,Rural,2017,ZWE_2017_ICEN,0.575,0.287,0.048,0.007,0.0,0.003,0.357,0.073,0.0,0.003,0.0,0.221,0.001
ZWE,Zimbabwe,Urban,2012,ZWE_2012_AFB,0.545,0.0,0.0,0.0,0.0,0.0,0.0,0.0,0.0,0.0,0.0,0.002,0.998
ZWE,Zimbabwe,Urban,2014,ZWE_2014_AFB,0.56,0.0,0.0,0.0,0.0,0.0,0.0,0.0,0.0,0.0,0.0,0.003,0.997
ZWE,Zimbabwe,Urban,2014,ZWE_2014_MICS,0.56,0.23,0.037,0.006,0.0,0.0,0.34299999999999997,0.064,0.0,0.0,0.001,0.317,0.002
ZWE,Zimbabwe,Urban,2017,ZWE_2017_AFB,0.575,0.0,0.0,0.0,0.0,0.0,0.0,0.0,0.0,0.0,0.0,0.009,0.991
ZWE,Zimbabwe,Urban,2017,ZWE_2017_ICEN,0.575,0.287,0.048,0.007,0.0,0.003,0.357,0.073,0.0,0.003,0.0,0.221,0.001
