alpha3,scenario,context,technology,threshold_pct,threshold_hdi,year_of_elimination
ABW,SSP1,Rural,flushPit,0.01,0.838,2093
ABW,SSP1,Rural,openDefecation,0.01,0.775,2045
ABW,SSP1,Rural,openDefecation,0.02,0.764,2040
ABW,SSP1,Urban,flushPit,0.02,0.738,2029
ABW,SSP1,Urban,openDefecation,0.01,0.733,2027
ABW,SSP2,Rural,flushUnknown,0.01,0.719,2030
ABW,SSP2,Rural,openDefecation,0.01,0.775,2062
ABW,SSP2,Rural,openDefecation,0.02,0.764,2054
ABW,SSP2,Urban,flushPit,0.02,0.738,2039
ABW,SSP2,Urban,openDefecation,0.01,0.733,2037
ABW,SSP3,Rural,flushUnknown,0.02,0.706,2084
ABW,SSP3,Rural,openDefecation,0.05,0.706,2084
ABW,SSP3,Urban,openDefecation,0.02,0.684,2041
ABW,SSP4,Rural,flushUnknown,0.02,0.706,2085
ABW,SSP4,Rural,flushUnknown,0.05,0.662,2025
ABW,SSP4,Rural,openDefecation,0.05,0.706,2085
ABW,SSP4,Urban,openDefecation,0.02,0.684,2049
ABW,SSP5,Rural,flushPit,0.01,0.838,2092
ABW,SSP5,Rural,openDefecation,0.01,0.775,2044
ABW,SSP5,Rural,openDefecation,0.02,0.764,2039
ABW,SSP5,Urban,flushPit,0.02,0.738,2028
ABW,SSP5,Urban,openDefecation,0.01,0.733,2027
AFG,SSP1,Rural,pitNoSlab,0.05,0.602,2085
AFG,SSP1,Urban,flushPit,0.05,0.608,2090
AFG,SSP1,Urban,openDefecation,0.1,0.5,2026
AFG,SSP1,Urban,pitNoSlab,0.02,0.597,2081
AFG,SSP1,Urban,pitNoSlab,0.05,0.572,2061
AFG,SSP2,Rural,pitNoSlab,0.05,0.602,2088
AFG,SSP2,Urban,flushPit,0.05,0.608,2093
AFG,SSP2,Urban,openDefecation,0.1,0.5,2026
AFG,SSP2,Urban,pitNoSlab,0.02,0.597,2084
AFG,SSP2,Urban,pitNoSlab,0.05,0.572,2066
AFG,SSP3,Urban,openDefecation,0.1,0.5,2027
AFG,SSP4,Urban,openDefecation,0.1,0.5,2027
AFG,SSP5,Rural,pitNoSlab,0.05,0.602,2086
AFG,SSP5,Urban,flushPit,0.05,0.608,2091
AFG,SSP5,Urban,openDefecation,0.1,0.5,2026
AFG,SSP5,Urban,pitNoSlab,0.02,0.597,2081
AFG,SSP5,Urban,pitNoSlab,0.05,0.572,2060
AGO,SSP1,Rural,compostingToilet,0.01,0.658,2033
AGO,SSP1,Rural,flushPit,0.01,0.838,2081
AGO,SSP1,Rural,flushPit,0.02,0.647,2030
AGO,SSP1,Rural,flushPit,0.05,0.63,2027
AGO,SSP1,Rural,flushSeptic,0.1,0.898,2099
AGO,SSP1,Rural,flushUnknown,0.01,0.719,2046
AGO,SSP1,Rural,flushUnknown,0.02,0.706,2043
AGO,SSP1,Rural,flushUnknown,0.05,0.662,2034
AGO,SSP1,Rural,openDefecation,0.01,0.775,2061
AGO,SSP1,Rural,openDefecation,0.02,0.764,2058
AGO,SSP1,Rural,openDefecation,0.05,0.706,2043
AGO,SSP1,Rural,openDefecation,0.1,0.646,2030
AGO,SSP1,Rural,pitNoSlab,0.01,0.636,2028
AGO,SSP1,Rural,pitNoSlab,0.02,0.622,2026
AGO,SSP1,Rural,pitSlab,0.05,0.87,2091
AGO,SSP1,Rural,pitSlab,0.1,0.851,2085
AGO,SSP1,Urban,flushPit,0.02,0.738,2050
AGO,SSP1,Urban,flushSeptic,0.1,0.865,2089
AGO,SSP1,Urban,openDefecation,0.01,0.733,2049
AGO,SSP1,Urban,openDefecation,0.02,0.684,2038
AGO,SSP1,Urban,openDefecation,0.05,0.638,2029
AGO,SSP1,Urban,pitNoSlab,0.01,0.626,2027
AGO,SSP1,Urban,pitSlab,0.05,0.867,2090
AGO,SSP2,Rural,compostingToilet,0.01,0.658,2037
AGO,SSP2,Rural,flushPit,0.01,0.838,2094
AGO,SSP2,Rural,flushPit,0.02,0.647,2033
AGO,SSP2,Rural,flushPit,0.05,0.63,2029
AGO,SSP2,Rural,flushUnknown,0.01,0.719,2055
AGO,SSP2,Rural,flushUnknown,0.02,0.706,2050
AGO,SSP2,Rural,flushUnknown,0.05,0.662,2038
AGO,SSP2,Rural,openDefecation,0.01,0.775,2073
AGO,SSP2,Rural,openDefecation,0.02,0.764,2070
AGO,SSP2,Rural,openDefecation,0.05,0.706,2050
AGO,SSP2,Rural,openDefecation,0.1,0.646,2033
AGO,SSP2,Rural,pitNoSlab,0.01,0.636,2030
AGO,SSP2,Rural,pitNoSlab,0.02,0.622,2027
AGO,SSP2,Rural,pitSlab,0.1,0.851,2099
AGO,SSP2,Urban,flushPit,0.02,0.738,2061
AGO,SSP2,Urban,openDefecation,0.01,0.733,2059
AGO,SSP2,Urban,openDefecation,0.02,0.684,2044
AGO,SSP2,Urban,openDefecation,0.05,0.638,2031
AGO,SSP2,Urban,pitNoSlab,0.01,0.626,2028
AGO,SSP3,Rural,compostingToilet,0.01,0.658,2088
AGO,SSP3,Rural,flushPit,0.02,0.647,2069
AGO,SSP3,Rural,flushPit,0.05,0.63,2041
AGO,SSP3,Rural,flushUnknown,0.05,0.662,2095
AGO,SSP3,Rural,openDefecation,0.1,0.646,2067
AGO,SSP3,Rural,pitNoSlab,0.01,0.636,2050
AGO,SSP3,Rural,pitNoSlab,0.02,0.622,2030
AGO,SSP3,Urban,openDefecation,0.05,0.638,2053
AGO,SSP3,Urban,pitNoSlab,0.01,0.626,2036
AGO,SSP4,Rural,compostingToilet,0.01,0.658,2068
AGO,SSP4,Rural,flushPit,0.02,0.647,2057
AGO,SSP4,Rural,flushPit,0.05,0.63,2039
AGO,SSP4,Rural,flushUnknown,0.05,0.662,2073
AGO,SSP4,Rural,openDefecation,0.1,0.646,2055
AGO,SSP4,Rural,pitNoSlab,0.01,0.636,2045
AGO,SSP4,Rural,pitNoSlab,0.02,0.622,2031
AGO,SSP4,Urban,openDefecation,0.02,0.684,2097
AGO,SSP4,Urban,openDefecation,0.05,0.638,2047
AGO,SSP4,Urban,pitNoSlab,0.01,0.626,2035
AGO,SSP5,Rural,compostingToilet,0.01,0.658,2032
AGO,SSP5,Rural,flushPit,0.01,0.838,2078
AGO,SSP5,Rural,flushPit,0.02,0.647,2030
AGO,SSP5,Rural,flushPit,0.05,0.63,2027
AGO,SSP5,Rural,flushSeptic,0.1,0.898,2096
AGO,SSP5,Rural,flushUnknown,0.01,0.719,2045
AGO,SSP5,Rural,flushUnknown,0.02,0.706,2042
AGO,SSP5,Rural,flushUnknown,0.05,0.662,2033
AGO,SSP5,Rural,openDefecation,0.01,0.775,2059
AGO,SSP5,Rural,openDefecation,0.02,0.764,2055
AGO,SSP5,Rural,openDefecation,0.05,0.706,2042
AGO,SSP5,Rural,openDefecation,0.1,0.646,2030
AGO,SSP5,Rural,pitNoSlab,0.01,0.636,2028
AGO,SSP5,Rural,pitNoSlab,0.02,0.622,2026
AGO,SSP5,Rural,pitSlab,0.05,0.87,2087
AGO,SSP5,Rural,pitSlab,0.1,0.851,2082
AGO,SSP5,Urban,flushPit,0.02,0.738,2048
AGO,SSP5,Urban,flushSeptic,0.1,0.865,2086
AGO,SSP5,Urban,openDefecation,0.01,0.733,2047
AGO,SSP5,Urban,openDefecation,0.02,0.684,2037
AGO,SSP5,Urban,openDefecation,0.05,0.638,2029
AGO,SSP5,Urban,pitNoSlab,0.01,0.626,2027
AGO,SSP5,Urban,pitSlab,0.05,0.867,2086
AIA,SSP1,Rural,flushPit,0.01,0.838,2093
AIA,SSP1,Rural,openDefecation,0.01,0.775,2045
AIA,SSP1,Rural,openDefecation,0.02,0.764,2040
AIA,SSP1,Urban,flushPit,0.02,0.738,2029
AIA,SSP1,Urban,openDefecation,0.01,0.733,2027
AIA,SSP2,Rural,flushUnknown,0.01,0.719,2030
AIA,SSP2,Rural,openDefecation,0.01,0.775,2062
AIA,SSP2,Rural,openDefecation,0.02,0.764,2054
AIA,SSP2,Urban,flushPit,0.02,0.738,2039
AIA,SSP2,Urban,openDefecation,0.01,0.733,2037
AIA,SSP3,Rural,flushUnknown,0.02,0.706,2084
AIA,SSP3,Rural,openDefecation,0.05,0.706,2084
AIA,SSP3,Urban,openDefecation,0.02,0.684,2041
AIA,SSP4,Rural,flushUnknown,0.02,0.706,2085
AIA,SSP4,Rural,flushUnknown,0.05,0.662,2025
AIA,SSP4,Rural,openDefecation,0.05,0.706,2085
AIA,SSP4,Urban,openDefecation,0.02,0.684,2049
AIA,SSP5,Rural,flushPit,0.01,0.838,2092
AIA,SSP5,Rural,openDefecation,0.01,0.775,2044
AIA,SSP5,Rural,openDefecation,0.02,0.764,2039
AIA,SSP5,Urban,flushPit,0.02,0.738,2028
AIA,SSP5,Urban,openDefecation,0.01,0.733,2027
ALA,SSP1,Rural,flushPit,0.01,0.838,2029
ALA,SSP1,Rural,pitSlab,0.05,0.87,2059
ALA,SSP1,Rural,pitSlab,0.1,0.851,2038
ALA,SSP1,Urban,flushSeptic,0.1,0.865,2049
ALA,SSP1,Urban,pitSlab,0.05,0.867,2052
ALA,SSP2,Rural,flushPit,0.01,0.838,2034
ALA,SSP2,Rural,pitSlab,0.05,0.87,2072
ALA,SSP2,Rural,pitSlab,0.1,0.851,2046
ALA,SSP2,Urban,flushSeptic,0.1,0.865,2064
ALA,SSP2,Urban,pitSlab,0.05,0.867,2067
ALA,SSP3,Rural,flushPit,0.01,0.838,2074
ALA,SSP3,Rural,pitSlab,0.1,0.851,2098
ALA,SSP4,Rural,flushPit,0.01,0.838,2076
ALA,SSP5,Rural,flushPit,0.01,0.838,2028
ALA,SSP5,Rural,pitSlab,0.05,0.87,2062
ALA,SSP5,Rural,pitSlab,0.1,0.851,2037
ALA,SSP5,Urban,flushSeptic,0.1,0.865,2049
ALA,SSP5,Urban,pitSlab,0.05,0.867,2053
ALB,SSP1,Rural,flushPit,0.01,0.838,2043
ALB,SSP1,Rural,pitSlab,0.1,0.851,2059
ALB,SSP1,Urban,flushSeptic,0.1,0.865,2091
ALB,SSP1,Urban,pitSlab,0.05,0.867,2095
ALB,SSP2,Rural,flushPit,0.01,0.838,2046
ALB,SSP2,Rural,pitSlab,0.05,0.87,2092
ALB,SSP2,Rural,pitSlab,0.1,0.851,2062
ALB,SSP2,Urban,flushSeptic,0.1,0.865,2084
ALB,SSP2,Urban,pitSlab,0.05,0.867,2088
ALB,SSP3,Rural,flushPit,0.01,0.838,2059
ALB,SSP3,Rural,pitSlab,0.1,0.851,2083
ALB,SSP4,Rural,flushPit,0.01,0.838,2054
ALB,SSP4,Rural,pitSlab,0.1,0.851,2078
ALB,SSP5,Rural,flushPit,0.01,0.838,2043
ALB,SSP5,Rural,pitSlab,0.1,0.851,2065
AND,SSP1,Rural,pitSlab,0.01,0.944,2045
AND,SSP1,Rural,pitSlab,0.02,0.938,2040
AND,SSP1,Urban,other,0.01,0.932,2036
AND,SSP1,Urban,pitSlab,0.01,0.944,2045
AND,SSP1,Urban,pitSlab,0.02,0.938,2040
AND,SSP2,Rural,pitSlab,0.01,0.944,2048
AND,SSP2,Rural,pitSlab,0.02,0.938,2043
AND,SSP2,Urban,other,0.01,0.932,2038
AND,SSP2,Urban,pitSlab,0.01,0.944,2048
AND,SSP2,Urban,pitSlab,0.02,0.938,2043
AND,SSP3,Rural,pitSlab,0.01,0.944,2065
AND,SSP3,Rural,pitSlab,0.02,0.938,2054
AND,SSP3,Urban,other,0.01,0.932,2045
AND,SSP3,Urban,pitSlab,0.01,0.944,2065
AND,SSP3,Urban,pitSlab,0.02,0.938,2054
AND,SSP4,Rural,pitSlab,0.01,0.944,2059
AND,SSP4,Rural,pitSlab,0.02,0.938,2049
AND,SSP4,Urban,other,0.01,0.932,2043
AND,SSP4,Urban,pitSlab,0.01,0.944,2059
AND,SSP4,Urban,pitSlab,0.02,0.938,2049
AND,SSP5,Rural,pitSlab,0.01,0.944,2046
AND,SSP5,Rural,pitSlab,0.02,0.938,2040
AND,SSP5,Urban,other,0.01,0.932,2035
AND,SSP5,Urban,pitSlab,0.01,0.944,2046
AND,SSP5,Urban,pitSlab,0.02,0.938,2040
ARE,SSP1,Rural,pitSlab,0.01,0.944,2026
ARE,SSP1,Urban,pitSlab,0.01,0.944,2026
ARE,SSP2,Rural,pitSlab,0.01,0.944,2026
ARE,SSP2,Urban,pitSlab,0.01,0.944,2026
ARE,SSP3,Rural,pitSlab,0.01,0.944,2027
ARE,SSP3,Urban,pitSlab,0.01,0.944,2027
ARE,SSP4,Rural,pitSlab,0.01,0.944,2027
ARE,SSP4,Urban,pitSlab,0.01,0.944,2027
ARE,SSP5,Rural,pitSlab,0.01,0.944,2026
ARE,SSP5,Urban,pitSlab,0.01,0.944,2026
ARG,SSP1,Rural,flushSeptic,0.1,0.898,2042
ARG,SSP1,Rural,pitSlab,0.01,0.944,2088
ARG,SSP1,Rural,pitSlab,0.02,0.938,2081
ARG,SSP1,Rural,pitSlab,0.05,0.87,2027
ARG,SSP1,Urban,flushSeptic,0.1,0.865,2025
ARG,SSP1,Urban,other,0.01,0.932,2074
ARG,SSP1,Urban,pitSlab,0.01,0.944,2088
ARG,SSP1,Urban,pitSlab,0.02,0.938,2081
ARG,SSP1,Urban,pitSlab,0.05,0.867,2026
ARG,SSP2,Rural,flushSeptic,0.1,0.898,2046
ARG,SSP2,Rural,pitSlab,0.01,0.944,2087
ARG,SSP2,Rural,pitSlab,0.02,0.938,2081
ARG,SSP2,Rural,pitSlab,0.05,0.87,2028
ARG,SSP2,Urban,flushSeptic,0.1,0.865,2025
ARG,SSP2,Urban,other,0.01,0.932,2076
ARG,SSP2,Urban,pitSlab,0.01,0.944,2087
ARG,SSP2,Urban,pitSlab,0.02,0.938,2081
ARG,SSP2,Urban,pitSlab,0.05,0.867,2026
ARG,SSP3,Rural,pitSlab,0.05,0.87,2030
ARG,SSP3,Urban,flushSeptic,0.1,0.865,2025
ARG,SSP3,Urban,pitSlab,0.05,0.867,2027
ARG,SSP4,Rural,pitSlab,0.05,0.87,2032
ARG,SSP4,Urban,flushSeptic,0.1,0.865,2025
ARG,SSP4,Urban,pitSlab,0.05,0.867,2028
ARG,SSP5,Rural,flushSeptic,0.1,0.898,2042
ARG,SSP5,Rural,pitSlab,0.01,0.944,2091
ARG,SSP5,Rural,pitSlab,0.02,0.938,2084
ARG,SSP5,Rural,pitSlab,0.05,0.87,2027
ARG,SSP5,Urban,flushSeptic,0.1,0.865,2025
ARG,SSP5,Urban,other,0.01,0.932,2076
ARG,SSP5,Urban,pitSlab,0.01,0.944,2091
ARG,SSP5,Urban,pitSlab,0.02,0.938,2084
ARG,SSP5,Urban,pitSlab,0.05,0.867,2026
ARM,SSP1,Rural,flushPit,0.01,0.838,2042
ARM,SSP1,Rural,pitSlab,0.1,0.851,2064
ARM,SSP2,Rural,flushPit,0.01,0.838,2044
ARM,SSP2,Rural,pitSlab,0.1,0.851,2065
ARM,SSP2,Urban,flushSeptic,0.1,0.865,2092
ARM,SSP2,Urban,pitSlab,0.05,0.867,2096
ARM,SSP3,Rural,flushPit,0.01,0.838,2052
ARM,SSP3,Rural,pitSlab,0.1,0.851,2080
ARM,SSP4,Rural,flushPit,0.01,0.838,2054
ARM,SSP4,Rural,pitSlab,0.1,0.851,2081
ARM,SSP5,Rural,flushPit,0.01,0.838,2041
ARM,SSP5,Rural,pitSlab,0.1,0.851,2065
ASM,SSP1,Rural,flushPit,0.01,0.838,2077
ASM,SSP1,Rural,openDefecation,0.01,0.775,2031
ASM,SSP1,Rural,openDefecation,0.02,0.764,2026
ASM,SSP1,Rural,pitSlab,0.1,0.851,2090
ASM,SSP2,Rural,flushPit,0.01,0.838,2093
ASM,SSP2,Rural,openDefecation,0.01,0.775,2041
ASM,SSP2,Rural,openDefecation,0.02,0.764,2034
ASM,SSP3,Rural,flushUnknown,0.01,0.719,2026
ASM,SSP3,Rural,openDefecation,0.02,0.764,2091
ASM,SSP3,Urban,flushPit,0.02,0.738,2046
ASM,SSP3,Urban,openDefecation,0.01,0.733,2040
ASM,SSP4,Rural,flushUnknown,0.01,0.719,2034
ASM,SSP4,Urban,flushPit,0.02,0.738,2060
ASM,SSP4,Urban,openDefecation,0.01,0.733,2050
ASM,SSP5,Rural,flushPit,0.01,0.838,2077
ASM,SSP5,Rural,openDefecation,0.01,0.775,2029
ASM,SSP5,Rural,openDefecation,0.02,0.764,2026
ASM,SSP5,Rural,pitSlab,0.1,0.851,2092
ATF,SSP1,Rural,compostingToilet,0.01,0.658,2049
ATF,SSP1,Rural,flushPit,0.02,0.647,2047
ATF,SSP1,Rural,flushPit,0.05,0.63,2043
ATF,SSP1,Rural,flushUnknown,0.01,0.719,2068
ATF,SSP1,Rural,flushUnknown,0.02,0.706,2064
ATF,SSP1,Rural,flushUnknown,0.05,0.662,2050
ATF,SSP1,Rural,openDefecation,0.01,0.775,2085
ATF,SSP1,Rural,openDefecation,0.02,0.764,2082
ATF,SSP1,Rural,openDefecation,0.05,0.706,2064
ATF,SSP1,Rural,openDefecation,0.1,0.646,2047
ATF,SSP1,Rural,pitNoSlab,0.01,0.636,2045
ATF,SSP1,Rural,pitNoSlab,0.02,0.622,2042
ATF,SSP1,Rural,pitNoSlab,0.05,0.602,2037
ATF,SSP1,Urban,flushPit,0.02,0.738,2074
ATF,SSP1,Urban,flushPit,0.05,0.608,2039
ATF,SSP1,Urban,openDefecation,0.01,0.733,2072
ATF,SSP1,Urban,openDefecation,0.02,0.684,2057
ATF,SSP1,Urban,openDefecation,0.05,0.638,2045
ATF,SSP1,Urban,pitNoSlab,0.01,0.626,2042
ATF,SSP1,Urban,pitNoSlab,0.02,0.597,2036
ATF,SSP1,Urban,pitNoSlab,0.05,0.572,2031
ATF,SSP2,Rural,compostingToilet,0.01,0.658,2077
ATF,SSP2,Rural,flushPit,0.02,0.647,2073
ATF,SSP2,Rural,flushPit,0.05,0.63,2067
ATF,SSP2,Rural,flushUnknown,0.01,0.719,2097
ATF,SSP2,Rural,flushUnknown,0.02,0.706,2093
ATF,SSP2,Rural,flushUnknown,0.05,0.662,2078
ATF,SSP2,Rural,openDefecation,0.05,0.706,2093
ATF,SSP2,Rural,openDefecation,0.1,0.646,2073
ATF,SSP2,Rural,pitNoSlab,0.01,0.636,2069
ATF,SSP2,Rural,pitNoSlab,0.02,0.622,2065
ATF,SSP2,Rural,pitNoSlab,0.05,0.602,2058
ATF,SSP2,Rural,pitNoSlab,0.1,0.489,2025
ATF,SSP2,Urban,flushPit,0.05,0.608,2060
ATF,SSP2,Urban,openDefecation,0.02,0.684,2085
ATF,SSP2,Urban,openDefecation,0.05,0.638,2070
ATF,SSP2,Urban,openDefecation,0.1,0.5,2028
ATF,SSP2,Urban,pitNoSlab,0.01,0.626,2066
ATF,SSP2,Urban,pitNoSlab,0.02,0.597,2056
ATF,SSP2,Urban,pitNoSlab,0.05,0.572,2048
ATF,SSP3,Rural,flushSewer,0.01,0.428,2034
ATF,SSP3,Urban,bucketLatrine,0.01,0.457,2081
ATF,SSP3,Urban,flushPit,0.01,0.442,2055
ATF,SSP4,Rural,flushSewer,0.01,0.428,2043
ATF,SSP4,Urban,bucketLatrine,0.01,0.457,2074
ATF,SSP4,Urban,flushPit,0.01,0.442,2058
ATF,SSP5,Rural,compostingToilet,0.01,0.658,2047
ATF,SSP5,Rural,flushPit,0.02,0.647,2045
ATF,SSP5,Rural,flushPit,0.05,0.63,2042
ATF,SSP5,Rural,flushUnknown,0.01,0.719,2064
ATF,SSP5,Rural,flushUnknown,0.02,0.706,2060
ATF,SSP5,Rural,flushUnknown,0.05,0.662,2048
ATF,SSP5,Rural,openDefecation,0.01,0.775,2081
ATF,SSP5,Rural,openDefecation,0.02,0.764,2078
ATF,SSP5,Rural,openDefecation,0.05,0.706,2060
ATF,SSP5,Rural,openDefecation,0.1,0.646,2045
ATF,SSP5,Rural,pitNoSlab,0.01,0.636,2043
ATF,SSP5,Rural,pitNoSlab,0.02,0.622,2040
ATF,SSP5,Rural,pitNoSlab,0.05,0.602,2036
ATF,SSP5,Urban,flushPit,0.02,0.738,2070
ATF,SSP5,Urban,flushPit,0.05,0.608,2037
ATF,SSP5,Urban,openDefecation,0.01,0.733,2068
ATF,SSP5,Urban,openDefecation,0.02,0.684,2054
ATF,SSP5,Urban,openDefecation,0.05,0.638,2043
ATF,SSP5,Urban,pitNoSlab,0.01,0.626,2041
ATF,SSP5,Urban,pitNoSlab,0.02,0.597,2035
ATF,SSP5,Urban,pitNoSlab,0.05,0.572,2030
ATG,SSP1,Rural,flushSeptic,0.1,0.898,2044
ATG,SSP1,Rural,pitSlab,0.01,0.944,2078
ATG,SSP1,Rural,pitSlab,0.02,0.938,2072
ATG,SSP1,Rural,pitSlab,0.05,0.87,2031
ATG,SSP1,Rural,pitSlab,0.1,0.851,2025
ATG,SSP1,Urban,flushSeptic,0.1,0.865,2029
ATG,SSP1,Urban,other,0.01,0.932,2068
ATG,SSP1,Urban,pitSlab,0.01,0.944,2078
ATG,SSP1,Urban,pitSlab,0.02,0.938,2072
ATG,SSP1,Urban,pitSlab,0.05,0.867,2030
ATG,SSP2,Rural,flushSeptic,0.1,0.898,2048
ATG,SSP2,Rural,pitSlab,0.01,0.944,2080
ATG,SSP2,Rural,pitSlab,0.02,0.938,2076
ATG,SSP2,Rural,pitSlab,0.05,0.87,2033
ATG,SSP2,Rural,pitSlab,0.1,0.851,2025
ATG,SSP2,Urban,flushSeptic,0.1,0.865,2031
ATG,SSP2,Urban,other,0.01,0.932,2071
ATG,SSP2,Urban,pitSlab,0.01,0.944,2080
ATG,SSP2,Urban,pitSlab,0.02,0.938,2076
ATG,SSP2,Urban,pitSlab,0.05,0.867,2032
ATG,SSP3,Rural,pitSlab,0.05,0.87,2046
ATG,SSP3,Rural,pitSlab,0.1,0.851,2025
ATG,SSP3,Urban,flushSeptic,0.1,0.865,2040
ATG,SSP3,Urban,pitSlab,0.05,0.867,2042
ATG,SSP4,Rural,flushSeptic,0.1,0.898,2090
ATG,SSP4,Rural,pitSlab,0.05,0.87,2046
ATG,SSP4,Rural,pitSlab,0.1,0.851,2025
ATG,SSP4,Urban,flushSeptic,0.1,0.865,2040
ATG,SSP4,Urban,pitSlab,0.05,0.867,2042
ATG,SSP5,Rural,flushSeptic,0.1,0.898,2044
ATG,SSP5,Rural,pitSlab,0.01,0.944,2078
ATG,SSP5,Rural,pitSlab,0.02,0.938,2073
ATG,SSP5,Rural,pitSlab,0.05,0.87,2031
ATG,SSP5,Rural,pitSlab,0.1,0.851,2025
ATG,SSP5,Urban,flushSeptic,0.1,0.865,2029
ATG,SSP5,Urban,other,0.01,0.932,2068
ATG,SSP5,Urban,pitSlab,0.01,0.944,2078
ATG,SSP5,Urban,pitSlab,0.02,0.938,2073
ATG,SSP5,Urban,pitSlab,0.05,0.867,2030
AUT,SSP1,Rural,pitSlab,0.01,0.944,2040
AUT,SSP1,Rural,pitSlab,0.02,0.938,2032
AUT,SSP1,Urban,other,0.01,0.932,2027
AUT,SSP1,Urban,pitSlab,0.01,0.944,2040
AUT,SSP1,Urban,pitSlab,0.02,0.938,2032
AUT,SSP2,Rural,pitSlab,0.01,0.944,2042
AUT,SSP2,Rural,pitSlab,0.02,0.938,2034
AUT,SSP2,Urban,other,0.01,0.932,2027
AUT,SSP2,Urban,pitSlab,0.01,0.944,2042
AUT,SSP2,Urban,pitSlab,0.02,0.938,2034
AUT,SSP3,Rural,pitSlab,0.01,0.944,2050
AUT,SSP3,Rural,pitSlab,0.02,0.938,2040
AUT,SSP3,Urban,other,0.01,0.932,2030
AUT,SSP3,Urban,pitSlab,0.01,0.944,2050
AUT,SSP3,Urban,pitSlab,0.02,0.938,2040
AUT,SSP4,Rural,pitSlab,0.01,0.944,2047
AUT,SSP4,Rural,pitSlab,0.02,0.938,2037
AUT,SSP4,Urban,other,0.01,0.932,2028
AUT,SSP4,Urban,pitSlab,0.01,0.944,2047
AUT,SSP4,Urban,pitSlab,0.02,0.938,2037
AUT,SSP5,Rural,pitSlab,0.01,0.944,2039
AUT,SSP5,Rural,pitSlab,0.02,0.938,2031
AUT,SSP5,Urban,other,0.01,0.932,2026
AUT,SSP5,Urban,pitSlab,0.01,0.944,2039
AUT,SSP5,Urban,pitSlab,0.02,0.938,2031
BDI,SSP1,Rural,compostingToilet,0.01,0.658,2065
BDI,SSP1,Rural,flushPit,0.02,0.647,2063
BDI,SSP1,Rural,flushPit,0.05,0.63,2059
BDI,SSP1,Rural,flushUnknown,0.01,0.719,2078
BDI,SSP1,Rural,flushUnknown,0.02,0.706,2075
BDI,SSP1,Rural,flushUnknown,0.05,0.662,2066
BDI,SSP1,Rural,openDefecation,0.01,0.775,2090
BDI,SSP1,Rural,openDefecation,0.02,0.764,2087
BDI,SSP1,Rural,openDefecation,0.05,0.706,2075
BDI,SSP1,Rural,openDefecation,0.1,0.646,2063
BDI,SSP1,Rural,pitNoSlab,0.01,0.636,2061
BDI,SSP1,Rural,pitNoSlab,0.02,0.622,2058
BDI,SSP1,Rural,pitNoSlab,0.05,0.602,2054
BDI,SSP1,Rural,pitNoSlab,0.1,0.489,2033
BDI,SSP1,Urban,bucketLatrine,0.01,0.457,2028
BDI,SSP1,Urban,flushOpen,0.01,0.488,2033
BDI,SSP1,Urban,flushPit,0.01,0.442,2025
BDI,SSP1,Urban,flushPit,0.02,0.738,2082
BDI,SSP1,Urban,flushPit,0.05,0.608,2055
BDI,SSP1,Urban,openDefecation,0.01,0.733,2081
BDI,SSP1,Urban,openDefecation,0.02,0.684,2071
BDI,SSP1,Urban,openDefecation,0.05,0.638,2061
BDI,SSP1,Urban,openDefecation,0.1,0.5,2035
BDI,SSP1,Urban,pitNoSlab,0.01,0.626,2059
BDI,SSP1,Urban,pitNoSlab,0.02,0.597,2053
BDI,SSP1,Urban,pitNoSlab,0.05,0.572,2048
BDI,SSP2,Rural,compostingToilet,0.01,0.658,2083
BDI,SSP2,Rural,flushPit,0.02,0.647,2080
BDI,SSP2,Rural,flushPit,0.05,0.63,2075
BDI,SSP2,Rural,flushUnknown,0.01,0.719,2098
BDI,SSP2,Rural,flushUnknown,0.02,0.706,2095
BDI,SSP2,Rural,flushUnknown,0.05,0.662,2084
BDI,SSP2,Rural,openDefecation,0.05,0.706,2095
BDI,SSP2,Rural,openDefecation,0.1,0.646,2079
BDI,SSP2,Rural,pitNoSlab,0.01,0.636,2077
BDI,SSP2,Rural,pitNoSlab,0.02,0.622,2073
BDI,SSP2,Rural,pitNoSlab,0.05,0.602,2068
BDI,SSP2,Rural,pitNoSlab,0.1,0.489,2038
BDI,SSP2,Urban,bucketLatrine,0.01,0.457,2029
BDI,SSP2,Urban,flushOpen,0.01,0.488,2038
BDI,SSP2,Urban,flushPit,0.01,0.442,2026
BDI,SSP2,Urban,flushPit,0.05,0.608,2070
BDI,SSP2,Urban,openDefecation,0.02,0.684,2089
BDI,SSP2,Urban,openDefecation,0.05,0.638,2077
BDI,SSP2,Urban,openDefecation,0.1,0.5,2041
BDI,SSP2,Urban,pitNoSlab,0.01,0.626,2074
BDI,SSP2,Urban,pitNoSlab,0.02,0.597,2067
BDI,SSP2,Urban,pitNoSlab,0.05,0.572,2060
BDI,SSP3,Urban,bucketLatrine,0.01,0.457,2055
BDI,SSP3,Urban,flushPit,0.01,0.442,2027
BDI,SSP4,Rural,pitNoSlab,0.1,0.489,2066
BDI,SSP4,Urban,bucketLatrine,0.01,0.457,2038
BDI,SSP4,Urban,flushOpen,0.01,0.488,2066
BDI,SSP4,Urban,flushPit,0.01,0.442,2026
BDI,SSP4,Urban,openDefecation,0.1,0.5,2075
BDI,SSP5,Rural,compostingToilet,0.01,0.658,2061
BDI,SSP5,Rural,flushPit,0.01,0.838,2097
BDI,SSP5,Rural,flushPit,0.02,0.647,2059
BDI,SSP5,Rural,flushPit,0.05,0.63,2056
BDI,SSP5,Rural,flushUnknown,0.01,0.719,2073
BDI,SSP5,Rural,flushUnknown,0.02,0.706,2071
BDI,SSP5,Rural,flushUnknown,0.05,0.662,2062
BDI,SSP5,Rural,openDefecation,0.01,0.775,2084
BDI,SSP5,Rural,openDefecation,0.02,0.764,2082
BDI,SSP5,Rural,openDefecation,0.05,0.706,2071
BDI,SSP5,Rural,openDefecation,0.1,0.646,2059
BDI,SSP5,Rural,pitNoSlab,0.01,0.636,2057
BDI,SSP5,Rural,pitNoSlab,0.02,0.622,2054
BDI,SSP5,Rural,pitNoSlab,0.05,0.602,2050
BDI,SSP5,Rural,pitNoSlab,0.1,0.489,2032
BDI,SSP5,Rural,pitSlab,0.1,0.851,2100
BDI,SSP5,Urban,bucketLatrine,0.01,0.457,2027
BDI,SSP5,Urban,flushOpen,0.01,0.488,2032
BDI,SSP5,Urban,flushPit,0.01,0.442,2025
BDI,SSP5,Urban,flushPit,0.02,0.738,2077
BDI,SSP5,Urban,flushPit,0.05,0.608,2051
BDI,SSP5,Urban,openDefecation,0.01,0.733,2076
BDI,SSP5,Urban,openDefecation,0.02,0.684,2066
BDI,SSP5,Urban,openDefecation,0.05,0.638,2057
BDI,SSP5,Urban,openDefecation,0.1,0.5,2034
BDI,SSP5,Urban,pitNoSlab,0.01,0.626,2055
BDI,SSP5,Urban,pitNoSlab,0.02,0.597,2049
BDI,SSP5,Urban,pitNoSlab,0.05,0.572,2045
BEN,SSP1,Rural,compostingToilet,0.01,0.658,2049
BEN,SSP1,Rural,flushPit,0.01,0.838,2094
BEN,SSP1,Rural,flushPit,0.02,0.647,2048
BEN,SSP1,Rural,flushPit,0.05,0.63,2044
BEN,SSP1,Rural,flushUnknown,0.01,0.719,2064
BEN,SSP1,Rural,flushUnknown,0.02,0.706,2061
BEN,SSP1,Rural,flushUnknown,0.05,0.662,2050
BEN,SSP1,Rural,openDefecation,0.01,0.775,2078
BEN,SSP1,Rural,openDefecation,0.02,0.764,2075
BEN,SSP1,Rural,openDefecation,0.05,0.706,2061
BEN,SSP1,Rural,openDefecation,0.1,0.646,2047
BEN,SSP1,Rural,pitNoSlab,0.01,0.636,2046
BEN,SSP1,Rural,pitNoSlab,0.02,0.622,2043
BEN,SSP1,Rural,pitNoSlab,0.05,0.602,2039
BEN,SSP1,Rural,pitSlab,0.1,0.851,2097
BEN,SSP1,Urban,flushPit,0.02,0.738,2069
BEN,SSP1,Urban,flushPit,0.05,0.608,2041
BEN,SSP1,Urban,openDefecation,0.01,0.733,2068
BEN,SSP1,Urban,openDefecation,0.02,0.684,2056
BEN,SSP1,Urban,openDefecation,0.05,0.638,2046
BEN,SSP1,Urban,pitNoSlab,0.01,0.626,2044
BEN,SSP1,Urban,pitNoSlab,0.02,0.597,2039
BEN,SSP1,Urban,pitNoSlab,0.05,0.572,2034
BEN,SSP2,Rural,compostingToilet,0.01,0.658,2063
BEN,SSP2,Rural,flushPit,0.02,0.647,2060
BEN,SSP2,Rural,flushPit,0.05,0.63,2055
BEN,SSP2,Rural,flushUnknown,0.01,0.719,2080
BEN,SSP2,Rural,flushUnknown,0.02,0.706,2077
BEN,SSP2,Rural,flushUnknown,0.05,0.662,2064
BEN,SSP2,Rural,openDefecation,0.01,0.775,2097
BEN,SSP2,Rural,openDefecation,0.02,0.764,2093
BEN,SSP2,Rural,openDefecation,0.05,0.706,2077
BEN,SSP2,Rural,openDefecation,0.1,0.646,2059
BEN,SSP2,Rural,pitNoSlab,0.01,0.636,2057
BEN,SSP2,Rural,pitNoSlab,0.02,0.622,2053
BEN,SSP2,Rural,pitNoSlab,0.05,0.602,2047
BEN,SSP2,Urban,flushPit,0.02,0.738,2086
BEN,SSP2,Urban,flushPit,0.05,0.608,2049
BEN,SSP2,Urban,openDefecation,0.01,0.733,2084
BEN,SSP2,Urban,openDefecation,0.02,0.684,2070
BEN,SSP2,Urban,openDefecation,0.05,0.638,2057
BEN,SSP2,Urban,pitNoSlab,0.01,0.626,2054
BEN,SSP2,Urban,pitNoSlab,0.02,0.597,2046
BEN,SSP2,Urban,pitNoSlab,0.05,0.572,2039
BEN,SSP4,Urban,pitNoSlab,0.05,0.572,2076
BEN,SSP5,Rural,compostingToilet,0.01,0.658,2048
BEN,SSP5,Rural,flushPit,0.01,0.838,2090
BEN,SSP5,Rural,flushPit,0.02,0.647,2046
BEN,SSP5,Rural,flushPit,0.05,0.63,2043
BEN,SSP5,Rural,flushUnknown,0.01,0.719,2061
BEN,SSP5,Rural,flushUnknown,0.02,0.706,2058
BEN,SSP5,Rural,flushUnknown,0.05,0.662,2048
BEN,SSP5,Rural,openDefecation,0.01,0.775,2075
BEN,SSP5,Rural,openDefecation,0.02,0.764,2072
BEN,SSP5,Rural,openDefecation,0.05,0.706,2058
BEN,SSP5,Rural,openDefecation,0.1,0.646,2046
BEN,SSP5,Rural,pitNoSlab,0.01,0.636,2044
BEN,SSP5,Rural,pitNoSlab,0.02,0.622,2042
BEN,SSP5,Rural,pitNoSlab,0.05,0.602,2038
BEN,SSP5,Rural,pitSlab,0.05,0.87,2097
BEN,SSP5,Rural,pitSlab,0.1,0.851,2093
BEN,SSP5,Urban,flushPit,0.02,0.738,2066
BEN,SSP5,Urban,flushPit,0.05,0.608,2039
BEN,SSP5,Urban,flushSeptic,0.1,0.865,2096
BEN,SSP5,Urban,openDefecation,0.01,0.733,2065
BEN,SSP5,Urban,openDefecation,0.02,0.684,2053
BEN,SSP5,Urban,openDefecation,0.05,0.638,2044
BEN,SSP5,Urban,pitNoSlab,0.01,0.626,2042
BEN,SSP5,Urban,pitNoSlab,0.02,0.597,2038
BEN,SSP5,Urban,pitNoSlab,0.05,0.572,2033
BEN,SSP5,Urban,pitSlab,0.05,0.867,2096
BES,SSP1,Rural,flushPit,0.01,0.838,2093
BES,SSP1,Rural,openDefecation,0.01,0.775,2045
BES,SSP1,Rural,openDefecation,0.02,0.764,2040
BES,SSP1,Urban,flushPit,0.02,0.738,2029
BES,SSP1,Urban,openDefecation,0.01,0.733,2027
BES,SSP2,Rural,flushUnknown,0.01,0.719,2030
BES,SSP2,Rural,openDefecation,0.01,0.775,2062
BES,SSP2,Rural,openDefecation,0.02,0.764,2054
BES,SSP2,Urban,flushPit,0.02,0.738,2039
BES,SSP2,Urban,openDefecation,0.01,0.733,2037
BES,SSP3,Rural,flushUnknown,0.02,0.706,2084
BES,SSP3,Rural,openDefecation,0.05,0.706,2084
BES,SSP3,Urban,openDefecation,0.02,0.684,2041
BES,SSP4,Rural,flushUnknown,0.02,0.706,2085
BES,SSP4,Rural,flushUnknown,0.05,0.662,2025
BES,SSP4,Rural,openDefecation,0.05,0.706,2085
BES,SSP4,Urban,openDefecation,0.02,0.684,2049
BES,SSP5,Rural,flushPit,0.01,0.838,2092
BES,SSP5,Rural,openDefecation,0.01,0.775,2044
BES,SSP5,Rural,openDefecation,0.02,0.764,2039
BES,SSP5,Urban,flushPit,0.02,0.738,2028
BES,SSP5,Urban,openDefecation,0.01,0.733,2027
BFA,SSP1,Rural,compostingToilet,0.01,0.658,2060
BFA,SSP1,Rural,flushPit,0.01,0.838,2098
BFA,SSP1,Rural,flushPit,0.02,0.647,2057
BFA,SSP1,Rural,flushPit,0.05,0.63,2054
BFA,SSP1,Rural,flushUnknown,0.01,0.719,2073
BFA,SSP1,Rural,flushUnknown,0.02,0.706,2070
BFA,SSP1,Rural,flushUnknown,0.05,0.662,2061
BFA,SSP1,Rural,openDefecation,0.01,0.775,2085
BFA,SSP1,Rural,openDefecation,0.02,0.764,2082
BFA,SSP1,Rural,openDefecation,0.05,0.706,2070
BFA,SSP1,Rural,openDefecation,0.1,0.646,2057
BFA,SSP1,Rural,pitNoSlab,0.01,0.636,2055
BFA,SSP1,Rural,pitNoSlab,0.02,0.622,2052
BFA,SSP1,Rural,pitNoSlab,0.05,0.602,2048
BFA,SSP1,Rural,pitNoSlab,0.1,0.489,2029
BFA,SSP1,Urban,flushOpen,0.01,0.488,2029
BFA,SSP1,Urban,flushPit,0.02,0.738,2077
BFA,SSP1,Urban,flushPit,0.05,0.608,2049
BFA,SSP1,Urban,openDefecation,0.01,0.733,2076
BFA,SSP1,Urban,openDefecation,0.02,0.684,2065
BFA,SSP1,Urban,openDefecation,0.05,0.638,2056
BFA,SSP1,Urban,openDefecation,0.1,0.5,2031
BFA,SSP1,Urban,pitNoSlab,0.01,0.626,2053
BFA,SSP1,Urban,pitNoSlab,0.02,0.597,2047
BFA,SSP1,Urban,pitNoSlab,0.05,0.572,2043
BFA,SSP2,Rural,compostingToilet,0.01,0.658,2072
BFA,SSP2,Rural,flushPit,0.02,0.647,2069
BFA,SSP2,Rural,flushPit,0.05,0.63,2065
BFA,SSP2,Rural,flushUnknown,0.01,0.719,2086
BFA,SSP2,Rural,flushUnknown,0.02,0.706,2083
BFA,SSP2,Rural,flushUnknown,0.05,0.662,2073
BFA,SSP2,Rural,openDefecation,0.01,0.775,2099
BFA,SSP2,Rural,openDefecation,0.02,0.764,2097
BFA,SSP2,Rural,openDefecation,0.05,0.706,2083
BFA,SSP2,Rural,openDefecation,0.1,0.646,2069
BFA,SSP2,Rural,pitNoSlab,0.01,0.636,2066
BFA,SSP2,Rural,pitNoSlab,0.02,0.622,2063
BFA,SSP2,Rural,pitNoSlab,0.05,0.602,2058
BFA,SSP2,Rural,pitNoSlab,0.1,0.489,2032
BFA,SSP2,Urban,flushOpen,0.01,0.488,2032
BFA,SSP2,Urban,flushPit,0.02,0.738,2091
BFA,SSP2,Urban,flushPit,0.05,0.608,2060
BFA,SSP2,Urban,openDefecation,0.01,0.733,2089
BFA,SSP2,Urban,openDefecation,0.02,0.684,2078
BFA,SSP2,Urban,openDefecation,0.05,0.638,2067
BFA,SSP2,Urban,openDefecation,0.1,0.5,2034
BFA,SSP2,Urban,pitNoSlab,0.01,0.626,2064
BFA,SSP2,Urban,pitNoSlab,0.02,0.597,2057
BFA,SSP2,Urban,pitNoSlab,0.05,0.572,2051
BFA,SSP3,Rural,pitNoSlab,0.1,0.489,2082
BFA,SSP3,Urban,flushOpen,0.01,0.488,2080
BFA,SSP4,Rural,pitNoSlab,0.1,0.489,2072
BFA,SSP4,Urban,bucketLatrine,0.01,0.457,2030
BFA,SSP4,Urban,flushOpen,0.01,0.488,2071
BFA,SSP4,Urban,openDefecation,0.1,0.5,2086
BFA,SSP5,Rural,compostingToilet,0.01,0.658,2056
BFA,SSP5,Rural,flushPit,0.01,0.838,2093
BFA,SSP5,Rural,flushPit,0.02,0.647,2054
BFA,SSP5,Rural,flushPit,0.05,0.63,2051
BFA,SSP5,Rural,flushUnknown,0.01,0.719,2069
BFA,SSP5,Rural,flushUnknown,0.02,0.706,2066
BFA,SSP5,Rural,flushUnknown,0.05,0.662,2057
BFA,SSP5,Rural,openDefecation,0.01,0.775,2080
BFA,SSP5,Rural,openDefecation,0.02,0.764,2078
BFA,SSP5,Rural,openDefecation,0.05,0.706,2066
BFA,SSP5,Rural,openDefecation,0.1,0.646,2054
BFA,SSP5,Rural,pitNoSlab,0.01,0.636,2052
BFA,SSP5,Rural,pitNoSlab,0.02,0.622,2049
BFA,SSP5,Rural,pitNoSlab,0.05,0.602,2046
BFA,SSP5,Rural,pitNoSlab,0.1,0.489,2029
BFA,SSP5,Rural,pitSlab,0.05,0.87,2099
BFA,SSP5,Rural,pitSlab,0.1,0.851,2096
BFA,SSP5,Urban,flushOpen,0.01,0.488,2029
BFA,SSP5,Urban,flushPit,0.02,0.738,2073
BFA,SSP5,Urban,flushPit,0.05,0.608,2047
BFA,SSP5,Urban,flushSeptic,0.1,0.865,2098
BFA,SSP5,Urban,openDefecation,0.01,0.733,2072
BFA,SSP5,Urban,openDefecation,0.02,0.684,2062
BFA,SSP5,Urban,openDefecation,0.05,0.638,2052
BFA,SSP5,Urban,openDefecation,0.1,0.5,2031
BFA,SSP5,Urban,pitNoSlab,0.01,0.626,2050
BFA,SSP5,Urban,pitNoSlab,0.02,0.597,2046
BFA,SSP5,Urban,pitNoSlab,0.05,0.572,2042
BFA,SSP5,Urban,pitSlab,0.05,0.867,2099
BGD,SSP1,Rural,flushPit,0.01,0.838,2063
BGD,SSP1,Rural,flushSeptic,0.1,0.898,2082
BGD,SSP1,Rural,flushUnknown,0.01,0.719,2032
BGD,SSP1,Rural,flushUnknown,0.02,0.706,2029
BGD,SSP1,Rural,openDefecation,0.01,0.775,2045
BGD,SSP1,Rural,openDefecation,0.02,0.764,2043
BGD,SSP1,Rural,openDefecation,0.05,0.706,2029
BGD,SSP1,Rural,pitSlab,0.01,0.944,2096
BGD,SSP1,Rural,pitSlab,0.02,0.938,2094
BGD,SSP1,Rural,pitSlab,0.05,0.87,2073
BGD,SSP1,Rural,pitSlab,0.1,0.851,2067
BGD,SSP1,Urban,flushPit,0.02,0.738,2037
BGD,SSP1,Urban,flushSeptic,0.1,0.865,2072
BGD,SSP1,Urban,openDefecation,0.01,0.733,2035
BGD,SSP1,Urban,other,0.01,0.932,2092
BGD,SSP1,Urban,pitSlab,0.01,0.944,2096
BGD,SSP1,Urban,pitSlab,0.02,0.938,2094
BGD,SSP1,Urban,pitSlab,0.05,0.867,2072
BGD,SSP2,Rural,flushPit,0.01,0.838,2073
BGD,SSP2,Rural,flushSeptic,0.1,0.898,2093
BGD,SSP2,Rural,flushUnknown,0.01,0.719,2035
BGD,SSP2,Rural,flushUnknown,0.02,0.706,2031
BGD,SSP2,Rural,openDefecation,0.01,0.775,2052
BGD,SSP2,Rural,openDefecation,0.02,0.764,2048
BGD,SSP2,Rural,openDefecation,0.05,0.706,2031
BGD,SSP2,Rural,pitSlab,0.05,0.87,2084
BGD,SSP2,Rural,pitSlab,0.1,0.851,2077
BGD,SSP2,Urban,flushPit,0.02,0.738,2040
BGD,SSP2,Urban,flushSeptic,0.1,0.865,2082
BGD,SSP2,Urban,openDefecation,0.01,0.733,2039
BGD,SSP2,Urban,pitSlab,0.05,0.867,2083
BGD,SSP3,Rural,flushUnknown,0.01,0.719,2076
BGD,SSP3,Rural,flushUnknown,0.02,0.706,2050
BGD,SSP3,Rural,openDefecation,0.05,0.706,2050
BGD,SSP4,Rural,flushUnknown,0.01,0.719,2046
BGD,SSP4,Rural,flushUnknown,0.02,0.706,2038
BGD,SSP4,Rural,openDefecation,0.01,0.775,2087
BGD,SSP4,Rural,openDefecation,0.02,0.764,2079
BGD,SSP4,Rural,openDefecation,0.05,0.706,2038
BGD,SSP4,Urban,flushPit,0.02,0.738,2060
BGD,SSP4,Urban,openDefecation,0.01,0.733,2056
BGD,SSP5,Rural,flushPit,0.01,0.838,2060
BGD,SSP5,Rural,flushSeptic,0.1,0.898,2078
BGD,SSP5,Rural,flushUnknown,0.01,0.719,2031
BGD,SSP5,Rural,flushUnknown,0.02,0.706,2029
BGD,SSP5,Rural,openDefecation,0.01,0.775,2043
BGD,SSP5,Rural,openDefecation,0.02,0.764,2041
BGD,SSP5,Rural,openDefecation,0.05,0.706,2029
BGD,SSP5,Rural,pitSlab,0.01,0.944,2092
BGD,SSP5,Rural,pitSlab,0.02,0.938,2091
BGD,SSP5,Rural,pitSlab,0.05,0.87,2070
BGD,SSP5,Rural,pitSlab,0.1,0.851,2064
BGD,SSP5,Urban,flushPit,0.02,0.738,2035
BGD,SSP5,Urban,flushSeptic,0.1,0.865,2068
BGD,SSP5,Urban,openDefecation,0.01,0.733,2034
BGD,SSP5,Urban,other,0.01,0.932,2089
BGD,SSP5,Urban,pitSlab,0.01,0.944,2092
BGD,SSP5,Urban,pitSlab,0.02,0.938,2091
BGD,SSP5,Urban,pitSlab,0.05,0.867,2069
BGR,SSP1,Rural,flushSeptic,0.1,0.898,2081
BGR,SSP1,Rural,pitSlab,0.05,0.87,2042
BGR,SSP1,Rural,pitSlab,0.1,0.851,2028
BGR,SSP1,Urban,flushSeptic,0.1,0.865,2038
BGR,SSP1,Urban,pitSlab,0.05,0.867,2039
BGR,SSP2,Rural,flushSeptic,0.1,0.898,2082
BGR,SSP2,Rural,pitSlab,0.05,0.87,2045
BGR,SSP2,Rural,pitSlab,0.1,0.851,2028
BGR,SSP2,Urban,flushSeptic,0.1,0.865,2040
BGR,SSP2,Urban,pitSlab,0.05,0.867,2042
BGR,SSP3,Rural,pitSlab,0.05,0.87,2070
BGR,SSP3,Rural,pitSlab,0.1,0.851,2030
BGR,SSP3,Urban,flushSeptic,0.1,0.865,2058
BGR,SSP3,Urban,pitSlab,0.05,0.867,2062
BGR,SSP4,Rural,pitSlab,0.05,0.87,2055
BGR,SSP4,Rural,pitSlab,0.1,0.851,2030
BGR,SSP4,Urban,flushSeptic,0.1,0.865,2048
BGR,SSP4,Urban,pitSlab,0.05,0.867,2050
BGR,SSP5,Rural,flushSeptic,0.1,0.898,2077
BGR,SSP5,Rural,pitSlab,0.05,0.87,2040
BGR,SSP5,Rural,pitSlab,0.1,0.851,2028
BGR,SSP5,Urban,flushSeptic,0.1,0.865,2036
BGR,SSP5,Urban,pitSlab,0.05,0.867,2038
BHR,SSP1,Rural,pitSlab,0.01,0.944,2062
BHR,SSP1,Rural,pitSlab,0.02,0.938,2050
BHR,SSP1,Urban,other,0.01,0.932,2046
BHR,SSP1,Urban,pitSlab,0.01,0.944,2062
BHR,SSP1,Urban,pitSlab,0.02,0.938,2050
BHR,SSP2,Rural,pitSlab,0.01,0.944,2064
BHR,SSP2,Rural,pitSlab,0.02,0.938,2055
BHR,SSP2,Urban,other,0.01,0.932,2048
BHR,SSP2,Urban,pitSlab,0.01,0.944,2064
BHR,SSP2,Urban,pitSlab,0.02,0.938,2055
BHR,SSP3,Urban,other,0.01,0.932,2094
BHR,SSP4,Rural,pitSlab,0.02,0.938,2090
BHR,SSP4,Urban,other,0.01,0.932,2076
BHR,SSP4,Urban,pitSlab,0.02,0.938,2090
BHR,SSP5,Rural,pitSlab,0.01,0.944,2062
BHR,SSP5,Rural,pitSlab,0.02,0.938,2049
BHR,SSP5,Urban,other,0.01,0.932,2045
BHR,SSP5,Urban,pitSlab,0.01,0.944,2062
BHR,SSP5,Urban,pitSlab,0.02,0.938,2049
BHS,SSP1,Rural,flushPit,0.01,0.838,2034
BHS,SSP1,Rural,pitSlab,0.05,0.87,2063
BHS,SSP1,Rural,pitSlab,0.1,0.851,2043
BHS,SSP1,Urban,flushSeptic,0.1,0.865,2056
BHS,SSP1,Urban,pitSlab,0.05,0.867,2059
BHS,SSP2,Rural,flushPit,0.01,0.838,2037
BHS,SSP2,Rural,pitSlab,0.05,0.87,2069
BHS,SSP2,Rural,pitSlab,0.1,0.851,2048
BHS,SSP2,Urban,flushSeptic,0.1,0.865,2063
BHS,SSP2,Urban,pitSlab,0.05,0.867,2065
BHS,SSP3,Rural,flushPit,0.01,0.838,2052
BHS,SSP3,Rural,pitSlab,0.1,0.851,2085
BHS,SSP4,Rural,flushPit,0.01,0.838,2042
BHS,SSP4,Rural,pitSlab,0.05,0.87,2084
BHS,SSP4,Rural,pitSlab,0.1,0.851,2057
BHS,SSP4,Urban,flushSeptic,0.1,0.865,2077
BHS,SSP4,Urban,pitSlab,0.05,0.867,2080
BHS,SSP5,Rural,flushPit,0.01,0.838,2034
BHS,SSP5,Rural,pitSlab,0.05,0.87,2069
BHS,SSP5,Rural,pitSlab,0.1,0.851,2043
BHS,SSP5,Urban,flushSeptic,0.1,0.865,2059
BHS,SSP5,Urban,pitSlab,0.05,0.867,2063
BIH,SSP1,Rural,flushPit,0.01,0.838,2040
BIH,SSP1,Rural,flushSeptic,0.1,0.898,2099
BIH,SSP1,Rural,pitSlab,0.05,0.87,2067
BIH,SSP1,Rural,pitSlab,0.1,0.851,2048
BIH,SSP1,Urban,flushSeptic,0.1,0.865,2061
BIH,SSP1,Urban,pitSlab,0.05,0.867,2064
BIH,SSP2,Rural,flushPit,0.01,0.838,2042
BIH,SSP2,Rural,flushSeptic,0.1,0.898,2096
BIH,SSP2,Rural,pitSlab,0.05,0.87,2069
BIH,SSP2,Rural,pitSlab,0.1,0.851,2050
BIH,SSP2,Urban,flushSeptic,0.1,0.865,2064
BIH,SSP2,Urban,pitSlab,0.05,0.867,2066
BIH,SSP3,Rural,flushPit,0.01,0.838,2044
BIH,SSP3,Rural,pitSlab,0.05,0.87,2073
BIH,SSP3,Rural,pitSlab,0.1,0.851,2054
BIH,SSP3,Urban,flushSeptic,0.1,0.865,2068
BIH,SSP3,Urban,pitSlab,0.05,0.867,2070
BIH,SSP4,Rural,flushPit,0.01,0.838,2045
BIH,SSP4,Rural,pitSlab,0.05,0.87,2077
BIH,SSP4,Rural,pitSlab,0.1,0.851,2057
BIH,SSP4,Urban,flushSeptic,0.1,0.865,2072
BIH,SSP4,Urban,pitSlab,0.05,0.867,2074
BIH,SSP5,Rural,flushPit,0.01,0.838,2039
BIH,SSP5,Rural,flushSeptic,0.1,0.898,2098
BIH,SSP5,Rural,pitSlab,0.05,0.87,2066
BIH,SSP5,Rural,pitSlab,0.1,0.851,2047
BIH,SSP5,Urban,flushSeptic,0.1,0.865,2060
BIH,SSP5,Urban,pitSlab,0.05,0.867,2062
BLM,SSP1,Rural,flushPit,0.01,0.838,2093
BLM,SSP1,Rural,openDefecation,0.01,0.775,2045
BLM,SSP1,Rural,openDefecation,0.02,0.764,2040
BLM,SSP1,Urban,flushPit,0.02,0.738,2029
BLM,SSP1,Urban,openDefecation,0.01,0.733,2027
BLM,SSP2,Rural,flushUnknown,0.01,0.719,2030
BLM,SSP2,Rural,openDefecation,0.01,0.775,2062
BLM,SSP2,Rural,openDefecation,0.02,0.764,2054
BLM,SSP2,Urban,flushPit,0.02,0.738,2039
BLM,SSP2,Urban,openDefecation,0.01,0.733,2037
BLM,SSP3,Rural,flushUnknown,0.02,0.706,2084
BLM,SSP3,Rural,openDefecation,0.05,0.706,2084
BLM,SSP3,Urban,openDefecation,0.02,0.684,2041
BLM,SSP4,Rural,flushUnknown,0.02,0.706,2085
BLM,SSP4,Rural,flushUnknown,0.05,0.662,2025
BLM,SSP4,Rural,openDefecation,0.05,0.706,2085
BLM,SSP4,Urban,openDefecation,0.02,0.684,2049
BLM,SSP5,Rural,flushPit,0.01,0.838,2092
BLM,SSP5,Rural,openDefecation,0.01,0.775,2044
BLM,SSP5,Rural,openDefecation,0.02,0.764,2039
BLM,SSP5,Urban,flushPit,0.02,0.738,2028
BLM,SSP5,Urban,openDefecation,0.01,0.733,2027
BLR,SSP1,Rural,flushPit,0.01,0.838,2035
BLR,SSP1,Rural,pitSlab,0.05,0.87,2097
BLR,SSP1,Rural,pitSlab,0.1,0.851,2049
BLR,SSP1,Urban,flushSeptic,0.1,0.865,2084
BLR,SSP1,Urban,pitSlab,0.05,0.867,2089
BLR,SSP2,Rural,flushPit,0.01,0.838,2038
BLR,SSP2,Rural,pitSlab,0.05,0.87,2092
BLR,SSP2,Rural,pitSlab,0.1,0.851,2056
BLR,SSP2,Urban,flushSeptic,0.1,0.865,2083
BLR,SSP2,Urban,pitSlab,0.05,0.867,2087
BLR,SSP3,Rural,flushPit,0.01,0.838,2043
BLR,SSP3,Rural,pitSlab,0.1,0.851,2067
BLR,SSP3,Urban,flushSeptic,0.1,0.865,2096
BLR,SSP4,Rural,flushPit,0.01,0.838,2042
BLR,SSP4,Rural,pitSlab,0.1,0.851,2065
BLR,SSP4,Urban,flushSeptic,0.1,0.865,2094
BLR,SSP4,Urban,pitSlab,0.05,0.867,2098
BLR,SSP5,Rural,flushPit,0.01,0.838,2036
BLR,SSP5,Rural,pitSlab,0.1,0.851,2050
BLR,SSP5,Urban,flushSeptic,0.1,0.865,2087
BLR,SSP5,Urban,pitSlab,0.05,0.867,2092
BLZ,SSP1,Rural,flushPit,0.01,0.838,2083
BLZ,SSP1,Rural,openDefecation,0.01,0.775,2045
BLZ,SSP1,Rural,openDefecation,0.02,0.764,2040
BLZ,SSP1,Rural,pitSlab,0.1,0.851,2092
BLZ,SSP1,Urban,flushPit,0.02,0.738,2030
BLZ,SSP1,Urban,openDefecation,0.01,0.733,2028
BLZ,SSP2,Rural,flushPit,0.01,0.838,2080
BLZ,SSP2,Rural,openDefecation,0.01,0.775,2047
BLZ,SSP2,Rural,openDefecation,0.02,0.764,2042
BLZ,SSP2,Rural,pitSlab,0.05,0.87,2097
BLZ,SSP2,Rural,pitSlab,0.1,0.851,2087
BLZ,SSP2,Urban,flushPit,0.02,0.738,2031
BLZ,SSP2,Urban,flushSeptic,0.1,0.865,2095
BLZ,SSP2,Urban,openDefecation,0.01,0.733,2029
BLZ,SSP2,Urban,pitSlab,0.05,0.867,2096
BLZ,SSP3,Urban,flushPit,0.02,0.738,2048
BLZ,SSP3,Urban,openDefecation,0.01,0.733,2040
BLZ,SSP4,Urban,openDefecation,0.01,0.733,2072
BLZ,SSP5,Rural,flushPit,0.01,0.838,2085
BLZ,SSP5,Rural,openDefecation,0.01,0.775,2045
BLZ,SSP5,Rural,openDefecation,0.02,0.764,2040
BLZ,SSP5,Rural,pitSlab,0.1,0.851,2093
BLZ,SSP5,Urban,flushPit,0.02,0.738,2029
BLZ,SSP5,Urban,openDefecation,0.01,0.733,2028
BMU,SSP1,Rural,flushPit,0.01,0.838,2093
BMU,SSP1,Rural,openDefecation,0.01,0.775,2045
BMU,SSP1,Rural,openDefecation,0.02,0.764,2040
BMU,SSP1,Urban,flushPit,0.02,0.738,2029
BMU,SSP1,Urban,openDefecation,0.01,0.733,2027
BMU,SSP2,Rural,flushUnknown,0.01,0.719,2030
BMU,SSP2,Rural,openDefecation,0.01,0.775,2062
BMU,SSP2,Rural,openDefecation,0.02,0.764,2054
BMU,SSP2,Urban,flushPit,0.02,0.738,2039
BMU,SSP2,Urban,openDefecation,0.01,0.733,2037
BMU,SSP3,Rural,flushUnknown,0.02,0.706,2084
BMU,SSP3,Rural,openDefecation,0.05,0.706,2084
BMU,SSP3,Urban,openDefecation,0.02,0.684,2041
BMU,SSP4,Rural,flushUnknown,0.02,0.706,2085
BMU,SSP4,Rural,flushUnknown,0.05,0.662,2025
BMU,SSP4,Rural,openDefecation,0.05,0.706,2085
BMU,SSP4,Urban,openDefecation,0.02,0.684,2049
BMU,SSP5,Rural,flushPit,0.01,0.838,2092
BMU,SSP5,Rural,openDefecation,0.01,0.775,2044
BMU,SSP5,Rural,openDefecation,0.02,0.764,2039
BMU,SSP5,Urban,flushPit,0.02,0.738,2028
BMU,SSP5,Urban,openDefecation,0.01,0.733,2027
BOL,SSP1,Rural,flushPit,0.01,0.838,2061
BOL,SSP1,Rural,flushSeptic,0.1,0.898,2094
BOL,SSP1,Rural,openDefecation,0.01,0.775,2037
BOL,SSP1,Rural,openDefecation,0.02,0.764,2034
BOL,SSP1,Rural,pitSlab,0.05,0.87,2079
BOL,SSP1,Rural,pitSlab,0.1,0.851,2068
BOL,SSP1,Urban,flushPit,0.02,0.738,2026
BOL,SSP1,Urban,flushSeptic,0.1,0.865,2076
BOL,SSP1,Urban,openDefecation,0.01,0.733,2025
BOL,SSP1,Urban,pitSlab,0.05,0.867,2077
BOL,SSP2,Rural,flushPit,0.01,0.838,2067
BOL,SSP2,Rural,flushSeptic,0.1,0.898,2097
BOL,SSP2,Rural,openDefecation,0.01,0.775,2040
BOL,SSP2,Rural,openDefecation,0.02,0.764,2036
BOL,SSP2,Rural,pitSlab,0.05,0.87,2083
BOL,SSP2,Rural,pitSlab,0.1,0.851,2074
BOL,SSP2,Urban,flushPit,0.02,0.738,2027
BOL,SSP2,Urban,flushSeptic,0.1,0.865,2080
BOL,SSP2,Urban,openDefecation,0.01,0.733,2025
BOL,SSP2,Urban,pitSlab,0.05,0.867,2082
BOL,SSP3,Rural,openDefecation,0.01,0.775,2087
BOL,SSP3,Rural,openDefecation,0.02,0.764,2065
BOL,SSP3,Urban,flushPit,0.02,0.738,2031
BOL,SSP3,Urban,openDefecation,0.01,0.733,2025
BOL,SSP4,Rural,openDefecation,0.01,0.775,2068
BOL,SSP4,Rural,openDefecation,0.02,0.764,2055
BOL,SSP4,Urban,flushPit,0.02,0.738,2032
BOL,SSP4,Urban,openDefecation,0.01,0.733,2025
BOL,SSP5,Rural,flushPit,0.01,0.838,2059
BOL,SSP5,Rural,flushSeptic,0.1,0.898,2093
BOL,SSP5,Rural,openDefecation,0.01,0.775,2036
BOL,SSP5,Rural,openDefecation,0.02,0.764,2033
BOL,SSP5,Rural,pitSlab,0.05,0.87,2077
BOL,SSP5,Rural,pitSlab,0.1,0.851,2066
BOL,SSP5,Urban,flushPit,0.02,0.738,2026
BOL,SSP5,Urban,flushSeptic,0.1,0.865,2074
BOL,SSP5,Urban,openDefecation,0.01,0.733,2025
BOL,SSP5,Urban,pitSlab,0.05,0.867,2075
BRA,SSP1,Rural,flushPit,0.01,0.838,2044
BRA,SSP1,Rural,flushSeptic,0.1,0.898,2084
BRA,SSP1,Rural,pitSlab,0.05,0.87,2062
BRA,SSP1,Rural,pitSlab,0.1,0.851,2049
BRA,SSP1,Urban,flushSeptic,0.1,0.865,2058
BRA,SSP1,Urban,pitSlab,0.05,0.867,2060
BRA,SSP2,Rural,flushPit,0.01,0.838,2047
BRA,SSP2,Rural,flushSeptic,0.1,0.898,2085
BRA,SSP2,Rural,pitSlab,0.05,0.87,2067
BRA,SSP2,Rural,pitSlab,0.1,0.851,2055
BRA,SSP2,Urban,flushSeptic,0.1,0.865,2064
BRA,SSP2,Urban,pitSlab,0.05,0.867,2065
BRA,SSP3,Rural,flushPit,0.01,0.838,2074
BRA,SSP3,Rural,pitSlab,0.1,0.851,2091
BRA,SSP4,Rural,flushPit,0.01,0.838,2068
BRA,SSP4,Rural,pitSlab,0.1,0.851,2082
BRA,SSP4,Urban,flushSeptic,0.1,0.865,2098
BRA,SSP5,Rural,flushPit,0.01,0.838,2044
BRA,SSP5,Rural,flushSeptic,0.1,0.898,2083
BRA,SSP5,Rural,pitSlab,0.05,0.87,2062
BRA,SSP5,Rural,pitSlab,0.1,0.851,2049
BRA,SSP5,Urban,flushSeptic,0.1,0.865,2058
BRA,SSP5,Urban,pitSlab,0.05,0.867,2060
BRB,SSP1,Rural,flushPit,0.01,0.838,2035
BRB,SSP1,Rural,flushSeptic,0.1,0.898,2072
BRB,SSP1,Rural,pitSlab,0.05,0.87,2050
BRB,SSP1,Rural,pitSlab,0.1,0.851,2041
BRB,SSP1,Urban,flushSeptic,0.1,0.865,2047
BRB,SSP1,Urban,pitSlab,0.05,0.867,2048
BRB,SSP2,Rural,flushPit,0.01,0.838,2037
BRB,SSP2,Rural,flushSeptic,0.1,0.898,2076
BRB,SSP2,Rural,pitSlab,0.05,0.87,2056
BRB,SSP2,Rural,pitSlab,0.1,0.851,2044
BRB,SSP2,Urban,flushSeptic,0.1,0.865,2052
BRB,SSP2,Urban,pitSlab,0.05,0.867,2054
BRB,SSP3,Rural,flushPit,0.01,0.838,2061
BRB,SSP3,Rural,pitSlab,0.1,0.851,2091
BRB,SSP4,Rural,flushPit,0.01,0.838,2057
BRB,SSP4,Rural,pitSlab,0.1,0.851,2078
BRB,SSP5,Rural,flushPit,0.01,0.838,2035
BRB,SSP5,Rural,flushSeptic,0.1,0.898,2073
BRB,SSP5,Rural,pitSlab,0.05,0.87,2050
BRB,SSP5,Rural,pitSlab,0.1,0.851,2041
BRB,SSP5,Urban,flushSeptic,0.1,0.865,2047
BRB,SSP5,Urban,pitSlab,0.05,0.867,2048
BRN,SSP1,Rural,flushPit,0.01,0.838,2025
BRN,SSP1,Rural,flushSeptic,0.1,0.898,2049
BRN,SSP1,Rural,pitSlab,0.01,0.944,2086
BRN,SSP1,Rural,pitSlab,0.02,0.938,2081
BRN,SSP1,Rural,pitSlab,0.05,0.87,2037
BRN,SSP1,Rural,pitSlab,0.1,0.851,2029
BRN,SSP1,Urban,flushSeptic,0.1,0.865,2034
BRN,SSP1,Urban,other,0.01,0.932,2076
BRN,SSP1,Urban,pitSlab,0.01,0.944,2086
BRN,SSP1,Urban,pitSlab,0.02,0.938,2081
BRN,SSP1,Urban,pitSlab,0.05,0.867,2035
BRN,SSP2,Rural,flushPit,0.01,0.838,2025
BRN,SSP2,Rural,flushSeptic,0.1,0.898,2054
BRN,SSP2,Rural,pitSlab,0.01,0.944,2089
BRN,SSP2,Rural,pitSlab,0.02,0.938,2084
BRN,SSP2,Rural,pitSlab,0.05,0.87,2039
BRN,SSP2,Rural,pitSlab,0.1,0.851,2029
BRN,SSP2,Urban,flushSeptic,0.1,0.865,2036
BRN,SSP2,Urban,other,0.01,0.932,2080
BRN,SSP2,Urban,pitSlab,0.01,0.944,2089
BRN,SSP2,Urban,pitSlab,0.02,0.938,2084
BRN,SSP2,Urban,pitSlab,0.05,0.867,2037
BRN,SSP3,Rural,flushPit,0.01,0.838,2026
BRN,SSP3,Rural,pitSlab,0.05,0.87,2059
BRN,SSP3,Rural,pitSlab,0.1,0.851,2035
BRN,SSP3,Urban,flushSeptic,0.1,0.865,2050
BRN,SSP3,Urban,pitSlab,0.05,0.867,2054
BRN,SSP4,Rural,flushPit,0.01,0.838,2026
BRN,SSP4,Rural,flushSeptic,0.1,0.898,2096
BRN,SSP4,Rural,pitSlab,0.05,0.87,2056
BRN,SSP4,Rural,pitSlab,0.1,0.851,2035
BRN,SSP4,Urban,flushSeptic,0.1,0.865,2049
BRN,SSP4,Urban,pitSlab,0.05,0.867,2051
BRN,SSP5,Rural,flushPit,0.01,0.838,2025
BRN,SSP5,Rural,flushSeptic,0.1,0.898,2049
BRN,SSP5,Rural,pitSlab,0.01,0.944,2086
BRN,SSP5,Rural,pitSlab,0.02,0.938,2081
BRN,SSP5,Rural,pitSlab,0.05,0.87,2036
BRN,SSP5,Rural,pitSlab,0.1,0.851,2029
BRN,SSP5,Urban,flushSeptic,0.1,0.865,2034
BRN,SSP5,Urban,other,0.01,0.932,2076
BRN,SSP5,Urban,pitSlab,0.01,0.944,2086
BRN,SSP5,Urban,pitSlab,0.02,0.938,2081
BRN,SSP5,Urban,pitSlab,0.05,0.867,2035
BTN,SSP1,Rural,flushPit,0.01,0.838,2061
BTN,SSP1,Rural,flushSeptic,0.1,0.898,2084
BTN,SSP1,Rural,flushUnknown,0.01,0.719,2028
BTN,SSP1,Rural,flushUnknown,0.02,0.706,2026
BTN,SSP1,Rural,openDefecation,0.01,0.775,2042
BTN,SSP1,Rural,openDefecation,0.02,0.764,2039
BTN,SSP1,Rural,openDefecation,0.05,0.706,2026
BTN,SSP1,Rural,pitSlab,0.02,0.938,2099
BTN,SSP1,Rural,pitSlab,0.05,0.87,2073
BTN,SSP1,Rural,pitSlab,0.1,0.851,2066
BTN,SSP1,Urban,flushPit,0.02,0.738,2032
BTN,SSP1,Urban,flushSeptic,0.1,0.865,2071
BTN,SSP1,Urban,openDefecation,0.01,0.733,2031
BTN,SSP1,Urban,other,0.01,0.932,2097
BTN,SSP1,Urban,pitSlab,0.02,0.938,2099
BTN,SSP1,Urban,pitSlab,0.05,0.867,2072
BTN,SSP2,Rural,flushPit,0.01,0.838,2063
BTN,SSP2,Rural,flushSeptic,0.1,0.898,2085
BTN,SSP2,Rural,flushUnknown,0.01,0.719,2028
BTN,SSP2,Rural,flushUnknown,0.02,0.706,2026
BTN,SSP2,Rural,openDefecation,0.01,0.775,2043
BTN,SSP2,Rural,openDefecation,0.02,0.764,2040
BTN,SSP2,Rural,openDefecation,0.05,0.706,2026
BTN,SSP2,Rural,pitSlab,0.02,0.938,2099
BTN,SSP2,Rural,pitSlab,0.05,0.87,2075
BTN,SSP2,Rural,pitSlab,0.1,0.851,2068
BTN,SSP2,Urban,flushPit,0.02,0.738,2033
BTN,SSP2,Urban,flushSeptic,0.1,0.865,2073
BTN,SSP2,Urban,openDefecation,0.01,0.733,2031
BTN,SSP2,Urban,other,0.01,0.932,2097
BTN,SSP2,Urban,pitSlab,0.02,0.938,2099
BTN,SSP2,Urban,pitSlab,0.05,0.867,2074
BTN,SSP3,Rural,flushUnknown,0.01,0.719,2032
BTN,SSP3,Rural,flushUnknown,0.02,0.706,2027
BTN,SSP3,Rural,openDefecation,0.01,0.775,2070
BTN,SSP3,Rural,openDefecation,0.02,0.764,2061
BTN,SSP3,Rural,openDefecation,0.05,0.706,2027
BTN,SSP3,Urban,flushPit,0.02,0.738,2043
BTN,SSP3,Urban,openDefecation,0.01,0.733,2040
BTN,SSP4,Rural,flushUnknown,0.01,0.719,2032
BTN,SSP4,Rural,flushUnknown,0.02,0.706,2027
BTN,SSP4,Rural,openDefecation,0.01,0.775,2065
BTN,SSP4,Rural,openDefecation,0.02,0.764,2058
BTN,SSP4,Rural,openDefecation,0.05,0.706,2027
BTN,SSP4,Urban,flushPit,0.02,0.738,2042
BTN,SSP4,Urban,openDefecation,0.01,0.733,2039
BTN,SSP5,Rural,flushPit,0.01,0.838,2061
BTN,SSP5,Rural,flushSeptic,0.1,0.898,2084
BTN,SSP5,Rural,flushUnknown,0.01,0.719,2028
BTN,SSP5,Rural,flushUnknown,0.02,0.706,2026
BTN,SSP5,Rural,openDefecation,0.01,0.775,2041
BTN,SSP5,Rural,openDefecation,0.02,0.764,2038
BTN,SSP5,Rural,openDefecation,0.05,0.706,2026
BTN,SSP5,Rural,pitSlab,0.02,0.938,2100
BTN,SSP5,Rural,pitSlab,0.05,0.87,2073
BTN,SSP5,Rural,pitSlab,0.1,0.851,2066
BTN,SSP5,Urban,flushPit,0.02,0.738,2032
BTN,SSP5,Urban,flushSeptic,0.1,0.865,2071
BTN,SSP5,Urban,openDefecation,0.01,0.733,2031
BTN,SSP5,Urban,other,0.01,0.932,2097
BTN,SSP5,Urban,pitSlab,0.02,0.938,2100
BTN,SSP5,Urban,pitSlab,0.05,0.867,2072
BVT,SSP1,Rural,flushPit,0.01,0.838,2093
BVT,SSP1,Rural,openDefecation,0.01,0.775,2045
BVT,SSP1,Rural,openDefecation,0.02,0.764,2040
BVT,SSP1,Urban,flushPit,0.02,0.738,2029
BVT,SSP1,Urban,openDefecation,0.01,0.733,2027
BVT,SSP2,Rural,flushUnknown,0.01,0.719,2030
BVT,SSP2,Rural,openDefecation,0.01,0.775,2062
BVT,SSP2,Rural,openDefecation,0.02,0.764,2054
BVT,SSP2,Urban,flushPit,0.02,0.738,2039
BVT,SSP2,Urban,openDefecation,0.01,0.733,2037
BVT,SSP3,Rural,flushUnknown,0.02,0.706,2084
BVT,SSP3,Rural,openDefecation,0.05,0.706,2084
BVT,SSP3,Urban,openDefecation,0.02,0.684,2041
BVT,SSP4,Rural,flushUnknown,0.02,0.706,2085
BVT,SSP4,Rural,flushUnknown,0.05,0.662,2025
BVT,SSP4,Rural,openDefecation,0.05,0.706,2085
BVT,SSP4,Urban,openDefecation,0.02,0.684,2049
BVT,SSP5,Rural,flushPit,0.01,0.838,2092
BVT,SSP5,Rural,openDefecation,0.01,0.775,2044
BVT,SSP5,Rural,openDefecation,0.02,0.764,2039
BVT,SSP5,Urban,flushPit,0.02,0.738,2028
BVT,SSP5,Urban,openDefecation,0.01,0.733,2027
BWA,SSP1,Rural,flushPit,0.01,0.838,2047
BWA,SSP1,Rural,flushSeptic,0.1,0.898,2064
BWA,SSP1,Rural,openDefecation,0.01,0.775,2033
BWA,SSP1,Rural,openDefecation,0.02,0.764,2031
BWA,SSP1,Rural,pitSlab,0.01,0.944,2078
BWA,SSP1,Rural,pitSlab,0.02,0.938,2076
BWA,SSP1,Rural,pitSlab,0.05,0.87,2055
BWA,SSP1,Rural,pitSlab,0.1,0.851,2050
BWA,SSP1,Urban,flushPit,0.02,0.738,2026
BWA,SSP1,Urban,flushSeptic,0.1,0.865,2054
BWA,SSP1,Urban,openDefecation,0.01,0.733,2025
BWA,SSP1,Urban,other,0.01,0.932,2074
BWA,SSP1,Urban,pitSlab,0.01,0.944,2078
BWA,SSP1,Urban,pitSlab,0.02,0.938,2076
BWA,SSP1,Urban,pitSlab,0.05,0.867,2054
BWA,SSP2,Rural,flushPit,0.01,0.838,2056
BWA,SSP2,Rural,flushSeptic,0.1,0.898,2076
BWA,SSP2,Rural,openDefecation,0.01,0.775,2037
BWA,SSP2,Rural,openDefecation,0.02,0.764,2034
BWA,SSP2,Rural,pitSlab,0.01,0.944,2091
BWA,SSP2,Rural,pitSlab,0.02,0.938,2089
BWA,SSP2,Rural,pitSlab,0.05,0.87,2067
BWA,SSP2,Rural,pitSlab,0.1,0.851,2060
BWA,SSP2,Urban,flushPit,0.02,0.738,2027
BWA,SSP2,Urban,flushSeptic,0.1,0.865,2065
BWA,SSP2,Urban,openDefecation,0.01,0.733,2026
BWA,SSP2,Urban,other,0.01,0.932,2087
BWA,SSP2,Urban,pitSlab,0.01,0.944,2091
BWA,SSP2,Urban,pitSlab,0.02,0.938,2089
BWA,SSP2,Urban,pitSlab,0.05,0.867,2066
BWA,SSP3,Rural,openDefecation,0.01,0.775,2091
BWA,SSP3,Rural,openDefecation,0.02,0.764,2072
BWA,SSP3,Urban,flushPit,0.02,0.738,2031
BWA,SSP3,Urban,openDefecation,0.01,0.733,2027
BWA,SSP4,Rural,openDefecation,0.01,0.775,2071
BWA,SSP4,Rural,openDefecation,0.02,0.764,2059
BWA,SSP4,Urban,flushPit,0.02,0.738,2032
BWA,SSP4,Urban,openDefecation,0.01,0.733,2027
BWA,SSP5,Rural,flushPit,0.01,0.838,2045
BWA,SSP5,Rural,flushSeptic,0.1,0.898,2061
BWA,SSP5,Rural,openDefecation,0.01,0.775,2033
BWA,SSP5,Rural,openDefecation,0.02,0.764,2030
BWA,SSP5,Rural,pitSlab,0.01,0.944,2075
BWA,SSP5,Rural,pitSlab,0.02,0.938,2073
BWA,SSP5,Rural,pitSlab,0.05,0.87,2053
BWA,SSP5,Rural,pitSlab,0.1,0.851,2048
BWA,SSP5,Urban,flushPit,0.02,0.738,2026
BWA,SSP5,Urban,flushSeptic,0.1,0.865,2051
BWA,SSP5,Urban,openDefecation,0.01,0.733,2025
BWA,SSP5,Urban,other,0.01,0.932,2071
BWA,SSP5,Urban,pitSlab,0.01,0.944,2075
BWA,SSP5,Urban,pitSlab,0.02,0.938,2073
BWA,SSP5,Urban,pitSlab,0.05,0.867,2052
CAF,SSP1,Rural,compostingToilet,0.01,0.658,2074
CAF,SSP1,Rural,flushPit,0.02,0.647,2071
CAF,SSP1,Rural,flushPit,0.05,0.63,2067
CAF,SSP1,Rural,flushSewer,0.01,0.428,2027
CAF,SSP1,Rural,flushUnknown,0.01,0.719,2088
CAF,SSP1,Rural,flushUnknown,0.02,0.706,2085
CAF,SSP1,Rural,flushUnknown,0.05,0.662,2075
CAF,SSP1,Rural,openDefecation,0.02,0.764,2099
CAF,SSP1,Rural,openDefecation,0.05,0.706,2085
CAF,SSP1,Rural,openDefecation,0.1,0.646,2071
CAF,SSP1,Rural,pitNoSlab,0.01,0.636,2068
CAF,SSP1,Rural,pitNoSlab,0.02,0.622,2065
CAF,SSP1,Rural,pitNoSlab,0.05,0.602,2060
CAF,SSP1,Rural,pitNoSlab,0.1,0.489,2038
CAF,SSP1,Urban,bucketLatrine,0.01,0.457,2032
CAF,SSP1,Urban,flushOpen,0.01,0.488,2038
CAF,SSP1,Urban,flushPit,0.01,0.442,2029
CAF,SSP1,Urban,flushPit,0.02,0.738,2093
CAF,SSP1,Urban,flushPit,0.05,0.608,2062
CAF,SSP1,Urban,openDefecation,0.01,0.733,2091
CAF,SSP1,Urban,openDefecation,0.02,0.684,2080
CAF,SSP1,Urban,openDefecation,0.05,0.638,2069
CAF,SSP1,Urban,openDefecation,0.1,0.5,2040
CAF,SSP1,Urban,pitNoSlab,0.01,0.626,2066
CAF,SSP1,Urban,pitNoSlab,0.02,0.597,2059
CAF,SSP1,Urban,pitNoSlab,0.05,0.572,2053
CAF,SSP2,Rural,compostingToilet,0.01,0.658,2090
CAF,SSP2,Rural,flushPit,0.02,0.647,2087
CAF,SSP2,Rural,flushPit,0.05,0.63,2083
CAF,SSP2,Rural,flushSewer,0.01,0.428,2028
CAF,SSP2,Rural,flushUnknown,0.05,0.662,2091
CAF,SSP2,Rural,openDefecation,0.1,0.646,2087
CAF,SSP2,Rural,pitNoSlab,0.01,0.636,2084
CAF,SSP2,Rural,pitNoSlab,0.02,0.622,2080
CAF,SSP2,Rural,pitNoSlab,0.05,0.602,2075
CAF,SSP2,Rural,pitNoSlab,0.1,0.489,2044
CAF,SSP2,Urban,bucketLatrine,0.01,0.457,2036
CAF,SSP2,Urban,flushOpen,0.01,0.488,2044
CAF,SSP2,Urban,flushPit,0.01,0.442,2032
CAF,SSP2,Urban,flushPit,0.05,0.608,2077
CAF,SSP2,Urban,openDefecation,0.02,0.684,2097
CAF,SSP2,Urban,openDefecation,0.05,0.638,2085
CAF,SSP2,Urban,openDefecation,0.1,0.5,2047
CAF,SSP2,Urban,pitNoSlab,0.01,0.626,2082
CAF,SSP2,Urban,pitNoSlab,0.02,0.597,2074
CAF,SSP2,Urban,pitNoSlab,0.05,0.572,2067
CAF,SSP3,Rural,flushSewer,0.01,0.428,2059
CAF,SSP3,Urban,flushPit,0.01,0.442,2083
CAF,SSP4,Rural,flushSewer,0.01,0.428,2044
CAF,SSP4,Urban,bucketLatrine,0.01,0.457,2076
CAF,SSP4,Urban,flushPit,0.01,0.442,2060
CAF,SSP5,Rural,compostingToilet,0.01,0.658,2070
CAF,SSP5,Rural,flushPit,0.02,0.647,2067
CAF,SSP5,Rural,flushPit,0.05,0.63,2063
CAF,SSP5,Rural,flushSewer,0.01,0.428,2027
CAF,SSP5,Rural,flushUnknown,0.01,0.719,2084
CAF,SSP5,Rural,flushUnknown,0.02,0.706,2081
CAF,SSP5,Rural,flushUnknown,0.05,0.662,2071
CAF,SSP5,Rural,openDefecation,0.01,0.775,2097
CAF,SSP5,Rural,openDefecation,0.02,0.764,2094
CAF,SSP5,Rural,openDefecation,0.05,0.706,2081
CAF,SSP5,Rural,openDefecation,0.1,0.646,2067
CAF,SSP5,Rural,pitNoSlab,0.01,0.636,2065
CAF,SSP5,Rural,pitNoSlab,0.02,0.622,2062
CAF,SSP5,Rural,pitNoSlab,0.05,0.602,2057
CAF,SSP5,Rural,pitNoSlab,0.1,0.489,2036
CAF,SSP5,Urban,bucketLatrine,0.01,0.457,2031
CAF,SSP5,Urban,flushOpen,0.01,0.488,2036
CAF,SSP5,Urban,flushPit,0.01,0.442,2029
CAF,SSP5,Urban,flushPit,0.02,0.738,2088
CAF,SSP5,Urban,flushPit,0.05,0.608,2058
CAF,SSP5,Urban,openDefecation,0.01,0.733,2087
CAF,SSP5,Urban,openDefecation,0.02,0.684,2076
CAF,SSP5,Urban,openDefecation,0.05,0.638,2065
CAF,SSP5,Urban,openDefecation,0.1,0.5,2038
CAF,SSP5,Urban,pitNoSlab,0.01,0.626,2063
CAF,SSP5,Urban,pitNoSlab,0.02,0.597,2056
CAF,SSP5,Urban,pitNoSlab,0.05,0.572,2050
CAN,SSP1,Rural,pitSlab,0.01,0.944,2029
CAN,SSP1,Urban,pitSlab,0.01,0.944,2029
CAN,SSP2,Rural,pitSlab,0.01,0.944,2029
CAN,SSP2,Urban,pitSlab,0.01,0.944,2029
CAN,SSP3,Rural,pitSlab,0.01,0.944,2035
CAN,SSP3,Urban,pitSlab,0.01,0.944,2035
CAN,SSP4,Rural,pitSlab,0.01,0.944,2030
CAN,SSP4,Urban,pitSlab,0.01,0.944,2030
CAN,SSP5,Rural,pitSlab,0.01,0.944,2028
CAN,SSP5,Urban,pitSlab,0.01,0.944,2028
CCK,SSP1,Rural,flushPit,0.01,0.838,2077
CCK,SSP1,Rural,openDefecation,0.01,0.775,2031
CCK,SSP1,Rural,openDefecation,0.02,0.764,2026
CCK,SSP1,Rural,pitSlab,0.1,0.851,2090
CCK,SSP2,Rural,flushPit,0.01,0.838,2093
CCK,SSP2,Rural,openDefecation,0.01,0.775,2041
CCK,SSP2,Rural,openDefecation,0.02,0.764,2034
CCK,SSP3,Rural,flushUnknown,0.01,0.719,2026
CCK,SSP3,Rural,openDefecation,0.02,0.764,2091
CCK,SSP3,Urban,flushPit,0.02,0.738,2046
CCK,SSP3,Urban,openDefecation,0.01,0.733,2040
CCK,SSP4,Rural,flushUnknown,0.01,0.719,2034
CCK,SSP4,Urban,flushPit,0.02,0.738,2060
CCK,SSP4,Urban,openDefecation,0.01,0.733,2050
CCK,SSP5,Rural,flushPit,0.01,0.838,2077
CCK,SSP5,Rural,openDefecation,0.01,0.775,2029
CCK,SSP5,Rural,openDefecation,0.02,0.764,2026
CCK,SSP5,Rural,pitSlab,0.1,0.851,2092
CHL,SSP1,Rural,flushSeptic,0.1,0.898,2034
CHL,SSP1,Rural,pitSlab,0.01,0.944,2084
CHL,SSP1,Rural,pitSlab,0.02,0.938,2074
CHL,SSP1,Urban,other,0.01,0.932,2065
CHL,SSP1,Urban,pitSlab,0.01,0.944,2084
CHL,SSP1,Urban,pitSlab,0.02,0.938,2074
CHL,SSP2,Rural,flushSeptic,0.1,0.898,2036
CHL,SSP2,Rural,pitSlab,0.01,0.944,2079
CHL,SSP2,Rural,pitSlab,0.02,0.938,2071
CHL,SSP2,Urban,other,0.01,0.932,2064
CHL,SSP2,Urban,pitSlab,0.01,0.944,2079
CHL,SSP2,Urban,pitSlab,0.02,0.938,2071
CHL,SSP3,Rural,flushSeptic,0.1,0.898,2049
CHL,SSP4,Rural,flushSeptic,0.1,0.898,2043
CHL,SSP4,Urban,other,0.01,0.932,2095
CHL,SSP5,Rural,flushSeptic,0.1,0.898,2034
CHL,SSP5,Rural,pitSlab,0.01,0.944,2083
CHL,SSP5,Rural,pitSlab,0.02,0.938,2073
CHL,SSP5,Urban,other,0.01,0.932,2064
CHL,SSP5,Urban,pitSlab,0.01,0.944,2083
CHL,SSP5,Urban,pitSlab,0.02,0.938,2073
CHN,SSP1,Rural,flushPit,0.01,0.838,2041
CHN,SSP1,Rural,flushSeptic,0.1,0.898,2090
CHN,SSP1,Rural,pitSlab,0.05,0.87,2063
CHN,SSP1,Rural,pitSlab,0.1,0.851,2048
CHN,SSP1,Urban,flushSeptic,0.1,0.865,2059
CHN,SSP1,Urban,pitSlab,0.05,0.867,2061
CHN,SSP2,Rural,flushPit,0.01,0.838,2043
CHN,SSP2,Rural,flushSeptic,0.1,0.898,2087
CHN,SSP2,Rural,pitSlab,0.05,0.87,2065
CHN,SSP2,Rural,pitSlab,0.1,0.851,2049
CHN,SSP2,Urban,flushSeptic,0.1,0.865,2060
CHN,SSP2,Urban,pitSlab,0.05,0.867,2062
CHN,SSP3,Rural,flushPit,0.01,0.838,2063
CHN,SSP3,Rural,pitSlab,0.1,0.851,2087
CHN,SSP4,Rural,flushPit,0.01,0.838,2048
CHN,SSP4,Rural,pitSlab,0.05,0.87,2079
CHN,SSP4,Rural,pitSlab,0.1,0.851,2059
CHN,SSP4,Urban,flushSeptic,0.1,0.865,2074
CHN,SSP4,Urban,pitSlab,0.05,0.867,2076
CHN,SSP5,Rural,flushPit,0.01,0.838,2040
CHN,SSP5,Rural,flushSeptic,0.1,0.898,2091
CHN,SSP5,Rural,pitSlab,0.05,0.87,2063
CHN,SSP5,Rural,pitSlab,0.1,0.851,2047
CHN,SSP5,Urban,flushSeptic,0.1,0.865,2058
CHN,SSP5,Urban,pitSlab,0.05,0.867,2060
CIV,SSP1,Rural,compostingToilet,0.01,0.658,2037
CIV,SSP1,Rural,flushPit,0.01,0.838,2077
CIV,SSP1,Rural,flushPit,0.02,0.647,2035
CIV,SSP1,Rural,flushPit,0.05,0.63,2033
CIV,SSP1,Rural,flushSeptic,0.1,0.898,2092
CIV,SSP1,Rural,flushUnknown,0.01,0.719,2048
CIV,SSP1,Rural,flushUnknown,0.02,0.706,2046
CIV,SSP1,Rural,flushUnknown,0.05,0.662,2038
CIV,SSP1,Rural,openDefecation,0.01,0.775,2061
CIV,SSP1,Rural,openDefecation,0.02,0.764,2058
CIV,SSP1,Rural,openDefecation,0.05,0.706,2046
CIV,SSP1,Rural,openDefecation,0.1,0.646,2035
CIV,SSP1,Rural,pitNoSlab,0.01,0.636,2034
CIV,SSP1,Rural,pitNoSlab,0.02,0.622,2031
CIV,SSP1,Rural,pitNoSlab,0.05,0.602,2028
CIV,SSP1,Rural,pitSlab,0.05,0.87,2085
CIV,SSP1,Rural,pitSlab,0.1,0.851,2080
CIV,SSP1,Urban,flushPit,0.02,0.738,2052
CIV,SSP1,Urban,flushPit,0.05,0.608,2029
CIV,SSP1,Urban,flushSeptic,0.1,0.865,2084
CIV,SSP1,Urban,openDefecation,0.01,0.733,2050
CIV,SSP1,Urban,openDefecation,0.02,0.684,2042
CIV,SSP1,Urban,openDefecation,0.05,0.638,2034
CIV,SSP1,Urban,pitNoSlab,0.01,0.626,2032
CIV,SSP1,Urban,pitNoSlab,0.02,0.597,2027
CIV,SSP1,Urban,pitSlab,0.05,0.867,2084
CIV,SSP2,Rural,compostingToilet,0.01,0.658,2042
CIV,SSP2,Rural,flushPit,0.01,0.838,2088
CIV,SSP2,Rural,flushPit,0.02,0.647,2040
CIV,SSP2,Rural,flushPit,0.05,0.63,2036
CIV,SSP2,Rural,flushUnknown,0.01,0.719,2057
CIV,SSP2,Rural,flushUnknown,0.02,0.706,2053
CIV,SSP2,Rural,flushUnknown,0.05,0.662,2043
CIV,SSP2,Rural,openDefecation,0.01,0.775,2072
CIV,SSP2,Rural,openDefecation,0.02,0.764,2069
CIV,SSP2,Rural,openDefecation,0.05,0.706,2053
CIV,SSP2,Rural,openDefecation,0.1,0.646,2039
CIV,SSP2,Rural,pitNoSlab,0.01,0.636,2037
CIV,SSP2,Rural,pitNoSlab,0.02,0.622,2034
CIV,SSP2,Rural,pitNoSlab,0.05,0.602,2030
CIV,SSP2,Rural,pitSlab,0.05,0.87,2097
CIV,SSP2,Rural,pitSlab,0.1,0.851,2092
CIV,SSP2,Urban,flushPit,0.02,0.738,2062
CIV,SSP2,Urban,flushPit,0.05,0.608,2031
CIV,SSP2,Urban,flushSeptic,0.1,0.865,2095
CIV,SSP2,Urban,openDefecation,0.01,0.733,2060
CIV,SSP2,Urban,openDefecation,0.02,0.684,2048
CIV,SSP2,Urban,openDefecation,0.05,0.638,2038
CIV,SSP2,Urban,pitNoSlab,0.01,0.626,2035
CIV,SSP2,Urban,pitNoSlab,0.02,0.597,2028
CIV,SSP2,Urban,pitSlab,0.05,0.867,2096
CIV,SSP3,Rural,pitNoSlab,0.02,0.622,2093
CIV,SSP3,Rural,pitNoSlab,0.05,0.602,2059
CIV,SSP3,Urban,flushPit,0.05,0.608,2069
CIV,SSP3,Urban,pitNoSlab,0.02,0.597,2050
CIV,SSP4,Rural,flushPit,0.05,0.63,2082
CIV,SSP4,Rural,openDefecation,0.1,0.646,2099
CIV,SSP4,Rural,pitNoSlab,0.01,0.636,2088
CIV,SSP4,Rural,pitNoSlab,0.02,0.622,2073
CIV,SSP4,Rural,pitNoSlab,0.05,0.602,2051
CIV,SSP4,Urban,flushPit,0.05,0.608,2058
CIV,SSP4,Urban,openDefecation,0.05,0.638,2090
CIV,SSP4,Urban,pitNoSlab,0.01,0.626,2077
CIV,SSP4,Urban,pitNoSlab,0.02,0.597,2045
CIV,SSP5,Rural,compostingToilet,0.01,0.658,2037
CIV,SSP5,Rural,flushPit,0.01,0.838,2074
CIV,SSP5,Rural,flushPit,0.02,0.647,2035
CIV,SSP5,Rural,flushPit,0.05,0.63,2032
CIV,SSP5,Rural,flushSeptic,0.1,0.898,2089
CIV,SSP5,Rural,flushUnknown,0.01,0.719,2047
CIV,SSP5,Rural,flushUnknown,0.02,0.706,2045
CIV,SSP5,Rural,flushUnknown,0.05,0.662,2037
CIV,SSP5,Rural,openDefecation,0.01,0.775,2059
CIV,SSP5,Rural,openDefecation,0.02,0.764,2056
CIV,SSP5,Rural,openDefecation,0.05,0.706,2045
CIV,SSP5,Rural,openDefecation,0.1,0.646,2035
CIV,SSP5,Rural,pitNoSlab,0.01,0.636,2033
CIV,SSP5,Rural,pitNoSlab,0.02,0.622,2031
CIV,SSP5,Rural,pitNoSlab,0.05,0.602,2028
CIV,SSP5,Rural,pitSlab,0.02,0.938,2099
CIV,SSP5,Rural,pitSlab,0.05,0.87,2082
CIV,SSP5,Rural,pitSlab,0.1,0.851,2078
CIV,SSP5,Urban,flushPit,0.02,0.738,2050
CIV,SSP5,Urban,flushPit,0.05,0.608,2029
CIV,SSP5,Urban,flushSeptic,0.1,0.865,2081
CIV,SSP5,Urban,openDefecation,0.01,0.733,2049
CIV,SSP5,Urban,openDefecation,0.02,0.684,2041
CIV,SSP5,Urban,openDefecation,0.05,0.638,2033
CIV,SSP5,Urban,other,0.01,0.932,2098
CIV,SSP5,Urban,pitNoSlab,0.01,0.626,2031
CIV,SSP5,Urban,pitNoSlab,0.02,0.597,2027
CIV,SSP5,Urban,pitSlab,0.02,0.938,2099
CIV,SSP5,Urban,pitSlab,0.05,0.867,2082
CMR,SSP1,Rural,compostingToilet,0.01,0.658,2039
CMR,SSP1,Rural,flushPit,0.01,0.838,2088
CMR,SSP1,Rural,flushPit,0.02,0.647,2036
CMR,SSP1,Rural,flushPit,0.05,0.63,2033
CMR,SSP1,Rural,flushUnknown,0.01,0.719,2052
CMR,SSP1,Rural,flushUnknown,0.02,0.706,2049
CMR,SSP1,Rural,flushUnknown,0.05,0.662,2039
CMR,SSP1,Rural,openDefecation,0.01,0.775,2069
CMR,SSP1,Rural,openDefecation,0.02,0.764,2065
CMR,SSP1,Rural,openDefecation,0.05,0.706,2049
CMR,SSP1,Rural,openDefecation,0.1,0.646,2036
CMR,SSP1,Rural,pitNoSlab,0.01,0.636,2034
CMR,SSP1,Rural,pitNoSlab,0.02,0.622,2031
CMR,SSP1,Rural,pitNoSlab,0.05,0.602,2027
CMR,SSP1,Rural,pitSlab,0.05,0.87,2098
CMR,SSP1,Rural,pitSlab,0.1,0.851,2092
CMR,SSP1,Urban,flushPit,0.02,0.738,2058
CMR,SSP1,Urban,flushPit,0.05,0.608,2028
CMR,SSP1,Urban,flushSeptic,0.1,0.865,2096
CMR,SSP1,Urban,openDefecation,0.01,0.733,2056
CMR,SSP1,Urban,openDefecation,0.02,0.684,2044
CMR,SSP1,Urban,openDefecation,0.05,0.638,2034
CMR,SSP1,Urban,pitNoSlab,0.01,0.626,2032
CMR,SSP1,Urban,pitNoSlab,0.02,0.597,2027
CMR,SSP1,Urban,pitSlab,0.05,0.867,2097
CMR,SSP2,Rural,compostingToilet,0.01,0.658,2045
CMR,SSP2,Rural,flushPit,0.02,0.647,2041
CMR,SSP2,Rural,flushPit,0.05,0.63,2037
CMR,SSP2,Rural,flushUnknown,0.01,0.719,2064
CMR,SSP2,Rural,flushUnknown,0.02,0.706,2060
CMR,SSP2,Rural,flushUnknown,0.05,0.662,2046
CMR,SSP2,Rural,openDefecation,0.01,0.775,2083
CMR,SSP2,Rural,openDefecation,0.02,0.764,2079
CMR,SSP2,Rural,openDefecation,0.05,0.706,2060
CMR,SSP2,Rural,openDefecation,0.1,0.646,2041
CMR,SSP2,Rural,pitNoSlab,0.01,0.636,2038
CMR,SSP2,Rural,pitNoSlab,0.02,0.622,2034
CMR,SSP2,Rural,pitNoSlab,0.05,0.602,2029
CMR,SSP2,Urban,flushPit,0.02,0.738,2070
CMR,SSP2,Urban,flushPit,0.05,0.608,2030
CMR,SSP2,Urban,openDefecation,0.01,0.733,2069
CMR,SSP2,Urban,openDefecation,0.02,0.684,2052
CMR,SSP2,Urban,openDefecation,0.05,0.638,2039
CMR,SSP2,Urban,pitNoSlab,0.01,0.626,2035
CMR,SSP2,Urban,pitNoSlab,0.02,0.597,2027
CMR,SSP3,Rural,flushPit,0.05,0.63,2090
CMR,SSP3,Rural,pitNoSlab,0.02,0.622,2077
CMR,SSP3,Rural,pitNoSlab,0.05,0.602,2044
CMR,SSP3,Urban,flushPit,0.05,0.608,2053
CMR,SSP3,Urban,pitNoSlab,0.01,0.626,2083
CMR,SSP3,Urban,pitNoSlab,0.02,0.597,2036
CMR,SSP4,Rural,flushPit,0.05,0.63,2079
CMR,SSP4,Rural,pitNoSlab,0.01,0.636,2087
CMR,SSP4,Rural,pitNoSlab,0.02,0.622,2069
CMR,SSP4,Rural,pitNoSlab,0.05,0.602,2043
CMR,SSP4,Urban,flushPit,0.05,0.608,2051
CMR,SSP4,Urban,openDefecation,0.05,0.638,2090
CMR,SSP4,Urban,pitNoSlab,0.01,0.626,2074
CMR,SSP4,Urban,pitNoSlab,0.02,0.597,2037
CMR,SSP5,Rural,compostingToilet,0.01,0.658,2038
CMR,SSP5,Rural,flushPit,0.01,0.838,2085
CMR,SSP5,Rural,flushPit,0.02,0.647,2036
CMR,SSP5,Rural,flushPit,0.05,0.63,2032
CMR,SSP5,Rural,flushUnknown,0.01,0.719,2050
CMR,SSP5,Rural,flushUnknown,0.02,0.706,2047
CMR,SSP5,Rural,flushUnknown,0.05,0.662,2039
CMR,SSP5,Rural,openDefecation,0.01,0.775,2066
CMR,SSP5,Rural,openDefecation,0.02,0.764,2063
CMR,SSP5,Rural,openDefecation,0.05,0.706,2047
CMR,SSP5,Rural,openDefecation,0.1,0.646,2035
CMR,SSP5,Rural,pitNoSlab,0.01,0.636,2033
CMR,SSP5,Rural,pitNoSlab,0.02,0.622,2031
CMR,SSP5,Rural,pitNoSlab,0.05,0.602,2027
CMR,SSP5,Rural,pitSlab,0.05,0.87,2095
CMR,SSP5,Rural,pitSlab,0.1,0.851,2089
CMR,SSP5,Urban,flushPit,0.02,0.738,2055
CMR,SSP5,Urban,flushPit,0.05,0.608,2028
CMR,SSP5,Urban,flushSeptic,0.1,0.865,2093
CMR,SSP5,Urban,openDefecation,0.01,0.733,2054
CMR,SSP5,Urban,openDefecation,0.02,0.684,2043
CMR,SSP5,Urban,openDefecation,0.05,0.638,2034
CMR,SSP5,Urban,pitNoSlab,0.01,0.626,2031
CMR,SSP5,Urban,pitNoSlab,0.02,0.597,2026
CMR,SSP5,Urban,pitSlab,0.05,0.867,2094
COD,SSP1,Rural,compostingToilet,0.01,0.658,2045
COD,SSP1,Rural,flushPit,0.01,0.838,2094
COD,SSP1,Rural,flushPit,0.02,0.647,2043
COD,SSP1,Rural,flushPit,0.05,0.63,2040
COD,SSP1,Rural,flushUnknown,0.01,0.719,2060
COD,SSP1,Rural,flushUnknown,0.02,0.706,2056
COD,SSP1,Rural,flushUnknown,0.05,0.662,2046
COD,SSP1,Rural,openDefecation,0.01,0.775,2076
COD,SSP1,Rural,openDefecation,0.02,0.764,2073
COD,SSP1,Rural,openDefecation,0.05,0.706,2056
COD,SSP1,Rural,openDefecation,0.1,0.646,2043
COD,SSP1,Rural,pitNoSlab,0.01,0.636,2041
COD,SSP1,Rural,pitNoSlab,0.02,0.622,2038
COD,SSP1,Rural,pitNoSlab,0.05,0.602,2035
COD,SSP1,Rural,pitSlab,0.1,0.851,2098
COD,SSP1,Urban,flushPit,0.02,0.738,2065
COD,SSP1,Urban,flushPit,0.05,0.608,2036
COD,SSP1,Urban,openDefecation,0.01,0.733,2064
COD,SSP1,Urban,openDefecation,0.02,0.684,2050
COD,SSP1,Urban,openDefecation,0.05,0.638,2041
COD,SSP1,Urban,pitNoSlab,0.01,0.626,2039
COD,SSP1,Urban,pitNoSlab,0.02,0.597,2034
COD,SSP1,Urban,pitNoSlab,0.05,0.572,2030
COD,SSP2,Rural,compostingToilet,0.01,0.658,2052
COD,SSP2,Rural,flushPit,0.02,0.647,2049
COD,SSP2,Rural,flushPit,0.05,0.63,2045
COD,SSP2,Rural,flushUnknown,0.01,0.719,2070
COD,SSP2,Rural,flushUnknown,0.02,0.706,2066
COD,SSP2,Rural,flushUnknown,0.05,0.662,2053
COD,SSP2,Rural,openDefecation,0.01,0.775,2087
COD,SSP2,Rural,openDefecation,0.02,0.764,2084
COD,SSP2,Rural,openDefecation,0.05,0.706,2066
COD,SSP2,Rural,openDefecation,0.1,0.646,2049
COD,SSP2,Rural,pitNoSlab,0.01,0.636,2046
COD,SSP2,Rural,pitNoSlab,0.02,0.622,2043
COD,SSP2,Rural,pitNoSlab,0.05,0.602,2039
COD,SSP2,Urban,flushPit,0.02,0.738,2076
COD,SSP2,Urban,flushPit,0.05,0.608,2040
COD,SSP2,Urban,openDefecation,0.01,0.733,2075
COD,SSP2,Urban,openDefecation,0.02,0.684,2060
COD,SSP2,Urban,openDefecation,0.05,0.638,2047
COD,SSP2,Urban,pitNoSlab,0.01,0.626,2044
COD,SSP2,Urban,pitNoSlab,0.02,0.597,2038
COD,SSP2,Urban,pitNoSlab,0.05,0.572,2032
COD,SSP3,Rural,flushPit,0.05,0.63,2091
COD,SSP3,Rural,pitNoSlab,0.01,0.636,2096
COD,SSP3,Rural,pitNoSlab,0.02,0.622,2084
COD,SSP3,Rural,pitNoSlab,0.05,0.602,2068
COD,SSP3,Urban,flushPit,0.05,0.608,2073
COD,SSP3,Urban,openDefecation,0.05,0.638,2098
COD,SSP3,Urban,pitNoSlab,0.01,0.626,2088
COD,SSP3,Urban,pitNoSlab,0.02,0.597,2064
COD,SSP3,Urban,pitNoSlab,0.05,0.572,2045
COD,SSP4,Rural,compostingToilet,0.01,0.658,2099
COD,SSP4,Rural,flushPit,0.02,0.647,2092
COD,SSP4,Rural,flushPit,0.05,0.63,2081
COD,SSP4,Rural,openDefecation,0.1,0.646,2091
COD,SSP4,Rural,pitNoSlab,0.01,0.636,2085
COD,SSP4,Rural,pitNoSlab,0.02,0.622,2076
COD,SSP4,Rural,pitNoSlab,0.05,0.602,2062
COD,SSP4,Urban,flushPit,0.05,0.608,2066
COD,SSP4,Urban,openDefecation,0.05,0.638,2086
COD,SSP4,Urban,pitNoSlab,0.01,0.626,2078
COD,SSP4,Urban,pitNoSlab,0.02,0.597,2059
COD,SSP4,Urban,pitNoSlab,0.05,0.572,2044
COD,SSP5,Rural,compostingToilet,0.01,0.658,2044
COD,SSP5,Rural,flushPit,0.01,0.838,2092
COD,SSP5,Rural,flushPit,0.02,0.647,2042
COD,SSP5,Rural,flushPit,0.05,0.63,2039
COD,SSP5,Rural,flushUnknown,0.01,0.719,2058
COD,SSP5,Rural,flushUnknown,0.02,0.706,2054
COD,SSP5,Rural,flushUnknown,0.05,0.662,2045
COD,SSP5,Rural,openDefecation,0.01,0.775,2074
COD,SSP5,Rural,openDefecation,0.02,0.764,2071
COD,SSP5,Rural,openDefecation,0.05,0.706,2054
COD,SSP5,Rural,openDefecation,0.1,0.646,2042
COD,SSP5,Rural,pitNoSlab,0.01,0.636,2040
COD,SSP5,Rural,pitNoSlab,0.02,0.622,2038
COD,SSP5,Rural,pitNoSlab,0.05,0.602,2034
COD,SSP5,Rural,pitSlab,0.1,0.851,2096
COD,SSP5,Urban,flushPit,0.02,0.738,2064
COD,SSP5,Urban,flushPit,0.05,0.608,2035
COD,SSP5,Urban,openDefecation,0.01,0.733,2062
COD,SSP5,Urban,openDefecation,0.02,0.684,2049
COD,SSP5,Urban,openDefecation,0.05,0.638,2041
COD,SSP5,Urban,pitNoSlab,0.01,0.626,2038
COD,SSP5,Urban,pitNoSlab,0.02,0.597,2033
COD,SSP5,Urban,pitNoSlab,0.05,0.572,2029
COG,SSP1,Rural,compostingToilet,0.01,0.658,2026
COG,SSP1,Rural,flushPit,0.01,0.838,2087
COG,SSP1,Rural,flushUnknown,0.01,0.719,2041
COG,SSP1,Rural,flushUnknown,0.02,0.706,2037
COG,SSP1,Rural,flushUnknown,0.05,0.662,2027
COG,SSP1,Rural,openDefecation,0.01,0.775,2060
COG,SSP1,Rural,openDefecation,0.02,0.764,2055
COG,SSP1,Rural,openDefecation,0.05,0.706,2037
COG,SSP1,Rural,pitSlab,0.1,0.851,2092
COG,SSP1,Urban,flushPit,0.02,0.738,2046
COG,SSP1,Urban,flushSeptic,0.1,0.865,2098
COG,SSP1,Urban,openDefecation,0.01,0.733,2045
COG,SSP1,Urban,openDefecation,0.02,0.684,2031
COG,SSP1,Urban,pitSlab,0.05,0.867,2099
COG,SSP2,Rural,compostingToilet,0.01,0.658,2027
COG,SSP2,Rural,flushUnknown,0.01,0.719,2049
COG,SSP2,Rural,flushUnknown,0.02,0.706,2044
COG,SSP2,Rural,flushUnknown,0.05,0.662,2028
COG,SSP2,Rural,openDefecation,0.01,0.775,2074
COG,SSP2,Rural,openDefecation,0.02,0.764,2069
COG,SSP2,Rural,openDefecation,0.05,0.706,2044
COG,SSP2,Urban,flushPit,0.02,0.738,2057
COG,SSP2,Urban,openDefecation,0.01,0.733,2055
COG,SSP2,Urban,openDefecation,0.02,0.684,2035
COG,SSP3,Rural,compostingToilet,0.01,0.658,2030
COG,SSP3,Rural,flushUnknown,0.05,0.662,2039
COG,SSP3,Urban,openDefecation,0.02,0.684,2089
COG,SSP4,Rural,compostingToilet,0.01,0.658,2032
COG,SSP4,Rural,flushUnknown,0.05,0.662,2041
COG,SSP4,Urban,openDefecation,0.02,0.684,2088
COG,SSP5,Rural,compostingToilet,0.01,0.658,2026
COG,SSP5,Rural,flushPit,0.01,0.838,2086
COG,SSP5,Rural,flushUnknown,0.01,0.719,2040
COG,SSP5,Rural,flushUnknown,0.02,0.706,2036
COG,SSP5,Rural,flushUnknown,0.05,0.662,2027
COG,SSP5,Rural,openDefecation,0.01,0.775,2058
COG,SSP5,Rural,openDefecation,0.02,0.764,2053
COG,SSP5,Rural,openDefecation,0.05,0.706,2036
COG,SSP5,Rural,pitSlab,0.05,0.87,2100
COG,SSP5,Rural,pitSlab,0.1,0.851,2091
COG,SSP5,Urban,flushPit,0.02,0.738,2045
COG,SSP5,Urban,flushSeptic,0.1,0.865,2097
COG,SSP5,Urban,openDefecation,0.01,0.733,2044
COG,SSP5,Urban,openDefecation,0.02,0.684,2031
COG,SSP5,Urban,pitSlab,0.05,0.867,2098
COK,SSP1,Rural,flushPit,0.01,0.838,2077
COK,SSP1,Rural,openDefecation,0.01,0.775,2031
COK,SSP1,Rural,openDefecation,0.02,0.764,2026
COK,SSP1,Rural,pitSlab,0.1,0.851,2090
COK,SSP2,Rural,flushPit,0.01,0.838,2093
COK,SSP2,Rural,openDefecation,0.01,0.775,2041
COK,SSP2,Rural,openDefecation,0.02,0.764,2034
COK,SSP3,Rural,flushUnknown,0.01,0.719,2026
COK,SSP3,Rural,openDefecation,0.02,0.764,2091
COK,SSP3,Urban,flushPit,0.02,0.738,2046
COK,SSP3,Urban,openDefecation,0.01,0.733,2040
COK,SSP4,Rural,flushUnknown,0.01,0.719,2034
COK,SSP4,Urban,flushPit,0.02,0.738,2060
COK,SSP4,Urban,openDefecation,0.01,0.733,2050
COK,SSP5,Rural,flushPit,0.01,0.838,2077
COK,SSP5,Rural,openDefecation,0.01,0.775,2029
COK,SSP5,Rural,openDefecation,0.02,0.764,2026
COK,SSP5,Rural,pitSlab,0.1,0.851,2092
COL,SSP1,Rural,flushPit,0.01,0.838,2044
COL,SSP1,Rural,flushSeptic,0.1,0.898,2087
COL,SSP1,Rural,pitSlab,0.05,0.87,2064
COL,SSP1,Rural,pitSlab,0.1,0.851,2049
COL,SSP1,Urban,flushSeptic,0.1,0.865,2059
COL,SSP1,Urban,pitSlab,0.05,0.867,2061
COL,SSP2,Rural,flushPit,0.01,0.838,2046
COL,SSP2,Rural,flushSeptic,0.1,0.898,2085
COL,SSP2,Rural,pitSlab,0.05,0.87,2066
COL,SSP2,Rural,pitSlab,0.1,0.851,2053
COL,SSP2,Urban,flushSeptic,0.1,0.865,2063
COL,SSP2,Urban,pitSlab,0.05,0.867,2064
COL,SSP3,Rural,flushPit,0.01,0.838,2098
COL,SSP4,Rural,flushPit,0.01,0.838,2079
COL,SSP4,Rural,pitSlab,0.1,0.851,2097
COL,SSP5,Rural,flushPit,0.01,0.838,2043
COL,SSP5,Rural,flushSeptic,0.1,0.898,2086
COL,SSP5,Rural,pitSlab,0.05,0.87,2062
COL,SSP5,Rural,pitSlab,0.1,0.851,2048
COL,SSP5,Urban,flushSeptic,0.1,0.865,2058
COL,SSP5,Urban,pitSlab,0.05,0.867,2060
COM,SSP1,Rural,compostingToilet,0.01,0.658,2035
COM,SSP1,Rural,flushPit,0.01,0.838,2081
COM,SSP1,Rural,flushPit,0.02,0.647,2033
COM,SSP1,Rural,flushPit,0.05,0.63,2030
COM,SSP1,Rural,flushSeptic,0.1,0.898,2098
COM,SSP1,Rural,flushUnknown,0.01,0.719,2047
COM,SSP1,Rural,flushUnknown,0.02,0.706,2045
COM,SSP1,Rural,flushUnknown,0.05,0.662,2036
COM,SSP1,Rural,openDefecation,0.01,0.775,2062
COM,SSP1,Rural,openDefecation,0.02,0.764,2059
COM,SSP1,Rural,openDefecation,0.05,0.706,2045
COM,SSP1,Rural,openDefecation,0.1,0.646,2033
COM,SSP1,Rural,pitNoSlab,0.01,0.636,2031
COM,SSP1,Rural,pitNoSlab,0.02,0.622,2028
COM,SSP1,Rural,pitSlab,0.05,0.87,2090
COM,SSP1,Rural,pitSlab,0.1,0.851,2084
COM,SSP1,Urban,flushPit,0.02,0.738,2051
COM,SSP1,Urban,flushPit,0.05,0.608,2026
COM,SSP1,Urban,flushSeptic,0.1,0.865,2088
COM,SSP1,Urban,openDefecation,0.01,0.733,2050
COM,SSP1,Urban,openDefecation,0.02,0.684,2040
COM,SSP1,Urban,openDefecation,0.05,0.638,2031
COM,SSP1,Urban,pitNoSlab,0.01,0.626,2029
COM,SSP1,Urban,pitSlab,0.05,0.867,2089
COM,SSP2,Rural,compostingToilet,0.01,0.658,2039
COM,SSP2,Rural,flushPit,0.01,0.838,2093
COM,SSP2,Rural,flushPit,0.02,0.647,2036
COM,SSP2,Rural,flushPit,0.05,0.63,2032
COM,SSP2,Rural,flushUnknown,0.01,0.719,2056
COM,SSP2,Rural,flushUnknown,0.02,0.706,2052
COM,SSP2,Rural,flushUnknown,0.05,0.662,2040
COM,SSP2,Rural,openDefecation,0.01,0.775,2073
COM,SSP2,Rural,openDefecation,0.02,0.764,2070
COM,SSP2,Rural,openDefecation,0.05,0.706,2052
COM,SSP2,Rural,openDefecation,0.1,0.646,2036
COM,SSP2,Rural,pitNoSlab,0.01,0.636,2033
COM,SSP2,Rural,pitNoSlab,0.02,0.622,2030
COM,SSP2,Rural,pitSlab,0.1,0.851,2097
COM,SSP2,Urban,flushPit,0.02,0.738,2062
COM,SSP2,Urban,flushPit,0.05,0.608,2026
COM,SSP2,Urban,openDefecation,0.01,0.733,2060
COM,SSP2,Urban,openDefecation,0.02,0.684,2046
COM,SSP2,Urban,openDefecation,0.05,0.638,2034
COM,SSP2,Urban,pitNoSlab,0.01,0.626,2031
COM,SSP3,Urban,flushPit,0.05,0.608,2059
COM,SSP4,Rural,flushPit,0.02,0.647,2092
COM,SSP4,Rural,flushPit,0.05,0.63,2071
COM,SSP4,Rural,openDefecation,0.1,0.646,2091
COM,SSP4,Rural,pitNoSlab,0.01,0.636,2079
COM,SSP4,Rural,pitNoSlab,0.02,0.622,2061
COM,SSP4,Urban,flushPit,0.05,0.608,2040
COM,SSP4,Urban,openDefecation,0.05,0.638,2081
COM,SSP4,Urban,pitNoSlab,0.01,0.626,2066
COM,SSP5,Rural,compostingToilet,0.01,0.658,2034
COM,SSP5,Rural,flushPit,0.01,0.838,2077
COM,SSP5,Rural,flushPit,0.02,0.647,2032
COM,SSP5,Rural,flushPit,0.05,0.63,2029
COM,SSP5,Rural,flushSeptic,0.1,0.898,2094
COM,SSP5,Rural,flushUnknown,0.01,0.719,2046
COM,SSP5,Rural,flushUnknown,0.02,0.706,2043
COM,SSP5,Rural,flushUnknown,0.05,0.662,2035
COM,SSP5,Rural,openDefecation,0.01,0.775,2059
COM,SSP5,Rural,openDefecation,0.02,0.764,2056
COM,SSP5,Rural,openDefecation,0.05,0.706,2043
COM,SSP5,Rural,openDefecation,0.1,0.646,2032
COM,SSP5,Rural,pitNoSlab,0.01,0.636,2030
COM,SSP5,Rural,pitNoSlab,0.02,0.622,2028
COM,SSP5,Rural,pitSlab,0.05,0.87,2086
COM,SSP5,Rural,pitSlab,0.1,0.851,2081
COM,SSP5,Urban,flushPit,0.02,0.738,2049
COM,SSP5,Urban,flushPit,0.05,0.608,2026
COM,SSP5,Urban,flushSeptic,0.1,0.865,2085
COM,SSP5,Urban,openDefecation,0.01,0.733,2048
COM,SSP5,Urban,openDefecation,0.02,0.684,2039
COM,SSP5,Urban,openDefecation,0.05,0.638,2031
COM,SSP5,Urban,pitNoSlab,0.01,0.626,2029
COM,SSP5,Urban,pitSlab,0.05,0.867,2085
CPV,SSP1,Rural,flushPit,0.01,0.838,2099
CPV,SSP1,Rural,flushUnknown,0.01,0.719,2042
CPV,SSP1,Rural,flushUnknown,0.02,0.706,2038
CPV,SSP1,Rural,openDefecation,0.01,0.775,2067
CPV,SSP1,Rural,openDefecation,0.02,0.764,2062
CPV,SSP1,Rural,openDefecation,0.05,0.706,2038
CPV,SSP1,Urban,flushPit,0.02,0.738,2049
CPV,SSP1,Urban,openDefecation,0.01,0.733,2048
CPV,SSP1,Urban,openDefecation,0.02,0.684,2030
CPV,SSP2,Rural,flushUnknown,0.01,0.719,2050
CPV,SSP2,Rural,flushUnknown,0.02,0.706,2044
CPV,SSP2,Rural,openDefecation,0.01,0.775,2080
CPV,SSP2,Rural,openDefecation,0.02,0.764,2074
CPV,SSP2,Rural,openDefecation,0.05,0.706,2044
CPV,SSP2,Urban,flushPit,0.02,0.738,2060
CPV,SSP2,Urban,openDefecation,0.01,0.733,2057
CPV,SSP2,Urban,openDefecation,0.02,0.684,2032
CPV,SSP3,Urban,openDefecation,0.02,0.684,2053
CPV,SSP4,Rural,flushUnknown,0.01,0.719,2089
CPV,SSP4,Rural,flushUnknown,0.02,0.706,2072
CPV,SSP4,Rural,openDefecation,0.05,0.706,2072
CPV,SSP4,Urban,openDefecation,0.02,0.684,2044
CPV,SSP5,Rural,flushPit,0.01,0.838,2097
CPV,SSP5,Rural,flushUnknown,0.01,0.719,2042
CPV,SSP5,Rural,flushUnknown,0.02,0.706,2037
CPV,SSP5,Rural,openDefecation,0.01,0.775,2066
CPV,SSP5,Rural,openDefecation,0.02,0.764,2061
CPV,SSP5,Rural,openDefecation,0.05,0.706,2037
CPV,SSP5,Urban,flushPit,0.02,0.738,2049
CPV,SSP5,Urban,openDefecation,0.01,0.733,2047
CPV,SSP5,Urban,openDefecation,0.02,0.684,2030
CRI,SSP1,Rural,flushPit,0.01,0.838,2027
CRI,SSP1,Rural,flushSeptic,0.1,0.898,2071
CRI,SSP1,Rural,pitSlab,0.05,0.87,2046
CRI,SSP1,Rural,pitSlab,0.1,0.851,2034
CRI,SSP1,Urban,flushSeptic,0.1,0.865,2043
CRI,SSP1,Urban,pitSlab,0.05,0.867,2044
CRI,SSP2,Rural,flushPit,0.01,0.838,2028
CRI,SSP2,Rural,flushSeptic,0.1,0.898,2072
CRI,SSP2,Rural,pitSlab,0.05,0.87,2049
CRI,SSP2,Rural,pitSlab,0.1,0.851,2037
CRI,SSP2,Urban,flushSeptic,0.1,0.865,2046
CRI,SSP2,Urban,pitSlab,0.05,0.867,2047
CRI,SSP3,Rural,flushPit,0.01,0.838,2058
CRI,SSP4,Rural,flushPit,0.01,0.838,2050
CRI,SSP5,Rural,flushPit,0.01,0.838,2027
CRI,SSP5,Rural,flushSeptic,0.1,0.898,2071
CRI,SSP5,Rural,pitSlab,0.05,0.87,2046
CRI,SSP5,Rural,pitSlab,0.1,0.851,2034
CRI,SSP5,Urban,flushSeptic,0.1,0.865,2042
CRI,SSP5,Urban,pitSlab,0.05,0.867,2044
CUB,SSP1,Rural,openDefecation,0.01,0.775,2031
CUB,SSP1,Rural,openDefecation,0.02,0.764,2026
CUB,SSP2,Rural,openDefecation,0.01,0.775,2032
CUB,SSP2,Rural,openDefecation,0.02,0.764,2026
CUB,SSP3,Rural,openDefecation,0.01,0.775,2041
CUB,SSP3,Rural,openDefecation,0.02,0.764,2027
CUB,SSP4,Rural,openDefecation,0.01,0.775,2038
CUB,SSP4,Rural,openDefecation,0.02,0.764,2026
CUB,SSP5,Rural,openDefecation,0.01,0.775,2030
CUB,SSP5,Rural,openDefecation,0.02,0.764,2026
CUW,SSP1,Rural,flushPit,0.01,0.838,2093
CUW,SSP1,Rural,openDefecation,0.01,0.775,2045
CUW,SSP1,Rural,openDefecation,0.02,0.764,2040
CUW,SSP1,Urban,flushPit,0.02,0.738,2029
CUW,SSP1,Urban,openDefecation,0.01,0.733,2027
CUW,SSP2,Rural,flushUnknown,0.01,0.719,2030
CUW,SSP2,Rural,openDefecation,0.01,0.775,2062
CUW,SSP2,Rural,openDefecation,0.02,0.764,2054
CUW,SSP2,Urban,flushPit,0.02,0.738,2039
CUW,SSP2,Urban,openDefecation,0.01,0.733,2037
CUW,SSP3,Rural,flushUnknown,0.02,0.706,2084
CUW,SSP3,Rural,openDefecation,0.05,0.706,2084
CUW,SSP3,Urban,openDefecation,0.02,0.684,2041
CUW,SSP4,Rural,flushUnknown,0.02,0.706,2085
CUW,SSP4,Rural,flushUnknown,0.05,0.662,2025
CUW,SSP4,Rural,openDefecation,0.05,0.706,2085
CUW,SSP4,Urban,openDefecation,0.02,0.684,2049
CUW,SSP5,Rural,flushPit,0.01,0.838,2092
CUW,SSP5,Rural,openDefecation,0.01,0.775,2044
CUW,SSP5,Rural,openDefecation,0.02,0.764,2039
CUW,SSP5,Urban,flushPit,0.02,0.738,2028
CUW,SSP5,Urban,openDefecation,0.01,0.733,2027
CXR,SSP1,Rural,flushPit,0.01,0.838,2077
CXR,SSP1,Rural,openDefecation,0.01,0.775,2031
CXR,SSP1,Rural,openDefecation,0.02,0.764,2026
CXR,SSP1,Rural,pitSlab,0.1,0.851,2090
CXR,SSP2,Rural,flushPit,0.01,0.838,2093
CXR,SSP2,Rural,openDefecation,0.01,0.775,2041
CXR,SSP2,Rural,openDefecation,0.02,0.764,2034
CXR,SSP3,Rural,flushUnknown,0.01,0.719,2026
CXR,SSP3,Rural,openDefecation,0.02,0.764,2091
CXR,SSP3,Urban,flushPit,0.02,0.738,2046
CXR,SSP3,Urban,openDefecation,0.01,0.733,2040
CXR,SSP4,Rural,flushUnknown,0.01,0.719,2034
CXR,SSP4,Urban,flushPit,0.02,0.738,2060
CXR,SSP4,Urban,openDefecation,0.01,0.733,2050
CXR,SSP5,Rural,flushPit,0.01,0.838,2077
CXR,SSP5,Rural,openDefecation,0.01,0.775,2029
CXR,SSP5,Rural,openDefecation,0.02,0.764,2026
CXR,SSP5,Rural,pitSlab,0.1,0.851,2092
CYM,SSP1,Rural,flushPit,0.01,0.838,2093
CYM,SSP1,Rural,openDefecation,0.01,0.775,2045
CYM,SSP1,Rural,openDefecation,0.02,0.764,2040
CYM,SSP1,Urban,flushPit,0.02,0.738,2029
CYM,SSP1,Urban,openDefecation,0.01,0.733,2027
CYM,SSP2,Rural,flushUnknown,0.01,0.719,2030
CYM,SSP2,Rural,openDefecation,0.01,0.775,2062
CYM,SSP2,Rural,openDefecation,0.02,0.764,2054
CYM,SSP2,Urban,flushPit,0.02,0.738,2039
CYM,SSP2,Urban,openDefecation,0.01,0.733,2037
CYM,SSP3,Rural,flushUnknown,0.02,0.706,2084
CYM,SSP3,Rural,openDefecation,0.05,0.706,2084
CYM,SSP3,Urban,openDefecation,0.02,0.684,2041
CYM,SSP4,Rural,flushUnknown,0.02,0.706,2085
CYM,SSP4,Rural,flushUnknown,0.05,0.662,2025
CYM,SSP4,Rural,openDefecation,0.05,0.706,2085
CYM,SSP4,Urban,openDefecation,0.02,0.684,2049
CYM,SSP5,Rural,flushPit,0.01,0.838,2092
CYM,SSP5,Rural,openDefecation,0.01,0.775,2044
CYM,SSP5,Rural,openDefecation,0.02,0.764,2039
CYM,SSP5,Urban,flushPit,0.02,0.738,2028
CYM,SSP5,Urban,openDefecation,0.01,0.733,2027
CYP,SSP1,Rural,pitSlab,0.01,0.944,2049
CYP,SSP1,Rural,pitSlab,0.02,0.938,2043
CYP,SSP1,Urban,other,0.01,0.932,2038
CYP,SSP1,Urban,pitSlab,0.01,0.944,2049
CYP,SSP1,Urban,pitSlab,0.02,0.938,2043
CYP,SSP2,Rural,pitSlab,0.01,0.944,2050
CYP,SSP2,Rural,pitSlab,0.02,0.938,2044
CYP,SSP2,Urban,other,0.01,0.932,2038
CYP,SSP2,Urban,pitSlab,0.01,0.944,2050
CYP,SSP2,Urban,pitSlab,0.02,0.938,2044
CYP,SSP3,Rural,pitSlab,0.01,0.944,2064
CYP,SSP3,Rural,pitSlab,0.02,0.938,2052
CYP,SSP3,Urban,other,0.01,0.932,2044
CYP,SSP3,Urban,pitSlab,0.01,0.944,2064
CYP,SSP3,Urban,pitSlab,0.02,0.938,2052
CYP,SSP4,Rural,pitSlab,0.01,0.944,2064
CYP,SSP4,Rural,pitSlab,0.02,0.938,2050
CYP,SSP4,Urban,other,0.01,0.932,2043
CYP,SSP4,Urban,pitSlab,0.01,0.944,2064
CYP,SSP4,Urban,pitSlab,0.02,0.938,2050
CYP,SSP5,Rural,pitSlab,0.01,0.944,2050
CYP,SSP5,Rural,pitSlab,0.02,0.938,2043
CYP,SSP5,Urban,other,0.01,0.932,2037
CYP,SSP5,Urban,pitSlab,0.01,0.944,2050
CYP,SSP5,Urban,pitSlab,0.02,0.938,2043
CZE,SSP1,Rural,pitSlab,0.01,0.944,2059
CZE,SSP1,Rural,pitSlab,0.02,0.938,2047
CZE,SSP1,Urban,other,0.01,0.932,2041
CZE,SSP1,Urban,pitSlab,0.01,0.944,2059
CZE,SSP1,Urban,pitSlab,0.02,0.938,2047
CZE,SSP2,Rural,pitSlab,0.01,0.944,2067
CZE,SSP2,Rural,pitSlab,0.02,0.938,2054
CZE,SSP2,Urban,other,0.01,0.932,2045
CZE,SSP2,Urban,pitSlab,0.01,0.944,2067
CZE,SSP2,Urban,pitSlab,0.02,0.938,2054
CZE,SSP3,Rural,pitSlab,0.01,0.944,2079
CZE,SSP3,Rural,pitSlab,0.02,0.938,2064
CZE,SSP3,Urban,other,0.01,0.932,2050
CZE,SSP3,Urban,pitSlab,0.01,0.944,2079
CZE,SSP3,Urban,pitSlab,0.02,0.938,2064
CZE,SSP4,Rural,pitSlab,0.01,0.944,2080
CZE,SSP4,Rural,pitSlab,0.02,0.938,2065
CZE,SSP4,Urban,other,0.01,0.932,2050
CZE,SSP4,Urban,pitSlab,0.01,0.944,2080
CZE,SSP4,Urban,pitSlab,0.02,0.938,2065
CZE,SSP5,Rural,pitSlab,0.01,0.944,2056
CZE,SSP5,Rural,pitSlab,0.02,0.938,2046
CZE,SSP5,Urban,other,0.01,0.932,2040
CZE,SSP5,Urban,pitSlab,0.01,0.944,2056
CZE,SSP5,Urban,pitSlab,0.02,0.938,2046
DJI,SSP1,Rural,compostingToilet,0.01,0.658,2057
DJI,SSP1,Rural,flushPit,0.02,0.647,2054
DJI,SSP1,Rural,flushPit,0.05,0.63,2049
DJI,SSP1,Rural,flushUnknown,0.01,0.719,2076
DJI,SSP1,Rural,flushUnknown,0.02,0.706,2072
DJI,SSP1,Rural,flushUnknown,0.05,0.662,2058
DJI,SSP1,Rural,openDefecation,0.01,0.775,2093
DJI,SSP1,Rural,openDefecation,0.02,0.764,2090
DJI,SSP1,Rural,openDefecation,0.05,0.706,2072
DJI,SSP1,Rural,openDefecation,0.1,0.646,2053
DJI,SSP1,Rural,pitNoSlab,0.01,0.636,2050
DJI,SSP1,Rural,pitNoSlab,0.02,0.622,2047
DJI,SSP1,Rural,pitNoSlab,0.05,0.602,2043
DJI,SSP1,Urban,flushPit,0.02,0.738,2082
DJI,SSP1,Urban,flushPit,0.05,0.608,2044
DJI,SSP1,Urban,openDefecation,0.01,0.733,2080
DJI,SSP1,Urban,openDefecation,0.02,0.684,2065
DJI,SSP1,Urban,openDefecation,0.05,0.638,2051
DJI,SSP1,Urban,pitNoSlab,0.01,0.626,2048
DJI,SSP1,Urban,pitNoSlab,0.02,0.597,2042
DJI,SSP1,Urban,pitNoSlab,0.05,0.572,2036
DJI,SSP2,Rural,compostingToilet,0.01,0.658,2069
DJI,SSP2,Rural,flushPit,0.02,0.647,2065
DJI,SSP2,Rural,flushPit,0.05,0.63,2059
DJI,SSP2,Rural,flushUnknown,0.01,0.719,2089
DJI,SSP2,Rural,flushUnknown,0.02,0.706,2085
DJI,SSP2,Rural,flushUnknown,0.05,0.662,2070
DJI,SSP2,Rural,openDefecation,0.05,0.706,2085
DJI,SSP2,Rural,openDefecation,0.1,0.646,2065
DJI,SSP2,Rural,pitNoSlab,0.01,0.636,2061
DJI,SSP2,Rural,pitNoSlab,0.02,0.622,2057
DJI,SSP2,Rural,pitNoSlab,0.05,0.602,2050
DJI,SSP2,Urban,flushPit,0.02,0.738,2095
DJI,SSP2,Urban,flushPit,0.05,0.608,2052
DJI,SSP2,Urban,openDefecation,0.01,0.733,2094
DJI,SSP2,Urban,openDefecation,0.02,0.684,2077
DJI,SSP2,Urban,openDefecation,0.05,0.638,2062
DJI,SSP2,Urban,pitNoSlab,0.01,0.626,2058
DJI,SSP2,Urban,pitNoSlab,0.02,0.597,2049
DJI,SSP2,Urban,pitNoSlab,0.05,0.572,2041
DJI,SSP4,Urban,pitNoSlab,0.05,0.572,2087
DJI,SSP5,Rural,compostingToilet,0.01,0.658,2055
DJI,SSP5,Rural,flushPit,0.02,0.647,2051
DJI,SSP5,Rural,flushPit,0.05,0.63,2047
DJI,SSP5,Rural,flushUnknown,0.01,0.719,2073
DJI,SSP5,Rural,flushUnknown,0.02,0.706,2069
DJI,SSP5,Rural,flushUnknown,0.05,0.662,2056
DJI,SSP5,Rural,openDefecation,0.01,0.775,2090
DJI,SSP5,Rural,openDefecation,0.02,0.764,2086
DJI,SSP5,Rural,openDefecation,0.05,0.706,2069
DJI,SSP5,Rural,openDefecation,0.1,0.646,2051
DJI,SSP5,Rural,pitNoSlab,0.01,0.636,2049
DJI,SSP5,Rural,pitNoSlab,0.02,0.622,2046
DJI,SSP5,Rural,pitNoSlab,0.05,0.602,2042
DJI,SSP5,Urban,flushPit,0.02,0.738,2079
DJI,SSP5,Urban,flushPit,0.05,0.608,2043
DJI,SSP5,Urban,openDefecation,0.01,0.733,2077
DJI,SSP5,Urban,openDefecation,0.02,0.684,2062
DJI,SSP5,Urban,openDefecation,0.05,0.638,2049
DJI,SSP5,Urban,pitNoSlab,0.01,0.626,2047
DJI,SSP5,Urban,pitNoSlab,0.02,0.597,2041
DJI,SSP5,Urban,pitNoSlab,0.05,0.572,2036
DMA,SSP1,Rural,flushPit,0.01,0.838,2064
DMA,SSP1,Rural,openDefecation,0.01,0.775,2029
DMA,SSP1,Rural,openDefecation,0.02,0.764,2026
DMA,SSP1,Rural,pitSlab,0.05,0.87,2091
DMA,SSP1,Rural,pitSlab,0.1,0.851,2075
DMA,SSP1,Urban,flushSeptic,0.1,0.865,2087
DMA,SSP1,Urban,pitSlab,0.05,0.867,2088
DMA,SSP2,Rural,flushPit,0.01,0.838,2069
DMA,SSP2,Rural,openDefecation,0.01,0.775,2031
DMA,SSP2,Rural,openDefecation,0.02,0.764,2026
DMA,SSP2,Rural,pitSlab,0.05,0.87,2091
DMA,SSP2,Rural,pitSlab,0.1,0.851,2078
DMA,SSP2,Urban,flushSeptic,0.1,0.865,2088
DMA,SSP2,Urban,pitSlab,0.05,0.867,2089
DMA,SSP3,Rural,openDefecation,0.01,0.775,2040
DMA,SSP3,Rural,openDefecation,0.02,0.764,2028
DMA,SSP4,Rural,openDefecation,0.01,0.775,2040
DMA,SSP4,Rural,openDefecation,0.02,0.764,2028
DMA,SSP5,Rural,flushPit,0.01,0.838,2064
DMA,SSP5,Rural,openDefecation,0.01,0.775,2029
DMA,SSP5,Rural,openDefecation,0.02,0.764,2026
DMA,SSP5,Rural,pitSlab,0.05,0.87,2092
DMA,SSP5,Rural,pitSlab,0.1,0.851,2075
DMA,SSP5,Urban,flushSeptic,0.1,0.865,2087
DMA,SSP5,Urban,pitSlab,0.05,0.867,2089
DOM,SSP1,Rural,flushPit,0.01,0.838,2055
DOM,SSP1,Rural,pitSlab,0.05,0.87,2088
DOM,SSP1,Rural,pitSlab,0.1,0.851,2068
DOM,SSP1,Urban,flushSeptic,0.1,0.865,2083
DOM,SSP1,Urban,pitSlab,0.05,0.867,2085
DOM,SSP2,Rural,flushPit,0.01,0.838,2058
DOM,SSP2,Rural,pitSlab,0.05,0.87,2083
DOM,SSP2,Rural,pitSlab,0.1,0.851,2068
DOM,SSP2,Urban,flushSeptic,0.1,0.865,2079
DOM,SSP2,Urban,pitSlab,0.05,0.867,2080
DOM,SSP4,Rural,flushPit,0.01,0.838,2096
DOM,SSP5,Rural,flushPit,0.01,0.838,2055
DOM,SSP5,Rural,pitSlab,0.05,0.87,2086
DOM,SSP5,Rural,pitSlab,0.1,0.851,2067
DOM,SSP5,Urban,flushSeptic,0.1,0.865,2081
DOM,SSP5,Urban,pitSlab,0.05,0.867,2083
DZA,SSP1,Rural,flushPit,0.01,0.838,2050
DZA,SSP1,Rural,flushSeptic,0.1,0.898,2092
DZA,SSP1,Rural,openDefecation,0.01,0.775,2029
DZA,SSP1,Rural,openDefecation,0.02,0.764,2025
DZA,SSP1,Rural,pitSlab,0.05,0.87,2072
DZA,SSP1,Rural,pitSlab,0.1,0.851,2059
DZA,SSP1,Urban,flushSeptic,0.1,0.865,2069
DZA,SSP1,Urban,pitSlab,0.05,0.867,2070
DZA,SSP2,Rural,flushPit,0.01,0.838,2055
DZA,SSP2,Rural,flushSeptic,0.1,0.898,2092
DZA,SSP2,Rural,openDefecation,0.01,0.775,2029
DZA,SSP2,Rural,openDefecation,0.02,0.764,2025
DZA,SSP2,Rural,pitSlab,0.05,0.87,2075
DZA,SSP2,Rural,pitSlab,0.1,0.851,2063
DZA,SSP2,Urban,flushSeptic,0.1,0.865,2072
DZA,SSP2,Urban,pitSlab,0.05,0.867,2073
DZA,SSP3,Rural,openDefecation,0.01,0.775,2037
DZA,SSP3,Rural,openDefecation,0.02,0.764,2026
DZA,SSP4,Rural,flushPit,0.01,0.838,2081
DZA,SSP4,Rural,openDefecation,0.01,0.775,2033
DZA,SSP4,Rural,openDefecation,0.02,0.764,2026
DZA,SSP4,Rural,pitSlab,0.1,0.851,2093
DZA,SSP5,Rural,flushPit,0.01,0.838,2049
DZA,SSP5,Rural,flushSeptic,0.1,0.898,2089
DZA,SSP5,Rural,openDefecation,0.01,0.775,2028
DZA,SSP5,Rural,openDefecation,0.02,0.764,2025
DZA,SSP5,Rural,pitSlab,0.05,0.87,2070
DZA,SSP5,Rural,pitSlab,0.1,0.851,2056
DZA,SSP5,Urban,flushSeptic,0.1,0.865,2066
DZA,SSP5,Urban,pitSlab,0.05,0.867,2068
ECU,SSP1,Rural,flushPit,0.01,0.838,2046
ECU,SSP1,Rural,flushSeptic,0.1,0.898,2091
ECU,SSP1,Rural,pitSlab,0.05,0.87,2069
ECU,SSP1,Rural,pitSlab,0.1,0.851,2053
ECU,SSP1,Urban,flushSeptic,0.1,0.865,2065
ECU,SSP1,Urban,pitSlab,0.05,0.867,2066
ECU,SSP2,Rural,flushPit,0.01,0.838,2049
ECU,SSP2,Rural,flushSeptic,0.1,0.898,2086
ECU,SSP2,Rural,pitSlab,0.05,0.87,2069
ECU,SSP2,Rural,pitSlab,0.1,0.851,2057
ECU,SSP2,Urban,flushSeptic,0.1,0.865,2066
ECU,SSP2,Urban,pitSlab,0.05,0.867,2067
ECU,SSP5,Rural,flushPit,0.01,0.838,2046
ECU,SSP5,Rural,flushSeptic,0.1,0.898,2091
ECU,SSP5,Rural,pitSlab,0.05,0.87,2068
ECU,SSP5,Rural,pitSlab,0.1,0.851,2052
ECU,SSP5,Urban,flushSeptic,0.1,0.865,2064
ECU,SSP5,Urban,pitSlab,0.05,0.867,2066
EGY,SSP1,Rural,flushPit,0.01,0.838,2051
EGY,SSP1,Rural,flushSeptic,0.1,0.898,2089
EGY,SSP1,Rural,openDefecation,0.01,0.775,2030
EGY,SSP1,Rural,openDefecation,0.02,0.764,2027
EGY,SSP1,Rural,pitSlab,0.05,0.87,2071
EGY,SSP1,Rural,pitSlab,0.1,0.851,2059
EGY,SSP1,Urban,flushSeptic,0.1,0.865,2068
EGY,SSP1,Urban,pitSlab,0.05,0.867,2069
EGY,SSP2,Rural,flushPit,0.01,0.838,2057
EGY,SSP2,Rural,flushSeptic,0.1,0.898,2090
EGY,SSP2,Rural,openDefecation,0.01,0.775,2031
EGY,SSP2,Rural,openDefecation,0.02,0.764,2028
EGY,SSP2,Rural,pitSlab,0.05,0.87,2075
EGY,SSP2,Rural,pitSlab,0.1,0.851,2064
EGY,SSP2,Urban,flushSeptic,0.1,0.865,2072
EGY,SSP2,Urban,pitSlab,0.05,0.867,2073
EGY,SSP3,Rural,openDefecation,0.01,0.775,2039
EGY,SSP3,Rural,openDefecation,0.02,0.764,2031
EGY,SSP4,Rural,flushPit,0.01,0.838,2084
EGY,SSP4,Rural,openDefecation,0.01,0.775,2037
EGY,SSP4,Rural,openDefecation,0.02,0.764,2031
EGY,SSP4,Rural,pitSlab,0.1,0.851,2095
EGY,SSP5,Rural,flushPit,0.01,0.838,2049
EGY,SSP5,Rural,flushSeptic,0.1,0.898,2087
EGY,SSP5,Rural,openDefecation,0.01,0.775,2030
EGY,SSP5,Rural,openDefecation,0.02,0.764,2027
EGY,SSP5,Rural,pitSlab,0.05,0.87,2069
EGY,SSP5,Rural,pitSlab,0.1,0.851,2057
EGY,SSP5,Urban,flushSeptic,0.1,0.865,2066
EGY,SSP5,Urban,pitSlab,0.05,0.867,2067
ERI,SSP1,Rural,compostingToilet,0.01,0.658,2060
ERI,SSP1,Rural,flushPit,0.02,0.647,2057
ERI,SSP1,Rural,flushPit,0.05,0.63,2052
ERI,SSP1,Rural,flushUnknown,0.01,0.719,2079
ERI,SSP1,Rural,flushUnknown,0.02,0.706,2075
ERI,SSP1,Rural,flushUnknown,0.05,0.662,2061
ERI,SSP1,Rural,openDefecation,0.01,0.775,2096
ERI,SSP1,Rural,openDefecation,0.02,0.764,2093
ERI,SSP1,Rural,openDefecation,0.05,0.706,2075
ERI,SSP1,Rural,openDefecation,0.1,0.646,2056
ERI,SSP1,Rural,pitNoSlab,0.01,0.636,2053
ERI,SSP1,Rural,pitNoSlab,0.02,0.622,2049
ERI,SSP1,Rural,pitNoSlab,0.05,0.602,2045
ERI,SSP1,Urban,flushPit,0.02,0.738,2085
ERI,SSP1,Urban,flushPit,0.05,0.608,2046
ERI,SSP1,Urban,openDefecation,0.01,0.733,2083
ERI,SSP1,Urban,openDefecation,0.02,0.684,2068
ERI,SSP1,Urban,openDefecation,0.05,0.638,2054
ERI,SSP1,Urban,pitNoSlab,0.01,0.626,2050
ERI,SSP1,Urban,pitNoSlab,0.02,0.597,2044
ERI,SSP1,Urban,pitNoSlab,0.05,0.572,2039
ERI,SSP2,Rural,compostingToilet,0.01,0.658,2072
ERI,SSP2,Rural,flushPit,0.02,0.647,2068
ERI,SSP2,Rural,flushPit,0.05,0.63,2063
ERI,SSP2,Rural,flushUnknown,0.01,0.719,2092
ERI,SSP2,Rural,flushUnknown,0.02,0.706,2088
ERI,SSP2,Rural,flushUnknown,0.05,0.662,2073
ERI,SSP2,Rural,openDefecation,0.05,0.706,2088
ERI,SSP2,Rural,openDefecation,0.1,0.646,2068
ERI,SSP2,Rural,pitNoSlab,0.01,0.636,2065
ERI,SSP2,Rural,pitNoSlab,0.02,0.622,2060
ERI,SSP2,Rural,pitNoSlab,0.05,0.602,2053
ERI,SSP2,Urban,flushPit,0.02,0.738,2099
ERI,SSP2,Urban,flushPit,0.05,0.608,2055
ERI,SSP2,Urban,openDefecation,0.01,0.733,2097
ERI,SSP2,Urban,openDefecation,0.02,0.684,2081
ERI,SSP2,Urban,openDefecation,0.05,0.638,2065
ERI,SSP2,Urban,pitNoSlab,0.01,0.626,2061
ERI,SSP2,Urban,pitNoSlab,0.02,0.597,2052
ERI,SSP2,Urban,pitNoSlab,0.05,0.572,2044
ERI,SSP4,Urban,pitNoSlab,0.05,0.572,2098
ERI,SSP5,Rural,compostingToilet,0.01,0.658,2058
ERI,SSP5,Rural,flushPit,0.02,0.647,2054
ERI,SSP5,Rural,flushPit,0.05,0.63,2049
ERI,SSP5,Rural,flushUnknown,0.01,0.719,2076
ERI,SSP5,Rural,flushUnknown,0.02,0.706,2072
ERI,SSP5,Rural,flushUnknown,0.05,0.662,2059
ERI,SSP5,Rural,openDefecation,0.01,0.775,2093
ERI,SSP5,Rural,openDefecation,0.02,0.764,2089
ERI,SSP5,Rural,openDefecation,0.05,0.706,2072
ERI,SSP5,Rural,openDefecation,0.1,0.646,2054
ERI,SSP5,Rural,pitNoSlab,0.01,0.636,2051
ERI,SSP5,Rural,pitNoSlab,0.02,0.622,2048
ERI,SSP5,Rural,pitNoSlab,0.05,0.602,2044
ERI,SSP5,Urban,flushPit,0.02,0.738,2082
ERI,SSP5,Urban,flushPit,0.05,0.608,2045
ERI,SSP5,Urban,openDefecation,0.01,0.733,2080
ERI,SSP5,Urban,openDefecation,0.02,0.684,2065
ERI,SSP5,Urban,openDefecation,0.05,0.638,2052
ERI,SSP5,Urban,pitNoSlab,0.01,0.626,2049
ERI,SSP5,Urban,pitNoSlab,0.02,0.597,2043
ERI,SSP5,Urban,pitNoSlab,0.05,0.572,2038
ESH,SSP1,Rural,compostingToilet,0.01,0.658,2049
ESH,SSP1,Rural,flushPit,0.02,0.647,2047
ESH,SSP1,Rural,flushPit,0.05,0.63,2043
ESH,SSP1,Rural,flushUnknown,0.01,0.719,2068
ESH,SSP1,Rural,flushUnknown,0.02,0.706,2064
ESH,SSP1,Rural,flushUnknown,0.05,0.662,2050
ESH,SSP1,Rural,openDefecation,0.01,0.775,2085
ESH,SSP1,Rural,openDefecation,0.02,0.764,2082
ESH,SSP1,Rural,openDefecation,0.05,0.706,2064
ESH,SSP1,Rural,openDefecation,0.1,0.646,2047
ESH,SSP1,Rural,pitNoSlab,0.01,0.636,2045
ESH,SSP1,Rural,pitNoSlab,0.02,0.622,2042
ESH,SSP1,Rural,pitNoSlab,0.05,0.602,2037
ESH,SSP1,Urban,flushPit,0.02,0.738,2074
ESH,SSP1,Urban,flushPit,0.05,0.608,2039
ESH,SSP1,Urban,openDefecation,0.01,0.733,2072
ESH,SSP1,Urban,openDefecation,0.02,0.684,2057
ESH,SSP1,Urban,openDefecation,0.05,0.638,2045
ESH,SSP1,Urban,pitNoSlab,0.01,0.626,2042
ESH,SSP1,Urban,pitNoSlab,0.02,0.597,2036
ESH,SSP1,Urban,pitNoSlab,0.05,0.572,2031
ESH,SSP2,Rural,compostingToilet,0.01,0.658,2077
ESH,SSP2,Rural,flushPit,0.02,0.647,2073
ESH,SSP2,Rural,flushPit,0.05,0.63,2067
ESH,SSP2,Rural,flushUnknown,0.01,0.719,2097
ESH,SSP2,Rural,flushUnknown,0.02,0.706,2093
ESH,SSP2,Rural,flushUnknown,0.05,0.662,2078
ESH,SSP2,Rural,openDefecation,0.05,0.706,2093
ESH,SSP2,Rural,openDefecation,0.1,0.646,2073
ESH,SSP2,Rural,pitNoSlab,0.01,0.636,2069
ESH,SSP2,Rural,pitNoSlab,0.02,0.622,2065
ESH,SSP2,Rural,pitNoSlab,0.05,0.602,2058
ESH,SSP2,Rural,pitNoSlab,0.1,0.489,2025
ESH,SSP2,Urban,flushPit,0.05,0.608,2060
ESH,SSP2,Urban,openDefecation,0.02,0.684,2085
ESH,SSP2,Urban,openDefecation,0.05,0.638,2070
ESH,SSP2,Urban,openDefecation,0.1,0.5,2028
ESH,SSP2,Urban,pitNoSlab,0.01,0.626,2066
ESH,SSP2,Urban,pitNoSlab,0.02,0.597,2056
ESH,SSP2,Urban,pitNoSlab,0.05,0.572,2048
ESH,SSP3,Rural,flushSewer,0.01,0.428,2034
ESH,SSP3,Urban,bucketLatrine,0.01,0.457,2081
ESH,SSP3,Urban,flushPit,0.01,0.442,2055
ESH,SSP4,Rural,flushSewer,0.01,0.428,2043
ESH,SSP4,Urban,bucketLatrine,0.01,0.457,2074
ESH,SSP4,Urban,flushPit,0.01,0.442,2058
ESH,SSP5,Rural,compostingToilet,0.01,0.658,2047
ESH,SSP5,Rural,flushPit,0.02,0.647,2045
ESH,SSP5,Rural,flushPit,0.05,0.63,2042
ESH,SSP5,Rural,flushUnknown,0.01,0.719,2064
ESH,SSP5,Rural,flushUnknown,0.02,0.706,2060
ESH,SSP5,Rural,flushUnknown,0.05,0.662,2048
ESH,SSP5,Rural,openDefecation,0.01,0.775,2081
ESH,SSP5,Rural,openDefecation,0.02,0.764,2078
ESH,SSP5,Rural,openDefecation,0.05,0.706,2060
ESH,SSP5,Rural,openDefecation,0.1,0.646,2045
ESH,SSP5,Rural,pitNoSlab,0.01,0.636,2043
ESH,SSP5,Rural,pitNoSlab,0.02,0.622,2040
ESH,SSP5,Rural,pitNoSlab,0.05,0.602,2036
ESH,SSP5,Urban,flushPit,0.02,0.738,2070
ESH,SSP5,Urban,flushPit,0.05,0.608,2037
ESH,SSP5,Urban,openDefecation,0.01,0.733,2068
ESH,SSP5,Urban,openDefecation,0.02,0.684,2054
ESH,SSP5,Urban,openDefecation,0.05,0.638,2043
ESH,SSP5,Urban,pitNoSlab,0.01,0.626,2041
ESH,SSP5,Urban,pitNoSlab,0.02,0.597,2035
ESH,SSP5,Urban,pitNoSlab,0.05,0.572,2030
ESP,SSP1,Rural,pitSlab,0.01,0.944,2037
ESP,SSP1,Rural,pitSlab,0.02,0.938,2034
ESP,SSP1,Urban,other,0.01,0.932,2030
ESP,SSP1,Urban,pitSlab,0.01,0.944,2037
ESP,SSP1,Urban,pitSlab,0.02,0.938,2034
ESP,SSP2,Rural,pitSlab,0.01,0.944,2037
ESP,SSP2,Rural,pitSlab,0.02,0.938,2034
ESP,SSP2,Urban,other,0.01,0.932,2030
ESP,SSP2,Urban,pitSlab,0.01,0.944,2037
ESP,SSP2,Urban,pitSlab,0.02,0.938,2034
ESP,SSP3,Rural,pitSlab,0.01,0.944,2049
ESP,SSP3,Rural,pitSlab,0.02,0.938,2043
ESP,SSP3,Urban,other,0.01,0.932,2037
ESP,SSP3,Urban,pitSlab,0.01,0.944,2049
ESP,SSP3,Urban,pitSlab,0.02,0.938,2043
ESP,SSP4,Rural,pitSlab,0.01,0.944,2043
ESP,SSP4,Rural,pitSlab,0.02,0.938,2038
ESP,SSP4,Urban,other,0.01,0.932,2033
ESP,SSP4,Urban,pitSlab,0.01,0.944,2043
ESP,SSP4,Urban,pitSlab,0.02,0.938,2038
ESP,SSP5,Rural,pitSlab,0.01,0.944,2037
ESP,SSP5,Rural,pitSlab,0.02,0.938,2033
ESP,SSP5,Urban,other,0.01,0.932,2030
ESP,SSP5,Urban,pitSlab,0.01,0.944,2037
ESP,SSP5,Urban,pitSlab,0.02,0.938,2033
EST,SSP1,Rural,pitSlab,0.02,0.938,2088
EST,SSP1,Urban,other,0.01,0.932,2063
EST,SSP1,Urban,pitSlab,0.02,0.938,2088
EST,SSP2,Rural,pitSlab,0.02,0.938,2091
EST,SSP2,Urban,other,0.01,0.932,2074
EST,SSP2,Urban,pitSlab,0.02,0.938,2091
EST,SSP3,Urban,other,0.01,0.932,2086
EST,SSP4,Urban,other,0.01,0.932,2085
EST,SSP5,Rural,pitSlab,0.02,0.938,2083
EST,SSP5,Urban,other,0.01,0.932,2058
EST,SSP5,Urban,pitSlab,0.02,0.938,2083
ETH,SSP1,Rural,compostingToilet,0.01,0.658,2056
ETH,SSP1,Rural,flushPit,0.02,0.647,2054
ETH,SSP1,Rural,flushPit,0.05,0.63,2050
ETH,SSP1,Rural,flushUnknown,0.01,0.719,2072
ETH,SSP1,Rural,flushUnknown,0.02,0.706,2068
ETH,SSP1,Rural,flushUnknown,0.05,0.662,2058
ETH,SSP1,Rural,openDefecation,0.01,0.775,2086
ETH,SSP1,Rural,openDefecation,0.02,0.764,2083
ETH,SSP1,Rural,openDefecation,0.05,0.706,2068
ETH,SSP1,Rural,openDefecation,0.1,0.646,2054
ETH,SSP1,Rural,pitNoSlab,0.01,0.636,2051
ETH,SSP1,Rural,pitNoSlab,0.02,0.622,2048
ETH,SSP1,Rural,pitNoSlab,0.05,0.602,2044
ETH,SSP1,Urban,flushPit,0.02,0.738,2076
ETH,SSP1,Urban,flushPit,0.05,0.608,2045
ETH,SSP1,Urban,openDefecation,0.01,0.733,2075
ETH,SSP1,Urban,openDefecation,0.02,0.684,2063
ETH,SSP1,Urban,openDefecation,0.05,0.638,2052
ETH,SSP1,Urban,openDefecation,0.1,0.5,2026
ETH,SSP1,Urban,pitNoSlab,0.01,0.626,2049
ETH,SSP1,Urban,pitNoSlab,0.02,0.597,2043
ETH,SSP1,Urban,pitNoSlab,0.05,0.572,2039
ETH,SSP2,Rural,compostingToilet,0.01,0.658,2070
ETH,SSP2,Rural,flushPit,0.02,0.647,2066
ETH,SSP2,Rural,flushPit,0.05,0.63,2061
ETH,SSP2,Rural,flushUnknown,0.01,0.719,2087
ETH,SSP2,Rural,flushUnknown,0.02,0.706,2084
ETH,SSP2,Rural,flushUnknown,0.05,0.662,2071
ETH,SSP2,Rural,openDefecation,0.05,0.706,2084
ETH,SSP2,Rural,openDefecation,0.1,0.646,2066
ETH,SSP2,Rural,pitNoSlab,0.01,0.636,2063
ETH,SSP2,Rural,pitNoSlab,0.02,0.622,2059
ETH,SSP2,Rural,pitNoSlab,0.05,0.602,2053
ETH,SSP2,Urban,flushPit,0.02,0.738,2093
ETH,SSP2,Urban,flushPit,0.05,0.608,2055
ETH,SSP2,Urban,openDefecation,0.01,0.733,2092
ETH,SSP2,Urban,openDefecation,0.02,0.684,2077
ETH,SSP2,Urban,openDefecation,0.05,0.638,2064
ETH,SSP2,Urban,openDefecation,0.1,0.5,2026
ETH,SSP2,Urban,pitNoSlab,0.01,0.626,2060
ETH,SSP2,Urban,pitNoSlab,0.02,0.597,2052
ETH,SSP2,Urban,pitNoSlab,0.05,0.572,2045
ETH,SSP3,Urban,openDefecation,0.1,0.5,2028
ETH,SSP4,Urban,openDefecation,0.1,0.5,2028
ETH,SSP5,Rural,compostingToilet,0.01,0.658,2053
ETH,SSP5,Rural,flushPit,0.01,0.838,2096
ETH,SSP5,Rural,flushPit,0.02,0.647,2050
ETH,SSP5,Rural,flushPit,0.05,0.63,2047
ETH,SSP5,Rural,flushUnknown,0.01,0.719,2068
ETH,SSP5,Rural,flushUnknown,0.02,0.706,2064
ETH,SSP5,Rural,flushUnknown,0.05,0.662,2054
ETH,SSP5,Rural,openDefecation,0.01,0.775,2081
ETH,SSP5,Rural,openDefecation,0.02,0.764,2078
ETH,SSP5,Rural,openDefecation,0.05,0.706,2064
ETH,SSP5,Rural,openDefecation,0.1,0.646,2050
ETH,SSP5,Rural,pitNoSlab,0.01,0.636,2048
ETH,SSP5,Rural,pitNoSlab,0.02,0.622,2046
ETH,SSP5,Rural,pitNoSlab,0.05,0.602,2043
ETH,SSP5,Rural,pitSlab,0.1,0.851,2099
ETH,SSP5,Urban,flushPit,0.02,0.738,2072
ETH,SSP5,Urban,flushPit,0.05,0.608,2044
ETH,SSP5,Urban,openDefecation,0.01,0.733,2071
ETH,SSP5,Urban,openDefecation,0.02,0.684,2059
ETH,SSP5,Urban,openDefecation,0.05,0.638,2049
ETH,SSP5,Urban,openDefecation,0.1,0.5,2025
ETH,SSP5,Urban,pitNoSlab,0.01,0.626,2047
ETH,SSP5,Urban,pitNoSlab,0.02,0.597,2042
ETH,SSP5,Urban,pitNoSlab,0.05,0.572,2037
FJI,SSP1,Rural,openDefecation,0.01,0.775,2045
FJI,SSP1,Rural,openDefecation,0.02,0.764,2040
FJI,SSP1,Urban,flushPit,0.02,0.738,2028
FJI,SSP1,Urban,openDefecation,0.01,0.733,2026
FJI,SSP2,Rural,openDefecation,0.01,0.775,2049
FJI,SSP2,Rural,openDefecation,0.02,0.764,2042
FJI,SSP2,Urban,flushPit,0.02,0.738,2028
FJI,SSP2,Urban,openDefecation,0.01,0.733,2026
FJI,SSP3,Rural,openDefecation,0.01,0.775,2085
FJI,SSP3,Rural,openDefecation,0.02,0.764,2065
FJI,SSP3,Urban,flushPit,0.02,0.738,2030
FJI,SSP3,Urban,openDefecation,0.01,0.733,2026
FJI,SSP4,Rural,openDefecation,0.01,0.775,2088
FJI,SSP4,Rural,openDefecation,0.02,0.764,2067
FJI,SSP4,Urban,flushPit,0.02,0.738,2031
FJI,SSP4,Urban,openDefecation,0.01,0.733,2027
FJI,SSP5,Rural,openDefecation,0.01,0.775,2045
FJI,SSP5,Rural,openDefecation,0.02,0.764,2039
FJI,SSP5,Urban,flushPit,0.02,0.738,2027
FJI,SSP5,Urban,openDefecation,0.01,0.733,2026
FLK,SSP1,Rural,flushPit,0.01,0.838,2093
FLK,SSP1,Rural,openDefecation,0.01,0.775,2045
FLK,SSP1,Rural,openDefecation,0.02,0.764,2040
FLK,SSP1,Urban,flushPit,0.02,0.738,2029
FLK,SSP1,Urban,openDefecation,0.01,0.733,2027
FLK,SSP2,Rural,flushUnknown,0.01,0.719,2030
FLK,SSP2,Rural,openDefecation,0.01,0.775,2062
FLK,SSP2,Rural,openDefecation,0.02,0.764,2054
FLK,SSP2,Urban,flushPit,0.02,0.738,2039
FLK,SSP2,Urban,openDefecation,0.01,0.733,2037
FLK,SSP3,Rural,flushUnknown,0.02,0.706,2084
FLK,SSP3,Rural,openDefecation,0.05,0.706,2084
FLK,SSP3,Urban,openDefecation,0.02,0.684,2041
FLK,SSP4,Rural,flushUnknown,0.02,0.706,2085
FLK,SSP4,Rural,flushUnknown,0.05,0.662,2025
FLK,SSP4,Rural,openDefecation,0.05,0.706,2085
FLK,SSP4,Urban,openDefecation,0.02,0.684,2049
FLK,SSP5,Rural,flushPit,0.01,0.838,2092
FLK,SSP5,Rural,openDefecation,0.01,0.775,2044
FLK,SSP5,Rural,openDefecation,0.02,0.764,2039
FLK,SSP5,Urban,flushPit,0.02,0.738,2028
FLK,SSP5,Urban,openDefecation,0.01,0.733,2027
FRA,SSP1,Rural,pitSlab,0.01,0.944,2037
FRA,SSP1,Rural,pitSlab,0.02,0.938,2033
FRA,SSP1,Urban,other,0.01,0.932,2030
FRA,SSP1,Urban,pitSlab,0.01,0.944,2037
FRA,SSP1,Urban,pitSlab,0.02,0.938,2033
FRA,SSP2,Rural,pitSlab,0.01,0.944,2038
FRA,SSP2,Rural,pitSlab,0.02,0.938,2034
FRA,SSP2,Urban,other,0.01,0.932,2030
FRA,SSP2,Urban,pitSlab,0.01,0.944,2038
FRA,SSP2,Urban,pitSlab,0.02,0.938,2034
FRA,SSP3,Rural,pitSlab,0.01,0.944,2049
FRA,SSP3,Rural,pitSlab,0.02,0.938,2043
FRA,SSP3,Urban,other,0.01,0.932,2037
FRA,SSP3,Urban,pitSlab,0.01,0.944,2049
FRA,SSP3,Urban,pitSlab,0.02,0.938,2043
FRA,SSP4,Rural,pitSlab,0.01,0.944,2042
FRA,SSP4,Rural,pitSlab,0.02,0.938,2037
FRA,SSP4,Urban,other,0.01,0.932,2032
FRA,SSP4,Urban,pitSlab,0.01,0.944,2042
FRA,SSP4,Urban,pitSlab,0.02,0.938,2037
FRA,SSP5,Rural,pitSlab,0.01,0.944,2038
FRA,SSP5,Rural,pitSlab,0.02,0.938,2033
FRA,SSP5,Urban,other,0.01,0.932,2029
FRA,SSP5,Urban,pitSlab,0.01,0.944,2038
FRA,SSP5,Urban,pitSlab,0.02,0.938,2033
FRO,SSP1,Rural,flushPit,0.01,0.838,2029
FRO,SSP1,Rural,pitSlab,0.05,0.87,2059
FRO,SSP1,Rural,pitSlab,0.1,0.851,2038
FRO,SSP1,Urban,flushSeptic,0.1,0.865,2049
FRO,SSP1,Urban,pitSlab,0.05,0.867,2052
FRO,SSP2,Rural,flushPit,0.01,0.838,2034
FRO,SSP2,Rural,pitSlab,0.05,0.87,2072
FRO,SSP2,Rural,pitSlab,0.1,0.851,2046
FRO,SSP2,Urban,flushSeptic,0.1,0.865,2064
FRO,SSP2,Urban,pitSlab,0.05,0.867,2067
FRO,SSP3,Rural,flushPit,0.01,0.838,2074
FRO,SSP3,Rural,pitSlab,0.1,0.851,2098
FRO,SSP4,Rural,flushPit,0.01,0.838,2076
FRO,SSP5,Rural,flushPit,0.01,0.838,2028
FRO,SSP5,Rural,pitSlab,0.05,0.87,2062
FRO,SSP5,Rural,pitSlab,0.1,0.851,2037
FRO,SSP5,Urban,flushSeptic,0.1,0.865,2049
FRO,SSP5,Urban,pitSlab,0.05,0.867,2053
FSM,SSP1,Rural,compostingToilet,0.01,0.658,2045
FSM,SSP1,Rural,flushPit,0.02,0.647,2039
FSM,SSP1,Rural,flushPit,0.05,0.63,2031
FSM,SSP1,Rural,flushUnknown,0.02,0.706,2090
FSM,SSP1,Rural,flushUnknown,0.05,0.662,2047
FSM,SSP1,Rural,openDefecation,0.05,0.706,2090
FSM,SSP1,Rural,openDefecation,0.1,0.646,2039
FSM,SSP1,Rural,pitNoSlab,0.01,0.636,2034
FSM,SSP1,Rural,pitNoSlab,0.02,0.622,2028
FSM,SSP1,Urban,openDefecation,0.02,0.684,2067
FSM,SSP1,Urban,openDefecation,0.05,0.638,2035
FSM,SSP1,Urban,pitNoSlab,0.01,0.626,2029
FSM,SSP2,Rural,compostingToilet,0.01,0.658,2048
FSM,SSP2,Rural,flushPit,0.02,0.647,2042
FSM,SSP2,Rural,flushPit,0.05,0.63,2032
FSM,SSP2,Rural,flushUnknown,0.02,0.706,2091
FSM,SSP2,Rural,flushUnknown,0.05,0.662,2051
FSM,SSP2,Rural,openDefecation,0.05,0.706,2091
FSM,SSP2,Rural,openDefecation,0.1,0.646,2041
FSM,SSP2,Rural,pitNoSlab,0.01,0.636,2035
FSM,SSP2,Rural,pitNoSlab,0.02,0.622,2028
FSM,SSP2,Urban,openDefecation,0.02,0.684,2071
FSM,SSP2,Urban,openDefecation,0.05,0.638,2036
FSM,SSP2,Urban,pitNoSlab,0.01,0.626,2030
FSM,SSP3,Rural,compostingToilet,0.01,0.658,2083
FSM,SSP3,Rural,flushPit,0.02,0.647,2063
FSM,SSP3,Rural,flushPit,0.05,0.63,2039
FSM,SSP3,Rural,flushUnknown,0.05,0.662,2091
FSM,SSP3,Rural,openDefecation,0.1,0.646,2061
FSM,SSP3,Rural,pitNoSlab,0.01,0.636,2046
FSM,SSP3,Rural,pitNoSlab,0.02,0.622,2030
FSM,SSP3,Urban,openDefecation,0.05,0.638,2048
FSM,SSP3,Urban,pitNoSlab,0.01,0.626,2034
FSM,SSP4,Rural,compostingToilet,0.01,0.658,2087
FSM,SSP4,Rural,flushPit,0.02,0.647,2065
FSM,SSP4,Rural,flushPit,0.05,0.63,2040
FSM,SSP4,Rural,flushUnknown,0.05,0.662,2094
FSM,SSP4,Rural,openDefecation,0.1,0.646,2063
FSM,SSP4,Rural,pitNoSlab,0.01,0.636,2047
FSM,SSP4,Rural,pitNoSlab,0.02,0.622,2031
FSM,SSP4,Urban,openDefecation,0.05,0.638,2049
FSM,SSP4,Urban,pitNoSlab,0.01,0.626,2036
FSM,SSP5,Rural,compostingToilet,0.01,0.658,2044
FSM,SSP5,Rural,flushPit,0.02,0.647,2038
FSM,SSP5,Rural,flushPit,0.05,0.63,2030
FSM,SSP5,Rural,flushUnknown,0.02,0.706,2093
FSM,SSP5,Rural,flushUnknown,0.05,0.662,2046
FSM,SSP5,Rural,openDefecation,0.05,0.706,2093
FSM,SSP5,Rural,openDefecation,0.1,0.646,2038
FSM,SSP5,Rural,pitNoSlab,0.01,0.636,2033
FSM,SSP5,Rural,pitNoSlab,0.02,0.622,2027
FSM,SSP5,Urban,openDefecation,0.02,0.684,2067
FSM,SSP5,Urban,openDefecation,0.05,0.638,2034
FSM,SSP5,Urban,pitNoSlab,0.01,0.626,2028
GAB,SSP1,Rural,flushPit,0.01,0.838,2072
GAB,SSP1,Rural,openDefecation,0.01,0.775,2040
GAB,SSP1,Rural,openDefecation,0.02,0.764,2036
GAB,SSP1,Rural,pitSlab,0.05,0.87,2092
GAB,SSP1,Rural,pitSlab,0.1,0.851,2080
GAB,SSP1,Urban,flushPit,0.02,0.738,2027
GAB,SSP1,Urban,flushSeptic,0.1,0.865,2089
GAB,SSP1,Urban,openDefecation,0.01,0.733,2025
GAB,SSP1,Urban,pitSlab,0.05,0.867,2090
GAB,SSP2,Rural,flushPit,0.01,0.838,2084
GAB,SSP2,Rural,openDefecation,0.01,0.775,2047
GAB,SSP2,Rural,openDefecation,0.02,0.764,2041
GAB,SSP2,Rural,pitSlab,0.1,0.851,2091
GAB,SSP2,Urban,flushPit,0.02,0.738,2028
GAB,SSP2,Urban,flushSeptic,0.1,0.865,2099
GAB,SSP2,Urban,openDefecation,0.01,0.733,2025
GAB,SSP5,Rural,flushPit,0.01,0.838,2072
GAB,SSP5,Rural,openDefecation,0.01,0.775,2040
GAB,SSP5,Rural,openDefecation,0.02,0.764,2035
GAB,SSP5,Rural,pitSlab,0.05,0.87,2092
GAB,SSP5,Rural,pitSlab,0.1,0.851,2081
GAB,SSP5,Urban,flushPit,0.02,0.738,2026
GAB,SSP5,Urban,flushSeptic,0.1,0.865,2089
GAB,SSP5,Urban,openDefecation,0.01,0.733,2025
GAB,SSP5,Urban,pitSlab,0.05,0.867,2091
GEO,SSP1,Rural,pitSlab,0.05,0.87,2048
GEO,SSP1,Rural,pitSlab,0.1,0.851,2027
GEO,SSP1,Urban,flushSeptic,0.1,0.865,2039
GEO,SSP1,Urban,pitSlab,0.05,0.867,2043
GEO,SSP2,Rural,pitSlab,0.05,0.87,2060
GEO,SSP2,Rural,pitSlab,0.1,0.851,2028
GEO,SSP2,Urban,flushSeptic,0.1,0.865,2048
GEO,SSP2,Urban,pitSlab,0.05,0.867,2052
GEO,SSP3,Rural,pitSlab,0.05,0.87,2056
GEO,SSP3,Rural,pitSlab,0.1,0.851,2028
GEO,SSP3,Urban,flushSeptic,0.1,0.865,2046
GEO,SSP3,Urban,pitSlab,0.05,0.867,2050
GEO,SSP4,Rural,pitSlab,0.05,0.87,2070
GEO,SSP4,Rural,pitSlab,0.1,0.851,2028
GEO,SSP4,Urban,flushSeptic,0.1,0.865,2058
GEO,SSP4,Urban,pitSlab,0.05,0.867,2063
GEO,SSP5,Rural,pitSlab,0.05,0.87,2045
GEO,SSP5,Rural,pitSlab,0.1,0.851,2027
GEO,SSP5,Urban,flushSeptic,0.1,0.865,2037
GEO,SSP5,Urban,pitSlab,0.05,0.867,2040
GGY,SSP1,Rural,flushPit,0.01,0.838,2029
GGY,SSP1,Rural,pitSlab,0.05,0.87,2059
GGY,SSP1,Rural,pitSlab,0.1,0.851,2038
GGY,SSP1,Urban,flushSeptic,0.1,0.865,2049
GGY,SSP1,Urban,pitSlab,0.05,0.867,2052
GGY,SSP2,Rural,flushPit,0.01,0.838,2034
GGY,SSP2,Rural,pitSlab,0.05,0.87,2072
GGY,SSP2,Rural,pitSlab,0.1,0.851,2046
GGY,SSP2,Urban,flushSeptic,0.1,0.865,2064
GGY,SSP2,Urban,pitSlab,0.05,0.867,2067
GGY,SSP3,Rural,flushPit,0.01,0.838,2074
GGY,SSP3,Rural,pitSlab,0.1,0.851,2098
GGY,SSP4,Rural,flushPit,0.01,0.838,2076
GGY,SSP5,Rural,flushPit,0.01,0.838,2028
GGY,SSP5,Rural,pitSlab,0.05,0.87,2062
GGY,SSP5,Rural,pitSlab,0.1,0.851,2037
GGY,SSP5,Urban,flushSeptic,0.1,0.865,2049
GGY,SSP5,Urban,pitSlab,0.05,0.867,2053
GHA,SSP1,Rural,compostingToilet,0.01,0.658,2031
GHA,SSP1,Rural,flushPit,0.01,0.838,2078
GHA,SSP1,Rural,flushPit,0.02,0.647,2029
GHA,SSP1,Rural,flushPit,0.05,0.63,2025
GHA,SSP1,Rural,flushSeptic,0.1,0.898,2098
GHA,SSP1,Rural,flushUnknown,0.01,0.719,2043
GHA,SSP1,Rural,flushUnknown,0.02,0.706,2041
GHA,SSP1,Rural,flushUnknown,0.05,0.662,2031
GHA,SSP1,Rural,openDefecation,0.01,0.775,2058
GHA,SSP1,Rural,openDefecation,0.02,0.764,2054
GHA,SSP1,Rural,openDefecation,0.05,0.706,2041
GHA,SSP1,Rural,openDefecation,0.1,0.646,2028
GHA,SSP1,Rural,pitNoSlab,0.01,0.636,2026
GHA,SSP1,Rural,pitSlab,0.05,0.87,2089
GHA,SSP1,Rural,pitSlab,0.1,0.851,2083
GHA,SSP1,Urban,flushPit,0.02,0.738,2047
GHA,SSP1,Urban,flushSeptic,0.1,0.865,2087
GHA,SSP1,Urban,openDefecation,0.01,0.733,2046
GHA,SSP1,Urban,openDefecation,0.02,0.684,2036
GHA,SSP1,Urban,openDefecation,0.05,0.638,2027
GHA,SSP1,Urban,pitSlab,0.05,0.867,2088
GHA,SSP2,Rural,compostingToilet,0.01,0.658,2035
GHA,SSP2,Rural,flushPit,0.01,0.838,2094
GHA,SSP2,Rural,flushPit,0.02,0.647,2031
GHA,SSP2,Rural,flushPit,0.05,0.63,2026
GHA,SSP2,Rural,flushUnknown,0.01,0.719,2053
GHA,SSP2,Rural,flushUnknown,0.02,0.706,2049
GHA,SSP2,Rural,flushUnknown,0.05,0.662,2036
GHA,SSP2,Rural,openDefecation,0.01,0.775,2073
GHA,SSP2,Rural,openDefecation,0.02,0.764,2069
GHA,SSP2,Rural,openDefecation,0.05,0.706,2049
GHA,SSP2,Rural,openDefecation,0.1,0.646,2031
GHA,SSP2,Rural,pitNoSlab,0.01,0.636,2028
GHA,SSP2,Rural,pitSlab,0.1,0.851,2099
GHA,SSP2,Urban,flushPit,0.02,0.738,2060
GHA,SSP2,Urban,openDefecation,0.01,0.733,2058
GHA,SSP2,Urban,openDefecation,0.02,0.684,2042
GHA,SSP2,Urban,openDefecation,0.05,0.638,2028
GHA,SSP3,Rural,compostingToilet,0.01,0.658,2095
GHA,SSP3,Rural,flushPit,0.02,0.647,2069
GHA,SSP3,Rural,flushPit,0.05,0.63,2028
GHA,SSP3,Rural,openDefecation,0.1,0.646,2067
GHA,SSP3,Rural,pitNoSlab,0.01,0.636,2042
GHA,SSP3,Urban,openDefecation,0.05,0.638,2048
GHA,SSP4,Rural,compostingToilet,0.01,0.658,2058
GHA,SSP4,Rural,flushPit,0.02,0.647,2047
GHA,SSP4,Rural,flushPit,0.05,0.63,2028
GHA,SSP4,Rural,flushUnknown,0.05,0.662,2062
GHA,SSP4,Rural,openDefecation,0.1,0.646,2046
GHA,SSP4,Rural,pitNoSlab,0.01,0.636,2035
GHA,SSP4,Urban,openDefecation,0.02,0.684,2083
GHA,SSP4,Urban,openDefecation,0.05,0.638,2037
GHA,SSP5,Rural,compostingToilet,0.01,0.658,2030
GHA,SSP5,Rural,flushPit,0.01,0.838,2074
GHA,SSP5,Rural,flushPit,0.02,0.647,2028
GHA,SSP5,Rural,flushPit,0.05,0.63,2025
GHA,SSP5,Rural,flushSeptic,0.1,0.898,2093
GHA,SSP5,Rural,flushUnknown,0.01,0.719,2042
GHA,SSP5,Rural,flushUnknown,0.02,0.706,2039
GHA,SSP5,Rural,flushUnknown,0.05,0.662,2031
GHA,SSP5,Rural,openDefecation,0.01,0.775,2054
GHA,SSP5,Rural,openDefecation,0.02,0.764,2051
GHA,SSP5,Rural,openDefecation,0.05,0.706,2039
GHA,SSP5,Rural,openDefecation,0.1,0.646,2028
GHA,SSP5,Rural,pitNoSlab,0.01,0.636,2026
GHA,SSP5,Rural,pitSlab,0.05,0.87,2084
GHA,SSP5,Rural,pitSlab,0.1,0.851,2078
GHA,SSP5,Urban,flushPit,0.02,0.738,2046
GHA,SSP5,Urban,flushSeptic,0.1,0.865,2083
GHA,SSP5,Urban,openDefecation,0.01,0.733,2045
GHA,SSP5,Urban,openDefecation,0.02,0.684,2035
GHA,SSP5,Urban,openDefecation,0.05,0.638,2027
GHA,SSP5,Urban,pitSlab,0.05,0.867,2083
GIB,SSP1,Rural,flushPit,0.01,0.838,2029
GIB,SSP1,Rural,pitSlab,0.05,0.87,2059
GIB,SSP1,Rural,pitSlab,0.1,0.851,2038
GIB,SSP1,Urban,flushSeptic,0.1,0.865,2049
GIB,SSP1,Urban,pitSlab,0.05,0.867,2052
GIB,SSP2,Rural,flushPit,0.01,0.838,2034
GIB,SSP2,Rural,pitSlab,0.05,0.87,2072
GIB,SSP2,Rural,pitSlab,0.1,0.851,2046
GIB,SSP2,Urban,flushSeptic,0.1,0.865,2064
GIB,SSP2,Urban,pitSlab,0.05,0.867,2067
GIB,SSP3,Rural,flushPit,0.01,0.838,2074
GIB,SSP3,Rural,pitSlab,0.1,0.851,2098
GIB,SSP4,Rural,flushPit,0.01,0.838,2076
GIB,SSP5,Rural,flushPit,0.01,0.838,2028
GIB,SSP5,Rural,pitSlab,0.05,0.87,2062
GIB,SSP5,Rural,pitSlab,0.1,0.851,2037
GIB,SSP5,Urban,flushSeptic,0.1,0.865,2049
GIB,SSP5,Urban,pitSlab,0.05,0.867,2053
GIN,SSP1,Rural,compostingToilet,0.01,0.658,2048
GIN,SSP1,Rural,flushPit,0.01,0.838,2088
GIN,SSP1,Rural,flushPit,0.02,0.647,2046
GIN,SSP1,Rural,flushPit,0.05,0.63,2044
GIN,SSP1,Rural,flushUnknown,0.01,0.719,2061
GIN,SSP1,Rural,flushUnknown,0.02,0.706,2058
GIN,SSP1,Rural,flushUnknown,0.05,0.662,2049
GIN,SSP1,Rural,openDefecation,0.01,0.775,2074
GIN,SSP1,Rural,openDefecation,0.02,0.764,2071
GIN,SSP1,Rural,openDefecation,0.05,0.706,2058
GIN,SSP1,Rural,openDefecation,0.1,0.646,2046
GIN,SSP1,Rural,pitNoSlab,0.01,0.636,2045
GIN,SSP1,Rural,pitNoSlab,0.02,0.622,2043
GIN,SSP1,Rural,pitNoSlab,0.05,0.602,2040
GIN,SSP1,Rural,pitSlab,0.05,0.87,2095
GIN,SSP1,Rural,pitSlab,0.1,0.851,2091
GIN,SSP1,Urban,flushPit,0.02,0.738,2065
GIN,SSP1,Urban,flushPit,0.05,0.608,2041
GIN,SSP1,Urban,flushSeptic,0.1,0.865,2094
GIN,SSP1,Urban,openDefecation,0.01,0.733,2064
GIN,SSP1,Urban,openDefecation,0.02,0.684,2053
GIN,SSP1,Urban,openDefecation,0.05,0.638,2045
GIN,SSP1,Urban,openDefecation,0.1,0.5,2025
GIN,SSP1,Urban,pitNoSlab,0.01,0.626,2043
GIN,SSP1,Urban,pitNoSlab,0.02,0.597,2039
GIN,SSP1,Urban,pitNoSlab,0.05,0.572,2035
GIN,SSP1,Urban,pitSlab,0.05,0.867,2095
GIN,SSP2,Rural,compostingToilet,0.01,0.658,2058
GIN,SSP2,Rural,flushPit,0.02,0.647,2055
GIN,SSP2,Rural,flushPit,0.05,0.63,2051
GIN,SSP2,Rural,flushUnknown,0.01,0.719,2073
GIN,SSP2,Rural,flushUnknown,0.02,0.706,2070
GIN,SSP2,Rural,flushUnknown,0.05,0.662,2059
GIN,SSP2,Rural,openDefecation,0.01,0.775,2087
GIN,SSP2,Rural,openDefecation,0.02,0.764,2084
GIN,SSP2,Rural,openDefecation,0.05,0.706,2070
GIN,SSP2,Rural,openDefecation,0.1,0.646,2055
GIN,SSP2,Rural,pitNoSlab,0.01,0.636,2053
GIN,SSP2,Rural,pitNoSlab,0.02,0.622,2049
GIN,SSP2,Rural,pitNoSlab,0.05,0.602,2045
GIN,SSP2,Urban,flushPit,0.02,0.738,2078
GIN,SSP2,Urban,flushPit,0.05,0.608,2047
GIN,SSP2,Urban,openDefecation,0.01,0.733,2077
GIN,SSP2,Urban,openDefecation,0.02,0.684,2065
GIN,SSP2,Urban,openDefecation,0.05,0.638,2053
GIN,SSP2,Urban,openDefecation,0.1,0.5,2025
GIN,SSP2,Urban,pitNoSlab,0.01,0.626,2050
GIN,SSP2,Urban,pitNoSlab,0.02,0.597,2044
GIN,SSP2,Urban,pitNoSlab,0.05,0.572,2039
GIN,SSP3,Urban,openDefecation,0.1,0.5,2025
GIN,SSP4,Urban,openDefecation,0.1,0.5,2025
GIN,SSP5,Rural,compostingToilet,0.01,0.658,2047
GIN,SSP5,Rural,flushPit,0.01,0.838,2085
GIN,SSP5,Rural,flushPit,0.02,0.647,2045
GIN,SSP5,Rural,flushPit,0.05,0.63,2043
GIN,SSP5,Rural,flushSeptic,0.1,0.898,2098
GIN,SSP5,Rural,flushUnknown,0.01,0.719,2058
GIN,SSP5,Rural,flushUnknown,0.02,0.706,2056
GIN,SSP5,Rural,flushUnknown,0.05,0.662,2047
GIN,SSP5,Rural,openDefecation,0.01,0.775,2071
GIN,SSP5,Rural,openDefecation,0.02,0.764,2068
GIN,SSP5,Rural,openDefecation,0.05,0.706,2056
GIN,SSP5,Rural,openDefecation,0.1,0.646,2045
GIN,SSP5,Rural,pitNoSlab,0.01,0.636,2044
GIN,SSP5,Rural,pitNoSlab,0.02,0.622,2042
GIN,SSP5,Rural,pitNoSlab,0.05,0.602,2039
GIN,SSP5,Rural,pitSlab,0.05,0.87,2092
GIN,SSP5,Rural,pitSlab,0.1,0.851,2087
GIN,SSP5,Urban,flushPit,0.02,0.738,2063
GIN,SSP5,Urban,flushPit,0.05,0.608,2040
GIN,SSP5,Urban,flushSeptic,0.1,0.865,2091
GIN,SSP5,Urban,openDefecation,0.01,0.733,2061
GIN,SSP5,Urban,openDefecation,0.02,0.684,2051
GIN,SSP5,Urban,openDefecation,0.05,0.638,2044
GIN,SSP5,Urban,openDefecation,0.1,0.5,2025
GIN,SSP5,Urban,pitNoSlab,0.01,0.626,2042
GIN,SSP5,Urban,pitNoSlab,0.02,0.597,2038
GIN,SSP5,Urban,pitNoSlab,0.05,0.572,2034
GIN,SSP5,Urban,pitSlab,0.05,0.867,2091
GLP,SSP1,Rural,flushPit,0.01,0.838,2093
GLP,SSP1,Rural,openDefecation,0.01,0.775,2045
GLP,SSP1,Rural,openDefecation,0.02,0.764,2040
GLP,SSP1,Urban,flushPit,0.02,0.738,2029
GLP,SSP1,Urban,openDefecation,0.01,0.733,2027
GLP,SSP2,Rural,flushUnknown,0.01,0.719,2030
GLP,SSP2,Rural,openDefecation,0.01,0.775,2062
GLP,SSP2,Rural,openDefecation,0.02,0.764,2054
GLP,SSP2,Urban,flushPit,0.02,0.738,2039
GLP,SSP2,Urban,openDefecation,0.01,0.733,2037
GLP,SSP3,Rural,flushUnknown,0.02,0.706,2084
GLP,SSP3,Rural,openDefecation,0.05,0.706,2084
GLP,SSP3,Urban,openDefecation,0.02,0.684,2041
GLP,SSP4,Rural,flushUnknown,0.02,0.706,2085
GLP,SSP4,Rural,flushUnknown,0.05,0.662,2025
GLP,SSP4,Rural,openDefecation,0.05,0.706,2085
GLP,SSP4,Urban,openDefecation,0.02,0.684,2049
GLP,SSP5,Rural,flushPit,0.01,0.838,2092
GLP,SSP5,Rural,openDefecation,0.01,0.775,2044
GLP,SSP5,Rural,openDefecation,0.02,0.764,2039
GLP,SSP5,Urban,flushPit,0.02,0.738,2028
GLP,SSP5,Urban,openDefecation,0.01,0.733,2027
GMB,SSP1,Rural,compostingToilet,0.01,0.658,2057
GMB,SSP1,Rural,flushPit,0.02,0.647,2053
GMB,SSP1,Rural,flushPit,0.05,0.63,2048
GMB,SSP1,Rural,flushUnknown,0.01,0.719,2079
GMB,SSP1,Rural,flushUnknown,0.02,0.706,2074
GMB,SSP1,Rural,flushUnknown,0.05,0.662,2059
GMB,SSP1,Rural,openDefecation,0.01,0.775,2099
GMB,SSP1,Rural,openDefecation,0.02,0.764,2095
GMB,SSP1,Rural,openDefecation,0.05,0.706,2074
GMB,SSP1,Rural,openDefecation,0.1,0.646,2053
GMB,SSP1,Rural,pitNoSlab,0.01,0.636,2050
GMB,SSP1,Rural,pitNoSlab,0.02,0.622,2046
GMB,SSP1,Rural,pitNoSlab,0.05,0.602,2042
GMB,SSP1,Urban,flushPit,0.02,0.738,2085
GMB,SSP1,Urban,flushPit,0.05,0.608,2043
GMB,SSP1,Urban,openDefecation,0.01,0.733,2084
GMB,SSP1,Urban,openDefecation,0.02,0.684,2066
GMB,SSP1,Urban,openDefecation,0.05,0.638,2050
GMB,SSP1,Urban,pitNoSlab,0.01,0.626,2047
GMB,SSP1,Urban,pitNoSlab,0.02,0.597,2040
GMB,SSP1,Urban,pitNoSlab,0.05,0.572,2034
GMB,SSP2,Rural,compostingToilet,0.01,0.658,2069
GMB,SSP2,Rural,flushPit,0.02,0.647,2065
GMB,SSP2,Rural,flushPit,0.05,0.63,2058
GMB,SSP2,Rural,flushUnknown,0.01,0.719,2092
GMB,SSP2,Rural,flushUnknown,0.02,0.706,2087
GMB,SSP2,Rural,flushUnknown,0.05,0.662,2070
GMB,SSP2,Rural,openDefecation,0.05,0.706,2087
GMB,SSP2,Rural,openDefecation,0.1,0.646,2064
GMB,SSP2,Rural,pitNoSlab,0.01,0.636,2061
GMB,SSP2,Rural,pitNoSlab,0.02,0.622,2055
GMB,SSP2,Rural,pitNoSlab,0.05,0.602,2048
GMB,SSP2,Urban,flushPit,0.02,0.738,2099
GMB,SSP2,Urban,flushPit,0.05,0.608,2050
GMB,SSP2,Urban,openDefecation,0.01,0.733,2097
GMB,SSP2,Urban,openDefecation,0.02,0.684,2079
GMB,SSP2,Urban,openDefecation,0.05,0.638,2061
GMB,SSP2,Urban,pitNoSlab,0.01,0.626,2057
GMB,SSP2,Urban,pitNoSlab,0.02,0.597,2047
GMB,SSP2,Urban,pitNoSlab,0.05,0.572,2039
GMB,SSP5,Rural,compostingToilet,0.01,0.658,2054
GMB,SSP5,Rural,flushPit,0.02,0.647,2050
GMB,SSP5,Rural,flushPit,0.05,0.63,2046
GMB,SSP5,Rural,flushUnknown,0.01,0.719,2074
GMB,SSP5,Rural,flushUnknown,0.02,0.706,2070
GMB,SSP5,Rural,flushUnknown,0.05,0.662,2055
GMB,SSP5,Rural,openDefecation,0.01,0.775,2093
GMB,SSP5,Rural,openDefecation,0.02,0.764,2090
GMB,SSP5,Rural,openDefecation,0.05,0.706,2070
GMB,SSP5,Rural,openDefecation,0.1,0.646,2050
GMB,SSP5,Rural,pitNoSlab,0.01,0.636,2048
GMB,SSP5,Rural,pitNoSlab,0.02,0.622,2045
GMB,SSP5,Rural,pitNoSlab,0.05,0.602,2040
GMB,SSP5,Urban,flushPit,0.02,0.738,2081
GMB,SSP5,Urban,flushPit,0.05,0.608,2041
GMB,SSP5,Urban,openDefecation,0.01,0.733,2079
GMB,SSP5,Urban,openDefecation,0.02,0.684,2062
GMB,SSP5,Urban,openDefecation,0.05,0.638,2048
GMB,SSP5,Urban,pitNoSlab,0.01,0.626,2045
GMB,SSP5,Urban,pitNoSlab,0.02,0.597,2039
GMB,SSP5,Urban,pitNoSlab,0.05,0.572,2034
GNB,SSP1,Rural,compostingToilet,0.01,0.658,2053
GNB,SSP1,Rural,flushPit,0.01,0.838,2099
GNB,SSP1,Rural,flushPit,0.02,0.647,2050
GNB,SSP1,Rural,flushPit,0.05,0.63,2047
GNB,SSP1,Rural,flushUnknown,0.01,0.719,2068
GNB,SSP1,Rural,flushUnknown,0.02,0.706,2065
GNB,SSP1,Rural,flushUnknown,0.05,0.662,2054
GNB,SSP1,Rural,openDefecation,0.01,0.775,2083
GNB,SSP1,Rural,openDefecation,0.02,0.764,2080
GNB,SSP1,Rural,openDefecation,0.05,0.706,2065
GNB,SSP1,Rural,openDefecation,0.1,0.646,2050
GNB,SSP1,Rural,pitNoSlab,0.01,0.636,2048
GNB,SSP1,Rural,pitNoSlab,0.02,0.622,2045
GNB,SSP1,Rural,pitNoSlab,0.05,0.602,2041
GNB,SSP1,Urban,flushPit,0.02,0.738,2073
GNB,SSP1,Urban,flushPit,0.05,0.608,2042
GNB,SSP1,Urban,openDefecation,0.01,0.733,2072
GNB,SSP1,Urban,openDefecation,0.02,0.684,2059
GNB,SSP1,Urban,openDefecation,0.05,0.638,2048
GNB,SSP1,Urban,pitNoSlab,0.01,0.626,2046
GNB,SSP1,Urban,pitNoSlab,0.02,0.597,2040
GNB,SSP1,Urban,pitNoSlab,0.05,0.572,2035
GNB,SSP2,Rural,compostingToilet,0.01,0.658,2063
GNB,SSP2,Rural,flushPit,0.02,0.647,2060
GNB,SSP2,Rural,flushPit,0.05,0.63,2055
GNB,SSP2,Rural,flushUnknown,0.01,0.719,2081
GNB,SSP2,Rural,flushUnknown,0.02,0.706,2077
GNB,SSP2,Rural,flushUnknown,0.05,0.662,2064
GNB,SSP2,Rural,openDefecation,0.01,0.775,2097
GNB,SSP2,Rural,openDefecation,0.02,0.764,2094
GNB,SSP2,Rural,openDefecation,0.05,0.706,2077
GNB,SSP2,Rural,openDefecation,0.1,0.646,2060
GNB,SSP2,Rural,pitNoSlab,0.01,0.636,2057
GNB,SSP2,Rural,pitNoSlab,0.02,0.622,2053
GNB,SSP2,Rural,pitNoSlab,0.05,0.602,2047
GNB,SSP2,Urban,flushPit,0.02,0.738,2086
GNB,SSP2,Urban,flushPit,0.05,0.608,2049
GNB,SSP2,Urban,openDefecation,0.01,0.733,2085
GNB,SSP2,Urban,openDefecation,0.02,0.684,2071
GNB,SSP2,Urban,openDefecation,0.05,0.638,2057
GNB,SSP2,Urban,pitNoSlab,0.01,0.626,2054
GNB,SSP2,Urban,pitNoSlab,0.02,0.597,2046
GNB,SSP2,Urban,pitNoSlab,0.05,0.572,2039
GNB,SSP4,Urban,pitNoSlab,0.05,0.572,2094
GNB,SSP5,Rural,compostingToilet,0.01,0.658,2050
GNB,SSP5,Rural,flushPit,0.01,0.838,2095
GNB,SSP5,Rural,flushPit,0.02,0.647,2048
GNB,SSP5,Rural,flushPit,0.05,0.63,2045
GNB,SSP5,Rural,flushUnknown,0.01,0.719,2065
GNB,SSP5,Rural,flushUnknown,0.02,0.706,2062
GNB,SSP5,Rural,flushUnknown,0.05,0.662,2051
GNB,SSP5,Rural,openDefecation,0.01,0.775,2079
GNB,SSP5,Rural,openDefecation,0.02,0.764,2076
GNB,SSP5,Rural,openDefecation,0.05,0.706,2062
GNB,SSP5,Rural,openDefecation,0.1,0.646,2048
GNB,SSP5,Rural,pitNoSlab,0.01,0.636,2046
GNB,SSP5,Rural,pitNoSlab,0.02,0.622,2043
GNB,SSP5,Rural,pitNoSlab,0.05,0.602,2040
GNB,SSP5,Rural,pitSlab,0.1,0.851,2098
GNB,SSP5,Urban,flushPit,0.02,0.738,2070
GNB,SSP5,Urban,flushPit,0.05,0.608,2041
GNB,SSP5,Urban,openDefecation,0.01,0.733,2068
GNB,SSP5,Urban,openDefecation,0.02,0.684,2056
GNB,SSP5,Urban,openDefecation,0.05,0.638,2046
GNB,SSP5,Urban,pitNoSlab,0.01,0.626,2044
GNB,SSP5,Urban,pitNoSlab,0.02,0.597,2039
GNB,SSP5,Urban,pitNoSlab,0.05,0.572,2034
GNQ,SSP1,Rural,flushUnknown,0.01,0.719,2040
GNQ,SSP1,Rural,flushUnknown,0.02,0.706,2036
GNQ,SSP1,Rural,openDefecation,0.01,0.775,2067
GNQ,SSP1,Rural,openDefecation,0.02,0.764,2060
GNQ,SSP1,Rural,openDefecation,0.05,0.706,2036
GNQ,SSP1,Urban,flushPit,0.02,0.738,2047
GNQ,SSP1,Urban,openDefecation,0.01,0.733,2045
GNQ,SSP1,Urban,openDefecation,0.02,0.684,2028
GNQ,SSP2,Rural,flushUnknown,0.01,0.719,2045
GNQ,SSP2,Rural,flushUnknown,0.02,0.706,2039
GNQ,SSP2,Rural,openDefecation,0.01,0.775,2075
GNQ,SSP2,Rural,openDefecation,0.02,0.764,2069
GNQ,SSP2,Rural,openDefecation,0.05,0.706,2039
GNQ,SSP2,Urban,flushPit,0.02,0.738,2054
GNQ,SSP2,Urban,openDefecation,0.01,0.733,2052
GNQ,SSP2,Urban,openDefecation,0.02,0.684,2029
GNQ,SSP3,Rural,flushUnknown,0.01,0.719,2082
GNQ,SSP3,Rural,flushUnknown,0.02,0.706,2066
GNQ,SSP3,Rural,openDefecation,0.05,0.706,2066
GNQ,SSP3,Urban,openDefecation,0.02,0.684,2037
GNQ,SSP4,Rural,flushUnknown,0.01,0.719,2093
GNQ,SSP4,Rural,flushUnknown,0.02,0.706,2074
GNQ,SSP4,Rural,openDefecation,0.05,0.706,2074
GNQ,SSP4,Urban,openDefecation,0.02,0.684,2042
GNQ,SSP5,Rural,flushUnknown,0.01,0.719,2040
GNQ,SSP5,Rural,flushUnknown,0.02,0.706,2036
GNQ,SSP5,Rural,openDefecation,0.01,0.775,2069
GNQ,SSP5,Rural,openDefecation,0.02,0.764,2062
GNQ,SSP5,Rural,openDefecation,0.05,0.706,2036
GNQ,SSP5,Urban,flushPit,0.02,0.738,2047
GNQ,SSP5,Urban,openDefecation,0.01,0.733,2046
GNQ,SSP5,Urban,openDefecation,0.02,0.684,2028
GRC,SSP1,Rural,pitSlab,0.01,0.944,2044
GRC,SSP1,Rural,pitSlab,0.02,0.938,2040
GRC,SSP1,Urban,other,0.01,0.932,2036
GRC,SSP1,Urban,pitSlab,0.01,0.944,2044
GRC,SSP1,Urban,pitSlab,0.02,0.938,2040
GRC,SSP2,Rural,pitSlab,0.01,0.944,2044
GRC,SSP2,Rural,pitSlab,0.02,0.938,2041
GRC,SSP2,Urban,other,0.01,0.932,2037
GRC,SSP2,Urban,pitSlab,0.01,0.944,2044
GRC,SSP2,Urban,pitSlab,0.02,0.938,2041
GRC,SSP3,Rural,pitSlab,0.01,0.944,2072
GRC,SSP3,Rural,pitSlab,0.02,0.938,2061
GRC,SSP3,Urban,other,0.01,0.932,2050
GRC,SSP3,Urban,pitSlab,0.01,0.944,2072
GRC,SSP3,Urban,pitSlab,0.02,0.938,2061
GRC,SSP4,Rural,pitSlab,0.01,0.944,2054
GRC,SSP4,Rural,pitSlab,0.02,0.938,2047
GRC,SSP4,Urban,other,0.01,0.932,2042
GRC,SSP4,Urban,pitSlab,0.01,0.944,2054
GRC,SSP4,Urban,pitSlab,0.02,0.938,2047
GRC,SSP5,Rural,pitSlab,0.01,0.944,2044
GRC,SSP5,Rural,pitSlab,0.02,0.938,2040
GRC,SSP5,Urban,other,0.01,0.932,2036
GRC,SSP5,Urban,pitSlab,0.01,0.944,2044
GRC,SSP5,Urban,pitSlab,0.02,0.938,2040
GRD,SSP1,Rural,flushPit,0.01,0.838,2044
GRD,SSP1,Rural,flushSeptic,0.1,0.898,2089
GRD,SSP1,Rural,pitSlab,0.05,0.87,2066
GRD,SSP1,Rural,pitSlab,0.1,0.851,2050
GRD,SSP1,Urban,flushSeptic,0.1,0.865,2062
GRD,SSP1,Urban,pitSlab,0.05,0.867,2063
GRD,SSP2,Rural,flushPit,0.01,0.838,2048
GRD,SSP2,Rural,flushSeptic,0.1,0.898,2090
GRD,SSP2,Rural,pitSlab,0.05,0.87,2070
GRD,SSP2,Rural,pitSlab,0.1,0.851,2056
GRD,SSP2,Urban,flushSeptic,0.1,0.865,2066
GRD,SSP2,Urban,pitSlab,0.05,0.867,2068
GRD,SSP4,Rural,flushPit,0.01,0.838,2090
GRD,SSP5,Rural,flushPit,0.01,0.838,2044
GRD,SSP5,Rural,flushSeptic,0.1,0.898,2090
GRD,SSP5,Rural,pitSlab,0.05,0.87,2066
GRD,SSP5,Rural,pitSlab,0.1,0.851,2050
GRD,SSP5,Urban,flushSeptic,0.1,0.865,2062
GRD,SSP5,Urban,pitSlab,0.05,0.867,2064
GRL,SSP1,Rural,flushPit,0.01,0.838,2093
GRL,SSP1,Rural,openDefecation,0.01,0.775,2045
GRL,SSP1,Rural,openDefecation,0.02,0.764,2040
GRL,SSP1,Urban,flushPit,0.02,0.738,2029
GRL,SSP1,Urban,openDefecation,0.01,0.733,2027
GRL,SSP2,Rural,flushUnknown,0.01,0.719,2030
GRL,SSP2,Rural,openDefecation,0.01,0.775,2062
GRL,SSP2,Rural,openDefecation,0.02,0.764,2054
GRL,SSP2,Urban,flushPit,0.02,0.738,2039
GRL,SSP2,Urban,openDefecation,0.01,0.733,2037
GRL,SSP3,Rural,flushUnknown,0.02,0.706,2084
GRL,SSP3,Rural,openDefecation,0.05,0.706,2084
GRL,SSP3,Urban,openDefecation,0.02,0.684,2041
GRL,SSP4,Rural,flushUnknown,0.02,0.706,2085
GRL,SSP4,Rural,flushUnknown,0.05,0.662,2025
GRL,SSP4,Rural,openDefecation,0.05,0.706,2085
GRL,SSP4,Urban,openDefecation,0.02,0.684,2049
GRL,SSP5,Rural,flushPit,0.01,0.838,2092
GRL,SSP5,Rural,openDefecation,0.01,0.775,2044
GRL,SSP5,Rural,openDefecation,0.02,0.764,2039
GRL,SSP5,Urban,flushPit,0.02,0.738,2028
GRL,SSP5,Urban,openDefecation,0.01,0.733,2027
GTM,SSP1,Rural,flushUnknown,0.01,0.719,2042
GTM,SSP1,Rural,flushUnknown,0.02,0.706,2037
GTM,SSP1,Rural,flushUnknown,0.05,0.662,2025
GTM,SSP1,Rural,openDefecation,0.01,0.775,2067
GTM,SSP1,Rural,openDefecation,0.02,0.764,2061
GTM,SSP1,Rural,openDefecation,0.05,0.706,2037
GTM,SSP1,Urban,flushPit,0.02,0.738,2048
GTM,SSP1,Urban,openDefecation,0.01,0.733,2046
GTM,SSP1,Urban,openDefecation,0.02,0.684,2030
GTM,SSP2,Rural,flushPit,0.01,0.838,2097
GTM,SSP2,Rural,flushUnknown,0.01,0.719,2044
GTM,SSP2,Rural,flushUnknown,0.02,0.706,2040
GTM,SSP2,Rural,flushUnknown,0.05,0.662,2025
GTM,SSP2,Rural,openDefecation,0.01,0.775,2068
GTM,SSP2,Rural,openDefecation,0.02,0.764,2063
GTM,SSP2,Rural,openDefecation,0.05,0.706,2040
GTM,SSP2,Urban,flushPit,0.02,0.738,2051
GTM,SSP2,Urban,openDefecation,0.01,0.733,2049
GTM,SSP2,Urban,openDefecation,0.02,0.684,2032
GTM,SSP3,Rural,flushUnknown,0.05,0.662,2025
GTM,SSP3,Urban,openDefecation,0.02,0.684,2074
GTM,SSP4,Rural,flushUnknown,0.05,0.662,2025
GTM,SSP5,Rural,flushPit,0.01,0.838,2100
GTM,SSP5,Rural,flushUnknown,0.01,0.719,2042
GTM,SSP5,Rural,flushUnknown,0.02,0.706,2037
GTM,SSP5,Rural,flushUnknown,0.05,0.662,2025
GTM,SSP5,Rural,openDefecation,0.01,0.775,2066
GTM,SSP5,Rural,openDefecation,0.02,0.764,2061
GTM,SSP5,Rural,openDefecation,0.05,0.706,2037
GTM,SSP5,Urban,flushPit,0.02,0.738,2048
GTM,SSP5,Urban,openDefecation,0.01,0.733,2046
GTM,SSP5,Urban,openDefecation,0.02,0.684,2030
GUF,SSP1,Rural,flushPit,0.01,0.838,2093
GUF,SSP1,Rural,openDefecation,0.01,0.775,2045
GUF,SSP1,Rural,openDefecation,0.02,0.764,2040
GUF,SSP1,Urban,flushPit,0.02,0.738,2029
GUF,SSP1,Urban,openDefecation,0.01,0.733,2027
GUF,SSP2,Rural,flushUnknown,0.01,0.719,2030
GUF,SSP2,Rural,openDefecation,0.01,0.775,2062
GUF,SSP2,Rural,openDefecation,0.02,0.764,2054
GUF,SSP2,Urban,flushPit,0.02,0.738,2039
GUF,SSP2,Urban,openDefecation,0.01,0.733,2037
GUF,SSP3,Rural,flushUnknown,0.02,0.706,2084
GUF,SSP3,Rural,openDefecation,0.05,0.706,2084
GUF,SSP3,Urban,openDefecation,0.02,0.684,2041
GUF,SSP4,Rural,flushUnknown,0.02,0.706,2085
GUF,SSP4,Rural,flushUnknown,0.05,0.662,2025
GUF,SSP4,Rural,openDefecation,0.05,0.706,2085
GUF,SSP4,Urban,openDefecation,0.02,0.684,2049
GUF,SSP5,Rural,flushPit,0.01,0.838,2092
GUF,SSP5,Rural,openDefecation,0.01,0.775,2044
GUF,SSP5,Rural,openDefecation,0.02,0.764,2039
GUF,SSP5,Urban,flushPit,0.02,0.738,2028
GUF,SSP5,Urban,openDefecation,0.01,0.733,2027
GUM,SSP1,Rural,flushPit,0.01,0.838,2077
GUM,SSP1,Rural,openDefecation,0.01,0.775,2031
GUM,SSP1,Rural,openDefecation,0.02,0.764,2026
GUM,SSP1,Rural,pitSlab,0.1,0.851,2090
GUM,SSP2,Rural,flushPit,0.01,0.838,2093
GUM,SSP2,Rural,openDefecation,0.01,0.775,2041
GUM,SSP2,Rural,openDefecation,0.02,0.764,2034
GUM,SSP3,Rural,flushUnknown,0.01,0.719,2026
GUM,SSP3,Rural,openDefecation,0.02,0.764,2091
GUM,SSP3,Urban,flushPit,0.02,0.738,2046
GUM,SSP3,Urban,openDefecation,0.01,0.733,2040
GUM,SSP4,Rural,flushUnknown,0.01,0.719,2034
GUM,SSP4,Urban,flushPit,0.02,0.738,2060
GUM,SSP4,Urban,openDefecation,0.01,0.733,2050
GUM,SSP5,Rural,flushPit,0.01,0.838,2077
GUM,SSP5,Rural,openDefecation,0.01,0.775,2029
GUM,SSP5,Rural,openDefecation,0.02,0.764,2026
GUM,SSP5,Rural,pitSlab,0.1,0.851,2092
GUY,SSP1,Rural,flushPit,0.01,0.838,2047
GUY,SSP1,Rural,flushSeptic,0.1,0.898,2086
GUY,SSP1,Rural,pitSlab,0.05,0.87,2067
GUY,SSP1,Rural,pitSlab,0.1,0.851,2054
GUY,SSP1,Urban,flushSeptic,0.1,0.865,2064
GUY,SSP1,Urban,pitSlab,0.05,0.867,2065
GUY,SSP2,Rural,flushPit,0.01,0.838,2057
GUY,SSP2,Rural,flushSeptic,0.1,0.898,2098
GUY,SSP2,Rural,pitSlab,0.05,0.87,2079
GUY,SSP2,Rural,pitSlab,0.1,0.851,2066
GUY,SSP2,Urban,flushSeptic,0.1,0.865,2076
GUY,SSP2,Urban,pitSlab,0.05,0.867,2077
GUY,SSP3,Rural,flushPit,0.01,0.838,2097
GUY,SSP4,Rural,flushPit,0.01,0.838,2073
GUY,SSP4,Rural,pitSlab,0.1,0.851,2084
GUY,SSP4,Urban,flushSeptic,0.1,0.865,2096
GUY,SSP4,Urban,pitSlab,0.05,0.867,2097
GUY,SSP5,Rural,flushPit,0.01,0.838,2046
GUY,SSP5,Rural,flushSeptic,0.1,0.898,2084
GUY,SSP5,Rural,pitSlab,0.05,0.87,2065
GUY,SSP5,Rural,pitSlab,0.1,0.851,2052
GUY,SSP5,Urban,flushSeptic,0.1,0.865,2061
GUY,SSP5,Urban,pitSlab,0.05,0.867,2063
HMD,SSP1,Rural,flushPit,0.01,0.838,2077
HMD,SSP1,Rural,openDefecation,0.01,0.775,2031
HMD,SSP1,Rural,openDefecation,0.02,0.764,2026
HMD,SSP1,Rural,pitSlab,0.1,0.851,2090
HMD,SSP2,Rural,flushPit,0.01,0.838,2093
HMD,SSP2,Rural,openDefecation,0.01,0.775,2041
HMD,SSP2,Rural,openDefecation,0.02,0.764,2034
HMD,SSP3,Rural,flushUnknown,0.01,0.719,2026
HMD,SSP3,Rural,openDefecation,0.02,0.764,2091
HMD,SSP3,Urban,flushPit,0.02,0.738,2046
HMD,SSP3,Urban,openDefecation,0.01,0.733,2040
HMD,SSP4,Rural,flushUnknown,0.01,0.719,2034
HMD,SSP4,Urban,flushPit,0.02,0.738,2060
HMD,SSP4,Urban,openDefecation,0.01,0.733,2050
HMD,SSP5,Rural,flushPit,0.01,0.838,2077
HMD,SSP5,Rural,openDefecation,0.01,0.775,2029
HMD,SSP5,Rural,openDefecation,0.02,0.764,2026
HMD,SSP5,Rural,pitSlab,0.1,0.851,2092
HND,SSP1,Rural,compostingToilet,0.01,0.658,2028
HND,SSP1,Rural,flushPit,0.02,0.647,2026
HND,SSP1,Rural,flushUnknown,0.01,0.719,2047
HND,SSP1,Rural,flushUnknown,0.02,0.706,2043
HND,SSP1,Rural,flushUnknown,0.05,0.662,2029
HND,SSP1,Rural,openDefecation,0.01,0.775,2074
HND,SSP1,Rural,openDefecation,0.02,0.764,2069
HND,SSP1,Rural,openDefecation,0.05,0.706,2043
HND,SSP1,Rural,openDefecation,0.1,0.646,2025
HND,SSP1,Urban,flushPit,0.02,0.738,2056
HND,SSP1,Urban,openDefecation,0.01,0.733,2053
HND,SSP1,Urban,openDefecation,0.02,0.684,2036
HND,SSP2,Rural,compostingToilet,0.01,0.658,2029
HND,SSP2,Rural,flushPit,0.02,0.647,2026
HND,SSP2,Rural,flushUnknown,0.01,0.719,2053
HND,SSP2,Rural,flushUnknown,0.02,0.706,2048
HND,SSP2,Rural,flushUnknown,0.05,0.662,2030
HND,SSP2,Rural,openDefecation,0.01,0.775,2080
HND,SSP2,Rural,openDefecation,0.02,0.764,2075
HND,SSP2,Rural,openDefecation,0.05,0.706,2048
HND,SSP2,Rural,openDefecation,0.1,0.646,2025
HND,SSP2,Urban,flushPit,0.02,0.738,2062
HND,SSP2,Urban,openDefecation,0.01,0.733,2060
HND,SSP2,Urban,openDefecation,0.02,0.684,2039
HND,SSP3,Rural,compostingToilet,0.01,0.658,2055
HND,SSP3,Rural,flushPit,0.02,0.647,2028
HND,SSP3,Rural,flushUnknown,0.05,0.662,2073
HND,SSP3,Rural,openDefecation,0.1,0.646,2026
HND,SSP4,Rural,compostingToilet,0.01,0.658,2071
HND,SSP4,Rural,flushPit,0.02,0.647,2030
HND,SSP4,Rural,flushUnknown,0.05,0.662,2088
HND,SSP4,Rural,openDefecation,0.1,0.646,2028
HND,SSP5,Rural,compostingToilet,0.01,0.658,2028
HND,SSP5,Rural,flushPit,0.02,0.647,2025
HND,SSP5,Rural,flushUnknown,0.01,0.719,2046
HND,SSP5,Rural,flushUnknown,0.02,0.706,2042
HND,SSP5,Rural,flushUnknown,0.05,0.662,2029
HND,SSP5,Rural,openDefecation,0.01,0.775,2072
HND,SSP5,Rural,openDefecation,0.02,0.764,2067
HND,SSP5,Rural,openDefecation,0.05,0.706,2042
HND,SSP5,Rural,openDefecation,0.1,0.646,2025
HND,SSP5,Urban,flushPit,0.02,0.738,2054
HND,SSP5,Urban,openDefecation,0.01,0.733,2051
HND,SSP5,Urban,openDefecation,0.02,0.684,2035
HRV,SSP1,Rural,flushSeptic,0.1,0.898,2030
HRV,SSP1,Rural,pitSlab,0.01,0.944,2098
HRV,SSP1,Rural,pitSlab,0.02,0.938,2085
HRV,SSP1,Urban,other,0.01,0.932,2072
HRV,SSP1,Urban,pitSlab,0.01,0.944,2098
HRV,SSP1,Urban,pitSlab,0.02,0.938,2085
HRV,SSP2,Rural,flushSeptic,0.1,0.898,2031
HRV,SSP2,Rural,pitSlab,0.01,0.944,2095
HRV,SSP2,Rural,pitSlab,0.02,0.938,2085
HRV,SSP2,Urban,other,0.01,0.932,2075
HRV,SSP2,Urban,pitSlab,0.01,0.944,2095
HRV,SSP2,Urban,pitSlab,0.02,0.938,2085
HRV,SSP3,Rural,flushSeptic,0.1,0.898,2033
HRV,SSP3,Urban,other,0.01,0.932,2090
HRV,SSP4,Rural,flushSeptic,0.1,0.898,2032
HRV,SSP4,Rural,pitSlab,0.02,0.938,2098
HRV,SSP4,Urban,other,0.01,0.932,2087
HRV,SSP4,Urban,pitSlab,0.02,0.938,2098
HRV,SSP5,Rural,flushSeptic,0.1,0.898,2029
HRV,SSP5,Rural,pitSlab,0.02,0.938,2086
HRV,SSP5,Urban,other,0.01,0.932,2073
HRV,SSP5,Urban,pitSlab,0.02,0.938,2086
HTI,SSP1,Rural,compostingToilet,0.01,0.658,2043
HTI,SSP1,Rural,flushPit,0.01,0.838,2092
HTI,SSP1,Rural,flushPit,0.02,0.647,2040
HTI,SSP1,Rural,flushPit,0.05,0.63,2037
HTI,SSP1,Rural,flushUnknown,0.01,0.719,2057
HTI,SSP1,Rural,flushUnknown,0.02,0.706,2053
HTI,SSP1,Rural,flushUnknown,0.05,0.662,2043
HTI,SSP1,Rural,openDefecation,0.01,0.775,2073
HTI,SSP1,Rural,openDefecation,0.02,0.764,2070
HTI,SSP1,Rural,openDefecation,0.05,0.706,2053
HTI,SSP1,Rural,openDefecation,0.1,0.646,2040
HTI,SSP1,Rural,pitNoSlab,0.01,0.636,2038
HTI,SSP1,Rural,pitNoSlab,0.02,0.622,2036
HTI,SSP1,Rural,pitNoSlab,0.05,0.602,2032
HTI,SSP1,Rural,pitSlab,0.1,0.851,2096
HTI,SSP1,Urban,flushPit,0.02,0.738,2062
HTI,SSP1,Urban,flushPit,0.05,0.608,2033
HTI,SSP1,Urban,openDefecation,0.01,0.733,2061
HTI,SSP1,Urban,openDefecation,0.02,0.684,2048
HTI,SSP1,Urban,openDefecation,0.05,0.638,2039
HTI,SSP1,Urban,pitNoSlab,0.01,0.626,2036
HTI,SSP1,Urban,pitNoSlab,0.02,0.597,2031
HTI,SSP1,Urban,pitNoSlab,0.05,0.572,2027
HTI,SSP2,Rural,compostingToilet,0.01,0.658,2048
HTI,SSP2,Rural,flushPit,0.02,0.647,2045
HTI,SSP2,Rural,flushPit,0.05,0.63,2041
HTI,SSP2,Rural,flushUnknown,0.01,0.719,2066
HTI,SSP2,Rural,flushUnknown,0.02,0.706,2062
HTI,SSP2,Rural,flushUnknown,0.05,0.662,2049
HTI,SSP2,Rural,openDefecation,0.01,0.775,2084
HTI,SSP2,Rural,openDefecation,0.02,0.764,2080
HTI,SSP2,Rural,openDefecation,0.05,0.706,2062
HTI,SSP2,Rural,openDefecation,0.1,0.646,2045
HTI,SSP2,Rural,pitNoSlab,0.01,0.636,2043
HTI,SSP2,Rural,pitNoSlab,0.02,0.622,2039
HTI,SSP2,Rural,pitNoSlab,0.05,0.602,2035
HTI,SSP2,Urban,flushPit,0.02,0.738,2072
HTI,SSP2,Urban,flushPit,0.05,0.608,2036
HTI,SSP2,Urban,openDefecation,0.01,0.733,2071
HTI,SSP2,Urban,openDefecation,0.02,0.684,2055
HTI,SSP2,Urban,openDefecation,0.05,0.638,2043
HTI,SSP2,Urban,pitNoSlab,0.01,0.626,2040
HTI,SSP2,Urban,pitNoSlab,0.02,0.597,2033
HTI,SSP2,Urban,pitNoSlab,0.05,0.572,2028
HTI,SSP3,Rural,flushPit,0.05,0.63,2097
HTI,SSP3,Rural,pitNoSlab,0.02,0.622,2086
HTI,SSP3,Rural,pitNoSlab,0.05,0.602,2059
HTI,SSP3,Urban,flushPit,0.05,0.608,2068
HTI,SSP3,Urban,pitNoSlab,0.01,0.626,2092
HTI,SSP3,Urban,pitNoSlab,0.02,0.597,2053
HTI,SSP3,Urban,pitNoSlab,0.05,0.572,2034
HTI,SSP4,Rural,compostingToilet,0.01,0.658,2100
HTI,SSP4,Rural,flushPit,0.02,0.647,2090
HTI,SSP4,Rural,flushPit,0.05,0.63,2075
HTI,SSP4,Rural,openDefecation,0.1,0.646,2089
HTI,SSP4,Rural,pitNoSlab,0.01,0.636,2081
HTI,SSP4,Rural,pitNoSlab,0.02,0.622,2068
HTI,SSP4,Rural,pitNoSlab,0.05,0.602,2051
HTI,SSP4,Urban,flushPit,0.05,0.608,2056
HTI,SSP4,Urban,openDefecation,0.05,0.638,2082
HTI,SSP4,Urban,pitNoSlab,0.01,0.626,2072
HTI,SSP4,Urban,pitNoSlab,0.02,0.597,2048
HTI,SSP4,Urban,pitNoSlab,0.05,0.572,2033
HTI,SSP5,Rural,compostingToilet,0.01,0.658,2042
HTI,SSP5,Rural,flushPit,0.01,0.838,2089
HTI,SSP5,Rural,flushPit,0.02,0.647,2040
HTI,SSP5,Rural,flushPit,0.05,0.63,2037
HTI,SSP5,Rural,flushUnknown,0.01,0.719,2054
HTI,SSP5,Rural,flushUnknown,0.02,0.706,2051
HTI,SSP5,Rural,flushUnknown,0.05,0.662,2042
HTI,SSP5,Rural,openDefecation,0.01,0.775,2071
HTI,SSP5,Rural,openDefecation,0.02,0.764,2068
HTI,SSP5,Rural,openDefecation,0.05,0.706,2051
HTI,SSP5,Rural,openDefecation,0.1,0.646,2039
HTI,SSP5,Rural,pitNoSlab,0.01,0.636,2038
HTI,SSP5,Rural,pitNoSlab,0.02,0.622,2035
HTI,SSP5,Rural,pitNoSlab,0.05,0.602,2031
HTI,SSP5,Rural,pitSlab,0.05,0.87,2099
HTI,SSP5,Rural,pitSlab,0.1,0.851,2093
HTI,SSP5,Urban,flushPit,0.02,0.738,2060
HTI,SSP5,Urban,flushPit,0.05,0.608,2033
HTI,SSP5,Urban,flushSeptic,0.1,0.865,2097
HTI,SSP5,Urban,openDefecation,0.01,0.733,2058
HTI,SSP5,Urban,openDefecation,0.02,0.684,2046
HTI,SSP5,Urban,openDefecation,0.05,0.638,2038
HTI,SSP5,Urban,pitNoSlab,0.01,0.626,2036
HTI,SSP5,Urban,pitNoSlab,0.02,0.597,2031
HTI,SSP5,Urban,pitNoSlab,0.05,0.572,2027
HTI,SSP5,Urban,pitSlab,0.05,0.867,2098
HUN,SSP1,Rural,flushSeptic,0.1,0.898,2045
HUN,SSP1,Rural,pitSlab,0.05,0.87,2025
HUN,SSP2,Rural,flushSeptic,0.1,0.898,2050
HUN,SSP2,Rural,pitSlab,0.05,0.87,2025
HUN,SSP3,Rural,flushSeptic,0.1,0.898,2069
HUN,SSP3,Rural,pitSlab,0.05,0.87,2025
HUN,SSP4,Rural,flushSeptic,0.1,0.898,2070
HUN,SSP4,Rural,pitSlab,0.05,0.87,2025
HUN,SSP5,Rural,flushSeptic,0.1,0.898,2044
HUN,SSP5,Rural,pitSlab,0.05,0.87,2025
IDN,SSP1,Rural,flushPit,0.01,0.838,2066
IDN,SSP1,Rural,openDefecation,0.01,0.775,2037
IDN,SSP1,Rural,openDefecation,0.02,0.764,2034
IDN,SSP1,Rural,pitSlab,0.05,0.87,2086
IDN,SSP1,Rural,pitSlab,0.1,0.851,2074
IDN,SSP1,Urban,flushPit,0.02,0.738,2027
IDN,SSP1,Urban,flushSeptic,0.1,0.865,2083
IDN,SSP1,Urban,openDefecation,0.01,0.733,2026
IDN,SSP1,Urban,pitSlab,0.05,0.867,2084
IDN,SSP2,Rural,flushPit,0.01,0.838,2070
IDN,SSP2,Rural,openDefecation,0.01,0.775,2039
IDN,SSP2,Rural,openDefecation,0.02,0.764,2035
IDN,SSP2,Rural,pitSlab,0.05,0.87,2088
IDN,SSP2,Rural,pitSlab,0.1,0.851,2077
IDN,SSP2,Urban,flushPit,0.02,0.738,2027
IDN,SSP2,Urban,flushSeptic,0.1,0.865,2085
IDN,SSP2,Urban,openDefecation,0.01,0.733,2026
IDN,SSP2,Urban,pitSlab,0.05,0.867,2086
IDN,SSP3,Rural,openDefecation,0.01,0.775,2049
IDN,SSP3,Rural,openDefecation,0.02,0.764,2043
IDN,SSP3,Urban,flushPit,0.02,0.738,2028
IDN,SSP3,Urban,openDefecation,0.01,0.733,2027
IDN,SSP4,Rural,openDefecation,0.01,0.775,2047
IDN,SSP4,Rural,openDefecation,0.02,0.764,2041
IDN,SSP4,Urban,flushPit,0.02,0.738,2028
IDN,SSP4,Urban,openDefecation,0.01,0.733,2027
IDN,SSP5,Rural,flushPit,0.01,0.838,2066
IDN,SSP5,Rural,openDefecation,0.01,0.775,2037
IDN,SSP5,Rural,openDefecation,0.02,0.764,2033
IDN,SSP5,Rural,pitSlab,0.05,0.87,2086
IDN,SSP5,Rural,pitSlab,0.1,0.851,2074
IDN,SSP5,Urban,flushPit,0.02,0.738,2027
IDN,SSP5,Urban,flushSeptic,0.1,0.865,2083
IDN,SSP5,Urban,openDefecation,0.01,0.733,2026
IDN,SSP5,Urban,pitSlab,0.05,0.867,2084
IMN,SSP1,Rural,flushPit,0.01,0.838,2029
IMN,SSP1,Rural,pitSlab,0.05,0.87,2059
IMN,SSP1,Rural,pitSlab,0.1,0.851,2038
IMN,SSP1,Urban,flushSeptic,0.1,0.865,2049
IMN,SSP1,Urban,pitSlab,0.05,0.867,2052
IMN,SSP2,Rural,flushPit,0.01,0.838,2034
IMN,SSP2,Rural,pitSlab,0.05,0.87,2072
IMN,SSP2,Rural,pitSlab,0.1,0.851,2046
IMN,SSP2,Urban,flushSeptic,0.1,0.865,2064
IMN,SSP2,Urban,pitSlab,0.05,0.867,2067
IMN,SSP3,Rural,flushPit,0.01,0.838,2074
IMN,SSP3,Rural,pitSlab,0.1,0.851,2098
IMN,SSP4,Rural,flushPit,0.01,0.838,2076
IMN,SSP5,Rural,flushPit,0.01,0.838,2028
IMN,SSP5,Rural,pitSlab,0.05,0.87,2062
IMN,SSP5,Rural,pitSlab,0.1,0.851,2037
IMN,SSP5,Urban,flushSeptic,0.1,0.865,2049
IMN,SSP5,Urban,pitSlab,0.05,0.867,2053
IND,SSP1,Rural,flushPit,0.01,0.838,2079
IND,SSP1,Rural,flushUnknown,0.01,0.719,2031
IND,SSP1,Rural,flushUnknown,0.02,0.706,2028
IND,SSP1,Rural,openDefecation,0.01,0.775,2047
IND,SSP1,Rural,openDefecation,0.02,0.764,2044
IND,SSP1,Rural,openDefecation,0.05,0.706,2028
IND,SSP1,Rural,pitSlab,0.05,0.87,2097
IND,SSP1,Rural,pitSlab,0.1,0.851,2086
IND,SSP1,Urban,flushPit,0.02,0.738,2036
IND,SSP1,Urban,flushSeptic,0.1,0.865,2094
IND,SSP1,Urban,openDefecation,0.01,0.733,2035
IND,SSP1,Urban,pitSlab,0.05,0.867,2095
IND,SSP2,Rural,flushPit,0.01,0.838,2079
IND,SSP2,Rural,flushUnknown,0.01,0.719,2032
IND,SSP2,Rural,flushUnknown,0.02,0.706,2029
IND,SSP2,Rural,openDefecation,0.01,0.775,2049
IND,SSP2,Rural,openDefecation,0.02,0.764,2046
IND,SSP2,Rural,openDefecation,0.05,0.706,2029
IND,SSP2,Rural,pitSlab,0.05,0.87,2094
IND,SSP2,Rural,pitSlab,0.1,0.851,2085
IND,SSP2,Urban,flushPit,0.02,0.738,2038
IND,SSP2,Urban,flushSeptic,0.1,0.865,2092
IND,SSP2,Urban,openDefecation,0.01,0.733,2036
IND,SSP2,Urban,pitSlab,0.05,0.867,2093
IND,SSP3,Rural,flushUnknown,0.01,0.719,2044
IND,SSP3,Rural,flushUnknown,0.02,0.706,2034
IND,SSP3,Rural,openDefecation,0.05,0.706,2034
IND,SSP3,Urban,flushPit,0.02,0.738,2079
IND,SSP3,Urban,openDefecation,0.01,0.733,2066
IND,SSP4,Rural,flushUnknown,0.01,0.719,2042
IND,SSP4,Rural,flushUnknown,0.02,0.706,2033
IND,SSP4,Rural,openDefecation,0.02,0.764,2096
IND,SSP4,Rural,openDefecation,0.05,0.706,2033
IND,SSP4,Urban,flushPit,0.02,0.738,2059
IND,SSP4,Urban,openDefecation,0.01,0.733,2051
IND,SSP5,Rural,flushPit,0.01,0.838,2078
IND,SSP5,Rural,flushUnknown,0.01,0.719,2031
IND,SSP5,Rural,flushUnknown,0.02,0.706,2028
IND,SSP5,Rural,openDefecation,0.01,0.775,2046
IND,SSP5,Rural,openDefecation,0.02,0.764,2043
IND,SSP5,Rural,openDefecation,0.05,0.706,2028
IND,SSP5,Rural,pitSlab,0.05,0.87,2096
IND,SSP5,Rural,pitSlab,0.1,0.851,2085
IND,SSP5,Urban,flushPit,0.02,0.738,2036
IND,SSP5,Urban,flushSeptic,0.1,0.865,2093
IND,SSP5,Urban,openDefecation,0.01,0.733,2035
IND,SSP5,Urban,pitSlab,0.05,0.867,2094
IOT,SSP1,Rural,compostingToilet,0.01,0.658,2049
IOT,SSP1,Rural,flushPit,0.02,0.647,2047
IOT,SSP1,Rural,flushPit,0.05,0.63,2043
IOT,SSP1,Rural,flushUnknown,0.01,0.719,2068
IOT,SSP1,Rural,flushUnknown,0.02,0.706,2064
IOT,SSP1,Rural,flushUnknown,0.05,0.662,2050
IOT,SSP1,Rural,openDefecation,0.01,0.775,2085
IOT,SSP1,Rural,openDefecation,0.02,0.764,2082
IOT,SSP1,Rural,openDefecation,0.05,0.706,2064
IOT,SSP1,Rural,openDefecation,0.1,0.646,2047
IOT,SSP1,Rural,pitNoSlab,0.01,0.636,2045
IOT,SSP1,Rural,pitNoSlab,0.02,0.622,2042
IOT,SSP1,Rural,pitNoSlab,0.05,0.602,2037
IOT,SSP1,Urban,flushPit,0.02,0.738,2074
IOT,SSP1,Urban,flushPit,0.05,0.608,2039
IOT,SSP1,Urban,openDefecation,0.01,0.733,2072
IOT,SSP1,Urban,openDefecation,0.02,0.684,2057
IOT,SSP1,Urban,openDefecation,0.05,0.638,2045
IOT,SSP1,Urban,pitNoSlab,0.01,0.626,2042
IOT,SSP1,Urban,pitNoSlab,0.02,0.597,2036
IOT,SSP1,Urban,pitNoSlab,0.05,0.572,2031
IOT,SSP2,Rural,compostingToilet,0.01,0.658,2077
IOT,SSP2,Rural,flushPit,0.02,0.647,2073
IOT,SSP2,Rural,flushPit,0.05,0.63,2067
IOT,SSP2,Rural,flushUnknown,0.01,0.719,2097
IOT,SSP2,Rural,flushUnknown,0.02,0.706,2093
IOT,SSP2,Rural,flushUnknown,0.05,0.662,2078
IOT,SSP2,Rural,openDefecation,0.05,0.706,2093
IOT,SSP2,Rural,openDefecation,0.1,0.646,2073
IOT,SSP2,Rural,pitNoSlab,0.01,0.636,2069
IOT,SSP2,Rural,pitNoSlab,0.02,0.622,2065
IOT,SSP2,Rural,pitNoSlab,0.05,0.602,2058
IOT,SSP2,Rural,pitNoSlab,0.1,0.489,2025
IOT,SSP2,Urban,flushPit,0.05,0.608,2060
IOT,SSP2,Urban,openDefecation,0.02,0.684,2085
IOT,SSP2,Urban,openDefecation,0.05,0.638,2070
IOT,SSP2,Urban,openDefecation,0.1,0.5,2028
IOT,SSP2,Urban,pitNoSlab,0.01,0.626,2066
IOT,SSP2,Urban,pitNoSlab,0.02,0.597,2056
IOT,SSP2,Urban,pitNoSlab,0.05,0.572,2048
IOT,SSP3,Rural,flushSewer,0.01,0.428,2034
IOT,SSP3,Urban,bucketLatrine,0.01,0.457,2081
IOT,SSP3,Urban,flushPit,0.01,0.442,2055
IOT,SSP4,Rural,flushSewer,0.01,0.428,2043
IOT,SSP4,Urban,bucketLatrine,0.01,0.457,2074
IOT,SSP4,Urban,flushPit,0.01,0.442,2058
IOT,SSP5,Rural,compostingToilet,0.01,0.658,2047
IOT,SSP5,Rural,flushPit,0.02,0.647,2045
IOT,SSP5,Rural,flushPit,0.05,0.63,2042
IOT,SSP5,Rural,flushUnknown,0.01,0.719,2064
IOT,SSP5,Rural,flushUnknown,0.02,0.706,2060
IOT,SSP5,Rural,flushUnknown,0.05,0.662,2048
IOT,SSP5,Rural,openDefecation,0.01,0.775,2081
IOT,SSP5,Rural,openDefecation,0.02,0.764,2078
IOT,SSP5,Rural,openDefecation,0.05,0.706,2060
IOT,SSP5,Rural,openDefecation,0.1,0.646,2045
IOT,SSP5,Rural,pitNoSlab,0.01,0.636,2043
IOT,SSP5,Rural,pitNoSlab,0.02,0.622,2040
IOT,SSP5,Rural,pitNoSlab,0.05,0.602,2036
IOT,SSP5,Urban,flushPit,0.02,0.738,2070
IOT,SSP5,Urban,flushPit,0.05,0.608,2037
IOT,SSP5,Urban,openDefecation,0.01,0.733,2068
IOT,SSP5,Urban,openDefecation,0.02,0.684,2054
IOT,SSP5,Urban,openDefecation,0.05,0.638,2043
IOT,SSP5,Urban,pitNoSlab,0.01,0.626,2041
IOT,SSP5,Urban,pitNoSlab,0.02,0.597,2035
IOT,SSP5,Urban,pitNoSlab,0.05,0.572,2030
IRN,SSP1,Rural,flushPit,0.01,0.838,2040
IRN,SSP1,Rural,flushSeptic,0.1,0.898,2077
IRN,SSP1,Rural,pitSlab,0.05,0.87,2055
IRN,SSP1,Rural,pitSlab,0.1,0.851,2045
IRN,SSP1,Urban,flushSeptic,0.1,0.865,2052
IRN,SSP1,Urban,pitSlab,0.05,0.867,2053
IRN,SSP2,Rural,flushPit,0.01,0.838,2041
IRN,SSP2,Rural,flushSeptic,0.1,0.898,2074
IRN,SSP2,Rural,pitSlab,0.02,0.938,2099
IRN,SSP2,Rural,pitSlab,0.05,0.87,2057
IRN,SSP2,Rural,pitSlab,0.1,0.851,2047
IRN,SSP2,Urban,flushSeptic,0.1,0.865,2054
IRN,SSP2,Urban,other,0.01,0.932,2096
IRN,SSP2,Urban,pitSlab,0.02,0.938,2099
IRN,SSP2,Urban,pitSlab,0.05,0.867,2055
IRN,SSP3,Rural,flushPit,0.01,0.838,2073
IRN,SSP3,Rural,pitSlab,0.1,0.851,2094
IRN,SSP4,Rural,flushPit,0.01,0.838,2056
IRN,SSP4,Rural,pitSlab,0.05,0.87,2088
IRN,SSP4,Rural,pitSlab,0.1,0.851,2069
IRN,SSP4,Urban,flushSeptic,0.1,0.865,2083
IRN,SSP4,Urban,pitSlab,0.05,0.867,2085
IRN,SSP5,Rural,flushPit,0.01,0.838,2039
IRN,SSP5,Rural,flushSeptic,0.1,0.898,2075
IRN,SSP5,Rural,pitSlab,0.05,0.87,2054
IRN,SSP5,Rural,pitSlab,0.1,0.851,2045
IRN,SSP5,Urban,flushSeptic,0.1,0.865,2051
IRN,SSP5,Urban,pitSlab,0.05,0.867,2052
IRQ,SSP1,Rural,flushUnknown,0.01,0.719,2029
IRQ,SSP1,Rural,flushUnknown,0.02,0.706,2027
IRQ,SSP1,Rural,openDefecation,0.01,0.775,2058
IRQ,SSP1,Rural,openDefecation,0.02,0.764,2049
IRQ,SSP1,Rural,openDefecation,0.05,0.706,2027
IRQ,SSP1,Urban,flushPit,0.02,0.738,2037
IRQ,SSP1,Urban,openDefecation,0.01,0.733,2035
IRQ,SSP2,Rural,flushPit,0.01,0.838,2099
IRQ,SSP2,Rural,flushUnknown,0.01,0.719,2030
IRQ,SSP2,Rural,flushUnknown,0.02,0.706,2027
IRQ,SSP2,Rural,openDefecation,0.01,0.775,2057
IRQ,SSP2,Rural,openDefecation,0.02,0.764,2050
IRQ,SSP2,Rural,openDefecation,0.05,0.706,2027
IRQ,SSP2,Urban,flushPit,0.02,0.738,2038
IRQ,SSP2,Urban,openDefecation,0.01,0.733,2036
IRQ,SSP3,Rural,flushUnknown,0.01,0.719,2067
IRQ,SSP3,Rural,flushUnknown,0.02,0.706,2030
IRQ,SSP3,Rural,openDefecation,0.05,0.706,2030
IRQ,SSP4,Rural,flushUnknown,0.02,0.706,2042
IRQ,SSP4,Rural,openDefecation,0.05,0.706,2042
IRQ,SSP5,Rural,flushUnknown,0.01,0.719,2029
IRQ,SSP5,Rural,flushUnknown,0.02,0.706,2027
IRQ,SSP5,Rural,openDefecation,0.01,0.775,2059
IRQ,SSP5,Rural,openDefecation,0.02,0.764,2050
IRQ,SSP5,Rural,openDefecation,0.05,0.706,2027
IRQ,SSP5,Urban,flushPit,0.02,0.738,2037
IRQ,SSP5,Urban,openDefecation,0.01,0.733,2035
ISR,SSP1,Rural,pitSlab,0.01,0.944,2092
ISR,SSP1,Rural,pitSlab,0.02,0.938,2049
ISR,SSP1,Urban,other,0.01,0.932,2041
ISR,SSP1,Urban,pitSlab,0.01,0.944,2092
ISR,SSP1,Urban,pitSlab,0.02,0.938,2049
ISR,SSP2,Rural,pitSlab,0.01,0.944,2079
ISR,SSP2,Rural,pitSlab,0.02,0.938,2062
ISR,SSP2,Urban,other,0.01,0.932,2047
ISR,SSP2,Urban,pitSlab,0.01,0.944,2079
ISR,SSP2,Urban,pitSlab,0.02,0.938,2062
ISR,SSP3,Rural,pitSlab,0.01,0.944,2080
ISR,SSP3,Rural,pitSlab,0.02,0.938,2060
ISR,SSP3,Urban,other,0.01,0.932,2045
ISR,SSP3,Urban,pitSlab,0.01,0.944,2080
ISR,SSP3,Urban,pitSlab,0.02,0.938,2060
ISR,SSP5,Rural,pitSlab,0.02,0.938,2062
ISR,SSP5,Urban,other,0.01,0.932,2042
ISR,SSP5,Urban,pitSlab,0.02,0.938,2062
ITA,SSP1,Rural,pitSlab,0.01,0.944,2038
ITA,SSP1,Rural,pitSlab,0.02,0.938,2034
ITA,SSP1,Urban,other,0.01,0.932,2031
ITA,SSP1,Urban,pitSlab,0.01,0.944,2038
ITA,SSP1,Urban,pitSlab,0.02,0.938,2034
ITA,SSP2,Rural,pitSlab,0.01,0.944,2039
ITA,SSP2,Rural,pitSlab,0.02,0.938,2035
ITA,SSP2,Urban,other,0.01,0.932,2031
ITA,SSP2,Urban,pitSlab,0.01,0.944,2039
ITA,SSP2,Urban,pitSlab,0.02,0.938,2035
ITA,SSP3,Rural,pitSlab,0.01,0.944,2052
ITA,SSP3,Rural,pitSlab,0.02,0.938,2045
ITA,SSP3,Urban,other,0.01,0.932,2040
ITA,SSP3,Urban,pitSlab,0.01,0.944,2052
ITA,SSP3,Urban,pitSlab,0.02,0.938,2045
ITA,SSP4,Rural,pitSlab,0.01,0.944,2044
ITA,SSP4,Rural,pitSlab,0.02,0.938,2040
ITA,SSP4,Urban,other,0.01,0.932,2035
ITA,SSP4,Urban,pitSlab,0.01,0.944,2044
ITA,SSP4,Urban,pitSlab,0.02,0.938,2040
ITA,SSP5,Rural,pitSlab,0.01,0.944,2039
ITA,SSP5,Rural,pitSlab,0.02,0.938,2035
ITA,SSP5,Urban,other,0.01,0.932,2031
ITA,SSP5,Urban,pitSlab,0.01,0.944,2039
ITA,SSP5,Urban,pitSlab,0.02,0.938,2035
JAM,SSP1,Rural,openDefecation,0.01,0.775,2048
JAM,SSP1,Rural,openDefecation,0.02,0.764,2043
JAM,SSP1,Urban,flushPit,0.02,0.738,2030
JAM,SSP1,Urban,openDefecation,0.01,0.733,2028
JAM,SSP2,Rural,openDefecation,0.01,0.775,2053
JAM,SSP2,Rural,openDefecation,0.02,0.764,2045
JAM,SSP2,Urban,flushPit,0.02,0.738,2031
JAM,SSP2,Urban,openDefecation,0.01,0.733,2029
JAM,SSP3,Rural,openDefecation,0.01,0.775,2073
JAM,SSP3,Rural,openDefecation,0.02,0.764,2057
JAM,SSP3,Urban,flushPit,0.02,0.738,2034
JAM,SSP3,Urban,openDefecation,0.01,0.733,2030
JAM,SSP4,Rural,openDefecation,0.01,0.775,2064
JAM,SSP4,Rural,openDefecation,0.02,0.764,2052
JAM,SSP4,Urban,flushPit,0.02,0.738,2033
JAM,SSP4,Urban,openDefecation,0.01,0.733,2030
JAM,SSP5,Rural,openDefecation,0.01,0.775,2049
JAM,SSP5,Rural,openDefecation,0.02,0.764,2043
JAM,SSP5,Urban,flushPit,0.02,0.738,2029
JAM,SSP5,Urban,openDefecation,0.01,0.733,2028
JEY,SSP1,Rural,flushPit,0.01,0.838,2029
JEY,SSP1,Rural,pitSlab,0.05,0.87,2059
JEY,SSP1,Rural,pitSlab,0.1,0.851,2038
JEY,SSP1,Urban,flushSeptic,0.1,0.865,2049
JEY,SSP1,Urban,pitSlab,0.05,0.867,2052
JEY,SSP2,Rural,flushPit,0.01,0.838,2034
JEY,SSP2,Rural,pitSlab,0.05,0.87,2072
JEY,SSP2,Rural,pitSlab,0.1,0.851,2046
JEY,SSP2,Urban,flushSeptic,0.1,0.865,2064
JEY,SSP2,Urban,pitSlab,0.05,0.867,2067
JEY,SSP3,Rural,flushPit,0.01,0.838,2074
JEY,SSP3,Rural,pitSlab,0.1,0.851,2098
JEY,SSP4,Rural,flushPit,0.01,0.838,2076
JEY,SSP5,Rural,flushPit,0.01,0.838,2028
JEY,SSP5,Rural,pitSlab,0.05,0.87,2062
JEY,SSP5,Rural,pitSlab,0.1,0.851,2037
JEY,SSP5,Urban,flushSeptic,0.1,0.865,2049
JEY,SSP5,Urban,pitSlab,0.05,0.867,2053
JOR,SSP1,Rural,flushPit,0.01,0.838,2077
JOR,SSP1,Rural,openDefecation,0.01,0.775,2030
JOR,SSP1,Rural,openDefecation,0.02,0.764,2028
JOR,SSP1,Rural,pitSlab,0.1,0.851,2092
JOR,SSP2,Rural,flushPit,0.01,0.838,2077
JOR,SSP2,Rural,openDefecation,0.01,0.775,2032
JOR,SSP2,Rural,openDefecation,0.02,0.764,2028
JOR,SSP2,Rural,pitSlab,0.1,0.851,2089
JOR,SSP3,Rural,openDefecation,0.01,0.775,2046
JOR,SSP3,Rural,openDefecation,0.02,0.764,2031
JOR,SSP4,Rural,openDefecation,0.01,0.775,2045
JOR,SSP4,Rural,openDefecation,0.02,0.764,2032
JOR,SSP5,Rural,flushPit,0.01,0.838,2076
JOR,SSP5,Rural,openDefecation,0.01,0.775,2030
JOR,SSP5,Rural,openDefecation,0.02,0.764,2027
JOR,SSP5,Rural,pitSlab,0.1,0.851,2091
JPN,SSP1,Rural,pitSlab,0.01,0.944,2046
JPN,SSP1,Rural,pitSlab,0.02,0.938,2039
JPN,SSP1,Urban,other,0.01,0.932,2031
JPN,SSP1,Urban,pitSlab,0.01,0.944,2046
JPN,SSP1,Urban,pitSlab,0.02,0.938,2039
JPN,SSP2,Rural,pitSlab,0.01,0.944,2049
JPN,SSP2,Rural,pitSlab,0.02,0.938,2040
JPN,SSP2,Urban,other,0.01,0.932,2031
JPN,SSP2,Urban,pitSlab,0.01,0.944,2049
JPN,SSP2,Urban,pitSlab,0.02,0.938,2040
JPN,SSP3,Rural,pitSlab,0.01,0.944,2052
JPN,SSP3,Rural,pitSlab,0.02,0.938,2043
JPN,SSP3,Urban,other,0.01,0.932,2034
JPN,SSP3,Urban,pitSlab,0.01,0.944,2052
JPN,SSP3,Urban,pitSlab,0.02,0.938,2043
JPN,SSP4,Rural,pitSlab,0.01,0.944,2049
JPN,SSP4,Rural,pitSlab,0.02,0.938,2041
JPN,SSP4,Urban,other,0.01,0.932,2033
JPN,SSP4,Urban,pitSlab,0.01,0.944,2049
JPN,SSP4,Urban,pitSlab,0.02,0.938,2041
JPN,SSP5,Rural,pitSlab,0.01,0.944,2047
JPN,SSP5,Rural,pitSlab,0.02,0.938,2039
JPN,SSP5,Urban,other,0.01,0.932,2030
JPN,SSP5,Urban,pitSlab,0.01,0.944,2047
JPN,SSP5,Urban,pitSlab,0.02,0.938,2039
KAZ,SSP1,Rural,flushPit,0.01,0.838,2026
KAZ,SSP1,Rural,pitSlab,0.05,0.87,2052
KAZ,SSP1,Rural,pitSlab,0.1,0.851,2034
KAZ,SSP1,Urban,flushSeptic,0.1,0.865,2046
KAZ,SSP1,Urban,pitSlab,0.05,0.867,2048
KAZ,SSP2,Rural,flushPit,0.01,0.838,2026
KAZ,SSP2,Rural,pitSlab,0.05,0.87,2060
KAZ,SSP2,Rural,pitSlab,0.1,0.851,2036
KAZ,SSP2,Urban,flushSeptic,0.1,0.865,2052
KAZ,SSP2,Urban,pitSlab,0.05,0.867,2055
KAZ,SSP3,Rural,flushPit,0.01,0.838,2026
KAZ,SSP3,Rural,pitSlab,0.05,0.87,2070
KAZ,SSP3,Rural,pitSlab,0.1,0.851,2039
KAZ,SSP3,Urban,flushSeptic,0.1,0.865,2061
KAZ,SSP3,Urban,pitSlab,0.05,0.867,2064
KAZ,SSP4,Rural,flushPit,0.01,0.838,2026
KAZ,SSP4,Rural,pitSlab,0.05,0.87,2068
KAZ,SSP4,Rural,pitSlab,0.1,0.851,2040
KAZ,SSP4,Urban,flushSeptic,0.1,0.865,2060
KAZ,SSP4,Urban,pitSlab,0.05,0.867,2063
KAZ,SSP5,Rural,flushPit,0.01,0.838,2025
KAZ,SSP5,Rural,pitSlab,0.05,0.87,2050
KAZ,SSP5,Rural,pitSlab,0.1,0.851,2032
KAZ,SSP5,Urban,flushSeptic,0.1,0.865,2045
KAZ,SSP5,Urban,pitSlab,0.05,0.867,2047
KEN,SSP1,Rural,compostingToilet,0.01,0.658,2030
KEN,SSP1,Rural,flushPit,0.01,0.838,2086
KEN,SSP1,Rural,flushPit,0.02,0.647,2028
KEN,SSP1,Rural,flushPit,0.05,0.63,2025
KEN,SSP1,Rural,flushUnknown,0.01,0.719,2043
KEN,SSP1,Rural,flushUnknown,0.02,0.706,2040
KEN,SSP1,Rural,flushUnknown,0.05,0.662,2030
KEN,SSP1,Rural,openDefecation,0.01,0.775,2061
KEN,SSP1,Rural,openDefecation,0.02,0.764,2056
KEN,SSP1,Rural,openDefecation,0.05,0.706,2040
KEN,SSP1,Rural,openDefecation,0.1,0.646,2028
KEN,SSP1,Rural,pitNoSlab,0.01,0.636,2026
KEN,SSP1,Rural,pitSlab,0.05,0.87,2098
KEN,SSP1,Rural,pitSlab,0.1,0.851,2091
KEN,SSP1,Urban,flushPit,0.02,0.738,2048
KEN,SSP1,Urban,flushSeptic,0.1,0.865,2096
KEN,SSP1,Urban,openDefecation,0.01,0.733,2047
KEN,SSP1,Urban,openDefecation,0.02,0.684,2035
KEN,SSP1,Urban,openDefecation,0.05,0.638,2027
KEN,SSP1,Urban,pitSlab,0.05,0.867,2097
KEN,SSP2,Rural,compostingToilet,0.01,0.658,2032
KEN,SSP2,Rural,flushPit,0.02,0.647,2029
KEN,SSP2,Rural,flushPit,0.05,0.63,2025
KEN,SSP2,Rural,flushUnknown,0.01,0.719,2052
KEN,SSP2,Rural,flushUnknown,0.02,0.706,2047
KEN,SSP2,Rural,flushUnknown,0.05,0.662,2033
KEN,SSP2,Rural,openDefecation,0.01,0.775,2076
KEN,SSP2,Rural,openDefecation,0.02,0.764,2072
KEN,SSP2,Rural,openDefecation,0.05,0.706,2047
KEN,SSP2,Rural,openDefecation,0.1,0.646,2029
KEN,SSP2,Rural,pitNoSlab,0.01,0.636,2027
KEN,SSP2,Urban,flushPit,0.02,0.738,2060
KEN,SSP2,Urban,openDefecation,0.01,0.733,2058
KEN,SSP2,Urban,openDefecation,0.02,0.684,2040
KEN,SSP2,Urban,openDefecation,0.05,0.638,2027
KEN,SSP3,Rural,compostingToilet,0.01,0.658,2059
KEN,SSP3,Rural,flushPit,0.02,0.647,2043
KEN,SSP3,Rural,flushPit,0.05,0.63,2026
KEN,SSP3,Rural,flushUnknown,0.05,0.662,2066
KEN,SSP3,Rural,openDefecation,0.1,0.646,2042
KEN,SSP3,Rural,pitNoSlab,0.01,0.636,2029
KEN,SSP3,Urban,openDefecation,0.05,0.638,2031
KEN,SSP4,Rural,compostingToilet,0.01,0.658,2047
KEN,SSP4,Rural,flushPit,0.02,0.647,2038
KEN,SSP4,Rural,flushPit,0.05,0.63,2026
KEN,SSP4,Rural,flushUnknown,0.02,0.706,2089
KEN,SSP4,Rural,flushUnknown,0.05,0.662,2050
KEN,SSP4,Rural,openDefecation,0.05,0.706,2089
KEN,SSP4,Rural,openDefecation,0.1,0.646,2037
KEN,SSP4,Rural,pitNoSlab,0.01,0.636,2029
KEN,SSP4,Urban,openDefecation,0.02,0.684,2070
KEN,SSP4,Urban,openDefecation,0.05,0.638,2030
KEN,SSP5,Rural,compostingToilet,0.01,0.658,2029
KEN,SSP5,Rural,flushPit,0.01,0.838,2082
KEN,SSP5,Rural,flushPit,0.02,0.647,2028
KEN,SSP5,Rural,flushPit,0.05,0.63,2025
KEN,SSP5,Rural,flushUnknown,0.01,0.719,2042
KEN,SSP5,Rural,flushUnknown,0.02,0.706,2039
KEN,SSP5,Rural,flushUnknown,0.05,0.662,2030
KEN,SSP5,Rural,openDefecation,0.01,0.775,2057
KEN,SSP5,Rural,openDefecation,0.02,0.764,2053
KEN,SSP5,Rural,openDefecation,0.05,0.706,2039
KEN,SSP5,Rural,openDefecation,0.1,0.646,2028
KEN,SSP5,Rural,pitNoSlab,0.01,0.636,2026
KEN,SSP5,Rural,pitSlab,0.05,0.87,2094
KEN,SSP5,Rural,pitSlab,0.1,0.851,2087
KEN,SSP5,Urban,flushPit,0.02,0.738,2046
KEN,SSP5,Urban,flushSeptic,0.1,0.865,2092
KEN,SSP5,Urban,openDefecation,0.01,0.733,2045
KEN,SSP5,Urban,openDefecation,0.02,0.684,2034
KEN,SSP5,Urban,openDefecation,0.05,0.638,2026
KEN,SSP5,Urban,pitSlab,0.05,0.867,2093
KGZ,SSP1,Rural,openDefecation,0.01,0.775,2044
KGZ,SSP1,Rural,openDefecation,0.02,0.764,2037
KGZ,SSP1,Urban,flushPit,0.02,0.738,2028
KGZ,SSP1,Urban,openDefecation,0.01,0.733,2027
KGZ,SSP2,Rural,openDefecation,0.01,0.775,2047
KGZ,SSP2,Rural,openDefecation,0.02,0.764,2040
KGZ,SSP2,Urban,flushPit,0.02,0.738,2028
KGZ,SSP2,Urban,openDefecation,0.01,0.733,2027
KGZ,SSP3,Rural,openDefecation,0.01,0.775,2049
KGZ,SSP3,Rural,openDefecation,0.02,0.764,2042
KGZ,SSP3,Urban,flushPit,0.02,0.738,2028
KGZ,SSP3,Urban,openDefecation,0.01,0.733,2028
KGZ,SSP4,Rural,openDefecation,0.01,0.775,2052
KGZ,SSP4,Rural,openDefecation,0.02,0.764,2044
KGZ,SSP4,Urban,flushPit,0.02,0.738,2029
KGZ,SSP4,Urban,openDefecation,0.01,0.733,2028
KGZ,SSP5,Rural,openDefecation,0.01,0.775,2044
KGZ,SSP5,Rural,openDefecation,0.02,0.764,2037
KGZ,SSP5,Urban,flushPit,0.02,0.738,2028
KGZ,SSP5,Urban,openDefecation,0.01,0.733,2027
KHM,SSP1,Rural,compostingToilet,0.01,0.658,2034
KHM,SSP1,Rural,flushPit,0.01,0.838,2092
KHM,SSP1,Rural,flushPit,0.02,0.647,2032
KHM,SSP1,Rural,flushPit,0.05,0.63,2029
KHM,SSP1,Rural,flushUnknown,0.01,0.719,2049
KHM,SSP1,Rural,flushUnknown,0.02,0.706,2046
KHM,SSP1,Rural,flushUnknown,0.05,0.662,2035
KHM,SSP1,Rural,openDefecation,0.01,0.775,2069
KHM,SSP1,Rural,openDefecation,0.02,0.764,2065
KHM,SSP1,Rural,openDefecation,0.05,0.706,2046
KHM,SSP1,Rural,openDefecation,0.1,0.646,2032
KHM,SSP1,Rural,pitNoSlab,0.01,0.636,2030
KHM,SSP1,Rural,pitNoSlab,0.02,0.622,2027
KHM,SSP1,Rural,pitSlab,0.1,0.851,2097
KHM,SSP1,Urban,flushPit,0.02,0.738,2055
KHM,SSP1,Urban,flushPit,0.05,0.608,2025
KHM,SSP1,Urban,openDefecation,0.01,0.733,2053
KHM,SSP1,Urban,openDefecation,0.02,0.684,2040
KHM,SSP1,Urban,openDefecation,0.05,0.638,2030
KHM,SSP1,Urban,pitNoSlab,0.01,0.626,2028
KHM,SSP2,Rural,compostingToilet,0.01,0.658,2037
KHM,SSP2,Rural,flushPit,0.02,0.647,2034
KHM,SSP2,Rural,flushPit,0.05,0.63,2030
KHM,SSP2,Rural,flushUnknown,0.01,0.719,2056
KHM,SSP2,Rural,flushUnknown,0.02,0.706,2052
KHM,SSP2,Rural,flushUnknown,0.05,0.662,2039
KHM,SSP2,Rural,openDefecation,0.01,0.775,2078
KHM,SSP2,Rural,openDefecation,0.02,0.764,2074
KHM,SSP2,Rural,openDefecation,0.05,0.706,2052
KHM,SSP2,Rural,openDefecation,0.1,0.646,2034
KHM,SSP2,Rural,pitNoSlab,0.01,0.636,2031
KHM,SSP2,Rural,pitNoSlab,0.02,0.622,2028
KHM,SSP2,Urban,flushPit,0.02,0.738,2064
KHM,SSP2,Urban,flushPit,0.05,0.608,2025
KHM,SSP2,Urban,openDefecation,0.01,0.733,2062
KHM,SSP2,Urban,openDefecation,0.02,0.684,2045
KHM,SSP2,Urban,openDefecation,0.05,0.638,2032
KHM,SSP2,Urban,pitNoSlab,0.01,0.626,2029
KHM,SSP3,Rural,compostingToilet,0.01,0.658,2049
KHM,SSP3,Rural,flushPit,0.02,0.647,2043
KHM,SSP3,Rural,flushPit,0.05,0.63,2033
KHM,SSP3,Rural,flushUnknown,0.05,0.662,2053
KHM,SSP3,Rural,openDefecation,0.1,0.646,2042
KHM,SSP3,Rural,pitNoSlab,0.01,0.636,2036
KHM,SSP3,Rural,pitNoSlab,0.02,0.622,2029
KHM,SSP3,Urban,flushPit,0.05,0.608,2026
KHM,SSP3,Urban,openDefecation,0.02,0.684,2077
KHM,SSP3,Urban,openDefecation,0.05,0.638,2038
KHM,SSP3,Urban,pitNoSlab,0.01,0.626,2031
KHM,SSP4,Rural,compostingToilet,0.01,0.658,2049
KHM,SSP4,Rural,flushPit,0.02,0.647,2043
KHM,SSP4,Rural,flushPit,0.05,0.63,2034
KHM,SSP4,Rural,flushUnknown,0.02,0.706,2093
KHM,SSP4,Rural,flushUnknown,0.05,0.662,2053
KHM,SSP4,Rural,openDefecation,0.05,0.706,2093
KHM,SSP4,Rural,openDefecation,0.1,0.646,2043
KHM,SSP4,Rural,pitNoSlab,0.01,0.636,2037
KHM,SSP4,Rural,pitNoSlab,0.02,0.622,2030
KHM,SSP4,Urban,flushPit,0.05,0.608,2026
KHM,SSP4,Urban,openDefecation,0.02,0.684,2073
KHM,SSP4,Urban,openDefecation,0.05,0.638,2038
KHM,SSP4,Urban,pitNoSlab,0.01,0.626,2032
KHM,SSP5,Rural,compostingToilet,0.01,0.658,2034
KHM,SSP5,Rural,flushPit,0.01,0.838,2092
KHM,SSP5,Rural,flushPit,0.02,0.647,2032
KHM,SSP5,Rural,flushPit,0.05,0.63,2029
KHM,SSP5,Rural,flushUnknown,0.01,0.719,2048
KHM,SSP5,Rural,flushUnknown,0.02,0.706,2045
KHM,SSP5,Rural,flushUnknown,0.05,0.662,2035
KHM,SSP5,Rural,openDefecation,0.01,0.775,2068
KHM,SSP5,Rural,openDefecation,0.02,0.764,2064
KHM,SSP5,Rural,openDefecation,0.05,0.706,2045
KHM,SSP5,Rural,openDefecation,0.1,0.646,2031
KHM,SSP5,Rural,pitNoSlab,0.01,0.636,2029
KHM,SSP5,Rural,pitNoSlab,0.02,0.622,2027
KHM,SSP5,Rural,pitSlab,0.1,0.851,2097
KHM,SSP5,Urban,flushPit,0.02,0.738,2054
KHM,SSP5,Urban,flushPit,0.05,0.608,2025
KHM,SSP5,Urban,openDefecation,0.01,0.733,2052
KHM,SSP5,Urban,openDefecation,0.02,0.684,2040
KHM,SSP5,Urban,openDefecation,0.05,0.638,2030
KHM,SSP5,Urban,pitNoSlab,0.01,0.626,2028
KIR,SSP1,Rural,compostingToilet,0.01,0.658,2030
KIR,SSP1,Rural,flushPit,0.02,0.647,2026
KIR,SSP1,Rural,flushUnknown,0.01,0.719,2073
KIR,SSP1,Rural,flushUnknown,0.02,0.706,2060
KIR,SSP1,Rural,flushUnknown,0.05,0.662,2032
KIR,SSP1,Rural,openDefecation,0.05,0.706,2060
KIR,SSP1,Rural,openDefecation,0.1,0.646,2026
KIR,SSP1,Urban,flushPit,0.02,0.738,2094
KIR,SSP1,Urban,openDefecation,0.01,0.733,2088
KIR,SSP1,Urban,openDefecation,0.02,0.684,2043
KIR,SSP2,Rural,compostingToilet,0.01,0.658,2031
KIR,SSP2,Rural,flushPit,0.02,0.647,2026
KIR,SSP2,Rural,flushUnknown,0.01,0.719,2076
KIR,SSP2,Rural,flushUnknown,0.02,0.706,2065
KIR,SSP2,Rural,flushUnknown,0.05,0.662,2034
KIR,SSP2,Rural,openDefecation,0.05,0.706,2065
KIR,SSP2,Rural,openDefecation,0.1,0.646,2026
KIR,SSP2,Urban,flushPit,0.02,0.738,2094
KIR,SSP2,Urban,openDefecation,0.01,0.733,2089
KIR,SSP2,Urban,openDefecation,0.02,0.684,2046
KIR,SSP3,Rural,compostingToilet,0.01,0.658,2038
KIR,SSP3,Rural,flushPit,0.02,0.647,2027
KIR,SSP3,Rural,flushUnknown,0.05,0.662,2042
KIR,SSP3,Rural,openDefecation,0.1,0.646,2026
KIR,SSP3,Urban,openDefecation,0.02,0.684,2078
KIR,SSP4,Rural,compostingToilet,0.01,0.658,2039
KIR,SSP4,Rural,flushPit,0.02,0.647,2028
KIR,SSP4,Rural,flushUnknown,0.05,0.662,2043
KIR,SSP4,Rural,openDefecation,0.1,0.646,2027
KIR,SSP4,Urban,openDefecation,0.02,0.684,2081
KIR,SSP5,Rural,compostingToilet,0.01,0.658,2029
KIR,SSP5,Rural,flushPit,0.02,0.647,2026
KIR,SSP5,Rural,flushUnknown,0.01,0.719,2074
KIR,SSP5,Rural,flushUnknown,0.02,0.706,2059
KIR,SSP5,Rural,flushUnknown,0.05,0.662,2031
KIR,SSP5,Rural,openDefecation,0.05,0.706,2059
KIR,SSP5,Rural,openDefecation,0.1,0.646,2026
KIR,SSP5,Urban,flushPit,0.02,0.738,2097
KIR,SSP5,Urban,openDefecation,0.01,0.733,2091
KIR,SSP5,Urban,openDefecation,0.02,0.684,2043
KNA,SSP1,Rural,flushSeptic,0.1,0.898,2049
KNA,SSP1,Rural,pitSlab,0.01,0.944,2087
KNA,SSP1,Rural,pitSlab,0.02,0.938,2082
KNA,SSP1,Rural,pitSlab,0.05,0.87,2036
KNA,SSP1,Rural,pitSlab,0.1,0.851,2028
KNA,SSP1,Urban,flushSeptic,0.1,0.865,2034
KNA,SSP1,Urban,other,0.01,0.932,2077
KNA,SSP1,Urban,pitSlab,0.01,0.944,2087
KNA,SSP1,Urban,pitSlab,0.02,0.938,2082
KNA,SSP1,Urban,pitSlab,0.05,0.867,2035
KNA,SSP2,Rural,flushSeptic,0.1,0.898,2055
KNA,SSP2,Rural,pitSlab,0.01,0.944,2088
KNA,SSP2,Rural,pitSlab,0.02,0.938,2084
KNA,SSP2,Rural,pitSlab,0.05,0.87,2039
KNA,SSP2,Rural,pitSlab,0.1,0.851,2029
KNA,SSP2,Urban,flushSeptic,0.1,0.865,2036
KNA,SSP2,Urban,other,0.01,0.932,2079
KNA,SSP2,Urban,pitSlab,0.01,0.944,2088
KNA,SSP2,Urban,pitSlab,0.02,0.938,2084
KNA,SSP2,Urban,pitSlab,0.05,0.867,2037
KNA,SSP3,Rural,pitSlab,0.05,0.87,2068
KNA,SSP3,Rural,pitSlab,0.1,0.851,2036
KNA,SSP3,Urban,flushSeptic,0.1,0.865,2057
KNA,SSP3,Urban,pitSlab,0.05,0.867,2061
KNA,SSP4,Rural,pitSlab,0.05,0.87,2062
KNA,SSP4,Rural,pitSlab,0.1,0.851,2037
KNA,SSP4,Urban,flushSeptic,0.1,0.865,2053
KNA,SSP4,Urban,pitSlab,0.05,0.867,2057
KNA,SSP5,Rural,flushSeptic,0.1,0.898,2049
KNA,SSP5,Rural,pitSlab,0.01,0.944,2087
KNA,SSP5,Rural,pitSlab,0.02,0.938,2082
KNA,SSP5,Rural,pitSlab,0.05,0.87,2036
KNA,SSP5,Rural,pitSlab,0.1,0.851,2028
KNA,SSP5,Urban,flushSeptic,0.1,0.865,2034
KNA,SSP5,Urban,other,0.01,0.932,2077
KNA,SSP5,Urban,pitSlab,0.01,0.944,2087
KNA,SSP5,Urban,pitSlab,0.02,0.938,2082
KNA,SSP5,Urban,pitSlab,0.05,0.867,2035
KOR,SSP1,Rural,pitSlab,0.01,0.944,2033
KOR,SSP1,Rural,pitSlab,0.02,0.938,2026
KOR,SSP1,Urban,pitSlab,0.01,0.944,2033
KOR,SSP1,Urban,pitSlab,0.02,0.938,2026
KOR,SSP2,Rural,pitSlab,0.01,0.944,2035
KOR,SSP2,Rural,pitSlab,0.02,0.938,2026
KOR,SSP2,Urban,pitSlab,0.01,0.944,2035
KOR,SSP2,Urban,pitSlab,0.02,0.938,2026
KOR,SSP3,Rural,pitSlab,0.01,0.944,2034
KOR,SSP3,Rural,pitSlab,0.02,0.938,2026
KOR,SSP3,Urban,pitSlab,0.01,0.944,2034
KOR,SSP3,Urban,pitSlab,0.02,0.938,2026
KOR,SSP4,Rural,pitSlab,0.01,0.944,2036
KOR,SSP4,Rural,pitSlab,0.02,0.938,2027
KOR,SSP4,Urban,pitSlab,0.01,0.944,2036
KOR,SSP4,Urban,pitSlab,0.02,0.938,2027
KOR,SSP5,Rural,pitSlab,0.01,0.944,2031
KOR,SSP5,Rural,pitSlab,0.02,0.938,2026
KOR,SSP5,Urban,pitSlab,0.01,0.944,2031
KOR,SSP5,Urban,pitSlab,0.02,0.938,2026
KWT,SSP1,Rural,flushSeptic,0.1,0.898,2070
KWT,SSP1,Rural,pitSlab,0.05,0.87,2040
KWT,SSP1,Urban,flushSeptic,0.1,0.865,2036
KWT,SSP1,Urban,pitSlab,0.05,0.867,2037
KWT,SSP2,Rural,flushSeptic,0.1,0.898,2069
KWT,SSP2,Rural,pitSlab,0.05,0.87,2042
KWT,SSP2,Urban,flushSeptic,0.1,0.865,2038
KWT,SSP2,Urban,pitSlab,0.05,0.867,2040
KWT,SSP3,Rural,flushSeptic,0.1,0.898,2094
KWT,SSP3,Rural,pitSlab,0.05,0.87,2056
KWT,SSP3,Rural,pitSlab,0.1,0.851,2030
KWT,SSP3,Urban,flushSeptic,0.1,0.865,2049
KWT,SSP3,Urban,pitSlab,0.05,0.867,2051
KWT,SSP4,Rural,flushSeptic,0.1,0.898,2085
KWT,SSP4,Rural,pitSlab,0.05,0.87,2051
KWT,SSP4,Urban,flushSeptic,0.1,0.865,2045
KWT,SSP4,Urban,pitSlab,0.05,0.867,2048
KWT,SSP5,Rural,flushSeptic,0.1,0.898,2076
KWT,SSP5,Rural,pitSlab,0.05,0.87,2040
KWT,SSP5,Urban,flushSeptic,0.1,0.865,2035
KWT,SSP5,Urban,pitSlab,0.05,0.867,2037
LAO,SSP1,Rural,compostingToilet,0.01,0.658,2038
LAO,SSP1,Rural,flushPit,0.02,0.647,2034
LAO,SSP1,Rural,flushPit,0.05,0.63,2029
LAO,SSP1,Rural,flushUnknown,0.01,0.719,2061
LAO,SSP1,Rural,flushUnknown,0.02,0.706,2055
LAO,SSP1,Rural,flushUnknown,0.05,0.662,2039
LAO,SSP1,Rural,openDefecation,0.01,0.775,2087
LAO,SSP1,Rural,openDefecation,0.02,0.764,2082
LAO,SSP1,Rural,openDefecation,0.05,0.706,2055
LAO,SSP1,Rural,openDefecation,0.1,0.646,2034
LAO,SSP1,Rural,pitNoSlab,0.01,0.636,2030
LAO,SSP1,Rural,pitNoSlab,0.02,0.622,2026
LAO,SSP1,Urban,flushPit,0.02,0.738,2070
LAO,SSP1,Urban,openDefecation,0.01,0.733,2068
LAO,SSP1,Urban,openDefecation,0.02,0.684,2046
LAO,SSP1,Urban,openDefecation,0.05,0.638,2031
LAO,SSP1,Urban,pitNoSlab,0.01,0.626,2028
LAO,SSP2,Rural,compostingToilet,0.01,0.658,2044
LAO,SSP2,Rural,flushPit,0.02,0.647,2039
LAO,SSP2,Rural,flushPit,0.05,0.63,2031
LAO,SSP2,Rural,flushUnknown,0.01,0.719,2076
LAO,SSP2,Rural,flushUnknown,0.02,0.706,2069
LAO,SSP2,Rural,flushUnknown,0.05,0.662,2046
LAO,SSP2,Rural,openDefecation,0.05,0.706,2069
LAO,SSP2,Rural,openDefecation,0.1,0.646,2039
LAO,SSP2,Rural,pitNoSlab,0.01,0.636,2034
LAO,SSP2,Rural,pitNoSlab,0.02,0.622,2027
LAO,SSP2,Urban,flushPit,0.02,0.738,2087
LAO,SSP2,Urban,openDefecation,0.01,0.733,2084
LAO,SSP2,Urban,openDefecation,0.02,0.684,2058
LAO,SSP2,Urban,openDefecation,0.05,0.638,2035
LAO,SSP2,Urban,pitNoSlab,0.01,0.626,2029
LAO,SSP3,Rural,pitNoSlab,0.02,0.622,2040
LAO,SSP3,Urban,pitNoSlab,0.01,0.626,2075
LAO,SSP4,Rural,flushPit,0.05,0.63,2062
LAO,SSP4,Rural,pitNoSlab,0.01,0.636,2079
LAO,SSP4,Rural,pitNoSlab,0.02,0.622,2039
LAO,SSP4,Urban,openDefecation,0.05,0.638,2085
LAO,SSP4,Urban,pitNoSlab,0.01,0.626,2050
LAO,SSP5,Rural,compostingToilet,0.01,0.658,2037
LAO,SSP5,Rural,flushPit,0.02,0.647,2033
LAO,SSP5,Rural,flushPit,0.05,0.63,2028
LAO,SSP5,Rural,flushUnknown,0.01,0.719,2058
LAO,SSP5,Rural,flushUnknown,0.02,0.706,2052
LAO,SSP5,Rural,flushUnknown,0.05,0.662,2038
LAO,SSP5,Rural,openDefecation,0.01,0.775,2082
LAO,SSP5,Rural,openDefecation,0.02,0.764,2078
LAO,SSP5,Rural,openDefecation,0.05,0.706,2052
LAO,SSP5,Rural,openDefecation,0.1,0.646,2033
LAO,SSP5,Rural,pitNoSlab,0.01,0.636,2030
LAO,SSP5,Rural,pitNoSlab,0.02,0.622,2026
LAO,SSP5,Urban,flushPit,0.02,0.738,2066
LAO,SSP5,Urban,openDefecation,0.01,0.733,2064
LAO,SSP5,Urban,openDefecation,0.02,0.684,2045
LAO,SSP5,Urban,openDefecation,0.05,0.638,2030
LAO,SSP5,Urban,pitNoSlab,0.01,0.626,2027
LBN,SSP1,Rural,flushPit,0.01,0.838,2093
LBN,SSP1,Rural,openDefecation,0.01,0.775,2036
LBN,SSP1,Rural,openDefecation,0.02,0.764,2030
LBN,SSP2,Rural,flushPit,0.01,0.838,2087
LBN,SSP2,Rural,openDefecation,0.01,0.775,2037
LBN,SSP2,Rural,openDefecation,0.02,0.764,2031
LBN,SSP2,Rural,pitSlab,0.1,0.851,2099
LBN,SSP3,Rural,openDefecation,0.01,0.775,2048
LBN,SSP3,Rural,openDefecation,0.02,0.764,2036
LBN,SSP4,Rural,openDefecation,0.01,0.775,2044
LBN,SSP4,Rural,openDefecation,0.02,0.764,2036
LBN,SSP5,Rural,flushPit,0.01,0.838,2093
LBN,SSP5,Rural,openDefecation,0.01,0.775,2036
LBN,SSP5,Rural,openDefecation,0.02,0.764,2030
LBR,SSP1,Rural,compostingToilet,0.01,0.658,2046
LBR,SSP1,Rural,flushPit,0.01,0.838,2081
LBR,SSP1,Rural,flushPit,0.02,0.647,2044
LBR,SSP1,Rural,flushPit,0.05,0.63,2041
LBR,SSP1,Rural,flushSeptic,0.1,0.898,2093
LBR,SSP1,Rural,flushUnknown,0.01,0.719,2056
LBR,SSP1,Rural,flushUnknown,0.02,0.706,2054
LBR,SSP1,Rural,flushUnknown,0.05,0.662,2046
LBR,SSP1,Rural,openDefecation,0.01,0.775,2068
LBR,SSP1,Rural,openDefecation,0.02,0.764,2066
LBR,SSP1,Rural,openDefecation,0.05,0.706,2054
LBR,SSP1,Rural,openDefecation,0.1,0.646,2044
LBR,SSP1,Rural,pitNoSlab,0.01,0.636,2042
LBR,SSP1,Rural,pitNoSlab,0.02,0.622,2040
LBR,SSP1,Rural,pitNoSlab,0.05,0.602,2037
LBR,SSP1,Rural,pitSlab,0.05,0.87,2088
LBR,SSP1,Rural,pitSlab,0.1,0.851,2084
LBR,SSP1,Urban,flushPit,0.02,0.738,2060
LBR,SSP1,Urban,flushPit,0.05,0.608,2038
LBR,SSP1,Urban,flushSeptic,0.1,0.865,2087
LBR,SSP1,Urban,openDefecation,0.01,0.733,2059
LBR,SSP1,Urban,openDefecation,0.02,0.684,2049
LBR,SSP1,Urban,openDefecation,0.05,0.638,2043
LBR,SSP1,Urban,pitNoSlab,0.01,0.626,2041
LBR,SSP1,Urban,pitNoSlab,0.02,0.597,2036
LBR,SSP1,Urban,pitNoSlab,0.05,0.572,2033
LBR,SSP1,Urban,pitSlab,0.05,0.867,2087
LBR,SSP2,Rural,compostingToilet,0.01,0.658,2051
LBR,SSP2,Rural,flushPit,0.01,0.838,2090
LBR,SSP2,Rural,flushPit,0.02,0.647,2049
LBR,SSP2,Rural,flushPit,0.05,0.63,2046
LBR,SSP2,Rural,flushUnknown,0.01,0.719,2064
LBR,SSP2,Rural,flushUnknown,0.02,0.706,2062
LBR,SSP2,Rural,flushUnknown,0.05,0.662,2052
LBR,SSP2,Rural,openDefecation,0.01,0.775,2077
LBR,SSP2,Rural,openDefecation,0.02,0.764,2074
LBR,SSP2,Rural,openDefecation,0.05,0.706,2062
LBR,SSP2,Rural,openDefecation,0.1,0.646,2049
LBR,SSP2,Rural,pitNoSlab,0.01,0.636,2047
LBR,SSP2,Rural,pitNoSlab,0.02,0.622,2044
LBR,SSP2,Rural,pitNoSlab,0.05,0.602,2041
LBR,SSP2,Rural,pitSlab,0.05,0.87,2097
LBR,SSP2,Rural,pitSlab,0.1,0.851,2093
LBR,SSP2,Urban,flushPit,0.02,0.738,2069
LBR,SSP2,Urban,flushPit,0.05,0.608,2042
LBR,SSP2,Urban,flushSeptic,0.1,0.865,2096
LBR,SSP2,Urban,openDefecation,0.01,0.733,2067
LBR,SSP2,Urban,openDefecation,0.02,0.684,2057
LBR,SSP2,Urban,openDefecation,0.05,0.638,2047
LBR,SSP2,Urban,pitNoSlab,0.01,0.626,2045
LBR,SSP2,Urban,pitNoSlab,0.02,0.597,2040
LBR,SSP2,Urban,pitNoSlab,0.05,0.572,2035
LBR,SSP2,Urban,pitSlab,0.05,0.867,2097
LBR,SSP3,Urban,pitNoSlab,0.05,0.572,2097
LBR,SSP4,Urban,pitNoSlab,0.05,0.572,2083
LBR,SSP5,Rural,compostingToilet,0.01,0.658,2044
LBR,SSP5,Rural,flushPit,0.01,0.838,2078
LBR,SSP5,Rural,flushPit,0.02,0.647,2043
LBR,SSP5,Rural,flushPit,0.05,0.63,2040
LBR,SSP5,Rural,flushSeptic,0.1,0.898,2090
LBR,SSP5,Rural,flushUnknown,0.01,0.719,2054
LBR,SSP5,Rural,flushUnknown,0.02,0.706,2052
LBR,SSP5,Rural,flushUnknown,0.05,0.662,2045
LBR,SSP5,Rural,openDefecation,0.01,0.775,2066
LBR,SSP5,Rural,openDefecation,0.02,0.764,2063
LBR,SSP5,Rural,openDefecation,0.05,0.706,2052
LBR,SSP5,Rural,openDefecation,0.1,0.646,2043
LBR,SSP5,Rural,pitNoSlab,0.01,0.636,2041
LBR,SSP5,Rural,pitNoSlab,0.02,0.622,2039
LBR,SSP5,Rural,pitNoSlab,0.05,0.602,2036
LBR,SSP5,Rural,pitSlab,0.01,0.944,2100
LBR,SSP5,Rural,pitSlab,0.02,0.938,2098
LBR,SSP5,Rural,pitSlab,0.05,0.87,2085
LBR,SSP5,Rural,pitSlab,0.1,0.851,2081
LBR,SSP5,Urban,flushPit,0.02,0.738,2058
LBR,SSP5,Urban,flushPit,0.05,0.608,2037
LBR,SSP5,Urban,flushSeptic,0.1,0.865,2084
LBR,SSP5,Urban,openDefecation,0.01,0.733,2057
LBR,SSP5,Urban,openDefecation,0.02,0.684,2048
LBR,SSP5,Urban,openDefecation,0.05,0.638,2041
LBR,SSP5,Urban,other,0.01,0.932,2097
LBR,SSP5,Urban,pitNoSlab,0.01,0.626,2040
LBR,SSP5,Urban,pitNoSlab,0.02,0.597,2036
LBR,SSP5,Urban,pitNoSlab,0.05,0.572,2032
LBR,SSP5,Urban,pitSlab,0.01,0.944,2100
LBR,SSP5,Urban,pitSlab,0.02,0.938,2098
LBR,SSP5,Urban,pitSlab,0.05,0.867,2084
LBY,SSP1,Rural,flushPit,0.01,0.838,2049
LBY,SSP1,Rural,flushSeptic,0.1,0.898,2067
LBY,SSP1,Rural,openDefecation,0.01,0.775,2035
LBY,SSP1,Rural,openDefecation,0.02,0.764,2033
LBY,SSP1,Rural,pitSlab,0.01,0.944,2081
LBY,SSP1,Rural,pitSlab,0.02,0.938,2079
LBY,SSP1,Rural,pitSlab,0.05,0.87,2058
LBY,SSP1,Rural,pitSlab,0.1,0.851,2052
LBY,SSP1,Urban,flushPit,0.02,0.738,2028
LBY,SSP1,Urban,flushSeptic,0.1,0.865,2057
LBY,SSP1,Urban,openDefecation,0.01,0.733,2027
LBY,SSP1,Urban,other,0.01,0.932,2077
LBY,SSP1,Urban,pitSlab,0.01,0.944,2081
LBY,SSP1,Urban,pitSlab,0.02,0.938,2079
LBY,SSP1,Urban,pitSlab,0.05,0.867,2057
LBY,SSP2,Rural,flushPit,0.01,0.838,2059
LBY,SSP2,Rural,flushSeptic,0.1,0.898,2079
LBY,SSP2,Rural,openDefecation,0.01,0.775,2040
LBY,SSP2,Rural,openDefecation,0.02,0.764,2037
LBY,SSP2,Rural,pitSlab,0.01,0.944,2095
LBY,SSP2,Rural,pitSlab,0.02,0.938,2093
LBY,SSP2,Rural,pitSlab,0.05,0.87,2070
LBY,SSP2,Rural,pitSlab,0.1,0.851,2064
LBY,SSP2,Urban,flushPit,0.02,0.738,2029
LBY,SSP2,Urban,flushSeptic,0.1,0.865,2068
LBY,SSP2,Urban,openDefecation,0.01,0.733,2028
LBY,SSP2,Urban,other,0.01,0.932,2091
LBY,SSP2,Urban,pitSlab,0.01,0.944,2095
LBY,SSP2,Urban,pitSlab,0.02,0.938,2093
LBY,SSP2,Urban,pitSlab,0.05,0.867,2069
LBY,SSP3,Rural,openDefecation,0.02,0.764,2090
LBY,SSP3,Urban,flushPit,0.02,0.738,2046
LBY,SSP3,Urban,openDefecation,0.01,0.733,2039
LBY,SSP4,Rural,openDefecation,0.01,0.775,2082
LBY,SSP4,Rural,openDefecation,0.02,0.764,2070
LBY,SSP4,Urban,flushPit,0.02,0.738,2042
LBY,SSP4,Urban,openDefecation,0.01,0.733,2037
LBY,SSP5,Rural,flushPit,0.01,0.838,2047
LBY,SSP5,Rural,flushSeptic,0.1,0.898,2064
LBY,SSP5,Rural,openDefecation,0.01,0.775,2035
LBY,SSP5,Rural,openDefecation,0.02,0.764,2032
LBY,SSP5,Rural,pitSlab,0.01,0.944,2078
LBY,SSP5,Rural,pitSlab,0.02,0.938,2076
LBY,SSP5,Rural,pitSlab,0.05,0.87,2056
LBY,SSP5,Rural,pitSlab,0.1,0.851,2050
LBY,SSP5,Urban,flushPit,0.02,0.738,2028
LBY,SSP5,Urban,flushSeptic,0.1,0.865,2054
LBY,SSP5,Urban,openDefecation,0.01,0.733,2027
LBY,SSP5,Urban,other,0.01,0.932,2074
LBY,SSP5,Urban,pitSlab,0.01,0.944,2078
LBY,SSP5,Urban,pitSlab,0.02,0.938,2076
LBY,SSP5,Urban,pitSlab,0.05,0.867,2055
LCA,SSP1,Rural,flushPit,0.01,0.838,2089
LCA,SSP1,Rural,openDefecation,0.01,0.775,2038
LCA,SSP1,Rural,openDefecation,0.02,0.764,2032
LCA,SSP2,Rural,flushPit,0.01,0.838,2090
LCA,SSP2,Rural,openDefecation,0.01,0.775,2041
LCA,SSP2,Rural,openDefecation,0.02,0.764,2034
LCA,SSP3,Rural,openDefecation,0.01,0.775,2060
LCA,SSP3,Rural,openDefecation,0.02,0.764,2043
LCA,SSP4,Rural,openDefecation,0.01,0.775,2061
LCA,SSP4,Rural,openDefecation,0.02,0.764,2044
LCA,SSP5,Rural,flushPit,0.01,0.838,2089
LCA,SSP5,Rural,openDefecation,0.01,0.775,2037
LCA,SSP5,Rural,openDefecation,0.02,0.764,2032
LIE,SSP1,Rural,pitSlab,0.01,0.944,2028
LIE,SSP1,Rural,pitSlab,0.02,0.938,2025
LIE,SSP1,Urban,pitSlab,0.01,0.944,2028
LIE,SSP1,Urban,pitSlab,0.02,0.938,2025
LIE,SSP2,Rural,pitSlab,0.01,0.944,2028
LIE,SSP2,Rural,pitSlab,0.02,0.938,2025
LIE,SSP2,Urban,pitSlab,0.01,0.944,2028
LIE,SSP2,Urban,pitSlab,0.02,0.938,2025
LIE,SSP3,Rural,pitSlab,0.01,0.944,2030
LIE,SSP3,Rural,pitSlab,0.02,0.938,2025
LIE,SSP3,Urban,pitSlab,0.01,0.944,2030
LIE,SSP3,Urban,pitSlab,0.02,0.938,2025
LIE,SSP4,Rural,pitSlab,0.01,0.944,2029
LIE,SSP4,Rural,pitSlab,0.02,0.938,2025
LIE,SSP4,Urban,pitSlab,0.01,0.944,2029
LIE,SSP4,Urban,pitSlab,0.02,0.938,2025
LIE,SSP5,Rural,pitSlab,0.01,0.944,2027
LIE,SSP5,Rural,pitSlab,0.02,0.938,2025
LIE,SSP5,Urban,pitSlab,0.01,0.944,2027
LIE,SSP5,Urban,pitSlab,0.02,0.938,2025
LKA,SSP1,Rural,flushPit,0.01,0.838,2050
LKA,SSP1,Rural,flushSeptic,0.1,0.898,2098
LKA,SSP1,Rural,pitSlab,0.05,0.87,2075
LKA,SSP1,Rural,pitSlab,0.1,0.851,2060
LKA,SSP1,Urban,flushSeptic,0.1,0.865,2071
LKA,SSP1,Urban,pitSlab,0.05,0.867,2073
LKA,SSP2,Rural,flushPit,0.01,0.838,2055
LKA,SSP2,Rural,pitSlab,0.05,0.87,2079
LKA,SSP2,Rural,pitSlab,0.1,0.851,2065
LKA,SSP2,Urban,flushSeptic,0.1,0.865,2075
LKA,SSP2,Urban,pitSlab,0.05,0.867,2077
LKA,SSP4,Rural,flushPit,0.01,0.838,2097
LKA,SSP5,Rural,flushPit,0.01,0.838,2049
LKA,SSP5,Rural,flushSeptic,0.1,0.898,2099
LKA,SSP5,Rural,pitSlab,0.05,0.87,2075
LKA,SSP5,Rural,pitSlab,0.1,0.851,2059
LKA,SSP5,Urban,flushSeptic,0.1,0.865,2071
LKA,SSP5,Urban,pitSlab,0.05,0.867,2073
LSO,SSP1,Rural,compostingToilet,0.01,0.658,2047
LSO,SSP1,Rural,flushPit,0.01,0.838,2097
LSO,SSP1,Rural,flushPit,0.02,0.647,2045
LSO,SSP1,Rural,flushPit,0.05,0.63,2041
LSO,SSP1,Rural,flushUnknown,0.01,0.719,2063
LSO,SSP1,Rural,flushUnknown,0.02,0.706,2059
LSO,SSP1,Rural,flushUnknown,0.05,0.662,2048
LSO,SSP1,Rural,openDefecation,0.01,0.775,2079
LSO,SSP1,Rural,openDefecation,0.02,0.764,2076
LSO,SSP1,Rural,openDefecation,0.05,0.706,2059
LSO,SSP1,Rural,openDefecation,0.1,0.646,2044
LSO,SSP1,Rural,pitNoSlab,0.01,0.636,2042
LSO,SSP1,Rural,pitNoSlab,0.02,0.622,2040
LSO,SSP1,Rural,pitNoSlab,0.05,0.602,2036
LSO,SSP1,Urban,flushPit,0.02,0.738,2069
LSO,SSP1,Urban,flushPit,0.05,0.608,2037
LSO,SSP1,Urban,openDefecation,0.01,0.733,2067
LSO,SSP1,Urban,openDefecation,0.02,0.684,2053
LSO,SSP1,Urban,openDefecation,0.05,0.638,2043
LSO,SSP1,Urban,pitNoSlab,0.01,0.626,2040
LSO,SSP1,Urban,pitNoSlab,0.02,0.597,2034
LSO,SSP1,Urban,pitNoSlab,0.05,0.572,2029
LSO,SSP2,Rural,compostingToilet,0.01,0.658,2058
LSO,SSP2,Rural,flushPit,0.02,0.647,2055
LSO,SSP2,Rural,flushPit,0.05,0.63,2049
LSO,SSP2,Rural,flushUnknown,0.01,0.719,2078
LSO,SSP2,Rural,flushUnknown,0.02,0.706,2074
LSO,SSP2,Rural,flushUnknown,0.05,0.662,2059
LSO,SSP2,Rural,openDefecation,0.01,0.775,2096
LSO,SSP2,Rural,openDefecation,0.02,0.764,2093
LSO,SSP2,Rural,openDefecation,0.05,0.706,2074
LSO,SSP2,Rural,openDefecation,0.1,0.646,2054
LSO,SSP2,Rural,pitNoSlab,0.01,0.636,2051
LSO,SSP2,Rural,pitNoSlab,0.02,0.622,2047
LSO,SSP2,Rural,pitNoSlab,0.05,0.602,2041
LSO,SSP2,Urban,flushPit,0.02,0.738,2084
LSO,SSP2,Urban,flushPit,0.05,0.608,2043
LSO,SSP2,Urban,openDefecation,0.01,0.733,2083
LSO,SSP2,Urban,openDefecation,0.02,0.684,2067
LSO,SSP2,Urban,openDefecation,0.05,0.638,2052
LSO,SSP2,Urban,pitNoSlab,0.01,0.626,2048
LSO,SSP2,Urban,pitNoSlab,0.02,0.597,2039
LSO,SSP2,Urban,pitNoSlab,0.05,0.572,2032
LSO,SSP3,Rural,pitNoSlab,0.05,0.602,2087
LSO,SSP3,Urban,flushPit,0.05,0.608,2093
LSO,SSP3,Urban,pitNoSlab,0.02,0.597,2081
LSO,SSP3,Urban,pitNoSlab,0.05,0.572,2053
LSO,SSP4,Rural,flushPit,0.05,0.63,2099
LSO,SSP4,Rural,pitNoSlab,0.02,0.622,2092
LSO,SSP4,Rural,pitNoSlab,0.05,0.602,2075
LSO,SSP4,Urban,flushPit,0.05,0.608,2081
LSO,SSP4,Urban,pitNoSlab,0.01,0.626,2096
LSO,SSP4,Urban,pitNoSlab,0.02,0.597,2071
LSO,SSP4,Urban,pitNoSlab,0.05,0.572,2050
LSO,SSP5,Rural,compostingToilet,0.01,0.658,2045
LSO,SSP5,Rural,flushPit,0.01,0.838,2094
LSO,SSP5,Rural,flushPit,0.02,0.647,2043
LSO,SSP5,Rural,flushPit,0.05,0.63,2040
LSO,SSP5,Rural,flushUnknown,0.01,0.719,2060
LSO,SSP5,Rural,flushUnknown,0.02,0.706,2057
LSO,SSP5,Rural,flushUnknown,0.05,0.662,2046
LSO,SSP5,Rural,openDefecation,0.01,0.775,2076
LSO,SSP5,Rural,openDefecation,0.02,0.764,2073
LSO,SSP5,Rural,openDefecation,0.05,0.706,2057
LSO,SSP5,Rural,openDefecation,0.1,0.646,2043
LSO,SSP5,Rural,pitNoSlab,0.01,0.636,2041
LSO,SSP5,Rural,pitNoSlab,0.02,0.622,2038
LSO,SSP5,Rural,pitNoSlab,0.05,0.602,2035
LSO,SSP5,Rural,pitSlab,0.1,0.851,2097
LSO,SSP5,Urban,flushPit,0.02,0.738,2066
LSO,SSP5,Urban,flushPit,0.05,0.608,2036
LSO,SSP5,Urban,openDefecation,0.01,0.733,2064
LSO,SSP5,Urban,openDefecation,0.02,0.684,2051
LSO,SSP5,Urban,openDefecation,0.05,0.638,2042
LSO,SSP5,Urban,pitNoSlab,0.01,0.626,2039
LSO,SSP5,Urban,pitNoSlab,0.02,0.597,2034
LSO,SSP5,Urban,pitNoSlab,0.05,0.572,2029
LTU,SSP1,Rural,flushSeptic,0.1,0.898,2027
LTU,SSP2,Rural,flushSeptic,0.1,0.898,2027
LTU,SSP3,Rural,flushSeptic,0.1,0.898,2027
LTU,SSP4,Rural,flushSeptic,0.1,0.898,2028
LTU,SSP5,Rural,flushSeptic,0.1,0.898,2026
LUX,SSP1,Rural,pitSlab,0.01,0.944,2039
LUX,SSP1,Rural,pitSlab,0.02,0.938,2035
LUX,SSP1,Urban,other,0.01,0.932,2030
LUX,SSP1,Urban,pitSlab,0.01,0.944,2039
LUX,SSP1,Urban,pitSlab,0.02,0.938,2035
LUX,SSP2,Rural,pitSlab,0.01,0.944,2040
LUX,SSP2,Rural,pitSlab,0.02,0.938,2035
LUX,SSP2,Urban,other,0.01,0.932,2030
LUX,SSP2,Urban,pitSlab,0.01,0.944,2040
LUX,SSP2,Urban,pitSlab,0.02,0.938,2035
LUX,SSP3,Rural,pitSlab,0.01,0.944,2055
LUX,SSP3,Rural,pitSlab,0.02,0.938,2045
LUX,SSP3,Urban,other,0.01,0.932,2037
LUX,SSP3,Urban,pitSlab,0.01,0.944,2055
LUX,SSP3,Urban,pitSlab,0.02,0.938,2045
LUX,SSP4,Rural,pitSlab,0.01,0.944,2053
LUX,SSP4,Rural,pitSlab,0.02,0.938,2043
LUX,SSP4,Urban,other,0.01,0.932,2035
LUX,SSP4,Urban,pitSlab,0.01,0.944,2053
LUX,SSP4,Urban,pitSlab,0.02,0.938,2043
LUX,SSP5,Rural,pitSlab,0.01,0.944,2040
LUX,SSP5,Rural,pitSlab,0.02,0.938,2035
LUX,SSP5,Urban,other,0.01,0.932,2030
LUX,SSP5,Urban,pitSlab,0.01,0.944,2040
LUX,SSP5,Urban,pitSlab,0.02,0.938,2035
LVA,SSP1,Rural,flushSeptic,0.1,0.898,2029
LVA,SSP2,Rural,flushSeptic,0.1,0.898,2030
LVA,SSP2,Urban,other,0.01,0.932,2091
LVA,SSP3,Rural,flushSeptic,0.1,0.898,2033
LVA,SSP4,Rural,flushSeptic,0.1,0.898,2033
LVA,SSP5,Rural,flushSeptic,0.1,0.898,2029
MAC,SSP1,Rural,flushPit,0.01,0.838,2089
MAC,SSP1,Rural,openDefecation,0.01,0.775,2043
MAC,SSP1,Rural,openDefecation,0.02,0.764,2038
MAC,SSP1,Rural,pitSlab,0.1,0.851,2099
MAC,SSP1,Urban,flushPit,0.02,0.738,2028
MAC,SSP1,Urban,openDefecation,0.01,0.733,2026
MAC,SSP2,Rural,flushUnknown,0.01,0.719,2027
MAC,SSP2,Rural,openDefecation,0.01,0.775,2055
MAC,SSP2,Rural,openDefecation,0.02,0.764,2048
MAC,SSP2,Urban,flushPit,0.02,0.738,2035
MAC,SSP2,Urban,openDefecation,0.01,0.733,2032
MAC,SSP3,Rural,flushUnknown,0.01,0.719,2072
MAC,SSP3,Rural,flushUnknown,0.02,0.706,2049
MAC,SSP3,Rural,openDefecation,0.05,0.706,2049
MAC,SSP3,Urban,openDefecation,0.01,0.733,2098
MAC,SSP3,Urban,openDefecation,0.02,0.684,2028
MAC,SSP4,Rural,flushUnknown,0.01,0.719,2077
MAC,SSP4,Rural,flushUnknown,0.02,0.706,2059
MAC,SSP4,Rural,openDefecation,0.05,0.706,2059
MAC,SSP4,Urban,openDefecation,0.01,0.733,2097
MAC,SSP4,Urban,openDefecation,0.02,0.684,2034
MAC,SSP5,Rural,flushPit,0.01,0.838,2087
MAC,SSP5,Rural,openDefecation,0.01,0.775,2042
MAC,SSP5,Rural,openDefecation,0.02,0.764,2037
MAC,SSP5,Rural,pitSlab,0.1,0.851,2098
MAC,SSP5,Urban,flushPit,0.02,0.738,2027
MAC,SSP5,Urban,openDefecation,0.01,0.733,2026
MAF,SSP1,Rural,flushPit,0.01,0.838,2093
MAF,SSP1,Rural,openDefecation,0.01,0.775,2045
MAF,SSP1,Rural,openDefecation,0.02,0.764,2040
MAF,SSP1,Urban,flushPit,0.02,0.738,2029
MAF,SSP1,Urban,openDefecation,0.01,0.733,2027
MAF,SSP2,Rural,flushUnknown,0.01,0.719,2030
MAF,SSP2,Rural,openDefecation,0.01,0.775,2062
MAF,SSP2,Rural,openDefecation,0.02,0.764,2054
MAF,SSP2,Urban,flushPit,0.02,0.738,2039
MAF,SSP2,Urban,openDefecation,0.01,0.733,2037
MAF,SSP3,Rural,flushUnknown,0.02,0.706,2084
MAF,SSP3,Rural,openDefecation,0.05,0.706,2084
MAF,SSP3,Urban,openDefecation,0.02,0.684,2041
MAF,SSP4,Rural,flushUnknown,0.02,0.706,2085
MAF,SSP4,Rural,flushUnknown,0.05,0.662,2025
MAF,SSP4,Rural,openDefecation,0.05,0.706,2085
MAF,SSP4,Urban,openDefecation,0.02,0.684,2049
MAF,SSP5,Rural,flushPit,0.01,0.838,2092
MAF,SSP5,Rural,openDefecation,0.01,0.775,2044
MAF,SSP5,Rural,openDefecation,0.02,0.764,2039
MAF,SSP5,Urban,flushPit,0.02,0.738,2028
MAF,SSP5,Urban,openDefecation,0.01,0.733,2027
MAR,SSP1,Rural,flushPit,0.01,0.838,2059
MAR,SSP1,Rural,flushSeptic,0.1,0.898,2082
MAR,SSP1,Rural,flushUnknown,0.01,0.719,2027
MAR,SSP1,Rural,openDefecation,0.01,0.775,2040
MAR,SSP1,Rural,openDefecation,0.02,0.764,2038
MAR,SSP1,Rural,pitSlab,0.01,0.944,2099
MAR,SSP1,Rural,pitSlab,0.02,0.938,2097
MAR,SSP1,Rural,pitSlab,0.05,0.87,2071
MAR,SSP1,Rural,pitSlab,0.1,0.851,2064
MAR,SSP1,Urban,flushPit,0.02,0.738,2031
MAR,SSP1,Urban,flushSeptic,0.1,0.865,2069
MAR,SSP1,Urban,openDefecation,0.01,0.733,2030
MAR,SSP1,Urban,other,0.01,0.932,2094
MAR,SSP1,Urban,pitSlab,0.01,0.944,2099
MAR,SSP1,Urban,pitSlab,0.02,0.938,2097
MAR,SSP1,Urban,pitSlab,0.05,0.867,2070
MAR,SSP2,Rural,flushPit,0.01,0.838,2063
MAR,SSP2,Rural,flushSeptic,0.1,0.898,2084
MAR,SSP2,Rural,flushUnknown,0.01,0.719,2027
MAR,SSP2,Rural,openDefecation,0.01,0.775,2043
MAR,SSP2,Rural,openDefecation,0.02,0.764,2039
MAR,SSP2,Rural,pitSlab,0.02,0.938,2098
MAR,SSP2,Rural,pitSlab,0.05,0.87,2074
MAR,SSP2,Rural,pitSlab,0.1,0.851,2068
MAR,SSP2,Urban,flushPit,0.02,0.738,2032
MAR,SSP2,Urban,flushSeptic,0.1,0.865,2073
MAR,SSP2,Urban,openDefecation,0.01,0.733,2031
MAR,SSP2,Urban,other,0.01,0.932,2096
MAR,SSP2,Urban,pitSlab,0.02,0.938,2098
MAR,SSP2,Urban,pitSlab,0.05,0.867,2073
MAR,SSP3,Rural,flushUnknown,0.01,0.719,2035
MAR,SSP3,Urban,flushPit,0.02,0.738,2068
MAR,SSP3,Urban,openDefecation,0.01,0.733,2057
MAR,SSP4,Rural,flushUnknown,0.01,0.719,2032
MAR,SSP4,Rural,openDefecation,0.01,0.775,2087
MAR,SSP4,Rural,openDefecation,0.02,0.764,2076
MAR,SSP4,Urban,flushPit,0.02,0.738,2048
MAR,SSP4,Urban,openDefecation,0.01,0.733,2044
MAR,SSP5,Rural,flushPit,0.01,0.838,2058
MAR,SSP5,Rural,flushSeptic,0.1,0.898,2080
MAR,SSP5,Rural,flushUnknown,0.01,0.719,2027
MAR,SSP5,Rural,openDefecation,0.01,0.775,2040
MAR,SSP5,Rural,openDefecation,0.02,0.764,2037
MAR,SSP5,Rural,pitSlab,0.01,0.944,2098
MAR,SSP5,Rural,pitSlab,0.02,0.938,2095
MAR,SSP5,Rural,pitSlab,0.05,0.87,2070
MAR,SSP5,Rural,pitSlab,0.1,0.851,2063
MAR,SSP5,Urban,flushPit,0.02,0.738,2031
MAR,SSP5,Urban,flushSeptic,0.1,0.865,2068
MAR,SSP5,Urban,openDefecation,0.01,0.733,2030
MAR,SSP5,Urban,other,0.01,0.932,2093
MAR,SSP5,Urban,pitSlab,0.01,0.944,2098
MAR,SSP5,Urban,pitSlab,0.02,0.938,2095
MAR,SSP5,Urban,pitSlab,0.05,0.867,2069
MCO,SSP1,Rural,flushPit,0.01,0.838,2029
MCO,SSP1,Rural,pitSlab,0.05,0.87,2059
MCO,SSP1,Rural,pitSlab,0.1,0.851,2038
MCO,SSP1,Urban,flushSeptic,0.1,0.865,2049
MCO,SSP1,Urban,pitSlab,0.05,0.867,2052
MCO,SSP2,Rural,flushPit,0.01,0.838,2034
MCO,SSP2,Rural,pitSlab,0.05,0.87,2072
MCO,SSP2,Rural,pitSlab,0.1,0.851,2046
MCO,SSP2,Urban,flushSeptic,0.1,0.865,2064
MCO,SSP2,Urban,pitSlab,0.05,0.867,2067
MCO,SSP3,Rural,flushPit,0.01,0.838,2074
MCO,SSP3,Rural,pitSlab,0.1,0.851,2098
MCO,SSP4,Rural,flushPit,0.01,0.838,2076
MCO,SSP5,Rural,flushPit,0.01,0.838,2028
MCO,SSP5,Rural,pitSlab,0.05,0.87,2062
MCO,SSP5,Rural,pitSlab,0.1,0.851,2037
MCO,SSP5,Urban,flushSeptic,0.1,0.865,2049
MCO,SSP5,Urban,pitSlab,0.05,0.867,2053
MDA,SSP1,Rural,flushPit,0.01,0.838,2045
MDA,SSP1,Rural,pitSlab,0.05,0.87,2079
MDA,SSP1,Rural,pitSlab,0.1,0.851,2055
MDA,SSP1,Urban,flushSeptic,0.1,0.865,2073
MDA,SSP1,Urban,pitSlab,0.05,0.867,2076
MDA,SSP2,Rural,flushPit,0.01,0.838,2048
MDA,SSP2,Rural,pitSlab,0.05,0.87,2083
MDA,SSP2,Rural,pitSlab,0.1,0.851,2061
MDA,SSP2,Urban,flushSeptic,0.1,0.865,2077
MDA,SSP2,Urban,pitSlab,0.05,0.867,2080
MDA,SSP3,Rural,flushPit,0.01,0.838,2057
MDA,SSP3,Rural,pitSlab,0.05,0.87,2100
MDA,SSP3,Rural,pitSlab,0.1,0.851,2074
MDA,SSP3,Urban,flushSeptic,0.1,0.865,2093
MDA,SSP3,Urban,pitSlab,0.05,0.867,2096
MDA,SSP4,Rural,flushPit,0.01,0.838,2055
MDA,SSP4,Rural,pitSlab,0.05,0.87,2092
MDA,SSP4,Rural,pitSlab,0.1,0.851,2070
MDA,SSP4,Urban,flushSeptic,0.1,0.865,2086
MDA,SSP4,Urban,pitSlab,0.05,0.867,2088
MDA,SSP5,Rural,flushPit,0.01,0.838,2045
MDA,SSP5,Rural,pitSlab,0.05,0.87,2084
MDA,SSP5,Rural,pitSlab,0.1,0.851,2057
MDA,SSP5,Urban,flushSeptic,0.1,0.865,2077
MDA,SSP5,Urban,pitSlab,0.05,0.867,2080
MDG,SSP1,Rural,compostingToilet,0.01,0.658,2064
MDG,SSP1,Rural,flushPit,0.02,0.647,2061
MDG,SSP1,Rural,flushPit,0.05,0.63,2056
MDG,SSP1,Rural,flushUnknown,0.01,0.719,2081
MDG,SSP1,Rural,flushUnknown,0.02,0.706,2078
MDG,SSP1,Rural,flushUnknown,0.05,0.662,2065
MDG,SSP1,Rural,openDefecation,0.01,0.775,2097
MDG,SSP1,Rural,openDefecation,0.02,0.764,2094
MDG,SSP1,Rural,openDefecation,0.05,0.706,2078
MDG,SSP1,Rural,openDefecation,0.1,0.646,2061
MDG,SSP1,Rural,pitNoSlab,0.01,0.636,2058
MDG,SSP1,Rural,pitNoSlab,0.02,0.622,2054
MDG,SSP1,Rural,pitNoSlab,0.05,0.602,2049
MDG,SSP1,Rural,pitNoSlab,0.1,0.489,2025
MDG,SSP1,Urban,flushOpen,0.01,0.488,2025
MDG,SSP1,Urban,flushPit,0.02,0.738,2086
MDG,SSP1,Urban,flushPit,0.05,0.608,2050
MDG,SSP1,Urban,openDefecation,0.01,0.733,2085
MDG,SSP1,Urban,openDefecation,0.02,0.684,2071
MDG,SSP1,Urban,openDefecation,0.05,0.638,2059
MDG,SSP1,Urban,openDefecation,0.1,0.5,2027
MDG,SSP1,Urban,pitNoSlab,0.01,0.626,2055
MDG,SSP1,Urban,pitNoSlab,0.02,0.597,2048
MDG,SSP1,Urban,pitNoSlab,0.05,0.572,2042
MDG,SSP2,Rural,compostingToilet,0.01,0.658,2083
MDG,SSP2,Rural,flushPit,0.02,0.647,2079
MDG,SSP2,Rural,flushPit,0.05,0.63,2073
MDG,SSP2,Rural,flushUnknown,0.05,0.662,2085
MDG,SSP2,Rural,openDefecation,0.1,0.646,2079
MDG,SSP2,Rural,pitNoSlab,0.01,0.636,2076
MDG,SSP2,Rural,pitNoSlab,0.02,0.622,2071
MDG,SSP2,Rural,pitNoSlab,0.05,0.602,2063
MDG,SSP2,Rural,pitNoSlab,0.1,0.489,2026
MDG,SSP2,Urban,flushOpen,0.01,0.488,2025
MDG,SSP2,Urban,flushPit,0.05,0.608,2066
MDG,SSP2,Urban,openDefecation,0.02,0.684,2093
MDG,SSP2,Urban,openDefecation,0.05,0.638,2076
MDG,SSP2,Urban,openDefecation,0.1,0.5,2029
MDG,SSP2,Urban,pitNoSlab,0.01,0.626,2072
MDG,SSP2,Urban,pitNoSlab,0.02,0.597,2062
MDG,SSP2,Urban,pitNoSlab,0.05,0.572,2053
MDG,SSP3,Rural,pitNoSlab,0.1,0.489,2026
MDG,SSP3,Urban,flushOpen,0.01,0.488,2026
MDG,SSP3,Urban,openDefecation,0.1,0.5,2041
MDG,SSP4,Rural,pitNoSlab,0.1,0.489,2026
MDG,SSP4,Urban,flushOpen,0.01,0.488,2026
MDG,SSP4,Urban,openDefecation,0.1,0.5,2037
MDG,SSP5,Rural,compostingToilet,0.01,0.658,2060
MDG,SSP5,Rural,flushPit,0.02,0.647,2057
MDG,SSP5,Rural,flushPit,0.05,0.63,2053
MDG,SSP5,Rural,flushUnknown,0.01,0.719,2076
MDG,SSP5,Rural,flushUnknown,0.02,0.706,2073
MDG,SSP5,Rural,flushUnknown,0.05,0.662,2061
MDG,SSP5,Rural,openDefecation,0.01,0.775,2091
MDG,SSP5,Rural,openDefecation,0.02,0.764,2088
MDG,SSP5,Rural,openDefecation,0.05,0.706,2073
MDG,SSP5,Rural,openDefecation,0.1,0.646,2057
MDG,SSP5,Rural,pitNoSlab,0.01,0.636,2054
MDG,SSP5,Rural,pitNoSlab,0.02,0.622,2051
MDG,SSP5,Rural,pitNoSlab,0.05,0.602,2047
MDG,SSP5,Rural,pitNoSlab,0.1,0.489,2025
MDG,SSP5,Urban,flushOpen,0.01,0.488,2025
MDG,SSP5,Urban,flushPit,0.02,0.738,2081
MDG,SSP5,Urban,flushPit,0.05,0.608,2048
MDG,SSP5,Urban,openDefecation,0.01,0.733,2080
MDG,SSP5,Urban,openDefecation,0.02,0.684,2067
MDG,SSP5,Urban,openDefecation,0.05,0.638,2055
MDG,SSP5,Urban,openDefecation,0.1,0.5,2027
MDG,SSP5,Urban,pitNoSlab,0.01,0.626,2052
MDG,SSP5,Urban,pitNoSlab,0.02,0.597,2046
MDG,SSP5,Urban,pitNoSlab,0.05,0.572,2041
MDV,SSP1,Rural,flushPit,0.01,0.838,2047
MDV,SSP1,Rural,flushSeptic,0.1,0.898,2075
MDV,SSP1,Rural,openDefecation,0.01,0.775,2027
MDV,SSP1,Rural,pitSlab,0.01,0.944,2098
MDV,SSP1,Rural,pitSlab,0.02,0.938,2095
MDV,SSP1,Rural,pitSlab,0.05,0.87,2062
MDV,SSP1,Rural,pitSlab,0.1,0.851,2052
MDV,SSP1,Urban,flushSeptic,0.1,0.865,2059
MDV,SSP1,Urban,other,0.01,0.932,2092
MDV,SSP1,Urban,pitSlab,0.01,0.944,2098
MDV,SSP1,Urban,pitSlab,0.02,0.938,2095
MDV,SSP1,Urban,pitSlab,0.05,0.867,2060
MDV,SSP2,Rural,flushPit,0.01,0.838,2053
MDV,SSP2,Rural,flushSeptic,0.1,0.898,2083
MDV,SSP2,Rural,openDefecation,0.01,0.775,2028
MDV,SSP2,Rural,pitSlab,0.05,0.87,2069
MDV,SSP2,Rural,pitSlab,0.1,0.851,2059
MDV,SSP2,Urban,flushSeptic,0.1,0.865,2066
MDV,SSP2,Urban,other,0.01,0.932,2100
MDV,SSP2,Urban,pitSlab,0.05,0.867,2067
MDV,SSP3,Rural,flushPit,0.01,0.838,2086
MDV,SSP3,Rural,openDefecation,0.01,0.775,2029
MDV,SSP4,Rural,flushPit,0.01,0.838,2069
MDV,SSP4,Rural,openDefecation,0.01,0.775,2030
MDV,SSP4,Rural,pitSlab,0.05,0.87,2093
MDV,SSP4,Rural,pitSlab,0.1,0.851,2079
MDV,SSP4,Urban,flushSeptic,0.1,0.865,2090
MDV,SSP4,Urban,pitSlab,0.05,0.867,2091
MDV,SSP5,Rural,flushPit,0.01,0.838,2046
MDV,SSP5,Rural,flushSeptic,0.1,0.898,2073
MDV,SSP5,Rural,openDefecation,0.01,0.775,2027
MDV,SSP5,Rural,pitSlab,0.01,0.944,2096
MDV,SSP5,Rural,pitSlab,0.02,0.938,2093
MDV,SSP5,Rural,pitSlab,0.05,0.87,2059
MDV,SSP5,Rural,pitSlab,0.1,0.851,2050
MDV,SSP5,Urban,flushSeptic,0.1,0.865,2057
MDV,SSP5,Urban,other,0.01,0.932,2090
MDV,SSP5,Urban,pitSlab,0.01,0.944,2096
MDV,SSP5,Urban,pitSlab,0.02,0.938,2093
MDV,SSP5,Urban,pitSlab,0.05,0.867,2058
MEX,SSP1,Rural,flushPit,0.01,0.838,2044
MEX,SSP1,Rural,flushSeptic,0.1,0.898,2091
MEX,SSP1,Rural,pitSlab,0.05,0.87,2067
MEX,SSP1,Rural,pitSlab,0.1,0.851,2050
MEX,SSP1,Urban,flushSeptic,0.1,0.865,2062
MEX,SSP1,Urban,pitSlab,0.05,0.867,2064
MEX,SSP2,Rural,flushPit,0.01,0.838,2047
MEX,SSP2,Rural,flushSeptic,0.1,0.898,2088
MEX,SSP2,Rural,pitSlab,0.05,0.87,2068
MEX,SSP2,Rural,pitSlab,0.1,0.851,2054
MEX,SSP2,Urban,flushSeptic,0.1,0.865,2064
MEX,SSP2,Urban,pitSlab,0.05,0.867,2066
MEX,SSP3,Rural,flushPit,0.01,0.838,2073
MEX,SSP3,Rural,pitSlab,0.1,0.851,2091
MEX,SSP4,Rural,flushPit,0.01,0.838,2064
MEX,SSP4,Rural,pitSlab,0.05,0.87,2097
MEX,SSP4,Rural,pitSlab,0.1,0.851,2077
MEX,SSP4,Urban,flushSeptic,0.1,0.865,2092
MEX,SSP4,Urban,pitSlab,0.05,0.867,2094
MEX,SSP5,Rural,flushPit,0.01,0.838,2044
MEX,SSP5,Rural,flushSeptic,0.1,0.898,2093
MEX,SSP5,Rural,pitSlab,0.05,0.87,2068
MEX,SSP5,Rural,pitSlab,0.1,0.851,2051
MEX,SSP5,Urban,flushSeptic,0.1,0.865,2063
MEX,SSP5,Urban,pitSlab,0.05,0.867,2065
MHL,SSP1,Rural,openDefecation,0.01,0.775,2044
MHL,SSP1,Rural,openDefecation,0.02,0.764,2039
MHL,SSP1,Urban,flushPit,0.02,0.738,2027
MHL,SSP1,Urban,openDefecation,0.01,0.733,2025
MHL,SSP2,Rural,openDefecation,0.01,0.775,2048
MHL,SSP2,Rural,openDefecation,0.02,0.764,2041
MHL,SSP2,Urban,flushPit,0.02,0.738,2027
MHL,SSP2,Urban,openDefecation,0.01,0.733,2025
MHL,SSP3,Rural,openDefecation,0.01,0.775,2081
MHL,SSP3,Rural,openDefecation,0.02,0.764,2061
MHL,SSP3,Urban,flushPit,0.02,0.738,2029
MHL,SSP3,Urban,openDefecation,0.01,0.733,2025
MHL,SSP4,Rural,openDefecation,0.01,0.775,2085
MHL,SSP4,Rural,openDefecation,0.02,0.764,2063
MHL,SSP4,Urban,flushPit,0.02,0.738,2029
MHL,SSP4,Urban,openDefecation,0.01,0.733,2025
MHL,SSP5,Rural,openDefecation,0.01,0.775,2044
MHL,SSP5,Rural,openDefecation,0.02,0.764,2038
MHL,SSP5,Urban,flushPit,0.02,0.738,2027
MHL,SSP5,Urban,openDefecation,0.01,0.733,2025
MKD,SSP1,Rural,flushPit,0.01,0.838,2031
MKD,SSP1,Rural,flushSeptic,0.1,0.898,2072
MKD,SSP1,Rural,pitSlab,0.05,0.87,2047
MKD,SSP1,Rural,pitSlab,0.1,0.851,2038
MKD,SSP1,Urban,flushSeptic,0.1,0.865,2045
MKD,SSP1,Urban,pitSlab,0.05,0.867,2046
MKD,SSP2,Rural,flushPit,0.01,0.838,2033
MKD,SSP2,Rural,flushSeptic,0.1,0.898,2074
MKD,SSP2,Rural,pitSlab,0.05,0.87,2050
MKD,SSP2,Rural,pitSlab,0.1,0.851,2040
MKD,SSP2,Urban,flushSeptic,0.1,0.865,2047
MKD,SSP2,Urban,pitSlab,0.05,0.867,2048
MKD,SSP3,Rural,flushPit,0.01,0.838,2035
MKD,SSP3,Rural,flushSeptic,0.1,0.898,2088
MKD,SSP3,Rural,pitSlab,0.05,0.87,2058
MKD,SSP3,Rural,pitSlab,0.1,0.851,2043
MKD,SSP3,Urban,flushSeptic,0.1,0.865,2053
MKD,SSP3,Urban,pitSlab,0.05,0.867,2055
MKD,SSP4,Rural,flushPit,0.01,0.838,2035
MKD,SSP4,Rural,flushSeptic,0.1,0.898,2086
MKD,SSP4,Rural,pitSlab,0.05,0.87,2058
MKD,SSP4,Rural,pitSlab,0.1,0.851,2043
MKD,SSP4,Urban,flushSeptic,0.1,0.865,2053
MKD,SSP4,Urban,pitSlab,0.05,0.867,2055
MKD,SSP5,Rural,flushPit,0.01,0.838,2031
MKD,SSP5,Rural,flushSeptic,0.1,0.898,2072
MKD,SSP5,Rural,pitSlab,0.05,0.87,2047
MKD,SSP5,Rural,pitSlab,0.1,0.851,2038
MKD,SSP5,Urban,flushSeptic,0.1,0.865,2044
MKD,SSP5,Urban,pitSlab,0.05,0.867,2046
MLI,SSP1,Rural,compostingToilet,0.01,0.658,2066
MLI,SSP1,Rural,flushPit,0.02,0.647,2063
MLI,SSP1,Rural,flushPit,0.05,0.63,2059
MLI,SSP1,Rural,flushSewer,0.01,0.428,2026
MLI,SSP1,Rural,flushUnknown,0.01,0.719,2080
MLI,SSP1,Rural,flushUnknown,0.02,0.706,2077
MLI,SSP1,Rural,flushUnknown,0.05,0.662,2067
MLI,SSP1,Rural,openDefecation,0.01,0.775,2092
MLI,SSP1,Rural,openDefecation,0.02,0.764,2090
MLI,SSP1,Rural,openDefecation,0.05,0.706,2077
MLI,SSP1,Rural,openDefecation,0.1,0.646,2063
MLI,SSP1,Rural,pitNoSlab,0.01,0.636,2061
MLI,SSP1,Rural,pitNoSlab,0.02,0.622,2058
MLI,SSP1,Rural,pitNoSlab,0.05,0.602,2053
MLI,SSP1,Rural,pitNoSlab,0.1,0.489,2035
MLI,SSP1,Urban,bucketLatrine,0.01,0.457,2030
MLI,SSP1,Urban,flushOpen,0.01,0.488,2035
MLI,SSP1,Urban,flushPit,0.01,0.442,2028
MLI,SSP1,Urban,flushPit,0.02,0.738,2084
MLI,SSP1,Urban,flushPit,0.05,0.608,2054
MLI,SSP1,Urban,openDefecation,0.01,0.733,2083
MLI,SSP1,Urban,openDefecation,0.02,0.684,2072
MLI,SSP1,Urban,openDefecation,0.05,0.638,2061
MLI,SSP1,Urban,openDefecation,0.1,0.5,2036
MLI,SSP1,Urban,pitNoSlab,0.01,0.626,2058
MLI,SSP1,Urban,pitNoSlab,0.02,0.597,2052
MLI,SSP1,Urban,pitNoSlab,0.05,0.572,2047
MLI,SSP2,Rural,compostingToilet,0.01,0.658,2075
MLI,SSP2,Rural,flushPit,0.02,0.647,2072
MLI,SSP2,Rural,flushPit,0.05,0.63,2068
MLI,SSP2,Rural,flushSewer,0.01,0.428,2027
MLI,SSP2,Rural,flushUnknown,0.01,0.719,2089
MLI,SSP2,Rural,flushUnknown,0.02,0.706,2086
MLI,SSP2,Rural,flushUnknown,0.05,0.662,2075
MLI,SSP2,Rural,openDefecation,0.02,0.764,2099
MLI,SSP2,Rural,openDefecation,0.05,0.706,2086
MLI,SSP2,Rural,openDefecation,0.1,0.646,2072
MLI,SSP2,Rural,pitNoSlab,0.01,0.636,2069
MLI,SSP2,Rural,pitNoSlab,0.02,0.622,2066
MLI,SSP2,Rural,pitNoSlab,0.05,0.602,2062
MLI,SSP2,Rural,pitNoSlab,0.1,0.489,2038
MLI,SSP2,Urban,bucketLatrine,0.01,0.457,2032
MLI,SSP2,Urban,flushOpen,0.01,0.488,2038
MLI,SSP2,Urban,flushPit,0.01,0.442,2029
MLI,SSP2,Urban,flushPit,0.02,0.738,2093
MLI,SSP2,Urban,flushPit,0.05,0.608,2063
MLI,SSP2,Urban,openDefecation,0.01,0.733,2092
MLI,SSP2,Urban,openDefecation,0.02,0.684,2081
MLI,SSP2,Urban,openDefecation,0.05,0.638,2070
MLI,SSP2,Urban,openDefecation,0.1,0.5,2040
MLI,SSP2,Urban,pitNoSlab,0.01,0.626,2067
MLI,SSP2,Urban,pitNoSlab,0.02,0.597,2060
MLI,SSP2,Urban,pitNoSlab,0.05,0.572,2055
MLI,SSP3,Rural,flushSewer,0.01,0.428,2039
MLI,SSP3,Urban,flushPit,0.01,0.442,2069
MLI,SSP4,Rural,flushSewer,0.01,0.428,2037
MLI,SSP4,Urban,bucketLatrine,0.01,0.457,2086
MLI,SSP4,Urban,flushPit,0.01,0.442,2059
MLI,SSP5,Rural,compostingToilet,0.01,0.658,2064
MLI,SSP5,Rural,flushPit,0.02,0.647,2062
MLI,SSP5,Rural,flushPit,0.05,0.63,2058
MLI,SSP5,Rural,flushSewer,0.01,0.428,2026
MLI,SSP5,Rural,flushUnknown,0.01,0.719,2078
MLI,SSP5,Rural,flushUnknown,0.02,0.706,2075
MLI,SSP5,Rural,flushUnknown,0.05,0.662,2065
MLI,SSP5,Rural,openDefecation,0.01,0.775,2090
MLI,SSP5,Rural,openDefecation,0.02,0.764,2088
MLI,SSP5,Rural,openDefecation,0.05,0.706,2075
MLI,SSP5,Rural,openDefecation,0.1,0.646,2061
MLI,SSP5,Rural,pitNoSlab,0.01,0.636,2059
MLI,SSP5,Rural,pitNoSlab,0.02,0.622,2056
MLI,SSP5,Rural,pitNoSlab,0.05,0.602,2052
MLI,SSP5,Rural,pitNoSlab,0.1,0.489,2034
MLI,SSP5,Urban,bucketLatrine,0.01,0.457,2029
MLI,SSP5,Urban,flushOpen,0.01,0.488,2034
MLI,SSP5,Urban,flushPit,0.01,0.442,2028
MLI,SSP5,Urban,flushPit,0.02,0.738,2082
MLI,SSP5,Urban,flushPit,0.05,0.608,2053
MLI,SSP5,Urban,openDefecation,0.01,0.733,2081
MLI,SSP5,Urban,openDefecation,0.02,0.684,2070
MLI,SSP5,Urban,openDefecation,0.05,0.638,2060
MLI,SSP5,Urban,openDefecation,0.1,0.5,2036
MLI,SSP5,Urban,pitNoSlab,0.01,0.626,2057
MLI,SSP5,Urban,pitNoSlab,0.02,0.597,2050
MLI,SSP5,Urban,pitNoSlab,0.05,0.572,2047
MLT,SSP1,Rural,pitSlab,0.01,0.944,2032
MLT,SSP1,Rural,pitSlab,0.02,0.938,2029
MLT,SSP1,Urban,other,0.01,0.932,2028
MLT,SSP1,Urban,pitSlab,0.01,0.944,2032
MLT,SSP1,Urban,pitSlab,0.02,0.938,2029
MLT,SSP2,Rural,pitSlab,0.01,0.944,2032
MLT,SSP2,Rural,pitSlab,0.02,0.938,2029
MLT,SSP2,Urban,other,0.01,0.932,2028
MLT,SSP2,Urban,pitSlab,0.01,0.944,2032
MLT,SSP2,Urban,pitSlab,0.02,0.938,2029
MLT,SSP3,Rural,pitSlab,0.01,0.944,2036
MLT,SSP3,Rural,pitSlab,0.02,0.938,2033
MLT,SSP3,Urban,other,0.01,0.932,2029
MLT,SSP3,Urban,pitSlab,0.01,0.944,2036
MLT,SSP3,Urban,pitSlab,0.02,0.938,2033
MLT,SSP4,Rural,pitSlab,0.01,0.944,2033
MLT,SSP4,Rural,pitSlab,0.02,0.938,2030
MLT,SSP4,Urban,other,0.01,0.932,2028
MLT,SSP4,Urban,pitSlab,0.01,0.944,2033
MLT,SSP4,Urban,pitSlab,0.02,0.938,2030
MLT,SSP5,Rural,pitSlab,0.01,0.944,2032
MLT,SSP5,Rural,pitSlab,0.02,0.938,2029
MLT,SSP5,Urban,other,0.01,0.932,2027
MLT,SSP5,Urban,pitSlab,0.01,0.944,2032
MLT,SSP5,Urban,pitSlab,0.02,0.938,2029
MMR,SSP1,Rural,compostingToilet,0.01,0.658,2044
MMR,SSP1,Rural,flushPit,0.02,0.647,2039
MMR,SSP1,Rural,flushPit,0.05,0.63,2031
MMR,SSP1,Rural,flushUnknown,0.01,0.719,2089
MMR,SSP1,Rural,flushUnknown,0.02,0.706,2078
MMR,SSP1,Rural,flushUnknown,0.05,0.662,2046
MMR,SSP1,Rural,openDefecation,0.05,0.706,2078
MMR,SSP1,Rural,openDefecation,0.1,0.646,2038
MMR,SSP1,Rural,pitNoSlab,0.01,0.636,2034
MMR,SSP1,Rural,pitNoSlab,0.02,0.622,2029
MMR,SSP1,Urban,openDefecation,0.02,0.684,2060
MMR,SSP1,Urban,openDefecation,0.05,0.638,2035
MMR,SSP1,Urban,pitNoSlab,0.01,0.626,2030
MMR,SSP2,Rural,compostingToilet,0.01,0.658,2047
MMR,SSP2,Rural,flushPit,0.02,0.647,2041
MMR,SSP2,Rural,flushPit,0.05,0.63,2033
MMR,SSP2,Rural,flushUnknown,0.01,0.719,2091
MMR,SSP2,Rural,flushUnknown,0.02,0.706,2081
MMR,SSP2,Rural,flushUnknown,0.05,0.662,2049
MMR,SSP2,Rural,openDefecation,0.05,0.706,2081
MMR,SSP2,Rural,openDefecation,0.1,0.646,2041
MMR,SSP2,Rural,pitNoSlab,0.01,0.636,2036
MMR,SSP2,Rural,pitNoSlab,0.02,0.622,2029
MMR,SSP2,Urban,openDefecation,0.02,0.684,2065
MMR,SSP2,Urban,openDefecation,0.05,0.638,2037
MMR,SSP2,Urban,pitNoSlab,0.01,0.626,2031
MMR,SSP3,Rural,compostingToilet,0.01,0.658,2089
MMR,SSP3,Rural,flushPit,0.02,0.647,2069
MMR,SSP3,Rural,flushPit,0.05,0.63,2043
MMR,SSP3,Rural,flushUnknown,0.05,0.662,2096
MMR,SSP3,Rural,openDefecation,0.1,0.646,2067
MMR,SSP3,Rural,pitNoSlab,0.01,0.636,2049
MMR,SSP3,Rural,pitNoSlab,0.02,0.622,2034
MMR,SSP3,Urban,openDefecation,0.05,0.638,2052
MMR,SSP3,Urban,pitNoSlab,0.01,0.626,2038
MMR,SSP4,Rural,compostingToilet,0.01,0.658,2079
MMR,SSP4,Rural,flushPit,0.02,0.647,2063
MMR,SSP4,Rural,flushPit,0.05,0.63,2042
MMR,SSP4,Rural,flushUnknown,0.05,0.662,2084
MMR,SSP4,Rural,openDefecation,0.1,0.646,2061
MMR,SSP4,Rural,pitNoSlab,0.01,0.636,2048
MMR,SSP4,Rural,pitNoSlab,0.02,0.622,2034
MMR,SSP4,Urban,openDefecation,0.05,0.638,2050
MMR,SSP4,Urban,pitNoSlab,0.01,0.626,2038
MMR,SSP5,Rural,compostingToilet,0.01,0.658,2043
MMR,SSP5,Rural,flushPit,0.02,0.647,2038
MMR,SSP5,Rural,flushPit,0.05,0.63,2031
MMR,SSP5,Rural,flushUnknown,0.01,0.719,2089
MMR,SSP5,Rural,flushUnknown,0.02,0.706,2078
MMR,SSP5,Rural,flushUnknown,0.05,0.662,2045
MMR,SSP5,Rural,openDefecation,0.05,0.706,2078
MMR,SSP5,Rural,openDefecation,0.1,0.646,2038
MMR,SSP5,Rural,pitNoSlab,0.01,0.636,2034
MMR,SSP5,Rural,pitNoSlab,0.02,0.622,2028
MMR,SSP5,Urban,openDefecation,0.02,0.684,2059
MMR,SSP5,Urban,openDefecation,0.05,0.638,2034
MMR,SSP5,Urban,pitNoSlab,0.01,0.626,2029
MNE,SSP1,Rural,flushSeptic,0.1,0.898,2049
MNE,SSP1,Rural,pitSlab,0.05,0.87,2028
MNE,SSP1,Urban,flushSeptic,0.1,0.865,2026
MNE,SSP1,Urban,pitSlab,0.05,0.867,2027
MNE,SSP2,Rural,flushSeptic,0.1,0.898,2055
MNE,SSP2,Rural,pitSlab,0.05,0.87,2029
MNE,SSP2,Urban,flushSeptic,0.1,0.865,2026
MNE,SSP2,Urban,pitSlab,0.05,0.867,2028
MNE,SSP3,Rural,flushSeptic,0.1,0.898,2074
MNE,SSP3,Rural,pitSlab,0.05,0.87,2032
MNE,SSP3,Urban,flushSeptic,0.1,0.865,2028
MNE,SSP3,Urban,pitSlab,0.05,0.867,2029
MNE,SSP4,Rural,flushSeptic,0.1,0.898,2069
MNE,SSP4,Rural,pitSlab,0.05,0.87,2031
MNE,SSP4,Urban,flushSeptic,0.1,0.865,2027
MNE,SSP4,Urban,pitSlab,0.05,0.867,2029
MNE,SSP5,Rural,flushSeptic,0.1,0.898,2050
MNE,SSP5,Rural,pitSlab,0.05,0.87,2028
MNE,SSP5,Urban,flushSeptic,0.1,0.865,2026
MNE,SSP5,Urban,pitSlab,0.05,0.867,2027
MNG,SSP1,Rural,flushPit,0.01,0.838,2072
MNG,SSP1,Rural,openDefecation,0.01,0.775,2035
MNG,SSP1,Rural,openDefecation,0.02,0.764,2030
MNG,SSP1,Rural,pitSlab,0.05,0.87,2096
MNG,SSP1,Rural,pitSlab,0.1,0.851,2082
MNG,SSP1,Urban,flushSeptic,0.1,0.865,2092
MNG,SSP1,Urban,pitSlab,0.05,0.867,2094
MNG,SSP2,Rural,flushPit,0.01,0.838,2089
MNG,SSP2,Rural,openDefecation,0.01,0.775,2040
MNG,SSP2,Rural,openDefecation,0.02,0.764,2034
MNG,SSP2,Rural,pitSlab,0.1,0.851,2099
MNG,SSP3,Rural,openDefecation,0.01,0.775,2072
MNG,SSP3,Rural,openDefecation,0.02,0.764,2047
MNG,SSP4,Rural,openDefecation,0.01,0.775,2048
MNG,SSP4,Rural,openDefecation,0.02,0.764,2038
MNG,SSP5,Rural,flushPit,0.01,0.838,2067
MNG,SSP5,Rural,openDefecation,0.01,0.775,2034
MNG,SSP5,Rural,openDefecation,0.02,0.764,2029
MNG,SSP5,Rural,pitSlab,0.05,0.87,2091
MNG,SSP5,Rural,pitSlab,0.1,0.851,2077
MNG,SSP5,Urban,flushSeptic,0.1,0.865,2087
MNG,SSP5,Urban,pitSlab,0.05,0.867,2089
MNP,SSP1,Rural,flushPit,0.01,0.838,2077
MNP,SSP1,Rural,openDefecation,0.01,0.775,2031
MNP,SSP1,Rural,openDefecation,0.02,0.764,2026
MNP,SSP1,Rural,pitSlab,0.1,0.851,2090
MNP,SSP2,Rural,flushPit,0.01,0.838,2093
MNP,SSP2,Rural,openDefecation,0.01,0.775,2041
MNP,SSP2,Rural,openDefecation,0.02,0.764,2034
MNP,SSP3,Rural,flushUnknown,0.01,0.719,2026
MNP,SSP3,Rural,openDefecation,0.02,0.764,2091
MNP,SSP3,Urban,flushPit,0.02,0.738,2046
MNP,SSP3,Urban,openDefecation,0.01,0.733,2040
MNP,SSP4,Rural,flushUnknown,0.01,0.719,2034
MNP,SSP4,Urban,flushPit,0.02,0.738,2060
MNP,SSP4,Urban,openDefecation,0.01,0.733,2050
MNP,SSP5,Rural,flushPit,0.01,0.838,2077
MNP,SSP5,Rural,openDefecation,0.01,0.775,2029
MNP,SSP5,Rural,openDefecation,0.02,0.764,2026
MNP,SSP5,Rural,pitSlab,0.1,0.851,2092
MOZ,SSP1,Rural,compostingToilet,0.01,0.658,2053
MOZ,SSP1,Rural,flushPit,0.01,0.838,2095
MOZ,SSP1,Rural,flushPit,0.02,0.647,2051
MOZ,SSP1,Rural,flushPit,0.05,0.63,2048
MOZ,SSP1,Rural,flushUnknown,0.01,0.719,2068
MOZ,SSP1,Rural,flushUnknown,0.02,0.706,2065
MOZ,SSP1,Rural,flushUnknown,0.05,0.662,2054
MOZ,SSP1,Rural,openDefecation,0.01,0.775,2081
MOZ,SSP1,Rural,openDefecation,0.02,0.764,2078
MOZ,SSP1,Rural,openDefecation,0.05,0.706,2065
MOZ,SSP1,Rural,openDefecation,0.1,0.646,2051
MOZ,SSP1,Rural,pitNoSlab,0.01,0.636,2049
MOZ,SSP1,Rural,pitNoSlab,0.02,0.622,2046
MOZ,SSP1,Rural,pitNoSlab,0.05,0.602,2043
MOZ,SSP1,Rural,pitSlab,0.1,0.851,2098
MOZ,SSP1,Urban,flushPit,0.02,0.738,2072
MOZ,SSP1,Urban,flushPit,0.05,0.608,2044
MOZ,SSP1,Urban,openDefecation,0.01,0.733,2071
MOZ,SSP1,Urban,openDefecation,0.02,0.684,2060
MOZ,SSP1,Urban,openDefecation,0.05,0.638,2049
MOZ,SSP1,Urban,openDefecation,0.1,0.5,2026
MOZ,SSP1,Urban,pitNoSlab,0.01,0.626,2047
MOZ,SSP1,Urban,pitNoSlab,0.02,0.597,2042
MOZ,SSP1,Urban,pitNoSlab,0.05,0.572,2037
MOZ,SSP2,Rural,compostingToilet,0.01,0.658,2062
MOZ,SSP2,Rural,flushPit,0.02,0.647,2059
MOZ,SSP2,Rural,flushPit,0.05,0.63,2055
MOZ,SSP2,Rural,flushUnknown,0.01,0.719,2078
MOZ,SSP2,Rural,flushUnknown,0.02,0.706,2074
MOZ,SSP2,Rural,flushUnknown,0.05,0.662,2063
MOZ,SSP2,Rural,openDefecation,0.01,0.775,2092
MOZ,SSP2,Rural,openDefecation,0.02,0.764,2089
MOZ,SSP2,Rural,openDefecation,0.05,0.706,2074
MOZ,SSP2,Rural,openDefecation,0.1,0.646,2059
MOZ,SSP2,Rural,pitNoSlab,0.01,0.636,2057
MOZ,SSP2,Rural,pitNoSlab,0.02,0.622,2053
MOZ,SSP2,Rural,pitNoSlab,0.05,0.602,2048
MOZ,SSP2,Urban,flushPit,0.02,0.738,2082
MOZ,SSP2,Urban,flushPit,0.05,0.608,2050
MOZ,SSP2,Urban,openDefecation,0.01,0.733,2081
MOZ,SSP2,Urban,openDefecation,0.02,0.684,2069
MOZ,SSP2,Urban,openDefecation,0.05,0.638,2057
MOZ,SSP2,Urban,openDefecation,0.1,0.5,2026
MOZ,SSP2,Urban,pitNoSlab,0.01,0.626,2054
MOZ,SSP2,Urban,pitNoSlab,0.02,0.597,2047
MOZ,SSP2,Urban,pitNoSlab,0.05,0.572,2042
MOZ,SSP3,Urban,openDefecation,0.1,0.5,2029
MOZ,SSP4,Urban,openDefecation,0.1,0.5,2029
MOZ,SSP4,Urban,pitNoSlab,0.05,0.572,2097
MOZ,SSP5,Rural,compostingToilet,0.01,0.658,2051
MOZ,SSP5,Rural,flushPit,0.01,0.838,2091
MOZ,SSP5,Rural,flushPit,0.02,0.647,2049
MOZ,SSP5,Rural,flushPit,0.05,0.63,2046
MOZ,SSP5,Rural,flushUnknown,0.01,0.719,2065
MOZ,SSP5,Rural,flushUnknown,0.02,0.706,2062
MOZ,SSP5,Rural,flushUnknown,0.05,0.662,2052
MOZ,SSP5,Rural,openDefecation,0.01,0.775,2077
MOZ,SSP5,Rural,openDefecation,0.02,0.764,2075
MOZ,SSP5,Rural,openDefecation,0.05,0.706,2062
MOZ,SSP5,Rural,openDefecation,0.1,0.646,2049
MOZ,SSP5,Rural,pitNoSlab,0.01,0.636,2047
MOZ,SSP5,Rural,pitNoSlab,0.02,0.622,2045
MOZ,SSP5,Rural,pitNoSlab,0.05,0.602,2042
MOZ,SSP5,Rural,pitSlab,0.05,0.87,2098
MOZ,SSP5,Rural,pitSlab,0.1,0.851,2094
MOZ,SSP5,Urban,flushPit,0.02,0.738,2069
MOZ,SSP5,Urban,flushPit,0.05,0.608,2043
MOZ,SSP5,Urban,flushSeptic,0.1,0.865,2097
MOZ,SSP5,Urban,openDefecation,0.01,0.733,2068
MOZ,SSP5,Urban,openDefecation,0.02,0.684,2057
MOZ,SSP5,Urban,openDefecation,0.05,0.638,2048
MOZ,SSP5,Urban,openDefecation,0.1,0.5,2026
MOZ,SSP5,Urban,pitNoSlab,0.01,0.626,2046
MOZ,SSP5,Urban,pitNoSlab,0.02,0.597,2041
MOZ,SSP5,Urban,pitNoSlab,0.05,0.572,2037
MOZ,SSP5,Urban,pitSlab,0.05,0.867,2098
MRT,SSP1,Rural,compostingToilet,0.01,0.658,2044
MRT,SSP1,Rural,flushPit,0.01,0.838,2097
MRT,SSP1,Rural,flushPit,0.02,0.647,2042
MRT,SSP1,Rural,flushPit,0.05,0.63,2038
MRT,SSP1,Rural,flushUnknown,0.01,0.719,2060
MRT,SSP1,Rural,flushUnknown,0.02,0.706,2056
MRT,SSP1,Rural,flushUnknown,0.05,0.662,2045
MRT,SSP1,Rural,openDefecation,0.01,0.775,2078
MRT,SSP1,Rural,openDefecation,0.02,0.764,2074
MRT,SSP1,Rural,openDefecation,0.05,0.706,2056
MRT,SSP1,Rural,openDefecation,0.1,0.646,2042
MRT,SSP1,Rural,pitNoSlab,0.01,0.636,2039
MRT,SSP1,Rural,pitNoSlab,0.02,0.622,2036
MRT,SSP1,Rural,pitNoSlab,0.05,0.602,2032
MRT,SSP1,Urban,flushPit,0.02,0.738,2066
MRT,SSP1,Urban,flushPit,0.05,0.608,2033
MRT,SSP1,Urban,openDefecation,0.01,0.733,2065
MRT,SSP1,Urban,openDefecation,0.02,0.684,2050
MRT,SSP1,Urban,openDefecation,0.05,0.638,2040
MRT,SSP1,Urban,pitNoSlab,0.01,0.626,2037
MRT,SSP1,Urban,pitNoSlab,0.02,0.597,2031
MRT,SSP1,Urban,pitNoSlab,0.05,0.572,2027
MRT,SSP2,Rural,compostingToilet,0.01,0.658,2052
MRT,SSP2,Rural,flushPit,0.02,0.647,2049
MRT,SSP2,Rural,flushPit,0.05,0.63,2044
MRT,SSP2,Rural,flushUnknown,0.01,0.719,2072
MRT,SSP2,Rural,flushUnknown,0.02,0.706,2068
MRT,SSP2,Rural,flushUnknown,0.05,0.662,2053
MRT,SSP2,Rural,openDefecation,0.01,0.775,2091
MRT,SSP2,Rural,openDefecation,0.02,0.764,2087
MRT,SSP2,Rural,openDefecation,0.05,0.706,2068
MRT,SSP2,Rural,openDefecation,0.1,0.646,2048
MRT,SSP2,Rural,pitNoSlab,0.01,0.636,2045
MRT,SSP2,Rural,pitNoSlab,0.02,0.622,2041
MRT,SSP2,Rural,pitNoSlab,0.05,0.602,2036
MRT,SSP2,Urban,flushPit,0.02,0.738,2079
MRT,SSP2,Urban,flushPit,0.05,0.608,2037
MRT,SSP2,Urban,openDefecation,0.01,0.733,2077
MRT,SSP2,Urban,openDefecation,0.02,0.684,2061
MRT,SSP2,Urban,openDefecation,0.05,0.638,2046
MRT,SSP2,Urban,pitNoSlab,0.01,0.626,2043
MRT,SSP2,Urban,pitNoSlab,0.02,0.597,2034
MRT,SSP2,Urban,pitNoSlab,0.05,0.572,2027
MRT,SSP3,Rural,pitNoSlab,0.05,0.602,2083
MRT,SSP3,Urban,flushPit,0.05,0.608,2093
MRT,SSP3,Urban,pitNoSlab,0.02,0.597,2074
MRT,SSP3,Urban,pitNoSlab,0.05,0.572,2034
MRT,SSP4,Rural,flushPit,0.05,0.63,2096
MRT,SSP4,Rural,pitNoSlab,0.02,0.622,2087
MRT,SSP4,Rural,pitNoSlab,0.05,0.602,2065
MRT,SSP4,Urban,flushPit,0.05,0.608,2072
MRT,SSP4,Urban,pitNoSlab,0.01,0.626,2091
MRT,SSP4,Urban,pitNoSlab,0.02,0.597,2060
MRT,SSP4,Urban,pitNoSlab,0.05,0.572,2034
MRT,SSP5,Rural,compostingToilet,0.01,0.658,2043
MRT,SSP5,Rural,flushPit,0.01,0.838,2094
MRT,SSP5,Rural,flushPit,0.02,0.647,2041
MRT,SSP5,Rural,flushPit,0.05,0.63,2037
MRT,SSP5,Rural,flushUnknown,0.01,0.719,2058
MRT,SSP5,Rural,flushUnknown,0.02,0.706,2054
MRT,SSP5,Rural,flushUnknown,0.05,0.662,2044
MRT,SSP5,Rural,openDefecation,0.01,0.775,2075
MRT,SSP5,Rural,openDefecation,0.02,0.764,2071
MRT,SSP5,Rural,openDefecation,0.05,0.706,2054
MRT,SSP5,Rural,openDefecation,0.1,0.646,2041
MRT,SSP5,Rural,pitNoSlab,0.01,0.636,2038
MRT,SSP5,Rural,pitNoSlab,0.02,0.622,2036
MRT,SSP5,Rural,pitNoSlab,0.05,0.602,2032
MRT,SSP5,Rural,pitSlab,0.1,0.851,2098
MRT,SSP5,Urban,flushPit,0.02,0.738,2064
MRT,SSP5,Urban,flushPit,0.05,0.608,2033
MRT,SSP5,Urban,openDefecation,0.01,0.733,2062
MRT,SSP5,Urban,openDefecation,0.02,0.684,2048
MRT,SSP5,Urban,openDefecation,0.05,0.638,2039
MRT,SSP5,Urban,pitNoSlab,0.01,0.626,2036
MRT,SSP5,Urban,pitNoSlab,0.02,0.597,2031
MRT,SSP5,Urban,pitNoSlab,0.05,0.572,2026
MSR,SSP1,Rural,flushPit,0.01,0.838,2093
MSR,SSP1,Rural,openDefecation,0.01,0.775,2045
MSR,SSP1,Rural,openDefecation,0.02,0.764,2040
MSR,SSP1,Urban,flushPit,0.02,0.738,2029
MSR,SSP1,Urban,openDefecation,0.01,0.733,2027
MSR,SSP2,Rural,flushUnknown,0.01,0.719,2030
MSR,SSP2,Rural,openDefecation,0.01,0.775,2062
MSR,SSP2,Rural,openDefecation,0.02,0.764,2054
MSR,SSP2,Urban,flushPit,0.02,0.738,2039
MSR,SSP2,Urban,openDefecation,0.01,0.733,2037
MSR,SSP3,Rural,flushUnknown,0.02,0.706,2084
MSR,SSP3,Rural,openDefecation,0.05,0.706,2084
MSR,SSP3,Urban,openDefecation,0.02,0.684,2041
MSR,SSP4,Rural,flushUnknown,0.02,0.706,2085
MSR,SSP4,Rural,flushUnknown,0.05,0.662,2025
MSR,SSP4,Rural,openDefecation,0.05,0.706,2085
MSR,SSP4,Urban,openDefecation,0.02,0.684,2049
MSR,SSP5,Rural,flushPit,0.01,0.838,2092
MSR,SSP5,Rural,openDefecation,0.01,0.775,2044
MSR,SSP5,Rural,openDefecation,0.02,0.764,2039
MSR,SSP5,Urban,flushPit,0.02,0.738,2028
MSR,SSP5,Urban,openDefecation,0.01,0.733,2027
MTQ,SSP1,Rural,flushPit,0.01,0.838,2093
MTQ,SSP1,Rural,openDefecation,0.01,0.775,2045
MTQ,SSP1,Rural,openDefecation,0.02,0.764,2040
MTQ,SSP1,Urban,flushPit,0.02,0.738,2029
MTQ,SSP1,Urban,openDefecation,0.01,0.733,2027
MTQ,SSP2,Rural,flushUnknown,0.01,0.719,2030
MTQ,SSP2,Rural,openDefecation,0.01,0.775,2062
MTQ,SSP2,Rural,openDefecation,0.02,0.764,2054
MTQ,SSP2,Urban,flushPit,0.02,0.738,2039
MTQ,SSP2,Urban,openDefecation,0.01,0.733,2037
MTQ,SSP3,Rural,flushUnknown,0.02,0.706,2084
MTQ,SSP3,Rural,openDefecation,0.05,0.706,2084
MTQ,SSP3,Urban,openDefecation,0.02,0.684,2041
MTQ,SSP4,Rural,flushUnknown,0.02,0.706,2085
MTQ,SSP4,Rural,flushUnknown,0.05,0.662,2025
MTQ,SSP4,Rural,openDefecation,0.05,0.706,2085
MTQ,SSP4,Urban,openDefecation,0.02,0.684,2049
MTQ,SSP5,Rural,flushPit,0.01,0.838,2092
MTQ,SSP5,Rural,openDefecation,0.01,0.775,2044
MTQ,SSP5,Rural,openDefecation,0.02,0.764,2039
MTQ,SSP5,Urban,flushPit,0.02,0.738,2028
MTQ,SSP5,Urban,openDefecation,0.01,0.733,2027
MUS,SSP1,Rural,flushPit,0.01,0.838,2037
MUS,SSP1,Rural,flushSeptic,0.1,0.898,2064
MUS,SSP1,Rural,pitSlab,0.01,0.944,2088
MUS,SSP1,Rural,pitSlab,0.02,0.938,2084
MUS,SSP1,Rural,pitSlab,0.05,0.87,2049
MUS,SSP1,Rural,pitSlab,0.1,0.851,2042
MUS,SSP1,Urban,flushSeptic,0.1,0.865,2047
MUS,SSP1,Urban,other,0.01,0.932,2081
MUS,SSP1,Urban,pitSlab,0.01,0.944,2088
MUS,SSP1,Urban,pitSlab,0.02,0.938,2084
MUS,SSP1,Urban,pitSlab,0.05,0.867,2048
MUS,SSP2,Rural,flushPit,0.01,0.838,2040
MUS,SSP2,Rural,flushSeptic,0.1,0.898,2069
MUS,SSP2,Rural,pitSlab,0.01,0.944,2092
MUS,SSP2,Rural,pitSlab,0.02,0.938,2089
MUS,SSP2,Rural,pitSlab,0.05,0.87,2055
MUS,SSP2,Rural,pitSlab,0.1,0.851,2046
MUS,SSP2,Urban,flushSeptic,0.1,0.865,2053
MUS,SSP2,Urban,other,0.01,0.932,2086
MUS,SSP2,Urban,pitSlab,0.01,0.944,2092
MUS,SSP2,Urban,pitSlab,0.02,0.938,2089
MUS,SSP2,Urban,pitSlab,0.05,0.867,2054
MUS,SSP3,Rural,flushPit,0.01,0.838,2073
MUS,SSP3,Rural,pitSlab,0.1,0.851,2096
MUS,SSP4,Rural,flushPit,0.01,0.838,2075
MUS,SSP4,Rural,pitSlab,0.1,0.851,2097
MUS,SSP5,Rural,flushPit,0.01,0.838,2037
MUS,SSP5,Rural,flushSeptic,0.1,0.898,2063
MUS,SSP5,Rural,pitSlab,0.01,0.944,2088
MUS,SSP5,Rural,pitSlab,0.02,0.938,2085
MUS,SSP5,Rural,pitSlab,0.05,0.87,2049
MUS,SSP5,Rural,pitSlab,0.1,0.851,2042
MUS,SSP5,Urban,flushSeptic,0.1,0.865,2047
MUS,SSP5,Urban,other,0.01,0.932,2082
MUS,SSP5,Urban,pitSlab,0.01,0.944,2088
MUS,SSP5,Urban,pitSlab,0.02,0.938,2085
MUS,SSP5,Urban,pitSlab,0.05,0.867,2048
MWI,SSP1,Rural,compostingToilet,0.01,0.658,2050
MWI,SSP1,Rural,flushPit,0.01,0.838,2097
MWI,SSP1,Rural,flushPit,0.02,0.647,2048
MWI,SSP1,Rural,flushPit,0.05,0.63,2044
MWI,SSP1,Rural,flushUnknown,0.01,0.719,2065
MWI,SSP1,Rural,flushUnknown,0.02,0.706,2062
MWI,SSP1,Rural,flushUnknown,0.05,0.662,2051
MWI,SSP1,Rural,openDefecation,0.01,0.775,2080
MWI,SSP1,Rural,openDefecation,0.02,0.764,2077
MWI,SSP1,Rural,openDefecation,0.05,0.706,2062
MWI,SSP1,Rural,openDefecation,0.1,0.646,2047
MWI,SSP1,Rural,pitNoSlab,0.01,0.636,2046
MWI,SSP1,Rural,pitNoSlab,0.02,0.622,2043
MWI,SSP1,Rural,pitNoSlab,0.05,0.602,2039
MWI,SSP1,Urban,flushPit,0.02,0.738,2070
MWI,SSP1,Urban,flushPit,0.05,0.608,2040
MWI,SSP1,Urban,openDefecation,0.01,0.733,2069
MWI,SSP1,Urban,openDefecation,0.02,0.684,2056
MWI,SSP1,Urban,openDefecation,0.05,0.638,2046
MWI,SSP1,Urban,pitNoSlab,0.01,0.626,2044
MWI,SSP1,Urban,pitNoSlab,0.02,0.597,2038
MWI,SSP1,Urban,pitNoSlab,0.05,0.572,2034
MWI,SSP2,Rural,compostingToilet,0.01,0.658,2061
MWI,SSP2,Rural,flushPit,0.02,0.647,2057
MWI,SSP2,Rural,flushPit,0.05,0.63,2052
MWI,SSP2,Rural,flushUnknown,0.01,0.719,2079
MWI,SSP2,Rural,flushUnknown,0.02,0.706,2075
MWI,SSP2,Rural,flushUnknown,0.05,0.662,2062
MWI,SSP2,Rural,openDefecation,0.01,0.775,2096
MWI,SSP2,Rural,openDefecation,0.02,0.764,2092
MWI,SSP2,Rural,openDefecation,0.05,0.706,2075
MWI,SSP2,Rural,openDefecation,0.1,0.646,2057
MWI,SSP2,Rural,pitNoSlab,0.01,0.636,2054
MWI,SSP2,Rural,pitNoSlab,0.02,0.622,2050
MWI,SSP2,Rural,pitNoSlab,0.05,0.602,2045
MWI,SSP2,Urban,flushPit,0.02,0.738,2085
MWI,SSP2,Urban,flushPit,0.05,0.608,2046
MWI,SSP2,Urban,openDefecation,0.01,0.733,2083
MWI,SSP2,Urban,openDefecation,0.02,0.684,2068
MWI,SSP2,Urban,openDefecation,0.05,0.638,2055
MWI,SSP2,Urban,pitNoSlab,0.01,0.626,2051
MWI,SSP2,Urban,pitNoSlab,0.02,0.597,2044
MWI,SSP2,Urban,pitNoSlab,0.05,0.572,2038
MWI,SSP3,Rural,pitNoSlab,0.05,0.602,2095
MWI,SSP3,Urban,pitNoSlab,0.02,0.597,2090
MWI,SSP3,Urban,pitNoSlab,0.05,0.572,2066
MWI,SSP4,Rural,flushPit,0.05,0.63,2097
MWI,SSP4,Rural,pitNoSlab,0.02,0.622,2091
MWI,SSP4,Rural,pitNoSlab,0.05,0.602,2078
MWI,SSP4,Urban,flushPit,0.05,0.608,2082
MWI,SSP4,Urban,pitNoSlab,0.01,0.626,2094
MWI,SSP4,Urban,pitNoSlab,0.02,0.597,2074
MWI,SSP4,Urban,pitNoSlab,0.05,0.572,2057
MWI,SSP5,Rural,compostingToilet,0.01,0.658,2047
MWI,SSP5,Rural,flushPit,0.01,0.838,2091
MWI,SSP5,Rural,flushPit,0.02,0.647,2046
MWI,SSP5,Rural,flushPit,0.05,0.63,2043
MWI,SSP5,Rural,flushUnknown,0.01,0.719,2062
MWI,SSP5,Rural,flushUnknown,0.02,0.706,2058
MWI,SSP5,Rural,flushUnknown,0.05,0.662,2048
MWI,SSP5,Rural,openDefecation,0.01,0.775,2076
MWI,SSP5,Rural,openDefecation,0.02,0.764,2073
MWI,SSP5,Rural,openDefecation,0.05,0.706,2058
MWI,SSP5,Rural,openDefecation,0.1,0.646,2045
MWI,SSP5,Rural,pitNoSlab,0.01,0.636,2044
MWI,SSP5,Rural,pitNoSlab,0.02,0.622,2041
MWI,SSP5,Rural,pitNoSlab,0.05,0.602,2038
MWI,SSP5,Rural,pitSlab,0.05,0.87,2099
MWI,SSP5,Rural,pitSlab,0.1,0.851,2094
MWI,SSP5,Urban,flushPit,0.02,0.738,2066
MWI,SSP5,Urban,flushPit,0.05,0.608,2039
MWI,SSP5,Urban,flushSeptic,0.1,0.865,2098
MWI,SSP5,Urban,openDefecation,0.01,0.733,2065
MWI,SSP5,Urban,openDefecation,0.02,0.684,2053
MWI,SSP5,Urban,openDefecation,0.05,0.638,2044
MWI,SSP5,Urban,pitNoSlab,0.01,0.626,2042
MWI,SSP5,Urban,pitNoSlab,0.02,0.597,2037
MWI,SSP5,Urban,pitNoSlab,0.05,0.572,2033
MWI,SSP5,Urban,pitSlab,0.05,0.867,2098
MYS,SSP1,Rural,flushPit,0.01,0.838,2032
MYS,SSP1,Rural,flushSeptic,0.1,0.898,2079
MYS,SSP1,Rural,pitSlab,0.05,0.87,2048
MYS,SSP1,Rural,pitSlab,0.1,0.851,2038
MYS,SSP1,Urban,flushSeptic,0.1,0.865,2045
MYS,SSP1,Urban,pitSlab,0.05,0.867,2046
MYS,SSP2,Rural,flushPit,0.01,0.838,2033
MYS,SSP2,Rural,flushSeptic,0.1,0.898,2077
MYS,SSP2,Rural,pitSlab,0.05,0.87,2049
MYS,SSP2,Rural,pitSlab,0.1,0.851,2040
MYS,SSP2,Urban,flushSeptic,0.1,0.865,2047
MYS,SSP2,Urban,pitSlab,0.05,0.867,2048
MYS,SSP3,Rural,flushPit,0.01,0.838,2040
MYS,SSP3,Rural,pitSlab,0.05,0.87,2089
MYS,SSP3,Rural,pitSlab,0.1,0.851,2055
MYS,SSP3,Urban,flushSeptic,0.1,0.865,2080
MYS,SSP3,Urban,pitSlab,0.05,0.867,2084
MYS,SSP4,Rural,flushPit,0.01,0.838,2038
MYS,SSP4,Rural,flushSeptic,0.1,0.898,2097
MYS,SSP4,Rural,pitSlab,0.05,0.87,2066
MYS,SSP4,Rural,pitSlab,0.1,0.851,2047
MYS,SSP4,Urban,flushSeptic,0.1,0.865,2060
MYS,SSP4,Urban,pitSlab,0.05,0.867,2062
MYS,SSP5,Rural,flushPit,0.01,0.838,2031
MYS,SSP5,Rural,flushSeptic,0.1,0.898,2078
MYS,SSP5,Rural,pitSlab,0.05,0.87,2047
MYS,SSP5,Rural,pitSlab,0.1,0.851,2038
MYS,SSP5,Urban,flushSeptic,0.1,0.865,2045
MYS,SSP5,Urban,pitSlab,0.05,0.867,2046
MYT,SSP1,Rural,compostingToilet,0.01,0.658,2049
MYT,SSP1,Rural,flushPit,0.02,0.647,2047
MYT,SSP1,Rural,flushPit,0.05,0.63,2043
MYT,SSP1,Rural,flushUnknown,0.01,0.719,2068
MYT,SSP1,Rural,flushUnknown,0.02,0.706,2064
MYT,SSP1,Rural,flushUnknown,0.05,0.662,2050
MYT,SSP1,Rural,openDefecation,0.01,0.775,2085
MYT,SSP1,Rural,openDefecation,0.02,0.764,2082
MYT,SSP1,Rural,openDefecation,0.05,0.706,2064
MYT,SSP1,Rural,openDefecation,0.1,0.646,2047
MYT,SSP1,Rural,pitNoSlab,0.01,0.636,2045
MYT,SSP1,Rural,pitNoSlab,0.02,0.622,2042
MYT,SSP1,Rural,pitNoSlab,0.05,0.602,2037
MYT,SSP1,Urban,flushPit,0.02,0.738,2074
MYT,SSP1,Urban,flushPit,0.05,0.608,2039
MYT,SSP1,Urban,openDefecation,0.01,0.733,2072
MYT,SSP1,Urban,openDefecation,0.02,0.684,2057
MYT,SSP1,Urban,openDefecation,0.05,0.638,2045
MYT,SSP1,Urban,pitNoSlab,0.01,0.626,2042
MYT,SSP1,Urban,pitNoSlab,0.02,0.597,2036
MYT,SSP1,Urban,pitNoSlab,0.05,0.572,2031
MYT,SSP2,Rural,compostingToilet,0.01,0.658,2077
MYT,SSP2,Rural,flushPit,0.02,0.647,2073
MYT,SSP2,Rural,flushPit,0.05,0.63,2067
MYT,SSP2,Rural,flushUnknown,0.01,0.719,2097
MYT,SSP2,Rural,flushUnknown,0.02,0.706,2093
MYT,SSP2,Rural,flushUnknown,0.05,0.662,2078
MYT,SSP2,Rural,openDefecation,0.05,0.706,2093
MYT,SSP2,Rural,openDefecation,0.1,0.646,2073
MYT,SSP2,Rural,pitNoSlab,0.01,0.636,2069
MYT,SSP2,Rural,pitNoSlab,0.02,0.622,2065
MYT,SSP2,Rural,pitNoSlab,0.05,0.602,2058
MYT,SSP2,Rural,pitNoSlab,0.1,0.489,2025
MYT,SSP2,Urban,flushPit,0.05,0.608,2060
MYT,SSP2,Urban,openDefecation,0.02,0.684,2085
MYT,SSP2,Urban,openDefecation,0.05,0.638,2070
MYT,SSP2,Urban,openDefecation,0.1,0.5,2028
MYT,SSP2,Urban,pitNoSlab,0.01,0.626,2066
MYT,SSP2,Urban,pitNoSlab,0.02,0.597,2056
MYT,SSP2,Urban,pitNoSlab,0.05,0.572,2048
MYT,SSP3,Rural,flushSewer,0.01,0.428,2034
MYT,SSP3,Urban,bucketLatrine,0.01,0.457,2081
MYT,SSP3,Urban,flushPit,0.01,0.442,2055
MYT,SSP4,Rural,flushSewer,0.01,0.428,2043
MYT,SSP4,Urban,bucketLatrine,0.01,0.457,2074
MYT,SSP4,Urban,flushPit,0.01,0.442,2058
MYT,SSP5,Rural,compostingToilet,0.01,0.658,2047
MYT,SSP5,Rural,flushPit,0.02,0.647,2045
MYT,SSP5,Rural,flushPit,0.05,0.63,2042
MYT,SSP5,Rural,flushUnknown,0.01,0.719,2064
MYT,SSP5,Rural,flushUnknown,0.02,0.706,2060
MYT,SSP5,Rural,flushUnknown,0.05,0.662,2048
MYT,SSP5,Rural,openDefecation,0.01,0.775,2081
MYT,SSP5,Rural,openDefecation,0.02,0.764,2078
MYT,SSP5,Rural,openDefecation,0.05,0.706,2060
MYT,SSP5,Rural,openDefecation,0.1,0.646,2045
MYT,SSP5,Rural,pitNoSlab,0.01,0.636,2043
MYT,SSP5,Rural,pitNoSlab,0.02,0.622,2040
MYT,SSP5,Rural,pitNoSlab,0.05,0.602,2036
MYT,SSP5,Urban,flushPit,0.02,0.738,2070
MYT,SSP5,Urban,flushPit,0.05,0.608,2037
MYT,SSP5,Urban,openDefecation,0.01,0.733,2068
MYT,SSP5,Urban,openDefecation,0.02,0.684,2054
MYT,SSP5,Urban,openDefecation,0.05,0.638,2043
MYT,SSP5,Urban,pitNoSlab,0.01,0.626,2041
MYT,SSP5,Urban,pitNoSlab,0.02,0.597,2035
MYT,SSP5,Urban,pitNoSlab,0.05,0.572,2030
NAM,SSP1,Rural,flushUnknown,0.01,0.719,2041
NAM,SSP1,Rural,flushUnknown,0.02,0.706,2036
NAM,SSP1,Rural,openDefecation,0.01,0.775,2067
NAM,SSP1,Rural,openDefecation,0.02,0.764,2060
NAM,SSP1,Rural,openDefecation,0.05,0.706,2036
NAM,SSP1,Urban,flushPit,0.02,0.738,2047
NAM,SSP1,Urban,openDefecation,0.01,0.733,2045
NAM,SSP1,Urban,openDefecation,0.02,0.684,2030
NAM,SSP2,Rural,flushUnknown,0.01,0.719,2047
NAM,SSP2,Rural,flushUnknown,0.02,0.706,2042
NAM,SSP2,Rural,openDefecation,0.01,0.775,2079
NAM,SSP2,Rural,openDefecation,0.02,0.764,2073
NAM,SSP2,Rural,openDefecation,0.05,0.706,2042
NAM,SSP2,Urban,flushPit,0.02,0.738,2058
NAM,SSP2,Urban,openDefecation,0.01,0.733,2055
NAM,SSP2,Urban,openDefecation,0.02,0.684,2032
NAM,SSP3,Rural,flushUnknown,0.02,0.706,2088
NAM,SSP3,Rural,openDefecation,0.05,0.706,2088
NAM,SSP3,Urban,openDefecation,0.02,0.684,2049
NAM,SSP4,Rural,flushUnknown,0.02,0.706,2085
NAM,SSP4,Rural,openDefecation,0.05,0.706,2085
NAM,SSP4,Urban,openDefecation,0.02,0.684,2050
NAM,SSP5,Rural,flushUnknown,0.01,0.719,2040
NAM,SSP5,Rural,flushUnknown,0.02,0.706,2035
NAM,SSP5,Rural,openDefecation,0.01,0.775,2065
NAM,SSP5,Rural,openDefecation,0.02,0.764,2058
NAM,SSP5,Rural,openDefecation,0.05,0.706,2035
NAM,SSP5,Urban,flushPit,0.02,0.738,2046
NAM,SSP5,Urban,openDefecation,0.01,0.733,2044
NAM,SSP5,Urban,openDefecation,0.02,0.684,2029
NCL,SSP1,Rural,flushPit,0.01,0.838,2077
NCL,SSP1,Rural,openDefecation,0.01,0.775,2031
NCL,SSP1,Rural,openDefecation,0.02,0.764,2026
NCL,SSP1,Rural,pitSlab,0.1,0.851,2090
NCL,SSP2,Rural,flushPit,0.01,0.838,2093
NCL,SSP2,Rural,openDefecation,0.01,0.775,2041
NCL,SSP2,Rural,openDefecation,0.02,0.764,2034
NCL,SSP3,Rural,flushUnknown,0.01,0.719,2026
NCL,SSP3,Rural,openDefecation,0.02,0.764,2091
NCL,SSP3,Urban,flushPit,0.02,0.738,2046
NCL,SSP3,Urban,openDefecation,0.01,0.733,2040
NCL,SSP4,Rural,flushUnknown,0.01,0.719,2034
NCL,SSP4,Urban,flushPit,0.02,0.738,2060
NCL,SSP4,Urban,openDefecation,0.01,0.733,2050
NCL,SSP5,Rural,flushPit,0.01,0.838,2077
NCL,SSP5,Rural,openDefecation,0.01,0.775,2029
NCL,SSP5,Rural,openDefecation,0.02,0.764,2026
NCL,SSP5,Rural,pitSlab,0.1,0.851,2092
NER,SSP1,Rural,compostingToilet,0.01,0.658,2066
NER,SSP1,Rural,flushPit,0.02,0.647,2064
NER,SSP1,Rural,flushPit,0.05,0.63,2060
NER,SSP1,Rural,flushSewer,0.01,0.428,2026
NER,SSP1,Rural,flushUnknown,0.01,0.719,2079
NER,SSP1,Rural,flushUnknown,0.02,0.706,2076
NER,SSP1,Rural,flushUnknown,0.05,0.662,2067
NER,SSP1,Rural,openDefecation,0.01,0.775,2090
NER,SSP1,Rural,openDefecation,0.02,0.764,2088
NER,SSP1,Rural,openDefecation,0.05,0.706,2076
NER,SSP1,Rural,openDefecation,0.1,0.646,2063
NER,SSP1,Rural,pitNoSlab,0.01,0.636,2061
NER,SSP1,Rural,pitNoSlab,0.02,0.622,2058
NER,SSP1,Rural,pitNoSlab,0.05,0.602,2054
NER,SSP1,Rural,pitNoSlab,0.1,0.489,2035
NER,SSP1,Urban,bucketLatrine,0.01,0.457,2030
NER,SSP1,Urban,flushOpen,0.01,0.488,2035
NER,SSP1,Urban,flushPit,0.01,0.442,2028
NER,SSP1,Urban,flushPit,0.02,0.738,2082
NER,SSP1,Urban,flushPit,0.05,0.608,2055
NER,SSP1,Urban,openDefecation,0.01,0.733,2081
NER,SSP1,Urban,openDefecation,0.02,0.684,2071
NER,SSP1,Urban,openDefecation,0.05,0.638,2062
NER,SSP1,Urban,openDefecation,0.1,0.5,2037
NER,SSP1,Urban,pitNoSlab,0.01,0.626,2059
NER,SSP1,Urban,pitNoSlab,0.02,0.597,2053
NER,SSP1,Urban,pitNoSlab,0.05,0.572,2048
NER,SSP2,Rural,compostingToilet,0.01,0.658,2076
NER,SSP2,Rural,flushPit,0.02,0.647,2074
NER,SSP2,Rural,flushPit,0.05,0.63,2070
NER,SSP2,Rural,flushSewer,0.01,0.428,2027
NER,SSP2,Rural,flushUnknown,0.01,0.719,2090
NER,SSP2,Rural,flushUnknown,0.02,0.706,2087
NER,SSP2,Rural,flushUnknown,0.05,0.662,2077
NER,SSP2,Rural,openDefecation,0.05,0.706,2087
NER,SSP2,Rural,openDefecation,0.1,0.646,2074
NER,SSP2,Rural,pitNoSlab,0.01,0.636,2071
NER,SSP2,Rural,pitNoSlab,0.02,0.622,2068
NER,SSP2,Rural,pitNoSlab,0.05,0.602,2064
NER,SSP2,Rural,pitNoSlab,0.1,0.489,2039
NER,SSP2,Urban,bucketLatrine,0.01,0.457,2032
NER,SSP2,Urban,flushOpen,0.01,0.488,2039
NER,SSP2,Urban,flushPit,0.01,0.442,2029
NER,SSP2,Urban,flushPit,0.02,0.738,2095
NER,SSP2,Urban,flushPit,0.05,0.608,2065
NER,SSP2,Urban,openDefecation,0.01,0.733,2094
NER,SSP2,Urban,openDefecation,0.02,0.684,2082
NER,SSP2,Urban,openDefecation,0.05,0.638,2072
NER,SSP2,Urban,openDefecation,0.1,0.5,2041
NER,SSP2,Urban,pitNoSlab,0.01,0.626,2069
NER,SSP2,Urban,pitNoSlab,0.02,0.597,2062
NER,SSP2,Urban,pitNoSlab,0.05,0.572,2057
NER,SSP3,Rural,flushSewer,0.01,0.428,2030
NER,SSP3,Urban,bucketLatrine,0.01,0.457,2069
NER,SSP3,Urban,flushPit,0.01,0.442,2046
NER,SSP4,Rural,flushSewer,0.01,0.428,2032
NER,SSP4,Rural,pitNoSlab,0.1,0.489,2090
NER,SSP4,Urban,bucketLatrine,0.01,0.457,2056
NER,SSP4,Urban,flushOpen,0.01,0.488,2089
NER,SSP4,Urban,flushPit,0.01,0.442,2043
NER,SSP5,Rural,compostingToilet,0.01,0.658,2063
NER,SSP5,Rural,flushPit,0.01,0.838,2099
NER,SSP5,Rural,flushPit,0.02,0.647,2061
NER,SSP5,Rural,flushPit,0.05,0.63,2057
NER,SSP5,Rural,flushSewer,0.01,0.428,2026
NER,SSP5,Rural,flushUnknown,0.01,0.719,2075
NER,SSP5,Rural,flushUnknown,0.02,0.706,2073
NER,SSP5,Rural,flushUnknown,0.05,0.662,2064
NER,SSP5,Rural,openDefecation,0.01,0.775,2086
NER,SSP5,Rural,openDefecation,0.02,0.764,2084
NER,SSP5,Rural,openDefecation,0.05,0.706,2073
NER,SSP5,Rural,openDefecation,0.1,0.646,2061
NER,SSP5,Rural,pitNoSlab,0.01,0.636,2059
NER,SSP5,Rural,pitNoSlab,0.02,0.622,2056
NER,SSP5,Rural,pitNoSlab,0.05,0.602,2052
NER,SSP5,Rural,pitNoSlab,0.1,0.489,2034
NER,SSP5,Urban,bucketLatrine,0.01,0.457,2030
NER,SSP5,Urban,flushOpen,0.01,0.488,2034
NER,SSP5,Urban,flushPit,0.01,0.442,2028
NER,SSP5,Urban,flushPit,0.02,0.738,2079
NER,SSP5,Urban,flushPit,0.05,0.608,2053
NER,SSP5,Urban,openDefecation,0.01,0.733,2078
NER,SSP5,Urban,openDefecation,0.02,0.684,2068
NER,SSP5,Urban,openDefecation,0.05,0.638,2059
NER,SSP5,Urban,openDefecation,0.1,0.5,2036
NER,SSP5,Urban,pitNoSlab,0.01,0.626,2057
NER,SSP5,Urban,pitNoSlab,0.02,0.597,2051
NER,SSP5,Urban,pitNoSlab,0.05,0.572,2047
NFK,SSP1,Rural,flushPit,0.01,0.838,2077
NFK,SSP1,Rural,openDefecation,0.01,0.775,2031
NFK,SSP1,Rural,openDefecation,0.02,0.764,2026
NFK,SSP1,Rural,pitSlab,0.1,0.851,2090
NFK,SSP2,Rural,flushPit,0.01,0.838,2093
NFK,SSP2,Rural,openDefecation,0.01,0.775,2041
NFK,SSP2,Rural,openDefecation,0.02,0.764,2034
NFK,SSP3,Rural,flushUnknown,0.01,0.719,2026
NFK,SSP3,Rural,openDefecation,0.02,0.764,2091
NFK,SSP3,Urban,flushPit,0.02,0.738,2046
NFK,SSP3,Urban,openDefecation,0.01,0.733,2040
NFK,SSP4,Rural,flushUnknown,0.01,0.719,2034
NFK,SSP4,Urban,flushPit,0.02,0.738,2060
NFK,SSP4,Urban,openDefecation,0.01,0.733,2050
NFK,SSP5,Rural,flushPit,0.01,0.838,2077
NFK,SSP5,Rural,openDefecation,0.01,0.775,2029
NFK,SSP5,Rural,openDefecation,0.02,0.764,2026
NFK,SSP5,Rural,pitSlab,0.1,0.851,2092
NGA,SSP1,Rural,compostingToilet,0.01,0.658,2046
NGA,SSP1,Rural,flushPit,0.02,0.647,2043
NGA,SSP1,Rural,flushPit,0.05,0.63,2039
NGA,SSP1,Rural,flushUnknown,0.01,0.719,2066
NGA,SSP1,Rural,flushUnknown,0.02,0.706,2061
NGA,SSP1,Rural,flushUnknown,0.05,0.662,2047
NGA,SSP1,Rural,openDefecation,0.01,0.775,2087
NGA,SSP1,Rural,openDefecation,0.02,0.764,2083
NGA,SSP1,Rural,openDefecation,0.05,0.706,2061
NGA,SSP1,Rural,openDefecation,0.1,0.646,2043
NGA,SSP1,Rural,pitNoSlab,0.01,0.636,2041
NGA,SSP1,Rural,pitNoSlab,0.02,0.622,2037
NGA,SSP1,Rural,pitNoSlab,0.05,0.602,2033
NGA,SSP1,Urban,flushPit,0.02,0.738,2073
NGA,SSP1,Urban,flushPit,0.05,0.608,2034
NGA,SSP1,Urban,openDefecation,0.01,0.733,2071
NGA,SSP1,Urban,openDefecation,0.02,0.684,2053
NGA,SSP1,Urban,openDefecation,0.05,0.638,2041
NGA,SSP1,Urban,pitNoSlab,0.01,0.626,2038
NGA,SSP1,Urban,pitNoSlab,0.02,0.597,2032
NGA,SSP1,Urban,pitNoSlab,0.05,0.572,2027
NGA,SSP2,Rural,compostingToilet,0.01,0.658,2053
NGA,SSP2,Rural,flushPit,0.02,0.647,2049
NGA,SSP2,Rural,flushPit,0.05,0.63,2044
NGA,SSP2,Rural,flushUnknown,0.01,0.719,2075
NGA,SSP2,Rural,flushUnknown,0.02,0.706,2070
NGA,SSP2,Rural,flushUnknown,0.05,0.662,2054
NGA,SSP2,Rural,openDefecation,0.01,0.775,2096
NGA,SSP2,Rural,openDefecation,0.02,0.764,2092
NGA,SSP2,Rural,openDefecation,0.05,0.706,2070
NGA,SSP2,Rural,openDefecation,0.1,0.646,2049
NGA,SSP2,Rural,pitNoSlab,0.01,0.636,2046
NGA,SSP2,Rural,pitNoSlab,0.02,0.622,2042
NGA,SSP2,Rural,pitNoSlab,0.05,0.602,2036
NGA,SSP2,Urban,flushPit,0.02,0.738,2082
NGA,SSP2,Urban,flushPit,0.05,0.608,2038
NGA,SSP2,Urban,openDefecation,0.01,0.733,2080
NGA,SSP2,Urban,openDefecation,0.02,0.684,2062
NGA,SSP2,Urban,openDefecation,0.05,0.638,2046
NGA,SSP2,Urban,pitNoSlab,0.01,0.626,2043
NGA,SSP2,Urban,pitNoSlab,0.02,0.597,2035
NGA,SSP2,Urban,pitNoSlab,0.05,0.572,2028
NGA,SSP3,Rural,pitNoSlab,0.05,0.602,2082
NGA,SSP3,Urban,flushPit,0.05,0.608,2089
NGA,SSP3,Urban,pitNoSlab,0.02,0.597,2075
NGA,SSP3,Urban,pitNoSlab,0.05,0.572,2040
NGA,SSP4,Rural,flushPit,0.05,0.63,2096
NGA,SSP4,Rural,pitNoSlab,0.02,0.622,2088
NGA,SSP4,Rural,pitNoSlab,0.05,0.602,2067
NGA,SSP4,Urban,flushPit,0.05,0.608,2073
NGA,SSP4,Urban,pitNoSlab,0.01,0.626,2092
NGA,SSP4,Urban,pitNoSlab,0.02,0.597,2062
NGA,SSP4,Urban,pitNoSlab,0.05,0.572,2036
NGA,SSP5,Rural,compostingToilet,0.01,0.658,2045
NGA,SSP5,Rural,flushPit,0.02,0.647,2042
NGA,SSP5,Rural,flushPit,0.05,0.63,2039
NGA,SSP5,Rural,flushUnknown,0.01,0.719,2064
NGA,SSP5,Rural,flushUnknown,0.02,0.706,2059
NGA,SSP5,Rural,flushUnknown,0.05,0.662,2046
NGA,SSP5,Rural,openDefecation,0.01,0.775,2084
NGA,SSP5,Rural,openDefecation,0.02,0.764,2080
NGA,SSP5,Rural,openDefecation,0.05,0.706,2059
NGA,SSP5,Rural,openDefecation,0.1,0.646,2042
NGA,SSP5,Rural,pitNoSlab,0.01,0.636,2040
NGA,SSP5,Rural,pitNoSlab,0.02,0.622,2037
NGA,SSP5,Rural,pitNoSlab,0.05,0.602,2032
NGA,SSP5,Urban,flushPit,0.02,0.738,2071
NGA,SSP5,Urban,flushPit,0.05,0.608,2034
NGA,SSP5,Urban,openDefecation,0.01,0.733,2069
NGA,SSP5,Urban,openDefecation,0.02,0.684,2051
NGA,SSP5,Urban,openDefecation,0.05,0.638,2040
NGA,SSP5,Urban,pitNoSlab,0.01,0.626,2038
NGA,SSP5,Urban,pitNoSlab,0.02,0.597,2031
NGA,SSP5,Urban,pitNoSlab,0.05,0.572,2027
NIC,SSP1,Rural,flushPit,0.01,0.838,2064
NIC,SSP1,Rural,flushSeptic,0.1,0.898,2088
NIC,SSP1,Rural,flushUnknown,0.01,0.719,2028
NIC,SSP1,Rural,flushUnknown,0.02,0.706,2025
NIC,SSP1,Rural,openDefecation,0.01,0.775,2042
NIC,SSP1,Rural,openDefecation,0.02,0.764,2039
NIC,SSP1,Rural,openDefecation,0.05,0.706,2025
NIC,SSP1,Rural,pitSlab,0.05,0.87,2077
NIC,SSP1,Rural,pitSlab,0.1,0.851,2069
NIC,SSP1,Urban,flushPit,0.02,0.738,2032
NIC,SSP1,Urban,flushSeptic,0.1,0.865,2075
NIC,SSP1,Urban,openDefecation,0.01,0.733,2031
NIC,SSP1,Urban,pitSlab,0.05,0.867,2076
NIC,SSP2,Rural,flushPit,0.01,0.838,2070
NIC,SSP2,Rural,flushSeptic,0.1,0.898,2094
NIC,SSP2,Rural,flushUnknown,0.01,0.719,2029
NIC,SSP2,Rural,flushUnknown,0.02,0.706,2025
NIC,SSP2,Rural,openDefecation,0.01,0.775,2046
NIC,SSP2,Rural,openDefecation,0.02,0.764,2043
NIC,SSP2,Rural,openDefecation,0.05,0.706,2025
NIC,SSP2,Rural,pitSlab,0.05,0.87,2083
NIC,SSP2,Rural,pitSlab,0.1,0.851,2076
NIC,SSP2,Urban,flushPit,0.02,0.738,2035
NIC,SSP2,Urban,flushSeptic,0.1,0.865,2081
NIC,SSP2,Urban,openDefecation,0.01,0.733,2033
NIC,SSP2,Urban,pitSlab,0.05,0.867,2082
NIC,SSP3,Rural,flushUnknown,0.01,0.719,2039
NIC,SSP3,Rural,flushUnknown,0.02,0.706,2025
NIC,SSP3,Rural,openDefecation,0.05,0.706,2025
NIC,SSP3,Urban,flushPit,0.02,0.738,2069
NIC,SSP3,Urban,openDefecation,0.01,0.733,2060
NIC,SSP4,Rural,flushUnknown,0.01,0.719,2036
NIC,SSP4,Rural,flushUnknown,0.02,0.706,2025
NIC,SSP4,Rural,openDefecation,0.01,0.775,2092
NIC,SSP4,Rural,openDefecation,0.02,0.764,2080
NIC,SSP4,Rural,openDefecation,0.05,0.706,2025
NIC,SSP4,Urban,flushPit,0.02,0.738,2053
NIC,SSP4,Urban,openDefecation,0.01,0.733,2048
NIC,SSP5,Rural,flushPit,0.01,0.838,2062
NIC,SSP5,Rural,flushSeptic,0.1,0.898,2086
NIC,SSP5,Rural,flushUnknown,0.01,0.719,2028
NIC,SSP5,Rural,flushUnknown,0.02,0.706,2025
NIC,SSP5,Rural,openDefecation,0.01,0.775,2042
NIC,SSP5,Rural,openDefecation,0.02,0.764,2039
NIC,SSP5,Rural,openDefecation,0.05,0.706,2025
NIC,SSP5,Rural,pitSlab,0.05,0.87,2075
NIC,SSP5,Rural,pitSlab,0.1,0.851,2067
NIC,SSP5,Urban,flushPit,0.02,0.738,2032
NIC,SSP5,Urban,flushSeptic,0.1,0.865,2073
NIC,SSP5,Urban,openDefecation,0.01,0.733,2031
NIC,SSP5,Urban,other,0.01,0.932,2100
NIC,SSP5,Urban,pitSlab,0.05,0.867,2074
NIU,SSP1,Rural,flushPit,0.01,0.838,2077
NIU,SSP1,Rural,openDefecation,0.01,0.775,2031
NIU,SSP1,Rural,openDefecation,0.02,0.764,2026
NIU,SSP1,Rural,pitSlab,0.1,0.851,2090
NIU,SSP2,Rural,flushPit,0.01,0.838,2093
NIU,SSP2,Rural,openDefecation,0.01,0.775,2041
NIU,SSP2,Rural,openDefecation,0.02,0.764,2034
NIU,SSP3,Rural,flushUnknown,0.01,0.719,2026
NIU,SSP3,Rural,openDefecation,0.02,0.764,2091
NIU,SSP3,Urban,flushPit,0.02,0.738,2046
NIU,SSP3,Urban,openDefecation,0.01,0.733,2040
NIU,SSP4,Rural,flushUnknown,0.01,0.719,2034
NIU,SSP4,Urban,flushPit,0.02,0.738,2060
NIU,SSP4,Urban,openDefecation,0.01,0.733,2050
NIU,SSP5,Rural,flushPit,0.01,0.838,2077
NIU,SSP5,Rural,openDefecation,0.01,0.775,2029
NIU,SSP5,Rural,openDefecation,0.02,0.764,2026
NIU,SSP5,Rural,pitSlab,0.1,0.851,2092
NPL,SSP1,Rural,compostingToilet,0.01,0.658,2031
NPL,SSP1,Rural,flushPit,0.01,0.838,2073
NPL,SSP1,Rural,flushPit,0.02,0.647,2029
NPL,SSP1,Rural,flushPit,0.05,0.63,2026
NPL,SSP1,Rural,flushSeptic,0.1,0.898,2091
NPL,SSP1,Rural,flushUnknown,0.01,0.719,2042
NPL,SSP1,Rural,flushUnknown,0.02,0.706,2040
NPL,SSP1,Rural,flushUnknown,0.05,0.662,2032
NPL,SSP1,Rural,openDefecation,0.01,0.775,2054
NPL,SSP1,Rural,openDefecation,0.02,0.764,2051
NPL,SSP1,Rural,openDefecation,0.05,0.706,2040
NPL,SSP1,Rural,openDefecation,0.1,0.646,2029
NPL,SSP1,Rural,pitNoSlab,0.01,0.636,2027
NPL,SSP1,Rural,pitNoSlab,0.02,0.622,2025
NPL,SSP1,Rural,pitSlab,0.05,0.87,2083
NPL,SSP1,Rural,pitSlab,0.1,0.851,2077
NPL,SSP1,Urban,flushPit,0.02,0.738,2046
NPL,SSP1,Urban,flushSeptic,0.1,0.865,2081
NPL,SSP1,Urban,openDefecation,0.01,0.733,2045
NPL,SSP1,Urban,openDefecation,0.02,0.684,2036
NPL,SSP1,Urban,openDefecation,0.05,0.638,2028
NPL,SSP1,Urban,pitNoSlab,0.01,0.626,2026
NPL,SSP1,Urban,pitSlab,0.05,0.867,2082
NPL,SSP2,Rural,compostingToilet,0.01,0.658,2033
NPL,SSP2,Rural,flushPit,0.01,0.838,2084
NPL,SSP2,Rural,flushPit,0.02,0.647,2030
NPL,SSP2,Rural,flushPit,0.05,0.63,2027
NPL,SSP2,Rural,flushUnknown,0.01,0.719,2048
NPL,SSP2,Rural,flushUnknown,0.02,0.706,2045
NPL,SSP2,Rural,flushUnknown,0.05,0.662,2034
NPL,SSP2,Rural,openDefecation,0.01,0.775,2065
NPL,SSP2,Rural,openDefecation,0.02,0.764,2061
NPL,SSP2,Rural,openDefecation,0.05,0.706,2045
NPL,SSP2,Rural,openDefecation,0.1,0.646,2030
NPL,SSP2,Rural,pitNoSlab,0.01,0.636,2028
NPL,SSP2,Rural,pitNoSlab,0.02,0.622,2025
NPL,SSP2,Rural,pitSlab,0.05,0.87,2094
NPL,SSP2,Rural,pitSlab,0.1,0.851,2089
NPL,SSP2,Urban,flushPit,0.02,0.738,2053
NPL,SSP2,Urban,flushSeptic,0.1,0.865,2093
NPL,SSP2,Urban,openDefecation,0.01,0.733,2052
NPL,SSP2,Urban,openDefecation,0.02,0.684,2040
NPL,SSP2,Urban,openDefecation,0.05,0.638,2028
NPL,SSP2,Urban,pitNoSlab,0.01,0.626,2026
NPL,SSP2,Urban,pitSlab,0.05,0.867,2093
NPL,SSP3,Rural,compostingToilet,0.01,0.658,2067
NPL,SSP3,Rural,flushPit,0.02,0.647,2046
NPL,SSP3,Rural,flushPit,0.05,0.63,2029
NPL,SSP3,Rural,flushUnknown,0.05,0.662,2076
NPL,SSP3,Rural,openDefecation,0.1,0.646,2045
NPL,SSP3,Rural,pitNoSlab,0.01,0.636,2034
NPL,SSP3,Rural,pitNoSlab,0.02,0.622,2025
NPL,SSP3,Urban,openDefecation,0.05,0.638,2036
NPL,SSP3,Urban,pitNoSlab,0.01,0.626,2027
NPL,SSP4,Rural,compostingToilet,0.01,0.658,2046
NPL,SSP4,Rural,flushPit,0.02,0.647,2039
NPL,SSP4,Rural,flushPit,0.05,0.63,2029
NPL,SSP4,Rural,flushUnknown,0.02,0.706,2090
NPL,SSP4,Rural,flushUnknown,0.05,0.662,2049
NPL,SSP4,Rural,openDefecation,0.05,0.706,2090
NPL,SSP4,Rural,openDefecation,0.1,0.646,2038
NPL,SSP4,Rural,pitNoSlab,0.01,0.636,2032
NPL,SSP4,Rural,pitNoSlab,0.02,0.622,2025
NPL,SSP4,Urban,openDefecation,0.02,0.684,2069
NPL,SSP4,Urban,openDefecation,0.05,0.638,2033
NPL,SSP4,Urban,pitNoSlab,0.01,0.626,2027
NPL,SSP5,Rural,compostingToilet,0.01,0.658,2030
NPL,SSP5,Rural,flushPit,0.01,0.838,2069
NPL,SSP5,Rural,flushPit,0.02,0.647,2029
NPL,SSP5,Rural,flushPit,0.05,0.63,2026
NPL,SSP5,Rural,flushSeptic,0.1,0.898,2086
NPL,SSP5,Rural,flushUnknown,0.01,0.719,2041
NPL,SSP5,Rural,flushUnknown,0.02,0.706,2039
NPL,SSP5,Rural,flushUnknown,0.05,0.662,2031
NPL,SSP5,Rural,openDefecation,0.01,0.775,2051
NPL,SSP5,Rural,openDefecation,0.02,0.764,2049
NPL,SSP5,Rural,openDefecation,0.05,0.706,2039
NPL,SSP5,Rural,openDefecation,0.1,0.646,2029
NPL,SSP5,Rural,pitNoSlab,0.01,0.636,2027
NPL,SSP5,Rural,pitNoSlab,0.02,0.622,2025
NPL,SSP5,Rural,pitSlab,0.01,0.944,2099
NPL,SSP5,Rural,pitSlab,0.02,0.938,2097
NPL,SSP5,Rural,pitSlab,0.05,0.87,2078
NPL,SSP5,Rural,pitSlab,0.1,0.851,2072
NPL,SSP5,Urban,flushPit,0.02,0.738,2044
NPL,SSP5,Urban,flushSeptic,0.1,0.865,2076
NPL,SSP5,Urban,openDefecation,0.01,0.733,2043
NPL,SSP5,Urban,openDefecation,0.02,0.684,2035
NPL,SSP5,Urban,openDefecation,0.05,0.638,2027
NPL,SSP5,Urban,other,0.01,0.932,2095
NPL,SSP5,Urban,pitNoSlab,0.01,0.626,2026
NPL,SSP5,Urban,pitSlab,0.01,0.944,2099
NPL,SSP5,Urban,pitSlab,0.02,0.938,2097
NPL,SSP5,Urban,pitSlab,0.05,0.867,2077
NRU,SSP1,Rural,flushUnknown,0.01,0.719,2031
NRU,SSP1,Rural,flushUnknown,0.02,0.706,2026
NRU,SSP1,Rural,openDefecation,0.01,0.775,2070
NRU,SSP1,Rural,openDefecation,0.02,0.764,2059
NRU,SSP1,Rural,openDefecation,0.05,0.706,2026
NRU,SSP1,Urban,flushPit,0.02,0.738,2041
NRU,SSP1,Urban,openDefecation,0.01,0.733,2038
NRU,SSP2,Rural,flushUnknown,0.01,0.719,2032
NRU,SSP2,Rural,flushUnknown,0.02,0.706,2026
NRU,SSP2,Rural,openDefecation,0.01,0.775,2074
NRU,SSP2,Rural,openDefecation,0.02,0.764,2064
NRU,SSP2,Rural,openDefecation,0.05,0.706,2026
NRU,SSP2,Urban,flushPit,0.02,0.738,2044
NRU,SSP2,Urban,openDefecation,0.01,0.733,2041
NRU,SSP3,Rural,flushUnknown,0.01,0.719,2040
NRU,SSP3,Rural,flushUnknown,0.02,0.706,2027
NRU,SSP3,Rural,openDefecation,0.05,0.706,2027
NRU,SSP3,Urban,flushPit,0.02,0.738,2069
NRU,SSP3,Urban,openDefecation,0.01,0.733,2059
NRU,SSP4,Rural,flushUnknown,0.01,0.719,2041
NRU,SSP4,Rural,flushUnknown,0.02,0.706,2028
NRU,SSP4,Rural,openDefecation,0.05,0.706,2028
NRU,SSP4,Urban,flushPit,0.02,0.738,2071
NRU,SSP4,Urban,openDefecation,0.01,0.733,2062
NRU,SSP5,Rural,flushUnknown,0.01,0.719,2030
NRU,SSP5,Rural,flushUnknown,0.02,0.706,2026
NRU,SSP5,Rural,openDefecation,0.01,0.775,2071
NRU,SSP5,Rural,openDefecation,0.02,0.764,2058
NRU,SSP5,Rural,openDefecation,0.05,0.706,2026
NRU,SSP5,Urban,flushPit,0.02,0.738,2040
NRU,SSP5,Urban,openDefecation,0.01,0.733,2037
NZL,SSP1,Rural,pitSlab,0.01,0.944,2029
NZL,SSP1,Rural,pitSlab,0.02,0.938,2025
NZL,SSP1,Urban,pitSlab,0.01,0.944,2029
NZL,SSP1,Urban,pitSlab,0.02,0.938,2025
NZL,SSP2,Rural,pitSlab,0.01,0.944,2029
NZL,SSP2,Rural,pitSlab,0.02,0.938,2025
NZL,SSP2,Urban,pitSlab,0.01,0.944,2029
NZL,SSP2,Urban,pitSlab,0.02,0.938,2025
NZL,SSP3,Rural,pitSlab,0.01,0.944,2032
NZL,SSP3,Rural,pitSlab,0.02,0.938,2025
NZL,SSP3,Urban,pitSlab,0.01,0.944,2032
NZL,SSP3,Urban,pitSlab,0.02,0.938,2025
NZL,SSP4,Rural,pitSlab,0.01,0.944,2031
NZL,SSP4,Rural,pitSlab,0.02,0.938,2025
NZL,SSP4,Urban,pitSlab,0.01,0.944,2031
NZL,SSP4,Urban,pitSlab,0.02,0.938,2025
NZL,SSP5,Rural,pitSlab,0.01,0.944,2028
NZL,SSP5,Rural,pitSlab,0.02,0.938,2025
NZL,SSP5,Urban,pitSlab,0.01,0.944,2028
NZL,SSP5,Urban,pitSlab,0.02,0.938,2025
OMN,SSP1,Rural,flushSeptic,0.1,0.898,2040
OMN,SSP1,Rural,pitSlab,0.01,0.944,2069
OMN,SSP1,Rural,pitSlab,0.02,0.938,2064
OMN,SSP1,Rural,pitSlab,0.05,0.87,2028
OMN,SSP1,Urban,flushSeptic,0.1,0.865,2027
OMN,SSP1,Urban,other,0.01,0.932,2059
OMN,SSP1,Urban,pitSlab,0.01,0.944,2069
OMN,SSP1,Urban,pitSlab,0.02,0.938,2064
OMN,SSP1,Urban,pitSlab,0.05,0.867,2028
OMN,SSP2,Rural,flushSeptic,0.1,0.898,2042
OMN,SSP2,Rural,pitSlab,0.01,0.944,2073
OMN,SSP2,Rural,pitSlab,0.02,0.938,2069
OMN,SSP2,Rural,pitSlab,0.05,0.87,2029
OMN,SSP2,Urban,flushSeptic,0.1,0.865,2027
OMN,SSP2,Urban,other,0.01,0.932,2064
OMN,SSP2,Urban,pitSlab,0.01,0.944,2073
OMN,SSP2,Urban,pitSlab,0.02,0.938,2069
OMN,SSP2,Urban,pitSlab,0.05,0.867,2028
OMN,SSP3,Rural,flushSeptic,0.1,0.898,2072
OMN,SSP3,Rural,pitSlab,0.05,0.87,2033
OMN,SSP3,Urban,flushSeptic,0.1,0.865,2029
OMN,SSP3,Urban,pitSlab,0.05,0.867,2030
OMN,SSP4,Rural,flushSeptic,0.1,0.898,2066
OMN,SSP4,Rural,pitSlab,0.05,0.87,2033
OMN,SSP4,Urban,flushSeptic,0.1,0.865,2029
OMN,SSP4,Urban,pitSlab,0.05,0.867,2030
OMN,SSP5,Rural,flushSeptic,0.1,0.898,2039
OMN,SSP5,Rural,pitSlab,0.01,0.944,2069
OMN,SSP5,Rural,pitSlab,0.02,0.938,2064
OMN,SSP5,Rural,pitSlab,0.05,0.87,2028
OMN,SSP5,Urban,flushSeptic,0.1,0.865,2027
OMN,SSP5,Urban,other,0.01,0.932,2058
OMN,SSP5,Urban,pitSlab,0.01,0.944,2069
OMN,SSP5,Urban,pitSlab,0.02,0.938,2064
OMN,SSP5,Urban,pitSlab,0.05,0.867,2027
PAK,SSP1,Rural,compostingToilet,0.01,0.658,2049
PAK,SSP1,Rural,flushPit,0.02,0.647,2046
PAK,SSP1,Rural,flushPit,0.05,0.63,2043
PAK,SSP1,Rural,flushUnknown,0.01,0.719,2068
PAK,SSP1,Rural,flushUnknown,0.02,0.706,2064
PAK,SSP1,Rural,flushUnknown,0.05,0.662,2050
PAK,SSP1,Rural,openDefecation,0.01,0.775,2086
PAK,SSP1,Rural,openDefecation,0.02,0.764,2082
PAK,SSP1,Rural,openDefecation,0.05,0.706,2064
PAK,SSP1,Rural,openDefecation,0.1,0.646,2046
PAK,SSP1,Rural,pitNoSlab,0.01,0.636,2044
PAK,SSP1,Rural,pitNoSlab,0.02,0.622,2041
PAK,SSP1,Rural,pitNoSlab,0.05,0.602,2037
PAK,SSP1,Urban,flushPit,0.02,0.738,2074
PAK,SSP1,Urban,flushPit,0.05,0.608,2038
PAK,SSP1,Urban,openDefecation,0.01,0.733,2072
PAK,SSP1,Urban,openDefecation,0.02,0.684,2056
PAK,SSP1,Urban,openDefecation,0.05,0.638,2044
PAK,SSP1,Urban,pitNoSlab,0.01,0.626,2042
PAK,SSP1,Urban,pitNoSlab,0.02,0.597,2036
PAK,SSP1,Urban,pitNoSlab,0.05,0.572,2030
PAK,SSP2,Rural,compostingToilet,0.01,0.658,2055
PAK,SSP2,Rural,flushPit,0.02,0.647,2051
PAK,SSP2,Rural,flushPit,0.05,0.63,2047
PAK,SSP2,Rural,flushUnknown,0.01,0.719,2073
PAK,SSP2,Rural,flushUnknown,0.02,0.706,2069
PAK,SSP2,Rural,flushUnknown,0.05,0.662,2056
PAK,SSP2,Rural,openDefecation,0.01,0.775,2090
PAK,SSP2,Rural,openDefecation,0.02,0.764,2086
PAK,SSP2,Rural,openDefecation,0.05,0.706,2069
PAK,SSP2,Rural,openDefecation,0.1,0.646,2051
PAK,SSP2,Rural,pitNoSlab,0.01,0.636,2048
PAK,SSP2,Rural,pitNoSlab,0.02,0.622,2045
PAK,SSP2,Rural,pitNoSlab,0.05,0.602,2040
PAK,SSP2,Urban,flushPit,0.02,0.738,2079
PAK,SSP2,Urban,flushPit,0.05,0.608,2041
PAK,SSP2,Urban,openDefecation,0.01,0.733,2077
PAK,SSP2,Urban,openDefecation,0.02,0.684,2062
PAK,SSP2,Urban,openDefecation,0.05,0.638,2049
PAK,SSP2,Urban,pitNoSlab,0.01,0.626,2046
PAK,SSP2,Urban,pitNoSlab,0.02,0.597,2038
PAK,SSP2,Urban,pitNoSlab,0.05,0.572,2032
PAK,SSP3,Urban,pitNoSlab,0.05,0.572,2070
PAK,SSP4,Rural,pitNoSlab,0.05,0.602,2096
PAK,SSP4,Urban,pitNoSlab,0.02,0.597,2089
PAK,SSP4,Urban,pitNoSlab,0.05,0.572,2057
PAK,SSP5,Rural,compostingToilet,0.01,0.658,2048
PAK,SSP5,Rural,flushPit,0.02,0.647,2045
PAK,SSP5,Rural,flushPit,0.05,0.63,2042
PAK,SSP5,Rural,flushUnknown,0.01,0.719,2066
PAK,SSP5,Rural,flushUnknown,0.02,0.706,2062
PAK,SSP5,Rural,flushUnknown,0.05,0.662,2048
PAK,SSP5,Rural,openDefecation,0.01,0.775,2084
PAK,SSP5,Rural,openDefecation,0.02,0.764,2080
PAK,SSP5,Rural,openDefecation,0.05,0.706,2062
PAK,SSP5,Rural,openDefecation,0.1,0.646,2045
PAK,SSP5,Rural,pitNoSlab,0.01,0.636,2043
PAK,SSP5,Rural,pitNoSlab,0.02,0.622,2040
PAK,SSP5,Rural,pitNoSlab,0.05,0.602,2036
PAK,SSP5,Urban,flushPit,0.02,0.738,2072
PAK,SSP5,Urban,flushPit,0.05,0.608,2037
PAK,SSP5,Urban,openDefecation,0.01,0.733,2070
PAK,SSP5,Urban,openDefecation,0.02,0.684,2055
PAK,SSP5,Urban,openDefecation,0.05,0.638,2043
PAK,SSP5,Urban,pitNoSlab,0.01,0.626,2041
PAK,SSP5,Urban,pitNoSlab,0.02,0.597,2035
PAK,SSP5,Urban,pitNoSlab,0.05,0.572,2030
PAN,SSP1,Rural,flushSeptic,0.1,0.898,2069
PAN,SSP1,Rural,pitSlab,0.05,0.87,2042
PAN,SSP1,Rural,pitSlab,0.1,0.851,2031
PAN,SSP1,Urban,flushSeptic,0.1,0.865,2039
PAN,SSP1,Urban,pitSlab,0.05,0.867,2040
PAN,SSP2,Rural,flushSeptic,0.1,0.898,2071
PAN,SSP2,Rural,pitSlab,0.05,0.87,2045
PAN,SSP2,Rural,pitSlab,0.1,0.851,2032
PAN,SSP2,Urban,flushSeptic,0.1,0.865,2041
PAN,SSP2,Urban,pitSlab,0.05,0.867,2043
PAN,SSP3,Rural,pitSlab,0.1,0.851,2046
PAN,SSP3,Urban,flushSeptic,0.1,0.865,2088
PAN,SSP3,Urban,pitSlab,0.05,0.867,2094
PAN,SSP4,Rural,pitSlab,0.05,0.87,2080
PAN,SSP4,Rural,pitSlab,0.1,0.851,2041
PAN,SSP4,Urban,flushSeptic,0.1,0.865,2068
PAN,SSP4,Urban,pitSlab,0.05,0.867,2073
PAN,SSP5,Rural,flushSeptic,0.1,0.898,2067
PAN,SSP5,Rural,pitSlab,0.05,0.87,2041
PAN,SSP5,Rural,pitSlab,0.1,0.851,2030
PAN,SSP5,Urban,flushSeptic,0.1,0.865,2038
PAN,SSP5,Urban,pitSlab,0.05,0.867,2039
PCN,SSP1,Rural,flushPit,0.01,0.838,2077
PCN,SSP1,Rural,openDefecation,0.01,0.775,2031
PCN,SSP1,Rural,openDefecation,0.02,0.764,2026
PCN,SSP1,Rural,pitSlab,0.1,0.851,2090
PCN,SSP2,Rural,flushPit,0.01,0.838,2093
PCN,SSP2,Rural,openDefecation,0.01,0.775,2041
PCN,SSP2,Rural,openDefecation,0.02,0.764,2034
PCN,SSP3,Rural,flushUnknown,0.01,0.719,2026
PCN,SSP3,Rural,openDefecation,0.02,0.764,2091
PCN,SSP3,Urban,flushPit,0.02,0.738,2046
PCN,SSP3,Urban,openDefecation,0.01,0.733,2040
PCN,SSP4,Rural,flushUnknown,0.01,0.719,2034
PCN,SSP4,Urban,flushPit,0.02,0.738,2060
PCN,SSP4,Urban,openDefecation,0.01,0.733,2050
PCN,SSP5,Rural,flushPit,0.01,0.838,2077
PCN,SSP5,Rural,openDefecation,0.01,0.775,2029
PCN,SSP5,Rural,openDefecation,0.02,0.764,2026
PCN,SSP5,Rural,pitSlab,0.1,0.851,2092
PER,SSP1,Rural,flushPit,0.01,0.838,2048
PER,SSP1,Rural,pitSlab,0.05,0.87,2093
PER,SSP1,Rural,pitSlab,0.1,0.851,2065
PER,SSP1,Urban,flushSeptic,0.1,0.865,2085
PER,SSP1,Urban,pitSlab,0.05,0.867,2088
PER,SSP2,Rural,flushPit,0.01,0.838,2054
PER,SSP2,Rural,pitSlab,0.05,0.87,2090
PER,SSP2,Rural,pitSlab,0.1,0.851,2069
PER,SSP2,Urban,flushSeptic,0.1,0.865,2084
PER,SSP2,Urban,pitSlab,0.05,0.867,2087
PER,SSP4,Rural,flushPit,0.01,0.838,2093
PER,SSP5,Rural,flushPit,0.01,0.838,2048
PER,SSP5,Rural,pitSlab,0.05,0.87,2093
PER,SSP5,Rural,pitSlab,0.1,0.851,2065
PER,SSP5,Urban,flushSeptic,0.1,0.865,2085
PER,SSP5,Urban,pitSlab,0.05,0.867,2088
PHL,SSP1,Rural,flushPit,0.01,0.838,2081
PHL,SSP1,Rural,openDefecation,0.01,0.775,2043
PHL,SSP1,Rural,openDefecation,0.02,0.764,2039
PHL,SSP1,Rural,pitSlab,0.1,0.851,2091
PHL,SSP1,Urban,flushPit,0.02,0.738,2030
PHL,SSP1,Urban,openDefecation,0.01,0.733,2028
PHL,SSP2,Rural,flushPit,0.01,0.838,2085
PHL,SSP2,Rural,openDefecation,0.01,0.775,2047
PHL,SSP2,Rural,openDefecation,0.02,0.764,2042
PHL,SSP2,Rural,pitSlab,0.1,0.851,2093
PHL,SSP2,Urban,flushPit,0.02,0.738,2032
PHL,SSP2,Urban,openDefecation,0.01,0.733,2030
PHL,SSP3,Rural,openDefecation,0.02,0.764,2092
PHL,SSP3,Urban,flushPit,0.02,0.738,2044
PHL,SSP3,Urban,openDefecation,0.01,0.733,2038
PHL,SSP4,Rural,openDefecation,0.01,0.775,2097
PHL,SSP4,Rural,openDefecation,0.02,0.764,2081
PHL,SSP4,Urban,flushPit,0.02,0.738,2045
PHL,SSP4,Urban,openDefecation,0.01,0.733,2039
PHL,SSP5,Rural,flushPit,0.01,0.838,2079
PHL,SSP5,Rural,openDefecation,0.01,0.775,2042
PHL,SSP5,Rural,openDefecation,0.02,0.764,2038
PHL,SSP5,Rural,pitSlab,0.1,0.851,2088
PHL,SSP5,Urban,flushPit,0.02,0.738,2029
PHL,SSP5,Urban,flushSeptic,0.1,0.865,2098
PHL,SSP5,Urban,openDefecation,0.01,0.733,2028
PHL,SSP5,Urban,pitSlab,0.05,0.867,2099
PLW,SSP1,Rural,flushPit,0.01,0.838,2049
PLW,SSP1,Rural,pitSlab,0.05,0.87,2083
PLW,SSP1,Rural,pitSlab,0.1,0.851,2063
PLW,SSP1,Urban,flushSeptic,0.1,0.865,2078
PLW,SSP1,Urban,pitSlab,0.05,0.867,2080
PLW,SSP2,Rural,flushPit,0.01,0.838,2055
PLW,SSP2,Rural,pitSlab,0.05,0.87,2085
PLW,SSP2,Rural,pitSlab,0.1,0.851,2067
PLW,SSP2,Urban,flushSeptic,0.1,0.865,2080
PLW,SSP2,Urban,pitSlab,0.05,0.867,2082
PLW,SSP3,Rural,flushPit,0.01,0.838,2100
PLW,SSP5,Rural,flushPit,0.01,0.838,2049
PLW,SSP5,Rural,pitSlab,0.05,0.87,2085
PLW,SSP5,Rural,pitSlab,0.1,0.851,2063
PLW,SSP5,Urban,flushSeptic,0.1,0.865,2079
PLW,SSP5,Urban,pitSlab,0.05,0.867,2081
PNG,SSP1,Rural,compostingToilet,0.01,0.658,2081
PNG,SSP1,Rural,flushPit,0.02,0.647,2069
PNG,SSP1,Rural,flushPit,0.05,0.63,2051
PNG,SSP1,Rural,flushUnknown,0.05,0.662,2085
PNG,SSP1,Rural,openDefecation,0.1,0.646,2068
PNG,SSP1,Rural,pitNoSlab,0.01,0.636,2057
PNG,SSP1,Rural,pitNoSlab,0.02,0.622,2046
PNG,SSP1,Rural,pitNoSlab,0.05,0.602,2036
PNG,SSP1,Urban,flushPit,0.05,0.608,2039
PNG,SSP1,Urban,openDefecation,0.05,0.638,2060
PNG,SSP1,Urban,pitNoSlab,0.01,0.626,2048
PNG,SSP1,Urban,pitNoSlab,0.02,0.597,2034
PNG,SSP2,Rural,compostingToilet,0.01,0.658,2083
PNG,SSP2,Rural,flushPit,0.02,0.647,2073
PNG,SSP2,Rural,flushPit,0.05,0.63,2057
PNG,SSP2,Rural,flushUnknown,0.05,0.662,2086
PNG,SSP2,Rural,openDefecation,0.1,0.646,2072
PNG,SSP2,Rural,pitNoSlab,0.01,0.636,2063
PNG,SSP2,Rural,pitNoSlab,0.02,0.622,2050
PNG,SSP2,Rural,pitNoSlab,0.05,0.602,2038
PNG,SSP2,Urban,flushPit,0.05,0.608,2042
PNG,SSP2,Urban,openDefecation,0.05,0.638,2065
PNG,SSP2,Urban,pitNoSlab,0.01,0.626,2054
PNG,SSP2,Urban,pitNoSlab,0.02,0.597,2035
PNG,SSP3,Rural,pitNoSlab,0.02,0.622,2089
PNG,SSP3,Rural,pitNoSlab,0.05,0.602,2052
PNG,SSP3,Urban,flushPit,0.05,0.608,2063
PNG,SSP3,Urban,pitNoSlab,0.01,0.626,2096
PNG,SSP3,Urban,pitNoSlab,0.02,0.597,2046
PNG,SSP4,Rural,pitNoSlab,0.02,0.622,2092
PNG,SSP4,Rural,pitNoSlab,0.05,0.602,2054
PNG,SSP4,Urban,flushPit,0.05,0.608,2065
PNG,SSP4,Urban,pitNoSlab,0.02,0.597,2047
PNG,SSP5,Rural,compostingToilet,0.01,0.658,2083
PNG,SSP5,Rural,flushPit,0.02,0.647,2070
PNG,SSP5,Rural,flushPit,0.05,0.63,2050
PNG,SSP5,Rural,flushUnknown,0.05,0.662,2087
PNG,SSP5,Rural,openDefecation,0.1,0.646,2069
PNG,SSP5,Rural,pitNoSlab,0.01,0.636,2057
PNG,SSP5,Rural,pitNoSlab,0.02,0.622,2046
PNG,SSP5,Rural,pitNoSlab,0.05,0.602,2035
PNG,SSP5,Urban,flushPit,0.05,0.608,2038
PNG,SSP5,Urban,openDefecation,0.05,0.638,2059
PNG,SSP5,Urban,pitNoSlab,0.01,0.626,2048
PNG,SSP5,Urban,pitNoSlab,0.02,0.597,2033
POL,SSP1,Rural,pitSlab,0.01,0.944,2092
POL,SSP1,Rural,pitSlab,0.02,0.938,2069
POL,SSP1,Urban,other,0.01,0.932,2049
POL,SSP1,Urban,pitSlab,0.01,0.944,2092
POL,SSP1,Urban,pitSlab,0.02,0.938,2069
POL,SSP2,Rural,pitSlab,0.01,0.944,2089
POL,SSP2,Rural,pitSlab,0.02,0.938,2074
POL,SSP2,Urban,other,0.01,0.932,2058
POL,SSP2,Urban,pitSlab,0.01,0.944,2089
POL,SSP2,Urban,pitSlab,0.02,0.938,2074
POL,SSP3,Rural,pitSlab,0.02,0.938,2087
POL,SSP3,Urban,other,0.01,0.932,2071
POL,SSP3,Urban,pitSlab,0.02,0.938,2087
POL,SSP4,Rural,pitSlab,0.02,0.938,2088
POL,SSP4,Urban,other,0.01,0.932,2071
POL,SSP4,Urban,pitSlab,0.02,0.938,2088
POL,SSP5,Rural,pitSlab,0.01,0.944,2092
POL,SSP5,Rural,pitSlab,0.02,0.938,2067
POL,SSP5,Urban,other,0.01,0.932,2048
POL,SSP5,Urban,pitSlab,0.01,0.944,2092
POL,SSP5,Urban,pitSlab,0.02,0.938,2067
PRI,SSP1,Rural,flushPit,0.01,0.838,2093
PRI,SSP1,Rural,openDefecation,0.01,0.775,2045
PRI,SSP1,Rural,openDefecation,0.02,0.764,2040
PRI,SSP1,Urban,flushPit,0.02,0.738,2029
PRI,SSP1,Urban,openDefecation,0.01,0.733,2027
PRI,SSP2,Rural,flushUnknown,0.01,0.719,2030
PRI,SSP2,Rural,openDefecation,0.01,0.775,2062
PRI,SSP2,Rural,openDefecation,0.02,0.764,2054
PRI,SSP2,Urban,flushPit,0.02,0.738,2039
PRI,SSP2,Urban,openDefecation,0.01,0.733,2037
PRI,SSP3,Rural,flushUnknown,0.02,0.706,2084
PRI,SSP3,Rural,openDefecation,0.05,0.706,2084
PRI,SSP3,Urban,openDefecation,0.02,0.684,2041
PRI,SSP4,Rural,flushUnknown,0.02,0.706,2085
PRI,SSP4,Rural,flushUnknown,0.05,0.662,2025
PRI,SSP4,Rural,openDefecation,0.05,0.706,2085
PRI,SSP4,Urban,openDefecation,0.02,0.684,2049
PRI,SSP5,Rural,flushPit,0.01,0.838,2092
PRI,SSP5,Rural,openDefecation,0.01,0.775,2044
PRI,SSP5,Rural,openDefecation,0.02,0.764,2039
PRI,SSP5,Urban,flushPit,0.02,0.738,2028
PRI,SSP5,Urban,openDefecation,0.01,0.733,2027
PRK,SSP1,Rural,flushPit,0.01,0.838,2089
PRK,SSP1,Rural,openDefecation,0.01,0.775,2043
PRK,SSP1,Rural,openDefecation,0.02,0.764,2038
PRK,SSP1,Rural,pitSlab,0.1,0.851,2099
PRK,SSP1,Urban,flushPit,0.02,0.738,2028
PRK,SSP1,Urban,openDefecation,0.01,0.733,2026
PRK,SSP2,Rural,flushUnknown,0.01,0.719,2027
PRK,SSP2,Rural,openDefecation,0.01,0.775,2055
PRK,SSP2,Rural,openDefecation,0.02,0.764,2048
PRK,SSP2,Urban,flushPit,0.02,0.738,2035
PRK,SSP2,Urban,openDefecation,0.01,0.733,2032
PRK,SSP3,Rural,flushUnknown,0.01,0.719,2072
PRK,SSP3,Rural,flushUnknown,0.02,0.706,2049
PRK,SSP3,Rural,openDefecation,0.05,0.706,2049
PRK,SSP3,Urban,openDefecation,0.01,0.733,2098
PRK,SSP3,Urban,openDefecation,0.02,0.684,2028
PRK,SSP4,Rural,flushUnknown,0.01,0.719,2077
PRK,SSP4,Rural,flushUnknown,0.02,0.706,2059
PRK,SSP4,Rural,openDefecation,0.05,0.706,2059
PRK,SSP4,Urban,openDefecation,0.01,0.733,2097
PRK,SSP4,Urban,openDefecation,0.02,0.684,2034
PRK,SSP5,Rural,flushPit,0.01,0.838,2087
PRK,SSP5,Rural,openDefecation,0.01,0.775,2042
PRK,SSP5,Rural,openDefecation,0.02,0.764,2037
PRK,SSP5,Rural,pitSlab,0.1,0.851,2098
PRK,SSP5,Urban,flushPit,0.02,0.738,2027
PRK,SSP5,Urban,openDefecation,0.01,0.733,2026
PRT,SSP1,Rural,flushSeptic,0.1,0.898,2027
PRT,SSP1,Rural,pitSlab,0.01,0.944,2042
PRT,SSP1,Rural,pitSlab,0.02,0.938,2040
PRT,SSP1,Urban,other,0.01,0.932,2038
PRT,SSP1,Urban,pitSlab,0.01,0.944,2042
PRT,SSP1,Urban,pitSlab,0.02,0.938,2040
PRT,SSP2,Rural,flushSeptic,0.1,0.898,2027
PRT,SSP2,Rural,pitSlab,0.01,0.944,2043
PRT,SSP2,Rural,pitSlab,0.02,0.938,2041
PRT,SSP2,Urban,other,0.01,0.932,2038
PRT,SSP2,Urban,pitSlab,0.01,0.944,2043
PRT,SSP2,Urban,pitSlab,0.02,0.938,2041
PRT,SSP3,Rural,flushSeptic,0.1,0.898,2028
PRT,SSP3,Rural,pitSlab,0.01,0.944,2059
PRT,SSP3,Rural,pitSlab,0.02,0.938,2052
PRT,SSP3,Urban,other,0.01,0.932,2048
PRT,SSP3,Urban,pitSlab,0.01,0.944,2059
PRT,SSP3,Urban,pitSlab,0.02,0.938,2052
PRT,SSP4,Rural,flushSeptic,0.1,0.898,2028
PRT,SSP4,Rural,pitSlab,0.01,0.944,2051
PRT,SSP4,Rural,pitSlab,0.02,0.938,2047
PRT,SSP4,Urban,other,0.01,0.932,2044
PRT,SSP4,Urban,pitSlab,0.01,0.944,2051
PRT,SSP4,Urban,pitSlab,0.02,0.938,2047
PRT,SSP5,Rural,flushSeptic,0.1,0.898,2027
PRT,SSP5,Rural,pitSlab,0.01,0.944,2042
PRT,SSP5,Rural,pitSlab,0.02,0.938,2040
PRT,SSP5,Urban,other,0.01,0.932,2038
PRT,SSP5,Urban,pitSlab,0.01,0.944,2042
PRT,SSP5,Urban,pitSlab,0.02,0.938,2040
PRY,SSP1,Rural,flushPit,0.01,0.838,2048
PRY,SSP1,Rural,flushSeptic,0.1,0.898,2079
PRY,SSP1,Rural,openDefecation,0.01,0.775,2029
PRY,SSP1,Rural,openDefecation,0.02,0.764,2027
PRY,SSP1,Rural,pitSlab,0.05,0.87,2064
PRY,SSP1,Rural,pitSlab,0.1,0.851,2054
PRY,SSP1,Urban,flushSeptic,0.1,0.865,2062
PRY,SSP1,Urban,other,0.01,0.932,2097
PRY,SSP1,Urban,pitSlab,0.05,0.867,2063
PRY,SSP2,Rural,flushPit,0.01,0.838,2055
PRY,SSP2,Rural,flushSeptic,0.1,0.898,2084
PRY,SSP2,Rural,openDefecation,0.01,0.775,2031
PRY,SSP2,Rural,openDefecation,0.02,0.764,2028
PRY,SSP2,Rural,pitSlab,0.05,0.87,2070
PRY,SSP2,Rural,pitSlab,0.1,0.851,2061
PRY,SSP2,Urban,flushSeptic,0.1,0.865,2068
PRY,SSP2,Urban,pitSlab,0.05,0.867,2069
PRY,SSP3,Rural,openDefecation,0.01,0.775,2043
PRY,SSP3,Rural,openDefecation,0.02,0.764,2031
PRY,SSP4,Rural,openDefecation,0.01,0.775,2044
PRY,SSP4,Rural,openDefecation,0.02,0.764,2032
PRY,SSP5,Rural,flushPit,0.01,0.838,2048
PRY,SSP5,Rural,flushSeptic,0.1,0.898,2078
PRY,SSP5,Rural,openDefecation,0.01,0.775,2029
PRY,SSP5,Rural,openDefecation,0.02,0.764,2027
PRY,SSP5,Rural,pitSlab,0.02,0.938,2099
PRY,SSP5,Rural,pitSlab,0.05,0.87,2063
PRY,SSP5,Rural,pitSlab,0.1,0.851,2053
PRY,SSP5,Urban,flushSeptic,0.1,0.865,2060
PRY,SSP5,Urban,other,0.01,0.932,2096
PRY,SSP5,Urban,pitSlab,0.02,0.938,2099
PRY,SSP5,Urban,pitSlab,0.05,0.867,2061
PSE,SSP1,Rural,flushUnknown,0.01,0.719,2042
PSE,SSP1,Rural,flushUnknown,0.02,0.706,2036
PSE,SSP1,Rural,openDefecation,0.01,0.775,2081
PSE,SSP1,Rural,openDefecation,0.02,0.764,2072
PSE,SSP1,Rural,openDefecation,0.05,0.706,2036
PSE,SSP1,Urban,flushPit,0.02,0.738,2051
PSE,SSP1,Urban,openDefecation,0.01,0.733,2048
PSE,SSP1,Urban,openDefecation,0.02,0.684,2028
PSE,SSP2,Rural,flushUnknown,0.01,0.719,2045
PSE,SSP2,Rural,flushUnknown,0.02,0.706,2038
PSE,SSP2,Rural,openDefecation,0.01,0.775,2084
PSE,SSP2,Rural,openDefecation,0.02,0.764,2076
PSE,SSP2,Rural,openDefecation,0.05,0.706,2038
PSE,SSP2,Urban,flushPit,0.02,0.738,2057
PSE,SSP2,Urban,openDefecation,0.01,0.733,2053
PSE,SSP2,Urban,openDefecation,0.02,0.684,2028
PSE,SSP3,Rural,flushUnknown,0.01,0.719,2081
PSE,SSP3,Rural,flushUnknown,0.02,0.706,2057
PSE,SSP3,Rural,openDefecation,0.05,0.706,2057
PSE,SSP3,Urban,openDefecation,0.02,0.684,2031
PSE,SSP4,Rural,flushUnknown,0.01,0.719,2073
PSE,SSP4,Rural,flushUnknown,0.02,0.706,2054
PSE,SSP4,Rural,openDefecation,0.05,0.706,2054
PSE,SSP4,Urban,openDefecation,0.01,0.733,2093
PSE,SSP4,Urban,openDefecation,0.02,0.684,2031
PSE,SSP5,Rural,flushUnknown,0.01,0.719,2042
PSE,SSP5,Rural,flushUnknown,0.02,0.706,2036
PSE,SSP5,Rural,openDefecation,0.01,0.775,2081
PSE,SSP5,Rural,openDefecation,0.02,0.764,2072
PSE,SSP5,Rural,openDefecation,0.05,0.706,2036
PSE,SSP5,Urban,flushPit,0.02,0.738,2050
PSE,SSP5,Urban,openDefecation,0.01,0.733,2048
PSE,SSP5,Urban,openDefecation,0.02,0.684,2028
PYF,SSP1,Rural,flushPit,0.01,0.838,2077
PYF,SSP1,Rural,openDefecation,0.01,0.775,2031
PYF,SSP1,Rural,openDefecation,0.02,0.764,2026
PYF,SSP1,Rural,pitSlab,0.1,0.851,2090
PYF,SSP2,Rural,flushPit,0.01,0.838,2093
PYF,SSP2,Rural,openDefecation,0.01,0.775,2041
PYF,SSP2,Rural,openDefecation,0.02,0.764,2034
PYF,SSP3,Rural,flushUnknown,0.01,0.719,2026
PYF,SSP3,Rural,openDefecation,0.02,0.764,2091
PYF,SSP3,Urban,flushPit,0.02,0.738,2046
PYF,SSP3,Urban,openDefecation,0.01,0.733,2040
PYF,SSP4,Rural,flushUnknown,0.01,0.719,2034
PYF,SSP4,Urban,flushPit,0.02,0.738,2060
PYF,SSP4,Urban,openDefecation,0.01,0.733,2050
PYF,SSP5,Rural,flushPit,0.01,0.838,2077
PYF,SSP5,Rural,openDefecation,0.01,0.775,2029
PYF,SSP5,Rural,openDefecation,0.02,0.764,2026
PYF,SSP5,Rural,pitSlab,0.1,0.851,2092
QAT,SSP1,Rural,flushSeptic,0.1,0.898,2028
QAT,SSP1,Rural,pitSlab,0.01,0.944,2048
QAT,SSP1,Rural,pitSlab,0.02,0.938,2045
QAT,SSP1,Urban,other,0.01,0.932,2042
QAT,SSP1,Urban,pitSlab,0.01,0.944,2048
QAT,SSP1,Urban,pitSlab,0.02,0.938,2045
QAT,SSP2,Rural,flushSeptic,0.1,0.898,2029
QAT,SSP2,Rural,pitSlab,0.01,0.944,2052
QAT,SSP2,Rural,pitSlab,0.02,0.938,2048
QAT,SSP2,Urban,other,0.01,0.932,2045
QAT,SSP2,Urban,pitSlab,0.01,0.944,2052
QAT,SSP2,Urban,pitSlab,0.02,0.938,2048
QAT,SSP3,Rural,flushSeptic,0.1,0.898,2033
QAT,SSP3,Rural,pitSlab,0.02,0.938,2094
QAT,SSP3,Urban,other,0.01,0.932,2083
QAT,SSP3,Urban,pitSlab,0.02,0.938,2094
QAT,SSP4,Rural,flushSeptic,0.1,0.898,2033
QAT,SSP4,Rural,pitSlab,0.01,0.944,2091
QAT,SSP4,Rural,pitSlab,0.02,0.938,2083
QAT,SSP4,Urban,other,0.01,0.932,2074
QAT,SSP4,Urban,pitSlab,0.01,0.944,2091
QAT,SSP4,Urban,pitSlab,0.02,0.938,2083
QAT,SSP5,Rural,flushSeptic,0.1,0.898,2028
QAT,SSP5,Rural,pitSlab,0.01,0.944,2047
QAT,SSP5,Rural,pitSlab,0.02,0.938,2045
QAT,SSP5,Urban,other,0.01,0.932,2042
QAT,SSP5,Urban,pitSlab,0.01,0.944,2047
QAT,SSP5,Urban,pitSlab,0.02,0.938,2045
REU,SSP1,Rural,compostingToilet,0.01,0.658,2049
REU,SSP1,Rural,flushPit,0.02,0.647,2047
REU,SSP1,Rural,flushPit,0.05,0.63,2043
REU,SSP1,Rural,flushUnknown,0.01,0.719,2068
REU,SSP1,Rural,flushUnknown,0.02,0.706,2064
REU,SSP1,Rural,flushUnknown,0.05,0.662,2050
REU,SSP1,Rural,openDefecation,0.01,0.775,2085
REU,SSP1,Rural,openDefecation,0.02,0.764,2082
REU,SSP1,Rural,openDefecation,0.05,0.706,2064
REU,SSP1,Rural,openDefecation,0.1,0.646,2047
REU,SSP1,Rural,pitNoSlab,0.01,0.636,2045
REU,SSP1,Rural,pitNoSlab,0.02,0.622,2042
REU,SSP1,Rural,pitNoSlab,0.05,0.602,2037
REU,SSP1,Urban,flushPit,0.02,0.738,2074
REU,SSP1,Urban,flushPit,0.05,0.608,2039
REU,SSP1,Urban,openDefecation,0.01,0.733,2072
REU,SSP1,Urban,openDefecation,0.02,0.684,2057
REU,SSP1,Urban,openDefecation,0.05,0.638,2045
REU,SSP1,Urban,pitNoSlab,0.01,0.626,2042
REU,SSP1,Urban,pitNoSlab,0.02,0.597,2036
REU,SSP1,Urban,pitNoSlab,0.05,0.572,2031
REU,SSP2,Rural,compostingToilet,0.01,0.658,2077
REU,SSP2,Rural,flushPit,0.02,0.647,2073
REU,SSP2,Rural,flushPit,0.05,0.63,2067
REU,SSP2,Rural,flushUnknown,0.01,0.719,2097
REU,SSP2,Rural,flushUnknown,0.02,0.706,2093
REU,SSP2,Rural,flushUnknown,0.05,0.662,2078
REU,SSP2,Rural,openDefecation,0.05,0.706,2093
REU,SSP2,Rural,openDefecation,0.1,0.646,2073
REU,SSP2,Rural,pitNoSlab,0.01,0.636,2069
REU,SSP2,Rural,pitNoSlab,0.02,0.622,2065
REU,SSP2,Rural,pitNoSlab,0.05,0.602,2058
REU,SSP2,Rural,pitNoSlab,0.1,0.489,2025
REU,SSP2,Urban,flushPit,0.05,0.608,2060
REU,SSP2,Urban,openDefecation,0.02,0.684,2085
REU,SSP2,Urban,openDefecation,0.05,0.638,2070
REU,SSP2,Urban,openDefecation,0.1,0.5,2028
REU,SSP2,Urban,pitNoSlab,0.01,0.626,2066
REU,SSP2,Urban,pitNoSlab,0.02,0.597,2056
REU,SSP2,Urban,pitNoSlab,0.05,0.572,2048
REU,SSP3,Rural,flushSewer,0.01,0.428,2034
REU,SSP3,Urban,bucketLatrine,0.01,0.457,2081
REU,SSP3,Urban,flushPit,0.01,0.442,2055
REU,SSP4,Rural,flushSewer,0.01,0.428,2043
REU,SSP4,Urban,bucketLatrine,0.01,0.457,2074
REU,SSP4,Urban,flushPit,0.01,0.442,2058
REU,SSP5,Rural,compostingToilet,0.01,0.658,2047
REU,SSP5,Rural,flushPit,0.02,0.647,2045
REU,SSP5,Rural,flushPit,0.05,0.63,2042
REU,SSP5,Rural,flushUnknown,0.01,0.719,2064
REU,SSP5,Rural,flushUnknown,0.02,0.706,2060
REU,SSP5,Rural,flushUnknown,0.05,0.662,2048
REU,SSP5,Rural,openDefecation,0.01,0.775,2081
REU,SSP5,Rural,openDefecation,0.02,0.764,2078
REU,SSP5,Rural,openDefecation,0.05,0.706,2060
REU,SSP5,Rural,openDefecation,0.1,0.646,2045
REU,SSP5,Rural,pitNoSlab,0.01,0.636,2043
REU,SSP5,Rural,pitNoSlab,0.02,0.622,2040
REU,SSP5,Rural,pitNoSlab,0.05,0.602,2036
REU,SSP5,Urban,flushPit,0.02,0.738,2070
REU,SSP5,Urban,flushPit,0.05,0.608,2037
REU,SSP5,Urban,openDefecation,0.01,0.733,2068
REU,SSP5,Urban,openDefecation,0.02,0.684,2054
REU,SSP5,Urban,openDefecation,0.05,0.638,2043
REU,SSP5,Urban,pitNoSlab,0.01,0.626,2041
REU,SSP5,Urban,pitNoSlab,0.02,0.597,2035
REU,SSP5,Urban,pitNoSlab,0.05,0.572,2030
ROU,SSP1,Rural,flushSeptic,0.1,0.898,2073
ROU,SSP1,Rural,pitSlab,0.05,0.87,2038
ROU,SSP1,Rural,pitSlab,0.1,0.851,2027
ROU,SSP1,Urban,flushSeptic,0.1,0.865,2035
ROU,SSP1,Urban,pitSlab,0.05,0.867,2036
ROU,SSP2,Rural,flushSeptic,0.1,0.898,2076
ROU,SSP2,Rural,pitSlab,0.05,0.87,2041
ROU,SSP2,Rural,pitSlab,0.1,0.851,2028
ROU,SSP2,Urban,flushSeptic,0.1,0.865,2037
ROU,SSP2,Urban,pitSlab,0.05,0.867,2039
ROU,SSP3,Rural,pitSlab,0.05,0.87,2050
ROU,SSP3,Rural,pitSlab,0.1,0.851,2028
ROU,SSP3,Urban,flushSeptic,0.1,0.865,2044
ROU,SSP3,Urban,pitSlab,0.05,0.867,2046
ROU,SSP4,Rural,pitSlab,0.05,0.87,2048
ROU,SSP4,Rural,pitSlab,0.1,0.851,2028
ROU,SSP4,Urban,flushSeptic,0.1,0.865,2042
ROU,SSP4,Urban,pitSlab,0.05,0.867,2044
ROU,SSP5,Rural,flushSeptic,0.1,0.898,2072
ROU,SSP5,Rural,pitSlab,0.05,0.87,2038
ROU,SSP5,Rural,pitSlab,0.1,0.851,2027
ROU,SSP5,Urban,flushSeptic,0.1,0.865,2034
ROU,SSP5,Urban,pitSlab,0.05,0.867,2035
RUS,SSP1,Rural,flushPit,0.01,0.838,2028
RUS,SSP1,Rural,pitSlab,0.05,0.87,2058
RUS,SSP1,Rural,pitSlab,0.1,0.851,2038
RUS,SSP1,Urban,flushSeptic,0.1,0.865,2050
RUS,SSP1,Urban,pitSlab,0.05,0.867,2053
RUS,SSP2,Rural,flushPit,0.01,0.838,2029
RUS,SSP2,Rural,pitSlab,0.05,0.87,2065
RUS,SSP2,Rural,pitSlab,0.1,0.851,2042
RUS,SSP2,Urban,flushSeptic,0.1,0.865,2058
RUS,SSP2,Urban,pitSlab,0.05,0.867,2061
RUS,SSP3,Rural,flushPit,0.01,0.838,2030
RUS,SSP3,Rural,pitSlab,0.05,0.87,2072
RUS,SSP3,Rural,pitSlab,0.1,0.851,2045
RUS,SSP3,Urban,flushSeptic,0.1,0.865,2065
RUS,SSP3,Urban,pitSlab,0.05,0.867,2068
RUS,SSP4,Rural,flushPit,0.01,0.838,2031
RUS,SSP4,Rural,pitSlab,0.05,0.87,2073
RUS,SSP4,Rural,pitSlab,0.1,0.851,2046
RUS,SSP4,Urban,flushSeptic,0.1,0.865,2066
RUS,SSP4,Urban,pitSlab,0.05,0.867,2069
RUS,SSP5,Rural,flushPit,0.01,0.838,2028
RUS,SSP5,Rural,pitSlab,0.05,0.87,2058
RUS,SSP5,Rural,pitSlab,0.1,0.851,2038
RUS,SSP5,Urban,flushSeptic,0.1,0.865,2050
RUS,SSP5,Urban,pitSlab,0.05,0.867,2053
RWA,SSP1,Rural,compostingToilet,0.01,0.658,2042
RWA,SSP1,Rural,flushPit,0.01,0.838,2089
RWA,SSP1,Rural,flushPit,0.02,0.647,2040
RWA,SSP1,Rural,flushPit,0.05,0.63,2036
RWA,SSP1,Rural,flushUnknown,0.01,0.719,2057
RWA,SSP1,Rural,flushUnknown,0.02,0.706,2054
RWA,SSP1,Rural,flushUnknown,0.05,0.662,2043
RWA,SSP1,Rural,openDefecation,0.01,0.775,2072
RWA,SSP1,Rural,openDefecation,0.02,0.764,2069
RWA,SSP1,Rural,openDefecation,0.05,0.706,2054
RWA,SSP1,Rural,openDefecation,0.1,0.646,2040
RWA,SSP1,Rural,pitNoSlab,0.01,0.636,2038
RWA,SSP1,Rural,pitNoSlab,0.02,0.622,2035
RWA,SSP1,Rural,pitNoSlab,0.05,0.602,2030
RWA,SSP1,Rural,pitSlab,0.05,0.87,2098
RWA,SSP1,Rural,pitSlab,0.1,0.851,2093
RWA,SSP1,Urban,flushPit,0.02,0.738,2062
RWA,SSP1,Urban,flushPit,0.05,0.608,2032
RWA,SSP1,Urban,flushSeptic,0.1,0.865,2097
RWA,SSP1,Urban,openDefecation,0.01,0.733,2061
RWA,SSP1,Urban,openDefecation,0.02,0.684,2048
RWA,SSP1,Urban,openDefecation,0.05,0.638,2038
RWA,SSP1,Urban,pitNoSlab,0.01,0.626,2035
RWA,SSP1,Urban,pitNoSlab,0.02,0.597,2029
RWA,SSP1,Urban,pitSlab,0.05,0.867,2097
RWA,SSP2,Rural,compostingToilet,0.01,0.658,2052
RWA,SSP2,Rural,flushPit,0.02,0.647,2048
RWA,SSP2,Rural,flushPit,0.05,0.63,2042
RWA,SSP2,Rural,flushUnknown,0.01,0.719,2071
RWA,SSP2,Rural,flushUnknown,0.02,0.706,2067
RWA,SSP2,Rural,flushUnknown,0.05,0.662,2053
RWA,SSP2,Rural,openDefecation,0.01,0.775,2089
RWA,SSP2,Rural,openDefecation,0.02,0.764,2085
RWA,SSP2,Rural,openDefecation,0.05,0.706,2067
RWA,SSP2,Rural,openDefecation,0.1,0.646,2048
RWA,SSP2,Rural,pitNoSlab,0.01,0.636,2044
RWA,SSP2,Rural,pitNoSlab,0.02,0.622,2040
RWA,SSP2,Rural,pitNoSlab,0.05,0.602,2033
RWA,SSP2,Urban,flushPit,0.02,0.738,2077
RWA,SSP2,Urban,flushPit,0.05,0.608,2035
RWA,SSP2,Urban,openDefecation,0.01,0.733,2075
RWA,SSP2,Urban,openDefecation,0.02,0.684,2060
RWA,SSP2,Urban,openDefecation,0.05,0.638,2045
RWA,SSP2,Urban,pitNoSlab,0.01,0.626,2041
RWA,SSP2,Urban,pitNoSlab,0.02,0.597,2032
RWA,SSP4,Rural,pitNoSlab,0.05,0.602,2079
RWA,SSP4,Urban,flushPit,0.05,0.608,2088
RWA,SSP4,Urban,pitNoSlab,0.02,0.597,2071
RWA,SSP5,Rural,compostingToilet,0.01,0.658,2041
RWA,SSP5,Rural,flushPit,0.01,0.838,2084
RWA,SSP5,Rural,flushPit,0.02,0.647,2039
RWA,SSP5,Rural,flushPit,0.05,0.63,2035
RWA,SSP5,Rural,flushUnknown,0.01,0.719,2054
RWA,SSP5,Rural,flushUnknown,0.02,0.706,2050
RWA,SSP5,Rural,flushUnknown,0.05,0.662,2041
RWA,SSP5,Rural,openDefecation,0.01,0.775,2068
RWA,SSP5,Rural,openDefecation,0.02,0.764,2065
RWA,SSP5,Rural,openDefecation,0.05,0.706,2050
RWA,SSP5,Rural,openDefecation,0.1,0.646,2038
RWA,SSP5,Rural,pitNoSlab,0.01,0.636,2036
RWA,SSP5,Rural,pitNoSlab,0.02,0.622,2034
RWA,SSP5,Rural,pitNoSlab,0.05,0.602,2030
RWA,SSP5,Rural,pitSlab,0.05,0.87,2093
RWA,SSP5,Rural,pitSlab,0.1,0.851,2088
RWA,SSP5,Urban,flushPit,0.02,0.738,2059
RWA,SSP5,Urban,flushPit,0.05,0.608,2031
RWA,SSP5,Urban,flushSeptic,0.1,0.865,2091
RWA,SSP5,Urban,openDefecation,0.01,0.733,2057
RWA,SSP5,Urban,openDefecation,0.02,0.684,2046
RWA,SSP5,Urban,openDefecation,0.05,0.638,2037
RWA,SSP5,Urban,pitNoSlab,0.01,0.626,2034
RWA,SSP5,Urban,pitNoSlab,0.02,0.597,2029
RWA,SSP5,Urban,pitSlab,0.05,0.867,2092
SAU,SSP1,Rural,pitSlab,0.01,0.944,2060
SAU,SSP1,Rural,pitSlab,0.02,0.938,2049
SAU,SSP1,Urban,other,0.01,0.932,2045
SAU,SSP1,Urban,pitSlab,0.01,0.944,2060
SAU,SSP1,Urban,pitSlab,0.02,0.938,2049
SAU,SSP2,Rural,pitSlab,0.01,0.944,2057
SAU,SSP2,Rural,pitSlab,0.02,0.938,2049
SAU,SSP2,Urban,other,0.01,0.932,2045
SAU,SSP2,Urban,pitSlab,0.01,0.944,2057
SAU,SSP2,Urban,pitSlab,0.02,0.938,2049
SAU,SSP3,Rural,pitSlab,0.01,0.944,2100
SAU,SSP3,Rural,pitSlab,0.02,0.938,2087
SAU,SSP3,Urban,other,0.01,0.932,2074
SAU,SSP3,Urban,pitSlab,0.01,0.944,2100
SAU,SSP3,Urban,pitSlab,0.02,0.938,2087
SAU,SSP5,Rural,pitSlab,0.01,0.944,2067
SAU,SSP5,Rural,pitSlab,0.02,0.938,2052
SAU,SSP5,Urban,other,0.01,0.932,2046
SAU,SSP5,Urban,pitSlab,0.01,0.944,2067
SAU,SSP5,Urban,pitSlab,0.02,0.938,2052
SDN,SSP1,Rural,compostingToilet,0.01,0.658,2061
SDN,SSP1,Rural,flushPit,0.02,0.647,2058
SDN,SSP1,Rural,flushPit,0.05,0.63,2052
SDN,SSP1,Rural,flushUnknown,0.01,0.719,2081
SDN,SSP1,Rural,flushUnknown,0.02,0.706,2077
SDN,SSP1,Rural,flushUnknown,0.05,0.662,2062
SDN,SSP1,Rural,openDefecation,0.01,0.775,2099
SDN,SSP1,Rural,openDefecation,0.02,0.764,2096
SDN,SSP1,Rural,openDefecation,0.05,0.706,2077
SDN,SSP1,Rural,openDefecation,0.1,0.646,2057
SDN,SSP1,Rural,pitNoSlab,0.01,0.636,2054
SDN,SSP1,Rural,pitNoSlab,0.02,0.622,2050
SDN,SSP1,Rural,pitNoSlab,0.05,0.602,2045
SDN,SSP1,Urban,flushPit,0.02,0.738,2087
SDN,SSP1,Urban,flushPit,0.05,0.608,2046
SDN,SSP1,Urban,openDefecation,0.01,0.733,2086
SDN,SSP1,Urban,openDefecation,0.02,0.684,2070
SDN,SSP1,Urban,openDefecation,0.05,0.638,2055
SDN,SSP1,Urban,pitNoSlab,0.01,0.626,2051
SDN,SSP1,Urban,pitNoSlab,0.02,0.597,2043
SDN,SSP1,Urban,pitNoSlab,0.05,0.572,2037
SDN,SSP2,Rural,compostingToilet,0.01,0.658,2065
SDN,SSP2,Rural,flushPit,0.02,0.647,2062
SDN,SSP2,Rural,flushPit,0.05,0.63,2056
SDN,SSP2,Rural,flushUnknown,0.01,0.719,2085
SDN,SSP2,Rural,flushUnknown,0.02,0.706,2081
SDN,SSP2,Rural,flushUnknown,0.05,0.662,2067
SDN,SSP2,Rural,openDefecation,0.05,0.706,2081
SDN,SSP2,Rural,openDefecation,0.1,0.646,2061
SDN,SSP2,Rural,pitNoSlab,0.01,0.636,2058
SDN,SSP2,Rural,pitNoSlab,0.02,0.622,2054
SDN,SSP2,Rural,pitNoSlab,0.05,0.602,2048
SDN,SSP2,Urban,flushPit,0.02,0.738,2092
SDN,SSP2,Urban,flushPit,0.05,0.608,2049
SDN,SSP2,Urban,openDefecation,0.01,0.733,2090
SDN,SSP2,Urban,openDefecation,0.02,0.684,2074
SDN,SSP2,Urban,openDefecation,0.05,0.638,2059
SDN,SSP2,Urban,pitNoSlab,0.01,0.626,2055
SDN,SSP2,Urban,pitNoSlab,0.02,0.597,2046
SDN,SSP2,Urban,pitNoSlab,0.05,0.572,2040
SDN,SSP5,Rural,compostingToilet,0.01,0.658,2059
SDN,SSP5,Rural,flushPit,0.02,0.647,2055
SDN,SSP5,Rural,flushPit,0.05,0.63,2050
SDN,SSP5,Rural,flushUnknown,0.01,0.719,2079
SDN,SSP5,Rural,flushUnknown,0.02,0.706,2075
SDN,SSP5,Rural,flushUnknown,0.05,0.662,2060
SDN,SSP5,Rural,openDefecation,0.01,0.775,2097
SDN,SSP5,Rural,openDefecation,0.02,0.764,2093
SDN,SSP5,Rural,openDefecation,0.05,0.706,2075
SDN,SSP5,Rural,openDefecation,0.1,0.646,2055
SDN,SSP5,Rural,pitNoSlab,0.01,0.636,2052
SDN,SSP5,Rural,pitNoSlab,0.02,0.622,2048
SDN,SSP5,Rural,pitNoSlab,0.05,0.602,2043
SDN,SSP5,Urban,flushPit,0.02,0.738,2085
SDN,SSP5,Urban,flushPit,0.05,0.608,2045
SDN,SSP5,Urban,openDefecation,0.01,0.733,2083
SDN,SSP5,Urban,openDefecation,0.02,0.684,2067
SDN,SSP5,Urban,openDefecation,0.05,0.638,2053
SDN,SSP5,Urban,pitNoSlab,0.01,0.626,2049
SDN,SSP5,Urban,pitNoSlab,0.02,0.597,2042
SDN,SSP5,Urban,pitNoSlab,0.05,0.572,2037
SEN,SSP1,Rural,compostingToilet,0.01,0.658,2051
SEN,SSP1,Rural,flushPit,0.02,0.647,2049
SEN,SSP1,Rural,flushPit,0.05,0.63,2045
SEN,SSP1,Rural,flushUnknown,0.01,0.719,2068
SEN,SSP1,Rural,flushUnknown,0.02,0.706,2064
SEN,SSP1,Rural,flushUnknown,0.05,0.662,2052
SEN,SSP1,Rural,openDefecation,0.01,0.775,2084
SEN,SSP1,Rural,openDefecation,0.02,0.764,2081
SEN,SSP1,Rural,openDefecation,0.05,0.706,2064
SEN,SSP1,Rural,openDefecation,0.1,0.646,2048
SEN,SSP1,Rural,pitNoSlab,0.01,0.636,2046
SEN,SSP1,Rural,pitNoSlab,0.02,0.622,2043
SEN,SSP1,Rural,pitNoSlab,0.05,0.602,2039
SEN,SSP1,Urban,flushPit,0.02,0.738,2073
SEN,SSP1,Urban,flushPit,0.05,0.608,2040
SEN,SSP1,Urban,openDefecation,0.01,0.733,2072
SEN,SSP1,Urban,openDefecation,0.02,0.684,2058
SEN,SSP1,Urban,openDefecation,0.05,0.638,2047
SEN,SSP1,Urban,pitNoSlab,0.01,0.626,2044
SEN,SSP1,Urban,pitNoSlab,0.02,0.597,2038
SEN,SSP1,Urban,pitNoSlab,0.05,0.572,2033
SEN,SSP2,Rural,compostingToilet,0.01,0.658,2059
SEN,SSP2,Rural,flushPit,0.02,0.647,2056
SEN,SSP2,Rural,flushPit,0.05,0.63,2051
SEN,SSP2,Rural,flushUnknown,0.01,0.719,2076
SEN,SSP2,Rural,flushUnknown,0.02,0.706,2072
SEN,SSP2,Rural,flushUnknown,0.05,0.662,2060
SEN,SSP2,Rural,openDefecation,0.01,0.775,2092
SEN,SSP2,Rural,openDefecation,0.02,0.764,2089
SEN,SSP2,Rural,openDefecation,0.05,0.706,2072
SEN,SSP2,Rural,openDefecation,0.1,0.646,2056
SEN,SSP2,Rural,pitNoSlab,0.01,0.636,2053
SEN,SSP2,Rural,pitNoSlab,0.02,0.622,2049
SEN,SSP2,Rural,pitNoSlab,0.05,0.602,2044
SEN,SSP2,Urban,flushPit,0.02,0.738,2081
SEN,SSP2,Urban,flushPit,0.05,0.608,2045
SEN,SSP2,Urban,openDefecation,0.01,0.733,2080
SEN,SSP2,Urban,openDefecation,0.02,0.684,2066
SEN,SSP2,Urban,openDefecation,0.05,0.638,2053
SEN,SSP2,Urban,pitNoSlab,0.01,0.626,2050
SEN,SSP2,Urban,pitNoSlab,0.02,0.597,2042
SEN,SSP2,Urban,pitNoSlab,0.05,0.572,2036
SEN,SSP5,Rural,compostingToilet,0.01,0.658,2049
SEN,SSP5,Rural,flushPit,0.01,0.838,2097
SEN,SSP5,Rural,flushPit,0.02,0.647,2047
SEN,SSP5,Rural,flushPit,0.05,0.63,2044
SEN,SSP5,Rural,flushUnknown,0.01,0.719,2065
SEN,SSP5,Rural,flushUnknown,0.02,0.706,2062
SEN,SSP5,Rural,flushUnknown,0.05,0.662,2050
SEN,SSP5,Rural,openDefecation,0.01,0.775,2080
SEN,SSP5,Rural,openDefecation,0.02,0.764,2077
SEN,SSP5,Rural,openDefecation,0.05,0.706,2062
SEN,SSP5,Rural,openDefecation,0.1,0.646,2047
SEN,SSP5,Rural,pitNoSlab,0.01,0.636,2045
SEN,SSP5,Rural,pitNoSlab,0.02,0.622,2042
SEN,SSP5,Rural,pitNoSlab,0.05,0.602,2038
SEN,SSP5,Urban,flushPit,0.02,0.738,2070
SEN,SSP5,Urban,flushPit,0.05,0.608,2039
SEN,SSP5,Urban,openDefecation,0.01,0.733,2069
SEN,SSP5,Urban,openDefecation,0.02,0.684,2056
SEN,SSP5,Urban,openDefecation,0.05,0.638,2045
SEN,SSP5,Urban,pitNoSlab,0.01,0.626,2043
SEN,SSP5,Urban,pitNoSlab,0.02,0.597,2037
SEN,SSP5,Urban,pitNoSlab,0.05,0.572,2032
SGS,SSP1,Rural,flushPit,0.01,0.838,2093
SGS,SSP1,Rural,openDefecation,0.01,0.775,2045
SGS,SSP1,Rural,openDefecation,0.02,0.764,2040
SGS,SSP1,Urban,flushPit,0.02,0.738,2029
SGS,SSP1,Urban,openDefecation,0.01,0.733,2027
SGS,SSP2,Rural,flushUnknown,0.01,0.719,2030
SGS,SSP2,Rural,openDefecation,0.01,0.775,2062
SGS,SSP2,Rural,openDefecation,0.02,0.764,2054
SGS,SSP2,Urban,flushPit,0.02,0.738,2039
SGS,SSP2,Urban,openDefecation,0.01,0.733,2037
SGS,SSP3,Rural,flushUnknown,0.02,0.706,2084
SGS,SSP3,Rural,openDefecation,0.05,0.706,2084
SGS,SSP3,Urban,openDefecation,0.02,0.684,2041
SGS,SSP4,Rural,flushUnknown,0.02,0.706,2085
SGS,SSP4,Rural,flushUnknown,0.05,0.662,2025
SGS,SSP4,Rural,openDefecation,0.05,0.706,2085
SGS,SSP4,Urban,openDefecation,0.02,0.684,2049
SGS,SSP5,Rural,flushPit,0.01,0.838,2092
SGS,SSP5,Rural,openDefecation,0.01,0.775,2044
SGS,SSP5,Rural,openDefecation,0.02,0.764,2039
SGS,SSP5,Urban,flushPit,0.02,0.738,2028
SGS,SSP5,Urban,openDefecation,0.01,0.733,2027
SHN,SSP1,Rural,compostingToilet,0.01,0.658,2049
SHN,SSP1,Rural,flushPit,0.02,0.647,2047
SHN,SSP1,Rural,flushPit,0.05,0.63,2043
SHN,SSP1,Rural,flushUnknown,0.01,0.719,2068
SHN,SSP1,Rural,flushUnknown,0.02,0.706,2064
SHN,SSP1,Rural,flushUnknown,0.05,0.662,2050
SHN,SSP1,Rural,openDefecation,0.01,0.775,2085
SHN,SSP1,Rural,openDefecation,0.02,0.764,2082
SHN,SSP1,Rural,openDefecation,0.05,0.706,2064
SHN,SSP1,Rural,openDefecation,0.1,0.646,2047
SHN,SSP1,Rural,pitNoSlab,0.01,0.636,2045
SHN,SSP1,Rural,pitNoSlab,0.02,0.622,2042
SHN,SSP1,Rural,pitNoSlab,0.05,0.602,2037
SHN,SSP1,Urban,flushPit,0.02,0.738,2074
SHN,SSP1,Urban,flushPit,0.05,0.608,2039
SHN,SSP1,Urban,openDefecation,0.01,0.733,2072
SHN,SSP1,Urban,openDefecation,0.02,0.684,2057
SHN,SSP1,Urban,openDefecation,0.05,0.638,2045
SHN,SSP1,Urban,pitNoSlab,0.01,0.626,2042
SHN,SSP1,Urban,pitNoSlab,0.02,0.597,2036
SHN,SSP1,Urban,pitNoSlab,0.05,0.572,2031
SHN,SSP2,Rural,compostingToilet,0.01,0.658,2077
SHN,SSP2,Rural,flushPit,0.02,0.647,2073
SHN,SSP2,Rural,flushPit,0.05,0.63,2067
SHN,SSP2,Rural,flushUnknown,0.01,0.719,2097
SHN,SSP2,Rural,flushUnknown,0.02,0.706,2093
SHN,SSP2,Rural,flushUnknown,0.05,0.662,2078
SHN,SSP2,Rural,openDefecation,0.05,0.706,2093
SHN,SSP2,Rural,openDefecation,0.1,0.646,2073
SHN,SSP2,Rural,pitNoSlab,0.01,0.636,2069
SHN,SSP2,Rural,pitNoSlab,0.02,0.622,2065
SHN,SSP2,Rural,pitNoSlab,0.05,0.602,2058
SHN,SSP2,Rural,pitNoSlab,0.1,0.489,2025
SHN,SSP2,Urban,flushPit,0.05,0.608,2060
SHN,SSP2,Urban,openDefecation,0.02,0.684,2085
SHN,SSP2,Urban,openDefecation,0.05,0.638,2070
SHN,SSP2,Urban,openDefecation,0.1,0.5,2028
SHN,SSP2,Urban,pitNoSlab,0.01,0.626,2066
SHN,SSP2,Urban,pitNoSlab,0.02,0.597,2056
SHN,SSP2,Urban,pitNoSlab,0.05,0.572,2048
SHN,SSP3,Rural,flushSewer,0.01,0.428,2034
SHN,SSP3,Urban,bucketLatrine,0.01,0.457,2081
SHN,SSP3,Urban,flushPit,0.01,0.442,2055
SHN,SSP4,Rural,flushSewer,0.01,0.428,2043
SHN,SSP4,Urban,bucketLatrine,0.01,0.457,2074
SHN,SSP4,Urban,flushPit,0.01,0.442,2058
SHN,SSP5,Rural,compostingToilet,0.01,0.658,2047
SHN,SSP5,Rural,flushPit,0.02,0.647,2045
SHN,SSP5,Rural,flushPit,0.05,0.63,2042
SHN,SSP5,Rural,flushUnknown,0.01,0.719,2064
SHN,SSP5,Rural,flushUnknown,0.02,0.706,2060
SHN,SSP5,Rural,flushUnknown,0.05,0.662,2048
SHN,SSP5,Rural,openDefecation,0.01,0.775,2081
SHN,SSP5,Rural,openDefecation,0.02,0.764,2078
SHN,SSP5,Rural,openDefecation,0.05,0.706,2060
SHN,SSP5,Rural,openDefecation,0.1,0.646,2045
SHN,SSP5,Rural,pitNoSlab,0.01,0.636,2043
SHN,SSP5,Rural,pitNoSlab,0.02,0.622,2040
SHN,SSP5,Rural,pitNoSlab,0.05,0.602,2036
SHN,SSP5,Urban,flushPit,0.02,0.738,2070
SHN,SSP5,Urban,flushPit,0.05,0.608,2037
SHN,SSP5,Urban,openDefecation,0.01,0.733,2068
SHN,SSP5,Urban,openDefecation,0.02,0.684,2054
SHN,SSP5,Urban,openDefecation,0.05,0.638,2043
SHN,SSP5,Urban,pitNoSlab,0.01,0.626,2041
SHN,SSP5,Urban,pitNoSlab,0.02,0.597,2035
SHN,SSP5,Urban,pitNoSlab,0.05,0.572,2030
SJM,SSP1,Rural,flushPit,0.01,0.838,2029
SJM,SSP1,Rural,pitSlab,0.05,0.87,2059
SJM,SSP1,Rural,pitSlab,0.1,0.851,2038
SJM,SSP1,Urban,flushSeptic,0.1,0.865,2049
SJM,SSP1,Urban,pitSlab,0.05,0.867,2052
SJM,SSP2,Rural,flushPit,0.01,0.838,2034
SJM,SSP2,Rural,pitSlab,0.05,0.87,2072
SJM,SSP2,Rural,pitSlab,0.1,0.851,2046
SJM,SSP2,Urban,flushSeptic,0.1,0.865,2064
SJM,SSP2,Urban,pitSlab,0.05,0.867,2067
SJM,SSP3,Rural,flushPit,0.01,0.838,2074
SJM,SSP3,Rural,pitSlab,0.1,0.851,2098
SJM,SSP4,Rural,flushPit,0.01,0.838,2076
SJM,SSP5,Rural,flushPit,0.01,0.838,2028
SJM,SSP5,Rural,pitSlab,0.05,0.87,2062
SJM,SSP5,Rural,pitSlab,0.1,0.851,2037
SJM,SSP5,Urban,flushSeptic,0.1,0.865,2049
SJM,SSP5,Urban,pitSlab,0.05,0.867,2053
SLB,SSP1,Rural,compostingToilet,0.01,0.658,2072
SLB,SSP1,Rural,flushPit,0.02,0.647,2061
SLB,SSP1,Rural,flushPit,0.05,0.63,2046
SLB,SSP1,Rural,flushUnknown,0.05,0.662,2077
SLB,SSP1,Rural,openDefecation,0.1,0.646,2060
SLB,SSP1,Rural,pitNoSlab,0.01,0.636,2049
SLB,SSP1,Rural,pitNoSlab,0.02,0.622,2042
SLB,SSP1,Rural,pitNoSlab,0.05,0.602,2032
SLB,SSP1,Urban,flushPit,0.05,0.608,2035
SLB,SSP1,Urban,openDefecation,0.05,0.638,2051
SLB,SSP1,Urban,pitNoSlab,0.01,0.626,2044
SLB,SSP1,Urban,pitNoSlab,0.02,0.597,2030
SLB,SSP2,Rural,compostingToilet,0.01,0.658,2075
SLB,SSP2,Rural,flushPit,0.02,0.647,2065
SLB,SSP2,Rural,flushPit,0.05,0.63,2050
SLB,SSP2,Rural,flushUnknown,0.05,0.662,2079
SLB,SSP2,Rural,openDefecation,0.1,0.646,2065
SLB,SSP2,Rural,pitNoSlab,0.01,0.636,2055
SLB,SSP2,Rural,pitNoSlab,0.02,0.622,2045
SLB,SSP2,Rural,pitNoSlab,0.05,0.602,2034
SLB,SSP2,Urban,flushPit,0.05,0.608,2037
SLB,SSP2,Urban,openDefecation,0.02,0.684,2099
SLB,SSP2,Urban,openDefecation,0.05,0.638,2057
SLB,SSP2,Urban,pitNoSlab,0.01,0.626,2048
SLB,SSP2,Urban,pitNoSlab,0.02,0.597,2031
SLB,SSP3,Rural,flushPit,0.05,0.63,2089
SLB,SSP3,Rural,pitNoSlab,0.02,0.622,2074
SLB,SSP3,Rural,pitNoSlab,0.05,0.602,2042
SLB,SSP3,Urban,flushPit,0.05,0.608,2049
SLB,SSP3,Urban,pitNoSlab,0.01,0.626,2081
SLB,SSP3,Urban,pitNoSlab,0.02,0.597,2037
SLB,SSP4,Rural,flushPit,0.05,0.63,2092
SLB,SSP4,Rural,pitNoSlab,0.02,0.622,2077
SLB,SSP4,Rural,pitNoSlab,0.05,0.602,2043
SLB,SSP4,Urban,flushPit,0.05,0.608,2050
SLB,SSP4,Urban,pitNoSlab,0.01,0.626,2085
SLB,SSP4,Urban,pitNoSlab,0.02,0.597,2038
SLB,SSP5,Rural,compostingToilet,0.01,0.658,2073
SLB,SSP5,Rural,flushPit,0.02,0.647,2060
SLB,SSP5,Rural,flushPit,0.05,0.63,2046
SLB,SSP5,Rural,flushUnknown,0.05,0.662,2078
SLB,SSP5,Rural,openDefecation,0.1,0.646,2059
SLB,SSP5,Rural,pitNoSlab,0.01,0.636,2049
SLB,SSP5,Rural,pitNoSlab,0.02,0.622,2042
SLB,SSP5,Rural,pitNoSlab,0.05,0.602,2031
SLB,SSP5,Urban,flushPit,0.05,0.608,2034
SLB,SSP5,Urban,openDefecation,0.05,0.638,2050
SLB,SSP5,Urban,pitNoSlab,0.01,0.626,2044
SLB,SSP5,Urban,pitNoSlab,0.02,0.597,2029
SLE,SSP1,Rural,compostingToilet,0.01,0.658,2063
SLE,SSP1,Rural,flushPit,0.02,0.647,2060
SLE,SSP1,Rural,flushPit,0.05,0.63,2056
SLE,SSP1,Rural,flushUnknown,0.01,0.719,2078
SLE,SSP1,Rural,flushUnknown,0.02,0.706,2075
SLE,SSP1,Rural,flushUnknown,0.05,0.662,2064
SLE,SSP1,Rural,openDefecation,0.01,0.775,2092
SLE,SSP1,Rural,openDefecation,0.02,0.764,2089
SLE,SSP1,Rural,openDefecation,0.05,0.706,2075
SLE,SSP1,Rural,openDefecation,0.1,0.646,2060
SLE,SSP1,Rural,pitNoSlab,0.01,0.636,2057
SLE,SSP1,Rural,pitNoSlab,0.02,0.622,2054
SLE,SSP1,Rural,pitNoSlab,0.05,0.602,2049
SLE,SSP1,Rural,pitNoSlab,0.1,0.489,2028
SLE,SSP1,Urban,flushOpen,0.01,0.488,2028
SLE,SSP1,Urban,flushPit,0.02,0.738,2083
SLE,SSP1,Urban,flushPit,0.05,0.608,2050
SLE,SSP1,Urban,openDefecation,0.01,0.733,2081
SLE,SSP1,Urban,openDefecation,0.02,0.684,2069
SLE,SSP1,Urban,openDefecation,0.05,0.638,2058
SLE,SSP1,Urban,openDefecation,0.1,0.5,2030
SLE,SSP1,Urban,pitNoSlab,0.01,0.626,2055
SLE,SSP1,Urban,pitNoSlab,0.02,0.597,2048
SLE,SSP1,Urban,pitNoSlab,0.05,0.572,2044
SLE,SSP2,Rural,compostingToilet,0.01,0.658,2075
SLE,SSP2,Rural,flushPit,0.02,0.647,2072
SLE,SSP2,Rural,flushPit,0.05,0.63,2068
SLE,SSP2,Rural,flushUnknown,0.01,0.719,2092
SLE,SSP2,Rural,flushUnknown,0.02,0.706,2089
SLE,SSP2,Rural,flushUnknown,0.05,0.662,2077
SLE,SSP2,Rural,openDefecation,0.05,0.706,2089
SLE,SSP2,Rural,openDefecation,0.1,0.646,2072
SLE,SSP2,Rural,pitNoSlab,0.01,0.636,2069
SLE,SSP2,Rural,pitNoSlab,0.02,0.622,2065
SLE,SSP2,Rural,pitNoSlab,0.05,0.602,2060
SLE,SSP2,Rural,pitNoSlab,0.1,0.489,2031
SLE,SSP2,Urban,flushOpen,0.01,0.488,2030
SLE,SSP2,Urban,flushPit,0.02,0.738,2098
SLE,SSP2,Urban,flushPit,0.05,0.608,2062
SLE,SSP2,Urban,openDefecation,0.01,0.733,2096
SLE,SSP2,Urban,openDefecation,0.02,0.684,2083
SLE,SSP2,Urban,openDefecation,0.05,0.638,2070
SLE,SSP2,Urban,openDefecation,0.1,0.5,2033
SLE,SSP2,Urban,pitNoSlab,0.01,0.626,2067
SLE,SSP2,Urban,pitNoSlab,0.02,0.597,2059
SLE,SSP2,Urban,pitNoSlab,0.05,0.572,2052
SLE,SSP3,Rural,pitNoSlab,0.1,0.489,2073
SLE,SSP3,Urban,flushOpen,0.01,0.488,2070
SLE,SSP3,Urban,openDefecation,0.1,0.5,2098
SLE,SSP4,Rural,pitNoSlab,0.1,0.489,2055
SLE,SSP4,Urban,flushOpen,0.01,0.488,2054
SLE,SSP4,Urban,openDefecation,0.1,0.5,2069
SLE,SSP5,Rural,compostingToilet,0.01,0.658,2060
SLE,SSP5,Rural,flushPit,0.02,0.647,2057
SLE,SSP5,Rural,flushPit,0.05,0.63,2053
SLE,SSP5,Rural,flushUnknown,0.01,0.719,2075
SLE,SSP5,Rural,flushUnknown,0.02,0.706,2071
SLE,SSP5,Rural,flushUnknown,0.05,0.662,2061
SLE,SSP5,Rural,openDefecation,0.01,0.775,2088
SLE,SSP5,Rural,openDefecation,0.02,0.764,2085
SLE,SSP5,Rural,openDefecation,0.05,0.706,2071
SLE,SSP5,Rural,openDefecation,0.1,0.646,2057
SLE,SSP5,Rural,pitNoSlab,0.01,0.636,2055
SLE,SSP5,Rural,pitNoSlab,0.02,0.622,2051
SLE,SSP5,Rural,pitNoSlab,0.05,0.602,2048
SLE,SSP5,Rural,pitNoSlab,0.1,0.489,2028
SLE,SSP5,Urban,flushOpen,0.01,0.488,2028
SLE,SSP5,Urban,flushPit,0.02,0.738,2079
SLE,SSP5,Urban,flushPit,0.05,0.608,2049
SLE,SSP5,Urban,openDefecation,0.01,0.733,2078
SLE,SSP5,Urban,openDefecation,0.02,0.684,2066
SLE,SSP5,Urban,openDefecation,0.05,0.638,2055
SLE,SSP5,Urban,openDefecation,0.1,0.5,2030
SLE,SSP5,Urban,pitNoSlab,0.01,0.626,2052
SLE,SSP5,Urban,pitNoSlab,0.02,0.597,2047
SLE,SSP5,Urban,pitNoSlab,0.05,0.572,2042
SLV,SSP1,Rural,flushPit,0.01,0.838,2093
SLV,SSP1,Rural,flushUnknown,0.01,0.719,2037
SLV,SSP1,Rural,flushUnknown,0.02,0.706,2033
SLV,SSP1,Rural,openDefecation,0.01,0.775,2058
SLV,SSP1,Rural,openDefecation,0.02,0.764,2052
SLV,SSP1,Rural,openDefecation,0.05,0.706,2033
SLV,SSP1,Urban,flushPit,0.02,0.738,2043
SLV,SSP1,Urban,openDefecation,0.01,0.733,2041
SLV,SSP1,Urban,openDefecation,0.02,0.684,2027
SLV,SSP2,Rural,flushPit,0.01,0.838,2091
SLV,SSP2,Rural,flushUnknown,0.01,0.719,2039
SLV,SSP2,Rural,flushUnknown,0.02,0.706,2034
SLV,SSP2,Rural,openDefecation,0.01,0.775,2062
SLV,SSP2,Rural,openDefecation,0.02,0.764,2057
SLV,SSP2,Rural,openDefecation,0.05,0.706,2034
SLV,SSP2,Rural,pitSlab,0.1,0.851,2097
SLV,SSP2,Urban,flushPit,0.02,0.738,2046
SLV,SSP2,Urban,openDefecation,0.01,0.733,2044
SLV,SSP2,Urban,openDefecation,0.02,0.684,2027
SLV,SSP3,Rural,flushUnknown,0.01,0.719,2068
SLV,SSP3,Rural,flushUnknown,0.02,0.706,2049
SLV,SSP3,Rural,openDefecation,0.05,0.706,2049
SLV,SSP3,Urban,flushPit,0.02,0.738,2097
SLV,SSP3,Urban,openDefecation,0.01,0.733,2089
SLV,SSP3,Urban,openDefecation,0.02,0.684,2029
SLV,SSP4,Rural,flushUnknown,0.01,0.719,2055
SLV,SSP4,Rural,flushUnknown,0.02,0.706,2044
SLV,SSP4,Rural,openDefecation,0.02,0.764,2099
SLV,SSP4,Rural,openDefecation,0.05,0.706,2044
SLV,SSP4,Urban,flushPit,0.02,0.738,2074
SLV,SSP4,Urban,openDefecation,0.01,0.733,2069
SLV,SSP4,Urban,openDefecation,0.02,0.684,2029
SLV,SSP5,Rural,flushPit,0.01,0.838,2094
SLV,SSP5,Rural,flushUnknown,0.01,0.719,2037
SLV,SSP5,Rural,flushUnknown,0.02,0.706,2033
SLV,SSP5,Rural,openDefecation,0.01,0.775,2058
SLV,SSP5,Rural,openDefecation,0.02,0.764,2052
SLV,SSP5,Rural,openDefecation,0.05,0.706,2033
SLV,SSP5,Urban,flushPit,0.02,0.738,2043
SLV,SSP5,Urban,openDefecation,0.01,0.733,2041
SLV,SSP5,Urban,openDefecation,0.02,0.684,2027
SMR,SSP1,Rural,pitSlab,0.01,0.944,2044
SMR,SSP1,Rural,pitSlab,0.02,0.938,2039
SMR,SSP1,Urban,other,0.01,0.932,2034
SMR,SSP1,Urban,pitSlab,0.01,0.944,2044
SMR,SSP1,Urban,pitSlab,0.02,0.938,2039
SMR,SSP2,Rural,pitSlab,0.01,0.944,2047
SMR,SSP2,Rural,pitSlab,0.02,0.938,2041
SMR,SSP2,Urban,other,0.01,0.932,2036
SMR,SSP2,Urban,pitSlab,0.01,0.944,2047
SMR,SSP2,Urban,pitSlab,0.02,0.938,2041
SMR,SSP3,Rural,pitSlab,0.01,0.944,2061
SMR,SSP3,Rural,pitSlab,0.02,0.938,2050
SMR,SSP3,Urban,other,0.01,0.932,2043
SMR,SSP3,Urban,pitSlab,0.01,0.944,2061
SMR,SSP3,Urban,pitSlab,0.02,0.938,2050
SMR,SSP4,Rural,pitSlab,0.01,0.944,2056
SMR,SSP4,Rural,pitSlab,0.02,0.938,2047
SMR,SSP4,Urban,other,0.01,0.932,2041
SMR,SSP4,Urban,pitSlab,0.01,0.944,2056
SMR,SSP4,Urban,pitSlab,0.02,0.938,2047
SMR,SSP5,Rural,pitSlab,0.01,0.944,2044
SMR,SSP5,Rural,pitSlab,0.02,0.938,2039
SMR,SSP5,Urban,other,0.01,0.932,2033
SMR,SSP5,Urban,pitSlab,0.01,0.944,2044
SMR,SSP5,Urban,pitSlab,0.02,0.938,2039
SOM,SSP1,Rural,compostingToilet,0.01,0.658,2091
SOM,SSP1,Rural,flushPit,0.02,0.647,2087
SOM,SSP1,Rural,flushPit,0.05,0.63,2082
SOM,SSP1,Rural,flushSewer,0.01,0.428,2029
SOM,SSP1,Rural,flushUnknown,0.05,0.662,2092
SOM,SSP1,Rural,openDefecation,0.1,0.646,2087
SOM,SSP1,Rural,pitNoSlab,0.01,0.636,2084
SOM,SSP1,Rural,pitNoSlab,0.02,0.622,2080
SOM,SSP1,Rural,pitNoSlab,0.05,0.602,2073
SOM,SSP1,Rural,pitNoSlab,0.1,0.489,2042
SOM,SSP1,Urban,bucketLatrine,0.01,0.457,2035
SOM,SSP1,Urban,flushOpen,0.01,0.488,2042
SOM,SSP1,Urban,flushPit,0.01,0.442,2032
SOM,SSP1,Urban,flushPit,0.05,0.608,2075
SOM,SSP1,Urban,openDefecation,0.02,0.684,2099
SOM,SSP1,Urban,openDefecation,0.05,0.638,2085
SOM,SSP1,Urban,openDefecation,0.1,0.5,2044
SOM,SSP1,Urban,pitNoSlab,0.01,0.626,2081
SOM,SSP1,Urban,pitNoSlab,0.02,0.597,2072
SOM,SSP1,Urban,pitNoSlab,0.05,0.572,2064
SOM,SSP2,Rural,flushPit,0.05,0.63,2096
SOM,SSP2,Rural,flushSewer,0.01,0.428,2031
SOM,SSP2,Rural,pitNoSlab,0.01,0.636,2098
SOM,SSP2,Rural,pitNoSlab,0.02,0.622,2093
SOM,SSP2,Rural,pitNoSlab,0.05,0.602,2086
SOM,SSP2,Rural,pitNoSlab,0.1,0.489,2049
SOM,SSP2,Urban,bucketLatrine,0.01,0.457,2040
SOM,SSP2,Urban,flushOpen,0.01,0.488,2049
SOM,SSP2,Urban,flushPit,0.01,0.442,2035
SOM,SSP2,Urban,flushPit,0.05,0.608,2088
SOM,SSP2,Urban,openDefecation,0.05,0.638,2098
SOM,SSP2,Urban,openDefecation,0.1,0.5,2052
SOM,SSP2,Urban,pitNoSlab,0.01,0.626,2094
SOM,SSP2,Urban,pitNoSlab,0.02,0.597,2085
SOM,SSP2,Urban,pitNoSlab,0.05,0.572,2076
SOM,SSP3,Rural,flushSewer,0.01,0.428,2057
SOM,SSP3,Urban,flushPit,0.01,0.442,2081
SOM,SSP4,Rural,flushSewer,0.01,0.428,2049
SOM,SSP4,Urban,bucketLatrine,0.01,0.457,2080
SOM,SSP4,Urban,flushPit,0.01,0.442,2064
SOM,SSP5,Rural,compostingToilet,0.01,0.658,2087
SOM,SSP5,Rural,flushPit,0.02,0.647,2084
SOM,SSP5,Rural,flushPit,0.05,0.63,2079
SOM,SSP5,Rural,flushSewer,0.01,0.428,2029
SOM,SSP5,Rural,flushUnknown,0.05,0.662,2089
SOM,SSP5,Rural,openDefecation,0.1,0.646,2084
SOM,SSP5,Rural,pitNoSlab,0.01,0.636,2081
SOM,SSP5,Rural,pitNoSlab,0.02,0.622,2077
SOM,SSP5,Rural,pitNoSlab,0.05,0.602,2070
SOM,SSP5,Rural,pitNoSlab,0.1,0.489,2041
SOM,SSP5,Urban,bucketLatrine,0.01,0.457,2034
SOM,SSP5,Urban,flushOpen,0.01,0.488,2041
SOM,SSP5,Urban,flushPit,0.01,0.442,2031
SOM,SSP5,Urban,flushPit,0.05,0.608,2072
SOM,SSP5,Urban,openDefecation,0.02,0.684,2095
SOM,SSP5,Urban,openDefecation,0.05,0.638,2081
SOM,SSP5,Urban,openDefecation,0.1,0.5,2043
SOM,SSP5,Urban,pitNoSlab,0.01,0.626,2078
SOM,SSP5,Urban,pitNoSlab,0.02,0.597,2069
SOM,SSP5,Urban,pitNoSlab,0.05,0.572,2061
SPM,SSP1,Rural,flushPit,0.01,0.838,2093
SPM,SSP1,Rural,openDefecation,0.01,0.775,2045
SPM,SSP1,Rural,openDefecation,0.02,0.764,2040
SPM,SSP1,Urban,flushPit,0.02,0.738,2029
SPM,SSP1,Urban,openDefecation,0.01,0.733,2027
SPM,SSP2,Rural,flushUnknown,0.01,0.719,2030
SPM,SSP2,Rural,openDefecation,0.01,0.775,2062
SPM,SSP2,Rural,openDefecation,0.02,0.764,2054
SPM,SSP2,Urban,flushPit,0.02,0.738,2039
SPM,SSP2,Urban,openDefecation,0.01,0.733,2037
SPM,SSP3,Rural,flushUnknown,0.02,0.706,2084
SPM,SSP3,Rural,openDefecation,0.05,0.706,2084
SPM,SSP3,Urban,openDefecation,0.02,0.684,2041
SPM,SSP4,Rural,flushUnknown,0.02,0.706,2085
SPM,SSP4,Rural,flushUnknown,0.05,0.662,2025
SPM,SSP4,Rural,openDefecation,0.05,0.706,2085
SPM,SSP4,Urban,openDefecation,0.02,0.684,2049
SPM,SSP5,Rural,flushPit,0.01,0.838,2092
SPM,SSP5,Rural,openDefecation,0.01,0.775,2044
SPM,SSP5,Rural,openDefecation,0.02,0.764,2039
SPM,SSP5,Urban,flushPit,0.02,0.738,2028
SPM,SSP5,Urban,openDefecation,0.01,0.733,2027
SRB,SSP1,Rural,flushPit,0.01,0.838,2027
SRB,SSP1,Rural,flushSeptic,0.1,0.898,2088
SRB,SSP1,Rural,pitSlab,0.05,0.87,2046
SRB,SSP1,Rural,pitSlab,0.1,0.851,2031
SRB,SSP1,Urban,flushSeptic,0.1,0.865,2042
SRB,SSP1,Urban,pitSlab,0.05,0.867,2043
SRB,SSP2,Rural,flushPit,0.01,0.838,2027
SRB,SSP2,Rural,flushSeptic,0.1,0.898,2089
SRB,SSP2,Rural,pitSlab,0.05,0.87,2049
SRB,SSP2,Rural,pitSlab,0.1,0.851,2033
SRB,SSP2,Urban,flushSeptic,0.1,0.865,2045
SRB,SSP2,Urban,pitSlab,0.05,0.867,2047
SRB,SSP3,Rural,flushPit,0.01,0.838,2027
SRB,SSP3,Rural,pitSlab,0.05,0.87,2062
SRB,SSP3,Rural,pitSlab,0.1,0.851,2037
SRB,SSP3,Urban,flushSeptic,0.1,0.865,2053
SRB,SSP3,Urban,pitSlab,0.05,0.867,2057
SRB,SSP4,Rural,flushPit,0.01,0.838,2028
SRB,SSP4,Rural,pitSlab,0.05,0.87,2061
SRB,SSP4,Rural,pitSlab,0.1,0.851,2038
SRB,SSP4,Urban,flushSeptic,0.1,0.865,2053
SRB,SSP4,Urban,pitSlab,0.05,0.867,2056
SRB,SSP5,Rural,flushPit,0.01,0.838,2026
SRB,SSP5,Rural,flushSeptic,0.1,0.898,2088
SRB,SSP5,Rural,pitSlab,0.05,0.87,2045
SRB,SSP5,Rural,pitSlab,0.1,0.851,2031
SRB,SSP5,Urban,flushSeptic,0.1,0.865,2042
SRB,SSP5,Urban,pitSlab,0.05,0.867,2043
SSD,SSP1,Rural,compostingToilet,0.01,0.658,2096
SSD,SSP1,Rural,flushPit,0.02,0.647,2092
SSD,SSP1,Rural,flushPit,0.05,0.63,2087
SSD,SSP1,Rural,flushSewer,0.01,0.428,2032
SSD,SSP1,Rural,flushUnknown,0.05,0.662,2097
SSD,SSP1,Rural,openDefecation,0.1,0.646,2092
SSD,SSP1,Rural,pitNoSlab,0.01,0.636,2089
SSD,SSP1,Rural,pitNoSlab,0.02,0.622,2085
SSD,SSP1,Rural,pitNoSlab,0.05,0.602,2078
SSD,SSP1,Rural,pitNoSlab,0.1,0.489,2045
SSD,SSP1,Urban,bucketLatrine,0.01,0.457,2039
SSD,SSP1,Urban,flushOpen,0.01,0.488,2045
SSD,SSP1,Urban,flushPit,0.01,0.442,2035
SSD,SSP1,Urban,flushPit,0.05,0.608,2080
SSD,SSP1,Urban,openDefecation,0.05,0.638,2090
SSD,SSP1,Urban,openDefecation,0.1,0.5,2048
SSD,SSP1,Urban,pitNoSlab,0.01,0.626,2086
SSD,SSP1,Urban,pitNoSlab,0.02,0.597,2077
SSD,SSP1,Urban,pitNoSlab,0.05,0.572,2069
SSD,SSP1,Urban,pitNoSlab,0.1,0.394,2026
SSD,SSP2,Rural,flushSewer,0.01,0.428,2036
SSD,SSP2,Rural,pitNoSlab,0.02,0.622,2098
SSD,SSP2,Rural,pitNoSlab,0.05,0.602,2092
SSD,SSP2,Rural,pitNoSlab,0.1,0.489,2054
SSD,SSP2,Urban,bucketLatrine,0.01,0.457,2044
SSD,SSP2,Urban,flushOpen,0.01,0.488,2054
SSD,SSP2,Urban,flushPit,0.01,0.442,2040
SSD,SSP2,Urban,flushPit,0.05,0.608,2094
SSD,SSP2,Urban,openDefecation,0.1,0.5,2058
SSD,SSP2,Urban,pitNoSlab,0.01,0.626,2100
SSD,SSP2,Urban,pitNoSlab,0.02,0.597,2090
SSD,SSP2,Urban,pitNoSlab,0.05,0.572,2082
SSD,SSP2,Urban,pitNoSlab,0.1,0.394,2027
SSD,SSP3,Rural,flushSewer,0.01,0.428,2084
SSD,SSP3,Urban,pitNoSlab,0.1,0.394,2030
SSD,SSP4,Rural,flushSewer,0.01,0.428,2066
SSD,SSP4,Urban,bucketLatrine,0.01,0.457,2098
SSD,SSP4,Urban,flushPit,0.01,0.442,2082
SSD,SSP4,Urban,pitNoSlab,0.1,0.394,2031
SSD,SSP5,Rural,compostingToilet,0.01,0.658,2092
SSD,SSP5,Rural,flushPit,0.02,0.647,2089
SSD,SSP5,Rural,flushPit,0.05,0.63,2084
SSD,SSP5,Rural,flushSewer,0.01,0.428,2032
SSD,SSP5,Rural,flushUnknown,0.05,0.662,2093
SSD,SSP5,Rural,openDefecation,0.1,0.646,2089
SSD,SSP5,Rural,pitNoSlab,0.01,0.636,2086
SSD,SSP5,Rural,pitNoSlab,0.02,0.622,2081
SSD,SSP5,Rural,pitNoSlab,0.05,0.602,2075
SSD,SSP5,Rural,pitNoSlab,0.1,0.489,2044
SSD,SSP5,Urban,bucketLatrine,0.01,0.457,2038
SSD,SSP5,Urban,flushOpen,0.01,0.488,2044
SSD,SSP5,Urban,flushPit,0.01,0.442,2035
SSD,SSP5,Urban,flushPit,0.05,0.608,2077
SSD,SSP5,Urban,openDefecation,0.05,0.638,2086
SSD,SSP5,Urban,openDefecation,0.1,0.5,2046
SSD,SSP5,Urban,pitNoSlab,0.01,0.626,2083
SSD,SSP5,Urban,pitNoSlab,0.02,0.597,2074
SSD,SSP5,Urban,pitNoSlab,0.05,0.572,2066
SSD,SSP5,Urban,pitNoSlab,0.1,0.394,2026
STP,SSP1,Rural,compostingToilet,0.01,0.658,2031
STP,SSP1,Rural,flushPit,0.01,0.838,2092
STP,SSP1,Rural,flushPit,0.02,0.647,2028
STP,SSP1,Rural,flushUnknown,0.01,0.719,2049
STP,SSP1,Rural,flushUnknown,0.02,0.706,2045
STP,SSP1,Rural,flushUnknown,0.05,0.662,2032
STP,SSP1,Rural,openDefecation,0.01,0.775,2069
STP,SSP1,Rural,openDefecation,0.02,0.764,2065
STP,SSP1,Rural,openDefecation,0.05,0.706,2045
STP,SSP1,Rural,openDefecation,0.1,0.646,2028
STP,SSP1,Rural,pitSlab,0.1,0.851,2097
STP,SSP1,Urban,flushPit,0.02,0.738,2056
STP,SSP1,Urban,openDefecation,0.01,0.733,2054
STP,SSP1,Urban,openDefecation,0.02,0.684,2039
STP,SSP1,Urban,openDefecation,0.05,0.638,2025
STP,SSP2,Rural,compostingToilet,0.01,0.658,2034
STP,SSP2,Rural,flushPit,0.02,0.647,2029
STP,SSP2,Rural,flushUnknown,0.01,0.719,2061
STP,SSP2,Rural,flushUnknown,0.02,0.706,2055
STP,SSP2,Rural,flushUnknown,0.05,0.662,2035
STP,SSP2,Rural,openDefecation,0.01,0.775,2086
STP,SSP2,Rural,openDefecation,0.02,0.764,2081
STP,SSP2,Rural,openDefecation,0.05,0.706,2055
STP,SSP2,Rural,openDefecation,0.1,0.646,2028
STP,SSP2,Urban,flushPit,0.02,0.738,2069
STP,SSP2,Urban,openDefecation,0.01,0.733,2067
STP,SSP2,Urban,openDefecation,0.02,0.684,2045
STP,SSP2,Urban,openDefecation,0.05,0.638,2025
STP,SSP3,Rural,compostingToilet,0.01,0.658,2052
STP,SSP3,Rural,flushPit,0.02,0.647,2036
STP,SSP3,Rural,flushUnknown,0.05,0.662,2058
STP,SSP3,Rural,openDefecation,0.1,0.646,2034
STP,SSP3,Urban,openDefecation,0.02,0.684,2091
STP,SSP3,Urban,openDefecation,0.05,0.638,2026
STP,SSP4,Rural,compostingToilet,0.01,0.658,2052
STP,SSP4,Rural,flushPit,0.02,0.647,2038
STP,SSP4,Rural,flushUnknown,0.05,0.662,2057
STP,SSP4,Rural,openDefecation,0.1,0.646,2037
STP,SSP4,Urban,openDefecation,0.02,0.684,2083
STP,SSP4,Urban,openDefecation,0.05,0.638,2026
STP,SSP5,Rural,compostingToilet,0.01,0.658,2030
STP,SSP5,Rural,flushPit,0.01,0.838,2088
STP,SSP5,Rural,flushPit,0.02,0.647,2028
STP,SSP5,Rural,flushUnknown,0.01,0.719,2047
STP,SSP5,Rural,flushUnknown,0.02,0.706,2044
STP,SSP5,Rural,flushUnknown,0.05,0.662,2031
STP,SSP5,Rural,openDefecation,0.01,0.775,2066
STP,SSP5,Rural,openDefecation,0.02,0.764,2063
STP,SSP5,Rural,openDefecation,0.05,0.706,2044
STP,SSP5,Rural,openDefecation,0.1,0.646,2027
STP,SSP5,Rural,pitSlab,0.05,0.87,2100
STP,SSP5,Rural,pitSlab,0.1,0.851,2093
STP,SSP5,Urban,flushPit,0.02,0.738,2053
STP,SSP5,Urban,flushSeptic,0.1,0.865,2098
STP,SSP5,Urban,openDefecation,0.01,0.733,2052
STP,SSP5,Urban,openDefecation,0.02,0.684,2038
STP,SSP5,Urban,openDefecation,0.05,0.638,2025
STP,SSP5,Urban,pitSlab,0.05,0.867,2099
SUR,SSP1,Rural,openDefecation,0.01,0.775,2048
SUR,SSP1,Rural,openDefecation,0.02,0.764,2043
SUR,SSP1,Urban,flushPit,0.02,0.738,2030
SUR,SSP1,Urban,openDefecation,0.01,0.733,2029
SUR,SSP2,Rural,openDefecation,0.01,0.775,2056
SUR,SSP2,Rural,openDefecation,0.02,0.764,2048
SUR,SSP2,Urban,flushPit,0.02,0.738,2032
SUR,SSP2,Urban,openDefecation,0.01,0.733,2030
SUR,SSP3,Rural,openDefecation,0.02,0.764,2082
SUR,SSP3,Urban,flushPit,0.02,0.738,2039
SUR,SSP3,Urban,openDefecation,0.01,0.733,2033
SUR,SSP4,Rural,openDefecation,0.01,0.775,2088
SUR,SSP4,Rural,openDefecation,0.02,0.764,2071
SUR,SSP4,Urban,flushPit,0.02,0.738,2038
SUR,SSP4,Urban,openDefecation,0.01,0.733,2033
SUR,SSP5,Rural,openDefecation,0.01,0.775,2048
SUR,SSP5,Rural,openDefecation,0.02,0.764,2042
SUR,SSP5,Urban,flushPit,0.02,0.738,2030
SUR,SSP5,Urban,openDefecation,0.01,0.733,2028
SVK,SSP1,Rural,flushSeptic,0.1,0.898,2044
SVK,SSP2,Rural,flushSeptic,0.1,0.898,2048
SVK,SSP3,Rural,flushSeptic,0.1,0.898,2057
SVK,SSP4,Rural,flushSeptic,0.1,0.898,2057
SVK,SSP5,Rural,flushSeptic,0.1,0.898,2042
SVN,SSP1,Rural,pitSlab,0.01,0.944,2038
SVN,SSP1,Rural,pitSlab,0.02,0.938,2032
SVN,SSP1,Urban,other,0.01,0.932,2026
SVN,SSP1,Urban,pitSlab,0.01,0.944,2038
SVN,SSP1,Urban,pitSlab,0.02,0.938,2032
SVN,SSP2,Rural,pitSlab,0.01,0.944,2041
SVN,SSP2,Rural,pitSlab,0.02,0.938,2034
SVN,SSP2,Urban,other,0.01,0.932,2026
SVN,SSP2,Urban,pitSlab,0.01,0.944,2041
SVN,SSP2,Urban,pitSlab,0.02,0.938,2034
SVN,SSP3,Rural,pitSlab,0.01,0.944,2047
SVN,SSP3,Rural,pitSlab,0.02,0.938,2038
SVN,SSP3,Urban,other,0.01,0.932,2028
SVN,SSP3,Urban,pitSlab,0.01,0.944,2047
SVN,SSP3,Urban,pitSlab,0.02,0.938,2038
SVN,SSP4,Rural,pitSlab,0.01,0.944,2047
SVN,SSP4,Rural,pitSlab,0.02,0.938,2038
SVN,SSP4,Urban,other,0.01,0.932,2028
SVN,SSP4,Urban,pitSlab,0.01,0.944,2047
SVN,SSP4,Urban,pitSlab,0.02,0.938,2038
SVN,SSP5,Rural,pitSlab,0.01,0.944,2037
SVN,SSP5,Rural,pitSlab,0.02,0.938,2031
SVN,SSP5,Urban,other,0.01,0.932,2026
SVN,SSP5,Urban,pitSlab,0.01,0.944,2037
SVN,SSP5,Urban,pitSlab,0.02,0.938,2031
SWZ,SSP1,Rural,flushPit,0.01,0.838,2066
SWZ,SSP1,Rural,flushSeptic,0.1,0.898,2090
SWZ,SSP1,Rural,flushUnknown,0.01,0.719,2029
SWZ,SSP1,Rural,flushUnknown,0.02,0.706,2027
SWZ,SSP1,Rural,openDefecation,0.01,0.775,2044
SWZ,SSP1,Rural,openDefecation,0.02,0.764,2041
SWZ,SSP1,Rural,openDefecation,0.05,0.706,2027
SWZ,SSP1,Rural,pitSlab,0.05,0.87,2079
SWZ,SSP1,Rural,pitSlab,0.1,0.851,2071
SWZ,SSP1,Urban,flushPit,0.02,0.738,2034
SWZ,SSP1,Urban,flushSeptic,0.1,0.865,2077
SWZ,SSP1,Urban,openDefecation,0.01,0.733,2033
SWZ,SSP1,Urban,pitSlab,0.05,0.867,2077
SWZ,SSP2,Rural,flushPit,0.01,0.838,2075
SWZ,SSP2,Rural,flushSeptic,0.1,0.898,2098
SWZ,SSP2,Rural,flushUnknown,0.01,0.719,2032
SWZ,SSP2,Rural,flushUnknown,0.02,0.706,2028
SWZ,SSP2,Rural,openDefecation,0.01,0.775,2050
SWZ,SSP2,Rural,openDefecation,0.02,0.764,2046
SWZ,SSP2,Rural,openDefecation,0.05,0.706,2028
SWZ,SSP2,Rural,pitSlab,0.05,0.87,2087
SWZ,SSP2,Rural,pitSlab,0.1,0.851,2080
SWZ,SSP2,Urban,flushPit,0.02,0.738,2038
SWZ,SSP2,Urban,flushSeptic,0.1,0.865,2085
SWZ,SSP2,Urban,openDefecation,0.01,0.733,2036
SWZ,SSP2,Urban,pitSlab,0.05,0.867,2086
SWZ,SSP3,Rural,flushUnknown,0.01,0.719,2048
SWZ,SSP3,Rural,flushUnknown,0.02,0.706,2035
SWZ,SSP3,Rural,openDefecation,0.01,0.775,2097
SWZ,SSP3,Rural,openDefecation,0.02,0.764,2087
SWZ,SSP3,Rural,openDefecation,0.05,0.706,2035
SWZ,SSP3,Urban,flushPit,0.02,0.738,2065
SWZ,SSP3,Urban,openDefecation,0.01,0.733,2060
SWZ,SSP4,Rural,flushUnknown,0.01,0.719,2048
SWZ,SSP4,Rural,flushUnknown,0.02,0.706,2036
SWZ,SSP4,Rural,openDefecation,0.01,0.775,2092
SWZ,SSP4,Rural,openDefecation,0.02,0.764,2084
SWZ,SSP4,Rural,openDefecation,0.05,0.706,2036
SWZ,SSP4,Urban,flushPit,0.02,0.738,2063
SWZ,SSP4,Urban,openDefecation,0.01,0.733,2059
SWZ,SSP5,Rural,flushPit,0.01,0.838,2065
SWZ,SSP5,Rural,flushSeptic,0.1,0.898,2090
SWZ,SSP5,Rural,flushUnknown,0.01,0.719,2029
SWZ,SSP5,Rural,flushUnknown,0.02,0.706,2027
SWZ,SSP5,Rural,openDefecation,0.01,0.775,2043
SWZ,SSP5,Rural,openDefecation,0.02,0.764,2040
SWZ,SSP5,Rural,openDefecation,0.05,0.706,2027
SWZ,SSP5,Rural,pitSlab,0.05,0.87,2078
SWZ,SSP5,Rural,pitSlab,0.1,0.851,2070
SWZ,SSP5,Urban,flushPit,0.02,0.738,2034
SWZ,SSP5,Urban,flushSeptic,0.1,0.865,2076
SWZ,SSP5,Urban,openDefecation,0.01,0.733,2032
SWZ,SSP5,Urban,pitSlab,0.05,0.867,2077
SXM,SSP1,Rural,flushPit,0.01,0.838,2093
SXM,SSP1,Rural,openDefecation,0.01,0.775,2045
SXM,SSP1,Rural,openDefecation,0.02,0.764,2040
SXM,SSP1,Urban,flushPit,0.02,0.738,2029
SXM,SSP1,Urban,openDefecation,0.01,0.733,2027
SXM,SSP2,Rural,flushUnknown,0.01,0.719,2030
SXM,SSP2,Rural,openDefecation,0.01,0.775,2062
SXM,SSP2,Rural,openDefecation,0.02,0.764,2054
SXM,SSP2,Urban,flushPit,0.02,0.738,2039
SXM,SSP2,Urban,openDefecation,0.01,0.733,2037
SXM,SSP3,Rural,flushUnknown,0.02,0.706,2084
SXM,SSP3,Rural,openDefecation,0.05,0.706,2084
SXM,SSP3,Urban,openDefecation,0.02,0.684,2041
SXM,SSP4,Rural,flushUnknown,0.02,0.706,2085
SXM,SSP4,Rural,flushUnknown,0.05,0.662,2025
SXM,SSP4,Rural,openDefecation,0.05,0.706,2085
SXM,SSP4,Urban,openDefecation,0.02,0.684,2049
SXM,SSP5,Rural,flushPit,0.01,0.838,2092
SXM,SSP5,Rural,openDefecation,0.01,0.775,2044
SXM,SSP5,Rural,openDefecation,0.02,0.764,2039
SXM,SSP5,Urban,flushPit,0.02,0.738,2028
SXM,SSP5,Urban,openDefecation,0.01,0.733,2027
SYC,SSP1,Rural,flushSeptic,0.1,0.898,2035
SYC,SSP1,Rural,pitSlab,0.01,0.944,2044
SYC,SSP1,Rural,pitSlab,0.02,0.938,2043
SYC,SSP1,Rural,pitSlab,0.05,0.87,2029
SYC,SSP1,Rural,pitSlab,0.1,0.851,2026
SYC,SSP1,Urban,flushSeptic,0.1,0.865,2028
SYC,SSP1,Urban,other,0.01,0.932,2042
SYC,SSP1,Urban,pitSlab,0.01,0.944,2044
SYC,SSP1,Urban,pitSlab,0.02,0.938,2043
SYC,SSP1,Urban,pitSlab,0.05,0.867,2028
SYC,SSP2,Rural,flushSeptic,0.1,0.898,2039
SYC,SSP2,Rural,pitSlab,0.01,0.944,2052
SYC,SSP2,Rural,pitSlab,0.02,0.938,2050
SYC,SSP2,Rural,pitSlab,0.05,0.87,2031
SYC,SSP2,Rural,pitSlab,0.1,0.851,2026
SYC,SSP2,Urban,flushSeptic,0.1,0.865,2029
SYC,SSP2,Urban,other,0.01,0.932,2049
SYC,SSP2,Urban,pitSlab,0.01,0.944,2052
SYC,SSP2,Urban,pitSlab,0.02,0.938,2050
SYC,SSP2,Urban,pitSlab,0.05,0.867,2030
SYC,SSP3,Rural,pitSlab,0.05,0.87,2053
SYC,SSP3,Rural,pitSlab,0.1,0.851,2028
SYC,SSP3,Urban,flushSeptic,0.1,0.865,2046
SYC,SSP3,Urban,pitSlab,0.05,0.867,2049
SYC,SSP4,Rural,flushSeptic,0.1,0.898,2077
SYC,SSP4,Rural,pitSlab,0.05,0.87,2047
SYC,SSP4,Rural,pitSlab,0.1,0.851,2028
SYC,SSP4,Urban,flushSeptic,0.1,0.865,2042
SYC,SSP4,Urban,pitSlab,0.05,0.867,2044
SYC,SSP5,Rural,flushSeptic,0.1,0.898,2034
SYC,SSP5,Rural,pitSlab,0.01,0.944,2043
SYC,SSP5,Rural,pitSlab,0.02,0.938,2042
SYC,SSP5,Rural,pitSlab,0.05,0.87,2029
SYC,SSP5,Rural,pitSlab,0.1,0.851,2025
SYC,SSP5,Urban,flushSeptic,0.1,0.865,2028
SYC,SSP5,Urban,other,0.01,0.932,2041
SYC,SSP5,Urban,pitSlab,0.01,0.944,2043
SYC,SSP5,Urban,pitSlab,0.02,0.938,2042
SYC,SSP5,Urban,pitSlab,0.05,0.867,2028
SYR,SSP1,Rural,compostingToilet,0.01,0.658,2056
SYR,SSP1,Rural,flushPit,0.02,0.647,2051
SYR,SSP1,Rural,flushPit,0.05,0.63,2045
SYR,SSP1,Rural,flushUnknown,0.01,0.719,2088
SYR,SSP1,Rural,flushUnknown,0.02,0.706,2081
SYR,SSP1,Rural,flushUnknown,0.05,0.662,2058
SYR,SSP1,Rural,openDefecation,0.05,0.706,2081
SYR,SSP1,Rural,openDefecation,0.1,0.646,2050
SYR,SSP1,Rural,pitNoSlab,0.01,0.636,2047
SYR,SSP1,Rural,pitNoSlab,0.02,0.622,2042
SYR,SSP1,Rural,pitNoSlab,0.05,0.602,2035
SYR,SSP1,Urban,flushPit,0.02,0.738,2097
SYR,SSP1,Urban,flushPit,0.05,0.608,2037
SYR,SSP1,Urban,openDefecation,0.01,0.733,2095
SYR,SSP1,Urban,openDefecation,0.02,0.684,2070
SYR,SSP1,Urban,openDefecation,0.05,0.638,2047
SYR,SSP1,Urban,pitNoSlab,0.01,0.626,2043
SYR,SSP1,Urban,pitNoSlab,0.02,0.597,2034
SYR,SSP1,Urban,pitNoSlab,0.05,0.572,2027
SYR,SSP2,Rural,compostingToilet,0.01,0.658,2061
SYR,SSP2,Rural,flushPit,0.02,0.647,2056
SYR,SSP2,Rural,flushPit,0.05,0.63,2049
SYR,SSP2,Rural,flushUnknown,0.01,0.719,2090
SYR,SSP2,Rural,flushUnknown,0.02,0.706,2084
SYR,SSP2,Rural,flushUnknown,0.05,0.662,2063
SYR,SSP2,Rural,openDefecation,0.05,0.706,2084
SYR,SSP2,Rural,openDefecation,0.1,0.646,2056
SYR,SSP2,Rural,pitNoSlab,0.01,0.636,2051
SYR,SSP2,Rural,pitNoSlab,0.02,0.622,2046
SYR,SSP2,Rural,pitNoSlab,0.05,0.602,2038
SYR,SSP2,Urban,flushPit,0.02,0.738,2100
SYR,SSP2,Urban,flushPit,0.05,0.608,2040
SYR,SSP2,Urban,openDefecation,0.01,0.733,2097
SYR,SSP2,Urban,openDefecation,0.02,0.684,2074
SYR,SSP2,Urban,openDefecation,0.05,0.638,2052
SYR,SSP2,Urban,pitNoSlab,0.01,0.626,2047
SYR,SSP2,Urban,pitNoSlab,0.02,0.597,2036
SYR,SSP2,Urban,pitNoSlab,0.05,0.572,2028
SYR,SSP4,Urban,pitNoSlab,0.05,0.572,2075
SYR,SSP5,Rural,compostingToilet,0.01,0.658,2055
SYR,SSP5,Rural,flushPit,0.02,0.647,2049
SYR,SSP5,Rural,flushPit,0.05,0.63,2044
SYR,SSP5,Rural,flushUnknown,0.01,0.719,2086
SYR,SSP5,Rural,flushUnknown,0.02,0.706,2080
SYR,SSP5,Rural,flushUnknown,0.05,0.662,2057
SYR,SSP5,Rural,openDefecation,0.05,0.706,2080
SYR,SSP5,Rural,openDefecation,0.1,0.646,2049
SYR,SSP5,Rural,pitNoSlab,0.01,0.636,2046
SYR,SSP5,Rural,pitNoSlab,0.02,0.622,2041
SYR,SSP5,Rural,pitNoSlab,0.05,0.602,2035
SYR,SSP5,Urban,flushPit,0.02,0.738,2096
SYR,SSP5,Urban,flushPit,0.05,0.608,2037
SYR,SSP5,Urban,openDefecation,0.01,0.733,2094
SYR,SSP5,Urban,openDefecation,0.02,0.684,2068
SYR,SSP5,Urban,openDefecation,0.05,0.638,2046
SYR,SSP5,Urban,pitNoSlab,0.01,0.626,2042
SYR,SSP5,Urban,pitNoSlab,0.02,0.597,2033
SYR,SSP5,Urban,pitNoSlab,0.05,0.572,2027
TCA,SSP1,Rural,flushPit,0.01,0.838,2093
TCA,SSP1,Rural,openDefecation,0.01,0.775,2045
TCA,SSP1,Rural,openDefecation,0.02,0.764,2040
TCA,SSP1,Urban,flushPit,0.02,0.738,2029
TCA,SSP1,Urban,openDefecation,0.01,0.733,2027
TCA,SSP2,Rural,flushUnknown,0.01,0.719,2030
TCA,SSP2,Rural,openDefecation,0.01,0.775,2062
TCA,SSP2,Rural,openDefecation,0.02,0.764,2054
TCA,SSP2,Urban,flushPit,0.02,0.738,2039
TCA,SSP2,Urban,openDefecation,0.01,0.733,2037
TCA,SSP3,Rural,flushUnknown,0.02,0.706,2084
TCA,SSP3,Rural,openDefecation,0.05,0.706,2084
TCA,SSP3,Urban,openDefecation,0.02,0.684,2041
TCA,SSP4,Rural,flushUnknown,0.02,0.706,2085
TCA,SSP4,Rural,flushUnknown,0.05,0.662,2025
TCA,SSP4,Rural,openDefecation,0.05,0.706,2085
TCA,SSP4,Urban,openDefecation,0.02,0.684,2049
TCA,SSP5,Rural,flushPit,0.01,0.838,2092
TCA,SSP5,Rural,openDefecation,0.01,0.775,2044
TCA,SSP5,Rural,openDefecation,0.02,0.764,2039
TCA,SSP5,Urban,flushPit,0.02,0.738,2028
TCA,SSP5,Urban,openDefecation,0.01,0.733,2027
TCD,SSP1,Rural,compostingToilet,0.01,0.658,2072
TCD,SSP1,Rural,flushPit,0.02,0.647,2069
TCD,SSP1,Rural,flushPit,0.05,0.63,2065
TCD,SSP1,Rural,flushSewer,0.01,0.428,2027
TCD,SSP1,Rural,flushUnknown,0.01,0.719,2085
TCD,SSP1,Rural,flushUnknown,0.02,0.706,2082
TCD,SSP1,Rural,flushUnknown,0.05,0.662,2072
TCD,SSP1,Rural,openDefecation,0.01,0.775,2098
TCD,SSP1,Rural,openDefecation,0.02,0.764,2095
TCD,SSP1,Rural,openDefecation,0.05,0.706,2082
TCD,SSP1,Rural,openDefecation,0.1,0.646,2069
TCD,SSP1,Rural,pitNoSlab,0.01,0.636,2067
TCD,SSP1,Rural,pitNoSlab,0.02,0.622,2063
TCD,SSP1,Rural,pitNoSlab,0.05,0.602,2059
TCD,SSP1,Rural,pitNoSlab,0.1,0.489,2037
TCD,SSP1,Urban,bucketLatrine,0.01,0.457,2032
TCD,SSP1,Urban,flushOpen,0.01,0.488,2037
TCD,SSP1,Urban,flushPit,0.01,0.442,2029
TCD,SSP1,Urban,flushPit,0.02,0.738,2089
TCD,SSP1,Urban,flushPit,0.05,0.608,2060
TCD,SSP1,Urban,openDefecation,0.01,0.733,2088
TCD,SSP1,Urban,openDefecation,0.02,0.684,2077
TCD,SSP1,Urban,openDefecation,0.05,0.638,2067
TCD,SSP1,Urban,openDefecation,0.1,0.5,2039
TCD,SSP1,Urban,pitNoSlab,0.01,0.626,2064
TCD,SSP1,Urban,pitNoSlab,0.02,0.597,2058
TCD,SSP1,Urban,pitNoSlab,0.05,0.572,2052
TCD,SSP2,Rural,compostingToilet,0.01,0.658,2085
TCD,SSP2,Rural,flushPit,0.02,0.647,2082
TCD,SSP2,Rural,flushPit,0.05,0.63,2078
TCD,SSP2,Rural,flushSewer,0.01,0.428,2028
TCD,SSP2,Rural,flushUnknown,0.02,0.706,2097
TCD,SSP2,Rural,flushUnknown,0.05,0.662,2086
TCD,SSP2,Rural,openDefecation,0.05,0.706,2097
TCD,SSP2,Rural,openDefecation,0.1,0.646,2082
TCD,SSP2,Rural,pitNoSlab,0.01,0.636,2080
TCD,SSP2,Rural,pitNoSlab,0.02,0.622,2076
TCD,SSP2,Rural,pitNoSlab,0.05,0.602,2071
TCD,SSP2,Rural,pitNoSlab,0.1,0.489,2043
TCD,SSP2,Urban,bucketLatrine,0.01,0.457,2035
TCD,SSP2,Urban,flushOpen,0.01,0.488,2043
TCD,SSP2,Urban,flushPit,0.01,0.442,2032
TCD,SSP2,Urban,flushPit,0.05,0.608,2073
TCD,SSP2,Urban,openDefecation,0.02,0.684,2092
TCD,SSP2,Urban,openDefecation,0.05,0.638,2080
TCD,SSP2,Urban,openDefecation,0.1,0.5,2046
TCD,SSP2,Urban,pitNoSlab,0.01,0.626,2077
TCD,SSP2,Urban,pitNoSlab,0.02,0.597,2070
TCD,SSP2,Urban,pitNoSlab,0.05,0.572,2064
TCD,SSP3,Rural,flushSewer,0.01,0.428,2046
TCD,SSP3,Urban,flushPit,0.01,0.442,2076
TCD,SSP4,Rural,flushSewer,0.01,0.428,2041
TCD,SSP4,Urban,bucketLatrine,0.01,0.457,2080
TCD,SSP4,Urban,flushPit,0.01,0.442,2059
TCD,SSP5,Rural,compostingToilet,0.01,0.658,2068
TCD,SSP5,Rural,flushPit,0.02,0.647,2066
TCD,SSP5,Rural,flushPit,0.05,0.63,2062
TCD,SSP5,Rural,flushSewer,0.01,0.428,2027
TCD,SSP5,Rural,flushUnknown,0.01,0.719,2081
TCD,SSP5,Rural,flushUnknown,0.02,0.706,2079
TCD,SSP5,Rural,flushUnknown,0.05,0.662,2069
TCD,SSP5,Rural,openDefecation,0.01,0.775,2094
TCD,SSP5,Rural,openDefecation,0.02,0.764,2091
TCD,SSP5,Rural,openDefecation,0.05,0.706,2079
TCD,SSP5,Rural,openDefecation,0.1,0.646,2066
TCD,SSP5,Rural,pitNoSlab,0.01,0.636,2064
TCD,SSP5,Rural,pitNoSlab,0.02,0.622,2061
TCD,SSP5,Rural,pitNoSlab,0.05,0.602,2056
TCD,SSP5,Rural,pitNoSlab,0.1,0.489,2036
TCD,SSP5,Urban,bucketLatrine,0.01,0.457,2031
TCD,SSP5,Urban,flushOpen,0.01,0.488,2036
TCD,SSP5,Urban,flushPit,0.01,0.442,2029
TCD,SSP5,Urban,flushPit,0.02,0.738,2086
TCD,SSP5,Urban,flushPit,0.05,0.608,2058
TCD,SSP5,Urban,openDefecation,0.01,0.733,2084
TCD,SSP5,Urban,openDefecation,0.02,0.684,2074
TCD,SSP5,Urban,openDefecation,0.05,0.638,2064
TCD,SSP5,Urban,openDefecation,0.1,0.5,2038
TCD,SSP5,Urban,pitNoSlab,0.01,0.626,2061
TCD,SSP5,Urban,pitNoSlab,0.02,0.597,2055
TCD,SSP5,Urban,pitNoSlab,0.05,0.572,2050
TGO,SSP1,Rural,compostingToilet,0.01,0.658,2042
TGO,SSP1,Rural,flushPit,0.01,0.838,2095
TGO,SSP1,Rural,flushPit,0.02,0.647,2040
TGO,SSP1,Rural,flushPit,0.05,0.63,2036
TGO,SSP1,Rural,flushUnknown,0.01,0.719,2058
TGO,SSP1,Rural,flushUnknown,0.02,0.706,2054
TGO,SSP1,Rural,flushUnknown,0.05,0.662,2043
TGO,SSP1,Rural,openDefecation,0.01,0.775,2075
TGO,SSP1,Rural,openDefecation,0.02,0.764,2072
TGO,SSP1,Rural,openDefecation,0.05,0.706,2054
TGO,SSP1,Rural,openDefecation,0.1,0.646,2040
TGO,SSP1,Rural,pitNoSlab,0.01,0.636,2038
TGO,SSP1,Rural,pitNoSlab,0.02,0.622,2035
TGO,SSP1,Rural,pitNoSlab,0.05,0.602,2030
TGO,SSP1,Rural,pitSlab,0.1,0.851,2099
TGO,SSP1,Urban,flushPit,0.02,0.738,2064
TGO,SSP1,Urban,flushPit,0.05,0.608,2032
TGO,SSP1,Urban,openDefecation,0.01,0.733,2062
TGO,SSP1,Urban,openDefecation,0.02,0.684,2048
TGO,SSP1,Urban,openDefecation,0.05,0.638,2038
TGO,SSP1,Urban,pitNoSlab,0.01,0.626,2036
TGO,SSP1,Urban,pitNoSlab,0.02,0.597,2029
TGO,SSP1,Urban,pitNoSlab,0.05,0.572,2025
TGO,SSP2,Rural,compostingToilet,0.01,0.658,2049
TGO,SSP2,Rural,flushPit,0.02,0.647,2046
TGO,SSP2,Rural,flushPit,0.05,0.63,2041
TGO,SSP2,Rural,flushUnknown,0.01,0.719,2070
TGO,SSP2,Rural,flushUnknown,0.02,0.706,2065
TGO,SSP2,Rural,flushUnknown,0.05,0.662,2051
TGO,SSP2,Rural,openDefecation,0.01,0.775,2088
TGO,SSP2,Rural,openDefecation,0.02,0.764,2085
TGO,SSP2,Rural,openDefecation,0.05,0.706,2065
TGO,SSP2,Rural,openDefecation,0.1,0.646,2046
TGO,SSP2,Rural,pitNoSlab,0.01,0.636,2043
TGO,SSP2,Rural,pitNoSlab,0.02,0.622,2039
TGO,SSP2,Rural,pitNoSlab,0.05,0.602,2033
TGO,SSP2,Urban,flushPit,0.02,0.738,2076
TGO,SSP2,Urban,flushPit,0.05,0.608,2035
TGO,SSP2,Urban,openDefecation,0.01,0.733,2074
TGO,SSP2,Urban,openDefecation,0.02,0.684,2058
TGO,SSP2,Urban,openDefecation,0.05,0.638,2044
TGO,SSP2,Urban,pitNoSlab,0.01,0.626,2040
TGO,SSP2,Urban,pitNoSlab,0.02,0.597,2032
TGO,SSP2,Urban,pitNoSlab,0.05,0.572,2025
TGO,SSP3,Rural,pitNoSlab,0.05,0.602,2069
TGO,SSP3,Urban,flushPit,0.05,0.608,2079
TGO,SSP3,Urban,pitNoSlab,0.02,0.597,2060
TGO,SSP3,Urban,pitNoSlab,0.05,0.572,2026
TGO,SSP4,Rural,flushPit,0.05,0.63,2087
TGO,SSP4,Rural,pitNoSlab,0.01,0.636,2093
TGO,SSP4,Rural,pitNoSlab,0.02,0.622,2078
TGO,SSP4,Rural,pitNoSlab,0.05,0.602,2057
TGO,SSP4,Urban,flushPit,0.05,0.608,2063
TGO,SSP4,Urban,openDefecation,0.05,0.638,2096
TGO,SSP4,Urban,pitNoSlab,0.01,0.626,2083
TGO,SSP4,Urban,pitNoSlab,0.02,0.597,2051
TGO,SSP4,Urban,pitNoSlab,0.05,0.572,2026
TGO,SSP5,Rural,compostingToilet,0.01,0.658,2041
TGO,SSP5,Rural,flushPit,0.01,0.838,2091
TGO,SSP5,Rural,flushPit,0.02,0.647,2039
TGO,SSP5,Rural,flushPit,0.05,0.63,2036
TGO,SSP5,Rural,flushUnknown,0.01,0.719,2055
TGO,SSP5,Rural,flushUnknown,0.02,0.706,2052
TGO,SSP5,Rural,flushUnknown,0.05,0.662,2042
TGO,SSP5,Rural,openDefecation,0.01,0.775,2072
TGO,SSP5,Rural,openDefecation,0.02,0.764,2069
TGO,SSP5,Rural,openDefecation,0.05,0.706,2052
TGO,SSP5,Rural,openDefecation,0.1,0.646,2039
TGO,SSP5,Rural,pitNoSlab,0.01,0.636,2037
TGO,SSP5,Rural,pitNoSlab,0.02,0.622,2034
TGO,SSP5,Rural,pitNoSlab,0.05,0.602,2030
TGO,SSP5,Rural,pitSlab,0.1,0.851,2095
TGO,SSP5,Urban,flushPit,0.02,0.738,2061
TGO,SSP5,Urban,flushPit,0.05,0.608,2031
TGO,SSP5,Urban,flushSeptic,0.1,0.865,2099
TGO,SSP5,Urban,openDefecation,0.01,0.733,2060
TGO,SSP5,Urban,openDefecation,0.02,0.684,2047
TGO,SSP5,Urban,openDefecation,0.05,0.638,2037
TGO,SSP5,Urban,pitNoSlab,0.01,0.626,2035
TGO,SSP5,Urban,pitNoSlab,0.02,0.597,2029
TGO,SSP5,Urban,pitNoSlab,0.05,0.572,2025
THA,SSP1,Rural,flushPit,0.01,0.838,2039
THA,SSP1,Rural,flushSeptic,0.1,0.898,2072
THA,SSP1,Rural,pitSlab,0.05,0.87,2051
THA,SSP1,Rural,pitSlab,0.1,0.851,2044
THA,SSP1,Urban,flushSeptic,0.1,0.865,2049
THA,SSP1,Urban,other,0.01,0.932,2096
THA,SSP1,Urban,pitSlab,0.05,0.867,2050
THA,SSP2,Rural,flushPit,0.01,0.838,2041
THA,SSP2,Rural,flushSeptic,0.1,0.898,2074
THA,SSP2,Rural,pitSlab,0.02,0.938,2099
THA,SSP2,Rural,pitSlab,0.05,0.87,2056
THA,SSP2,Rural,pitSlab,0.1,0.851,2046
THA,SSP2,Urban,flushSeptic,0.1,0.865,2053
THA,SSP2,Urban,other,0.01,0.932,2095
THA,SSP2,Urban,pitSlab,0.02,0.938,2099
THA,SSP2,Urban,pitSlab,0.05,0.867,2054
THA,SSP3,Rural,flushPit,0.01,0.838,2070
THA,SSP3,Rural,pitSlab,0.1,0.851,2094
THA,SSP4,Rural,flushPit,0.01,0.838,2054
THA,SSP4,Rural,pitSlab,0.05,0.87,2095
THA,SSP4,Rural,pitSlab,0.1,0.851,2071
THA,SSP4,Urban,flushSeptic,0.1,0.865,2088
THA,SSP4,Urban,pitSlab,0.05,0.867,2091
THA,SSP5,Rural,flushPit,0.01,0.838,2038
THA,SSP5,Rural,flushSeptic,0.1,0.898,2072
THA,SSP5,Rural,pitSlab,0.05,0.87,2051
THA,SSP5,Rural,pitSlab,0.1,0.851,2043
THA,SSP5,Urban,flushSeptic,0.1,0.865,2049
THA,SSP5,Urban,other,0.01,0.932,2097
THA,SSP5,Urban,pitSlab,0.05,0.867,2050
TJK,SSP1,Rural,flushUnknown,0.01,0.719,2030
TJK,SSP1,Rural,flushUnknown,0.02,0.706,2028
TJK,SSP1,Rural,openDefecation,0.01,0.775,2068
TJK,SSP1,Rural,openDefecation,0.02,0.764,2056
TJK,SSP1,Rural,openDefecation,0.05,0.706,2028
TJK,SSP1,Urban,flushPit,0.02,0.738,2039
TJK,SSP1,Urban,openDefecation,0.01,0.733,2036
TJK,SSP2,Rural,flushUnknown,0.01,0.719,2031
TJK,SSP2,Rural,flushUnknown,0.02,0.706,2028
TJK,SSP2,Rural,openDefecation,0.01,0.775,2074
TJK,SSP2,Rural,openDefecation,0.02,0.764,2063
TJK,SSP2,Rural,openDefecation,0.05,0.706,2028
TJK,SSP2,Urban,flushPit,0.02,0.738,2042
TJK,SSP2,Urban,openDefecation,0.01,0.733,2039
TJK,SSP3,Rural,flushUnknown,0.01,0.719,2034
TJK,SSP3,Rural,flushUnknown,0.02,0.706,2028
TJK,SSP3,Rural,openDefecation,0.01,0.775,2094
TJK,SSP3,Rural,openDefecation,0.02,0.764,2080
TJK,SSP3,Rural,openDefecation,0.05,0.706,2028
TJK,SSP3,Urban,flushPit,0.02,0.738,2048
TJK,SSP3,Urban,openDefecation,0.01,0.733,2045
TJK,SSP4,Rural,flushUnknown,0.01,0.719,2038
TJK,SSP4,Rural,flushUnknown,0.02,0.706,2029
TJK,SSP4,Rural,openDefecation,0.05,0.706,2029
TJK,SSP4,Urban,flushPit,0.02,0.738,2064
TJK,SSP4,Urban,openDefecation,0.01,0.733,2055
TJK,SSP5,Rural,flushUnknown,0.01,0.719,2030
TJK,SSP5,Rural,flushUnknown,0.02,0.706,2028
TJK,SSP5,Rural,openDefecation,0.01,0.775,2072
TJK,SSP5,Rural,openDefecation,0.02,0.764,2059
TJK,SSP5,Rural,openDefecation,0.05,0.706,2028
TJK,SSP5,Urban,flushPit,0.02,0.738,2039
TJK,SSP5,Urban,openDefecation,0.01,0.733,2037
TKL,SSP1,Rural,flushPit,0.01,0.838,2077
TKL,SSP1,Rural,openDefecation,0.01,0.775,2031
TKL,SSP1,Rural,openDefecation,0.02,0.764,2026
TKL,SSP1,Rural,pitSlab,0.1,0.851,2090
TKL,SSP2,Rural,flushPit,0.01,0.838,2093
TKL,SSP2,Rural,openDefecation,0.01,0.775,2041
TKL,SSP2,Rural,openDefecation,0.02,0.764,2034
TKL,SSP3,Rural,flushUnknown,0.01,0.719,2026
TKL,SSP3,Rural,openDefecation,0.02,0.764,2091
TKL,SSP3,Urban,flushPit,0.02,0.738,2046
TKL,SSP3,Urban,openDefecation,0.01,0.733,2040
TKL,SSP4,Rural,flushUnknown,0.01,0.719,2034
TKL,SSP4,Urban,flushPit,0.02,0.738,2060
TKL,SSP4,Urban,openDefecation,0.01,0.733,2050
TKL,SSP5,Rural,flushPit,0.01,0.838,2077
TKL,SSP5,Rural,openDefecation,0.01,0.775,2029
TKL,SSP5,Rural,openDefecation,0.02,0.764,2026
TKL,SSP5,Rural,pitSlab,0.1,0.851,2092
TKM,SSP1,Rural,openDefecation,0.01,0.775,2029
TKM,SSP1,Rural,openDefecation,0.02,0.764,2025
TKM,SSP2,Rural,openDefecation,0.01,0.775,2030
TKM,SSP2,Rural,openDefecation,0.02,0.764,2025
TKM,SSP3,Rural,openDefecation,0.01,0.775,2031
TKM,SSP3,Rural,openDefecation,0.02,0.764,2025
TKM,SSP4,Rural,openDefecation,0.01,0.775,2034
TKM,SSP4,Rural,openDefecation,0.02,0.764,2025
TKM,SSP5,Rural,openDefecation,0.01,0.775,2029
TKM,SSP5,Rural,openDefecation,0.02,0.764,2025
TLS,SSP1,Rural,compostingToilet,0.01,0.658,2028
TLS,SSP1,Rural,flushPit,0.01,0.838,2087
TLS,SSP1,Rural,flushPit,0.02,0.647,2027
TLS,SSP1,Rural,flushUnknown,0.01,0.719,2041
TLS,SSP1,Rural,flushUnknown,0.02,0.706,2038
TLS,SSP1,Rural,flushUnknown,0.05,0.662,2029
TLS,SSP1,Rural,openDefecation,0.01,0.775,2059
TLS,SSP1,Rural,openDefecation,0.02,0.764,2054
TLS,SSP1,Rural,openDefecation,0.05,0.706,2038
TLS,SSP1,Rural,openDefecation,0.1,0.646,2027
TLS,SSP1,Rural,pitNoSlab,0.01,0.636,2025
TLS,SSP1,Rural,pitSlab,0.1,0.851,2093
TLS,SSP1,Urban,flushPit,0.02,0.738,2046
TLS,SSP1,Urban,flushSeptic,0.1,0.865,2099
TLS,SSP1,Urban,openDefecation,0.01,0.733,2045
TLS,SSP1,Urban,openDefecation,0.02,0.684,2033
TLS,SSP1,Urban,openDefecation,0.05,0.638,2026
TLS,SSP2,Rural,compostingToilet,0.01,0.658,2029
TLS,SSP2,Rural,flushPit,0.01,0.838,2091
TLS,SSP2,Rural,flushPit,0.02,0.647,2027
TLS,SSP2,Rural,flushUnknown,0.01,0.719,2044
TLS,SSP2,Rural,flushUnknown,0.02,0.706,2040
TLS,SSP2,Rural,flushUnknown,0.05,0.662,2029
TLS,SSP2,Rural,openDefecation,0.01,0.775,2063
TLS,SSP2,Rural,openDefecation,0.02,0.764,2059
TLS,SSP2,Rural,openDefecation,0.05,0.706,2040
TLS,SSP2,Rural,openDefecation,0.1,0.646,2027
TLS,SSP2,Rural,pitNoSlab,0.01,0.636,2025
TLS,SSP2,Rural,pitSlab,0.1,0.851,2097
TLS,SSP2,Urban,flushPit,0.02,0.738,2048
TLS,SSP2,Urban,openDefecation,0.01,0.733,2047
TLS,SSP2,Urban,openDefecation,0.02,0.684,2034
TLS,SSP2,Urban,openDefecation,0.05,0.638,2026
TLS,SSP3,Rural,compostingToilet,0.01,0.658,2032
TLS,SSP3,Rural,flushPit,0.02,0.647,2028
TLS,SSP3,Rural,flushUnknown,0.01,0.719,2087
TLS,SSP3,Rural,flushUnknown,0.02,0.706,2071
TLS,SSP3,Rural,flushUnknown,0.05,0.662,2034
TLS,SSP3,Rural,openDefecation,0.05,0.706,2071
TLS,SSP3,Rural,openDefecation,0.1,0.646,2028
TLS,SSP3,Rural,pitNoSlab,0.01,0.636,2025
TLS,SSP3,Urban,openDefecation,0.02,0.684,2048
TLS,SSP3,Urban,openDefecation,0.05,0.638,2026
TLS,SSP4,Rural,compostingToilet,0.01,0.658,2035
TLS,SSP4,Rural,flushPit,0.02,0.647,2029
TLS,SSP4,Rural,flushUnknown,0.01,0.719,2091
TLS,SSP4,Rural,flushUnknown,0.02,0.706,2077
TLS,SSP4,Rural,flushUnknown,0.05,0.662,2038
TLS,SSP4,Rural,openDefecation,0.05,0.706,2077
TLS,SSP4,Rural,openDefecation,0.1,0.646,2029
TLS,SSP4,Rural,pitNoSlab,0.01,0.636,2026
TLS,SSP4,Urban,openDefecation,0.02,0.684,2053
TLS,SSP4,Urban,openDefecation,0.05,0.638,2026
TLS,SSP5,Rural,compostingToilet,0.01,0.658,2028
TLS,SSP5,Rural,flushPit,0.01,0.838,2088
TLS,SSP5,Rural,flushPit,0.02,0.647,2027
TLS,SSP5,Rural,flushUnknown,0.01,0.719,2041
TLS,SSP5,Rural,flushUnknown,0.02,0.706,2038
TLS,SSP5,Rural,flushUnknown,0.05,0.662,2029
TLS,SSP5,Rural,openDefecation,0.01,0.775,2058
TLS,SSP5,Rural,openDefecation,0.02,0.764,2053
TLS,SSP5,Rural,openDefecation,0.05,0.706,2038
TLS,SSP5,Rural,openDefecation,0.1,0.646,2027
TLS,SSP5,Rural,pitNoSlab,0.01,0.636,2025
TLS,SSP5,Rural,pitSlab,0.1,0.851,2094
TLS,SSP5,Urban,flushPit,0.02,0.738,2045
TLS,SSP5,Urban,openDefecation,0.01,0.733,2044
TLS,SSP5,Urban,openDefecation,0.02,0.684,2033
TLS,SSP5,Urban,openDefecation,0.05,0.638,2026
TON,SSP1,Rural,flushPit,0.01,0.838,2059
TON,SSP1,Rural,openDefecation,0.01,0.775,2027
TON,SSP1,Rural,pitSlab,0.05,0.87,2089
TON,SSP1,Rural,pitSlab,0.1,0.851,2071
TON,SSP1,Urban,flushSeptic,0.1,0.865,2084
TON,SSP1,Urban,pitSlab,0.05,0.867,2086
TON,SSP2,Rural,flushPit,0.01,0.838,2067
TON,SSP2,Rural,openDefecation,0.01,0.775,2028
TON,SSP2,Rural,pitSlab,0.05,0.87,2093
TON,SSP2,Rural,pitSlab,0.1,0.851,2078
TON,SSP2,Urban,flushSeptic,0.1,0.865,2089
TON,SSP2,Urban,pitSlab,0.05,0.867,2091
TON,SSP3,Rural,openDefecation,0.01,0.775,2028
TON,SSP4,Rural,openDefecation,0.01,0.775,2031
TON,SSP5,Rural,flushPit,0.01,0.838,2057
TON,SSP5,Rural,openDefecation,0.01,0.775,2027
TON,SSP5,Rural,pitSlab,0.05,0.87,2087
TON,SSP5,Rural,pitSlab,0.1,0.851,2069
TON,SSP5,Urban,flushSeptic,0.1,0.865,2082
TON,SSP5,Urban,pitSlab,0.05,0.867,2084
TTO,SSP1,Rural,flushPit,0.01,0.838,2064
TTO,SSP1,Rural,pitSlab,0.1,0.851,2086
TTO,SSP2,Rural,flushPit,0.01,0.838,2068
TTO,SSP2,Rural,pitSlab,0.1,0.851,2086
TTO,SSP3,Rural,flushPit,0.01,0.838,2067
TTO,SSP3,Rural,pitSlab,0.1,0.851,2088
TTO,SSP4,Rural,flushPit,0.01,0.838,2100
TTO,SSP5,Rural,flushPit,0.01,0.838,2068
TTO,SSP5,Rural,pitSlab,0.1,0.851,2094
TUN,SSP1,Rural,flushPit,0.01,0.838,2055
TUN,SSP1,Rural,flushSeptic,0.1,0.898,2092
TUN,SSP1,Rural,openDefecation,0.01,0.775,2034
TUN,SSP1,Rural,openDefecation,0.02,0.764,2030
TUN,SSP1,Rural,pitSlab,0.05,0.87,2075
TUN,SSP1,Rural,pitSlab,0.1,0.851,2063
TUN,SSP1,Urban,flushSeptic,0.1,0.865,2072
TUN,SSP1,Urban,pitSlab,0.05,0.867,2073
TUN,SSP2,Rural,flushPit,0.01,0.838,2057
TUN,SSP2,Rural,flushSeptic,0.1,0.898,2089
TUN,SSP2,Rural,openDefecation,0.01,0.775,2034
TUN,SSP2,Rural,openDefecation,0.02,0.764,2031
TUN,SSP2,Rural,pitSlab,0.05,0.87,2074
TUN,SSP2,Rural,pitSlab,0.1,0.851,2064
TUN,SSP2,Urban,flushSeptic,0.1,0.865,2072
TUN,SSP2,Urban,pitSlab,0.05,0.867,2073
TUN,SSP3,Rural,flushPit,0.01,0.838,2088
TUN,SSP3,Rural,openDefecation,0.01,0.775,2041
TUN,SSP3,Rural,openDefecation,0.02,0.764,2035
TUN,SSP3,Rural,pitSlab,0.1,0.851,2099
TUN,SSP4,Rural,flushPit,0.01,0.838,2065
TUN,SSP4,Rural,flushSeptic,0.1,0.898,2098
TUN,SSP4,Rural,openDefecation,0.01,0.775,2037
TUN,SSP4,Rural,openDefecation,0.02,0.764,2033
TUN,SSP4,Rural,pitSlab,0.05,0.87,2083
TUN,SSP4,Rural,pitSlab,0.1,0.851,2072
TUN,SSP4,Urban,flushSeptic,0.1,0.865,2080
TUN,SSP4,Urban,pitSlab,0.05,0.867,2081
TUN,SSP5,Rural,flushPit,0.01,0.838,2054
TUN,SSP5,Rural,flushSeptic,0.1,0.898,2090
TUN,SSP5,Rural,openDefecation,0.01,0.775,2033
TUN,SSP5,Rural,openDefecation,0.02,0.764,2030
TUN,SSP5,Rural,pitSlab,0.05,0.87,2073
TUN,SSP5,Rural,pitSlab,0.1,0.851,2062
TUN,SSP5,Urban,flushSeptic,0.1,0.865,2070
TUN,SSP5,Urban,pitSlab,0.05,0.867,2072
TUR,SSP1,Rural,flushSeptic,0.1,0.898,2042
TUR,SSP1,Rural,pitSlab,0.01,0.944,2068
TUR,SSP1,Rural,pitSlab,0.02,0.938,2064
TUR,SSP1,Rural,pitSlab,0.05,0.87,2030
TUR,SSP1,Urban,flushSeptic,0.1,0.865,2029
TUR,SSP1,Urban,other,0.01,0.932,2059
TUR,SSP1,Urban,pitSlab,0.01,0.944,2068
TUR,SSP1,Urban,pitSlab,0.02,0.938,2064
TUR,SSP1,Urban,pitSlab,0.05,0.867,2029
TUR,SSP2,Rural,flushSeptic,0.1,0.898,2044
TUR,SSP2,Rural,pitSlab,0.01,0.944,2069
TUR,SSP2,Rural,pitSlab,0.02,0.938,2065
TUR,SSP2,Rural,pitSlab,0.05,0.87,2031
TUR,SSP2,Urban,flushSeptic,0.1,0.865,2029
TUR,SSP2,Urban,other,0.01,0.932,2062
TUR,SSP2,Urban,pitSlab,0.01,0.944,2069
TUR,SSP2,Urban,pitSlab,0.02,0.938,2065
TUR,SSP2,Urban,pitSlab,0.05,0.867,2030
TUR,SSP3,Rural,pitSlab,0.05,0.87,2045
TUR,SSP3,Urban,flushSeptic,0.1,0.865,2039
TUR,SSP3,Urban,pitSlab,0.05,0.867,2041
TUR,SSP4,Rural,flushSeptic,0.1,0.898,2085
TUR,SSP4,Rural,pitSlab,0.05,0.87,2042
TUR,SSP4,Urban,flushSeptic,0.1,0.865,2037
TUR,SSP4,Urban,pitSlab,0.05,0.867,2039
TUR,SSP5,Rural,flushSeptic,0.1,0.898,2042
TUR,SSP5,Rural,pitSlab,0.01,0.944,2068
TUR,SSP5,Rural,pitSlab,0.02,0.938,2064
TUR,SSP5,Rural,pitSlab,0.05,0.87,2030
TUR,SSP5,Urban,flushSeptic,0.1,0.865,2028
TUR,SSP5,Urban,other,0.01,0.932,2060
TUR,SSP5,Urban,pitSlab,0.01,0.944,2068
TUR,SSP5,Urban,pitSlab,0.02,0.938,2064
TUR,SSP5,Urban,pitSlab,0.05,0.867,2029
TUV,SSP1,Rural,flushUnknown,0.01,0.719,2038
TUV,SSP1,Rural,flushUnknown,0.02,0.706,2032
TUV,SSP1,Rural,openDefecation,0.01,0.775,2085
TUV,SSP1,Rural,openDefecation,0.02,0.764,2073
TUV,SSP1,Rural,openDefecation,0.05,0.706,2032
TUV,SSP1,Urban,flushPit,0.02,0.738,2048
TUV,SSP1,Urban,openDefecation,0.01,0.733,2045
TUV,SSP2,Rural,flushUnknown,0.01,0.719,2041
TUV,SSP2,Rural,flushUnknown,0.02,0.706,2033
TUV,SSP2,Rural,openDefecation,0.01,0.775,2086
TUV,SSP2,Rural,openDefecation,0.02,0.764,2076
TUV,SSP2,Rural,openDefecation,0.05,0.706,2033
TUV,SSP2,Urban,flushPit,0.02,0.738,2053
TUV,SSP2,Urban,openDefecation,0.01,0.733,2049
TUV,SSP3,Rural,flushUnknown,0.01,0.719,2059
TUV,SSP3,Rural,flushUnknown,0.02,0.706,2041
TUV,SSP3,Rural,openDefecation,0.05,0.706,2041
TUV,SSP3,Urban,flushPit,0.02,0.738,2094
TUV,SSP3,Urban,openDefecation,0.01,0.733,2085
TUV,SSP4,Rural,flushUnknown,0.01,0.719,2062
TUV,SSP4,Rural,flushUnknown,0.02,0.706,2042
TUV,SSP4,Rural,openDefecation,0.05,0.706,2042
TUV,SSP4,Urban,flushPit,0.02,0.738,2098
TUV,SSP4,Urban,openDefecation,0.01,0.733,2088
TUV,SSP5,Rural,flushUnknown,0.01,0.719,2037
TUV,SSP5,Rural,flushUnknown,0.02,0.706,2031
TUV,SSP5,Rural,openDefecation,0.01,0.775,2087
TUV,SSP5,Rural,openDefecation,0.02,0.764,2074
TUV,SSP5,Rural,openDefecation,0.05,0.706,2031
TUV,SSP5,Urban,flushPit,0.02,0.738,2047
TUV,SSP5,Urban,openDefecation,0.01,0.733,2045
TZA,SSP1,Rural,compostingToilet,0.01,0.658,2052
TZA,SSP1,Rural,flushPit,0.02,0.647,2049
TZA,SSP1,Rural,flushPit,0.05,0.63,2044
TZA,SSP1,Rural,flushUnknown,0.01,0.719,2073
TZA,SSP1,Rural,flushUnknown,0.02,0.706,2069
TZA,SSP1,Rural,flushUnknown,0.05,0.662,2053
TZA,SSP1,Rural,openDefecation,0.01,0.775,2093
TZA,SSP1,Rural,openDefecation,0.02,0.764,2089
TZA,SSP1,Rural,openDefecation,0.05,0.706,2069
TZA,SSP1,Rural,openDefecation,0.1,0.646,2048
TZA,SSP1,Rural,pitNoSlab,0.01,0.636,2046
TZA,SSP1,Rural,pitNoSlab,0.02,0.622,2042
TZA,SSP1,Rural,pitNoSlab,0.05,0.602,2037
TZA,SSP1,Urban,flushPit,0.02,0.738,2080
TZA,SSP1,Urban,flushPit,0.05,0.608,2039
TZA,SSP1,Urban,openDefecation,0.01,0.733,2078
TZA,SSP1,Urban,openDefecation,0.02,0.684,2061
TZA,SSP1,Urban,openDefecation,0.05,0.638,2046
TZA,SSP1,Urban,pitNoSlab,0.01,0.626,2043
TZA,SSP1,Urban,pitNoSlab,0.02,0.597,2036
TZA,SSP1,Urban,pitNoSlab,0.05,0.572,2029
TZA,SSP2,Rural,compostingToilet,0.01,0.658,2072
TZA,SSP2,Rural,flushPit,0.02,0.647,2067
TZA,SSP2,Rural,flushPit,0.05,0.63,2059
TZA,SSP2,Rural,flushUnknown,0.01,0.719,2100
TZA,SSP2,Rural,flushUnknown,0.02,0.706,2094
TZA,SSP2,Rural,flushUnknown,0.05,0.662,2074
TZA,SSP2,Rural,openDefecation,0.05,0.706,2094
TZA,SSP2,Rural,openDefecation,0.1,0.646,2067
TZA,SSP2,Rural,pitNoSlab,0.01,0.636,2062
TZA,SSP2,Rural,pitNoSlab,0.02,0.622,2056
TZA,SSP2,Rural,pitNoSlab,0.05,0.602,2047
TZA,SSP2,Urban,flushPit,0.05,0.608,2050
TZA,SSP2,Urban,openDefecation,0.02,0.684,2084
TZA,SSP2,Urban,openDefecation,0.05,0.638,2063
TZA,SSP2,Urban,pitNoSlab,0.01,0.626,2058
TZA,SSP2,Urban,pitNoSlab,0.02,0.597,2044
TZA,SSP2,Urban,pitNoSlab,0.05,0.572,2033
TZA,SSP4,Urban,pitNoSlab,0.05,0.572,2069
TZA,SSP5,Rural,compostingToilet,0.01,0.658,2049
TZA,SSP5,Rural,flushPit,0.02,0.647,2046
TZA,SSP5,Rural,flushPit,0.05,0.63,2042
TZA,SSP5,Rural,flushUnknown,0.01,0.719,2068
TZA,SSP5,Rural,flushUnknown,0.02,0.706,2064
TZA,SSP5,Rural,flushUnknown,0.05,0.662,2050
TZA,SSP5,Rural,openDefecation,0.01,0.775,2087
TZA,SSP5,Rural,openDefecation,0.02,0.764,2083
TZA,SSP5,Rural,openDefecation,0.05,0.706,2064
TZA,SSP5,Rural,openDefecation,0.1,0.646,2046
TZA,SSP5,Rural,pitNoSlab,0.01,0.636,2044
TZA,SSP5,Rural,pitNoSlab,0.02,0.622,2040
TZA,SSP5,Rural,pitNoSlab,0.05,0.602,2035
TZA,SSP5,Urban,flushPit,0.02,0.738,2075
TZA,SSP5,Urban,flushPit,0.05,0.608,2037
TZA,SSP5,Urban,openDefecation,0.01,0.733,2073
TZA,SSP5,Urban,openDefecation,0.02,0.684,2057
TZA,SSP5,Urban,openDefecation,0.05,0.638,2044
TZA,SSP5,Urban,pitNoSlab,0.01,0.626,2041
TZA,SSP5,Urban,pitNoSlab,0.02,0.597,2034
TZA,SSP5,Urban,pitNoSlab,0.05,0.572,2029
UGA,SSP1,Rural,compostingToilet,0.01,0.658,2040
UGA,SSP1,Rural,flushPit,0.01,0.838,2089
UGA,SSP1,Rural,flushPit,0.02,0.647,2038
UGA,SSP1,Rural,flushPit,0.05,0.63,2034
UGA,SSP1,Rural,flushUnknown,0.01,0.719,2053
UGA,SSP1,Rural,flushUnknown,0.02,0.706,2050
UGA,SSP1,Rural,flushUnknown,0.05,0.662,2041
UGA,SSP1,Rural,openDefecation,0.01,0.775,2070
UGA,SSP1,Rural,openDefecation,0.02,0.764,2067
UGA,SSP1,Rural,openDefecation,0.05,0.706,2050
UGA,SSP1,Rural,openDefecation,0.1,0.646,2037
UGA,SSP1,Rural,pitNoSlab,0.01,0.636,2035
UGA,SSP1,Rural,pitNoSlab,0.02,0.622,2032
UGA,SSP1,Rural,pitNoSlab,0.05,0.602,2029
UGA,SSP1,Rural,pitSlab,0.05,0.87,2098
UGA,SSP1,Rural,pitSlab,0.1,0.851,2093
UGA,SSP1,Urban,flushPit,0.02,0.738,2059
UGA,SSP1,Urban,flushPit,0.05,0.608,2030
UGA,SSP1,Urban,flushSeptic,0.1,0.865,2097
UGA,SSP1,Urban,openDefecation,0.01,0.733,2057
UGA,SSP1,Urban,openDefecation,0.02,0.684,2045
UGA,SSP1,Urban,openDefecation,0.05,0.638,2036
UGA,SSP1,Urban,pitNoSlab,0.01,0.626,2033
UGA,SSP1,Urban,pitNoSlab,0.02,0.597,2028
UGA,SSP1,Urban,pitSlab,0.05,0.867,2097
UGA,SSP2,Rural,compostingToilet,0.01,0.658,2048
UGA,SSP2,Rural,flushPit,0.02,0.647,2045
UGA,SSP2,Rural,flushPit,0.05,0.63,2040
UGA,SSP2,Rural,flushUnknown,0.01,0.719,2068
UGA,SSP2,Rural,flushUnknown,0.02,0.706,2064
UGA,SSP2,Rural,flushUnknown,0.05,0.662,2050
UGA,SSP2,Rural,openDefecation,0.01,0.775,2086
UGA,SSP2,Rural,openDefecation,0.02,0.764,2083
UGA,SSP2,Rural,openDefecation,0.05,0.706,2064
UGA,SSP2,Rural,openDefecation,0.1,0.646,2045
UGA,SSP2,Rural,pitNoSlab,0.01,0.636,2042
UGA,SSP2,Rural,pitNoSlab,0.02,0.622,2037
UGA,SSP2,Rural,pitNoSlab,0.05,0.602,2031
UGA,SSP2,Urban,flushPit,0.02,0.738,2074
UGA,SSP2,Urban,flushPit,0.05,0.608,2033
UGA,SSP2,Urban,openDefecation,0.01,0.733,2073
UGA,SSP2,Urban,openDefecation,0.02,0.684,2057
UGA,SSP2,Urban,openDefecation,0.05,0.638,2042
UGA,SSP2,Urban,pitNoSlab,0.01,0.626,2039
UGA,SSP2,Urban,pitNoSlab,0.02,0.597,2030
UGA,SSP3,Rural,pitNoSlab,0.05,0.602,2087
UGA,SSP3,Urban,pitNoSlab,0.02,0.597,2070
UGA,SSP4,Rural,flushPit,0.05,0.63,2097
UGA,SSP4,Rural,pitNoSlab,0.02,0.622,2086
UGA,SSP4,Rural,pitNoSlab,0.05,0.602,2058
UGA,SSP4,Urban,flushPit,0.05,0.608,2067
UGA,SSP4,Urban,pitNoSlab,0.01,0.626,2092
UGA,SSP4,Urban,pitNoSlab,0.02,0.597,2051
UGA,SSP5,Rural,compostingToilet,0.01,0.658,2039
UGA,SSP5,Rural,flushPit,0.01,0.838,2084
UGA,SSP5,Rural,flushPit,0.02,0.647,2036
UGA,SSP5,Rural,flushPit,0.05,0.63,2033
UGA,SSP5,Rural,flushUnknown,0.01,0.719,2050
UGA,SSP5,Rural,flushUnknown,0.02,0.706,2048
UGA,SSP5,Rural,flushUnknown,0.05,0.662,2039
UGA,SSP5,Rural,openDefecation,0.01,0.775,2066
UGA,SSP5,Rural,openDefecation,0.02,0.764,2063
UGA,SSP5,Rural,openDefecation,0.05,0.706,2048
UGA,SSP5,Rural,openDefecation,0.1,0.646,2036
UGA,SSP5,Rural,pitNoSlab,0.01,0.636,2034
UGA,SSP5,Rural,pitNoSlab,0.02,0.622,2032
UGA,SSP5,Rural,pitNoSlab,0.05,0.602,2028
UGA,SSP5,Rural,pitSlab,0.05,0.87,2093
UGA,SSP5,Rural,pitSlab,0.1,0.851,2088
UGA,SSP5,Urban,flushPit,0.02,0.738,2056
UGA,SSP5,Urban,flushPit,0.05,0.608,2029
UGA,SSP5,Urban,flushSeptic,0.1,0.865,2092
UGA,SSP5,Urban,openDefecation,0.01,0.733,2054
UGA,SSP5,Urban,openDefecation,0.02,0.684,2044
UGA,SSP5,Urban,openDefecation,0.05,0.638,2035
UGA,SSP5,Urban,pitNoSlab,0.01,0.626,2032
UGA,SSP5,Urban,pitNoSlab,0.02,0.597,2027
UGA,SSP5,Urban,pitSlab,0.05,0.867,2092
UKR,SSP1,Rural,flushPit,0.01,0.838,2061
UKR,SSP1,Rural,pitSlab,0.05,0.87,2099
UKR,SSP1,Rural,pitSlab,0.1,0.851,2076
UKR,SSP1,Urban,flushSeptic,0.1,0.865,2093
UKR,SSP1,Urban,pitSlab,0.05,0.867,2095
UKR,SSP2,Rural,flushPit,0.01,0.838,2065
UKR,SSP2,Rural,pitSlab,0.05,0.87,2098
UKR,SSP2,Rural,pitSlab,0.1,0.851,2079
UKR,SSP2,Urban,flushSeptic,0.1,0.865,2093
UKR,SSP2,Urban,pitSlab,0.05,0.867,2095
UKR,SSP3,Rural,flushPit,0.01,0.838,2072
UKR,SSP3,Rural,pitSlab,0.1,0.851,2086
UKR,SSP4,Rural,flushPit,0.01,0.838,2071
UKR,SSP4,Rural,pitSlab,0.1,0.851,2084
UKR,SSP4,Urban,flushSeptic,0.1,0.865,2099
UKR,SSP5,Rural,flushPit,0.01,0.838,2060
UKR,SSP5,Rural,pitSlab,0.05,0.87,2099
UKR,SSP5,Rural,pitSlab,0.1,0.851,2076
UKR,SSP5,Urban,flushSeptic,0.1,0.865,2093
UKR,SSP5,Urban,pitSlab,0.05,0.867,2095
UMI,SSP1,Rural,flushPit,0.01,0.838,2077
UMI,SSP1,Rural,openDefecation,0.01,0.775,2031
UMI,SSP1,Rural,openDefecation,0.02,0.764,2026
UMI,SSP1,Rural,pitSlab,0.1,0.851,2090
UMI,SSP2,Rural,flushPit,0.01,0.838,2093
UMI,SSP2,Rural,openDefecation,0.01,0.775,2041
UMI,SSP2,Rural,openDefecation,0.02,0.764,2034
UMI,SSP3,Rural,flushUnknown,0.01,0.719,2026
UMI,SSP3,Rural,openDefecation,0.02,0.764,2091
UMI,SSP3,Urban,flushPit,0.02,0.738,2046
UMI,SSP3,Urban,openDefecation,0.01,0.733,2040
UMI,SSP4,Rural,flushUnknown,0.01,0.719,2034
UMI,SSP4,Urban,flushPit,0.02,0.738,2060
UMI,SSP4,Urban,openDefecation,0.01,0.733,2050
UMI,SSP5,Rural,flushPit,0.01,0.838,2077
UMI,SSP5,Rural,openDefecation,0.01,0.775,2029
UMI,SSP5,Rural,openDefecation,0.02,0.764,2026
UMI,SSP5,Rural,pitSlab,0.1,0.851,2092
URY,SSP1,Rural,flushSeptic,0.1,0.898,2043
URY,SSP1,Rural,pitSlab,0.01,0.944,2083
URY,SSP1,Rural,pitSlab,0.02,0.938,2077
URY,SSP1,Rural,pitSlab,0.05,0.87,2028
URY,SSP1,Urban,flushSeptic,0.1,0.865,2026
URY,SSP1,Urban,other,0.01,0.932,2071
URY,SSP1,Urban,pitSlab,0.01,0.944,2083
URY,SSP1,Urban,pitSlab,0.02,0.938,2077
URY,SSP1,Urban,pitSlab,0.05,0.867,2027
URY,SSP2,Rural,flushSeptic,0.1,0.898,2045
URY,SSP2,Rural,pitSlab,0.01,0.944,2084
URY,SSP2,Rural,pitSlab,0.02,0.938,2079
URY,SSP2,Rural,pitSlab,0.05,0.87,2028
URY,SSP2,Urban,flushSeptic,0.1,0.865,2026
URY,SSP2,Urban,other,0.01,0.932,2074
URY,SSP2,Urban,pitSlab,0.01,0.944,2084
URY,SSP2,Urban,pitSlab,0.02,0.938,2079
URY,SSP2,Urban,pitSlab,0.05,0.867,2027
URY,SSP3,Rural,flushSeptic,0.1,0.898,2081
URY,SSP3,Rural,pitSlab,0.05,0.87,2031
URY,SSP3,Urban,flushSeptic,0.1,0.865,2027
URY,SSP3,Urban,pitSlab,0.05,0.867,2029
URY,SSP4,Rural,flushSeptic,0.1,0.898,2075
URY,SSP4,Rural,pitSlab,0.05,0.87,2031
URY,SSP4,Urban,flushSeptic,0.1,0.865,2027
URY,SSP4,Urban,pitSlab,0.05,0.867,2029
URY,SSP5,Rural,flushSeptic,0.1,0.898,2044
URY,SSP5,Rural,pitSlab,0.01,0.944,2086
URY,SSP5,Rural,pitSlab,0.02,0.938,2080
URY,SSP5,Rural,pitSlab,0.05,0.87,2028
URY,SSP5,Urban,flushSeptic,0.1,0.865,2026
URY,SSP5,Urban,other,0.01,0.932,2074
URY,SSP5,Urban,pitSlab,0.01,0.944,2086
URY,SSP5,Urban,pitSlab,0.02,0.938,2080
URY,SSP5,Urban,pitSlab,0.05,0.867,2027
USA,SSP1,Rural,pitSlab,0.01,0.944,2030
USA,SSP1,Rural,pitSlab,0.02,0.938,2025
USA,SSP1,Urban,pitSlab,0.01,0.944,2030
USA,SSP1,Urban,pitSlab,0.02,0.938,2025
USA,SSP2,Rural,pitSlab,0.01,0.944,2032
USA,SSP2,Rural,pitSlab,0.02,0.938,2025
USA,SSP2,Urban,pitSlab,0.01,0.944,2032
USA,SSP2,Urban,pitSlab,0.02,0.938,2025
USA,SSP3,Rural,pitSlab,0.01,0.944,2035
USA,SSP3,Rural,pitSlab,0.02,0.938,2025
USA,SSP3,Urban,pitSlab,0.01,0.944,2035
USA,SSP3,Urban,pitSlab,0.02,0.938,2025
USA,SSP4,Rural,pitSlab,0.01,0.944,2035
USA,SSP4,Rural,pitSlab,0.02,0.938,2025
USA,SSP4,Urban,pitSlab,0.01,0.944,2035
USA,SSP4,Urban,pitSlab,0.02,0.938,2025
USA,SSP5,Rural,pitSlab,0.01,0.944,2030
USA,SSP5,Rural,pitSlab,0.02,0.938,2025
USA,SSP5,Urban,pitSlab,0.01,0.944,2030
USA,SSP5,Urban,pitSlab,0.02,0.938,2025
UZB,SSP1,Rural,flushPit,0.01,0.838,2079
UZB,SSP1,Rural,openDefecation,0.01,0.775,2038
UZB,SSP1,Rural,openDefecation,0.02,0.764,2033
UZB,SSP1,Rural,pitSlab,0.1,0.851,2089
UZB,SSP2,Rural,flushPit,0.01,0.838,2082
UZB,SSP2,Rural,openDefecation,0.01,0.775,2040
UZB,SSP2,Rural,openDefecation,0.02,0.764,2034
UZB,SSP2,Rural,pitSlab,0.1,0.851,2092
UZB,SSP3,Rural,openDefecation,0.01,0.775,2063
UZB,SSP3,Rural,openDefecation,0.02,0.764,2046
UZB,SSP4,Rural,openDefecation,0.01,0.775,2059
UZB,SSP4,Rural,openDefecation,0.02,0.764,2045
UZB,SSP5,Rural,flushPit,0.01,0.838,2079
UZB,SSP5,Rural,openDefecation,0.01,0.775,2037
UZB,SSP5,Rural,openDefecation,0.02,0.764,2032
UZB,SSP5,Rural,pitSlab,0.1,0.851,2090
VAT,SSP1,Rural,flushPit,0.01,0.838,2029
VAT,SSP1,Rural,pitSlab,0.05,0.87,2059
VAT,SSP1,Rural,pitSlab,0.1,0.851,2038
VAT,SSP1,Urban,flushSeptic,0.1,0.865,2049
VAT,SSP1,Urban,pitSlab,0.05,0.867,2052
VAT,SSP2,Rural,flushPit,0.01,0.838,2034
VAT,SSP2,Rural,pitSlab,0.05,0.87,2072
VAT,SSP2,Rural,pitSlab,0.1,0.851,2046
VAT,SSP2,Urban,flushSeptic,0.1,0.865,2064
VAT,SSP2,Urban,pitSlab,0.05,0.867,2067
VAT,SSP3,Rural,flushPit,0.01,0.838,2074
VAT,SSP3,Rural,pitSlab,0.1,0.851,2098
VAT,SSP4,Rural,flushPit,0.01,0.838,2076
VAT,SSP5,Rural,flushPit,0.01,0.838,2028
VAT,SSP5,Rural,pitSlab,0.05,0.87,2062
VAT,SSP5,Rural,pitSlab,0.1,0.851,2037
VAT,SSP5,Urban,flushSeptic,0.1,0.865,2049
VAT,SSP5,Urban,pitSlab,0.05,0.867,2053
VCT,SSP1,Rural,flushPit,0.01,0.838,2046
VCT,SSP1,Rural,pitSlab,0.05,0.87,2077
VCT,SSP1,Rural,pitSlab,0.1,0.851,2057
VCT,SSP1,Urban,flushSeptic,0.1,0.865,2071
VCT,SSP1,Urban,pitSlab,0.05,0.867,2073
VCT,SSP2,Rural,flushPit,0.01,0.838,2052
VCT,SSP2,Rural,pitSlab,0.05,0.87,2083
VCT,SSP2,Rural,pitSlab,0.1,0.851,2064
VCT,SSP2,Urban,flushSeptic,0.1,0.865,2078
VCT,SSP2,Urban,pitSlab,0.05,0.867,2080
VCT,SSP5,Rural,flushPit,0.01,0.838,2048
VCT,SSP5,Rural,pitSlab,0.05,0.87,2080
VCT,SSP5,Rural,pitSlab,0.1,0.851,2060
VCT,SSP5,Urban,flushSeptic,0.1,0.865,2075
VCT,SSP5,Urban,pitSlab,0.05,0.867,2077
VEN,SSP1,Rural,flushUnknown,0.01,0.719,2028
VEN,SSP1,Rural,openDefecation,0.01,0.775,2068
VEN,SSP1,Rural,openDefecation,0.02,0.764,2055
VEN,SSP1,Urban,flushPit,0.02,0.738,2037
VEN,SSP1,Urban,openDefecation,0.01,0.733,2034
VEN,SSP2,Rural,flushUnknown,0.01,0.719,2028
VEN,SSP2,Rural,openDefecation,0.01,0.775,2068
VEN,SSP2,Rural,openDefecation,0.02,0.764,2058
VEN,SSP2,Urban,flushPit,0.02,0.738,2039
VEN,SSP2,Urban,openDefecation,0.01,0.733,2036
VEN,SSP3,Rural,flushUnknown,0.01,0.719,2033
VEN,SSP3,Urban,flushPit,0.02,0.738,2088
VEN,SSP3,Urban,openDefecation,0.01,0.733,2067
VEN,SSP4,Rural,flushUnknown,0.01,0.719,2033
VEN,SSP4,Urban,flushPit,0.02,0.738,2079
VEN,SSP4,Urban,openDefecation,0.01,0.733,2061
VEN,SSP5,Rural,flushUnknown,0.01,0.719,2028
VEN,SSP5,Rural,openDefecation,0.01,0.775,2070
VEN,SSP5,Rural,openDefecation,0.02,0.764,2056
VEN,SSP5,Urban,flushPit,0.02,0.738,2037
VEN,SSP5,Urban,openDefecation,0.01,0.733,2034
VGB,SSP1,Rural,flushPit,0.01,0.838,2093
VGB,SSP1,Rural,openDefecation,0.01,0.775,2045
VGB,SSP1,Rural,openDefecation,0.02,0.764,2040
VGB,SSP1,Urban,flushPit,0.02,0.738,2029
VGB,SSP1,Urban,openDefecation,0.01,0.733,2027
VGB,SSP2,Rural,flushUnknown,0.01,0.719,2030
VGB,SSP2,Rural,openDefecation,0.01,0.775,2062
VGB,SSP2,Rural,openDefecation,0.02,0.764,2054
VGB,SSP2,Urban,flushPit,0.02,0.738,2039
VGB,SSP2,Urban,openDefecation,0.01,0.733,2037
VGB,SSP3,Rural,flushUnknown,0.02,0.706,2084
VGB,SSP3,Rural,openDefecation,0.05,0.706,2084
VGB,SSP3,Urban,openDefecation,0.02,0.684,2041
VGB,SSP4,Rural,flushUnknown,0.02,0.706,2085
VGB,SSP4,Rural,flushUnknown,0.05,0.662,2025
VGB,SSP4,Rural,openDefecation,0.05,0.706,2085
VGB,SSP4,Urban,openDefecation,0.02,0.684,2049
VGB,SSP5,Rural,flushPit,0.01,0.838,2092
VGB,SSP5,Rural,openDefecation,0.01,0.775,2044
VGB,SSP5,Rural,openDefecation,0.02,0.764,2039
VGB,SSP5,Urban,flushPit,0.02,0.738,2028
VGB,SSP5,Urban,openDefecation,0.01,0.733,2027
VIR,SSP1,Rural,flushPit,0.01,0.838,2093
VIR,SSP1,Rural,openDefecation,0.01,0.775,2045
VIR,SSP1,Rural,openDefecation,0.02,0.764,2040
VIR,SSP1,Urban,flushPit,0.02,0.738,2029
VIR,SSP1,Urban,openDefecation,0.01,0.733,2027
VIR,SSP2,Rural,flushUnknown,0.01,0.719,2030
VIR,SSP2,Rural,openDefecation,0.01,0.775,2062
VIR,SSP2,Rural,openDefecation,0.02,0.764,2054
VIR,SSP2,Urban,flushPit,0.02,0.738,2039
VIR,SSP2,Urban,openDefecation,0.01,0.733,2037
VIR,SSP3,Rural,flushUnknown,0.02,0.706,2084
VIR,SSP3,Rural,openDefecation,0.05,0.706,2084
VIR,SSP3,Urban,openDefecation,0.02,0.684,2041
VIR,SSP4,Rural,flushUnknown,0.02,0.706,2085
VIR,SSP4,Rural,flushUnknown,0.05,0.662,2025
VIR,SSP4,Rural,openDefecation,0.05,0.706,2085
VIR,SSP4,Urban,openDefecation,0.02,0.684,2049
VIR,SSP5,Rural,flushPit,0.01,0.838,2092
VIR,SSP5,Rural,openDefecation,0.01,0.775,2044
VIR,SSP5,Rural,openDefecation,0.02,0.764,2039
VIR,SSP5,Urban,flushPit,0.02,0.738,2028
VIR,SSP5,Urban,openDefecation,0.01,0.733,2027
VNM,SSP1,Rural,flushPit,0.01,0.838,2050
VNM,SSP1,Rural,flushSeptic,0.1,0.898,2086
VNM,SSP1,Rural,openDefecation,0.01,0.775,2027
VNM,SSP1,Rural,pitSlab,0.05,0.87,2069
VNM,SSP1,Rural,pitSlab,0.1,0.851,2058
VNM,SSP1,Urban,flushSeptic,0.1,0.865,2066
VNM,SSP1,Urban,pitSlab,0.05,0.867,2067
VNM,SSP2,Rural,flushPit,0.01,0.838,2057
VNM,SSP2,Rural,flushSeptic,0.1,0.898,2092
VNM,SSP2,Rural,openDefecation,0.01,0.775,2027
VNM,SSP2,Rural,pitSlab,0.05,0.87,2076
VNM,SSP2,Rural,pitSlab,0.1,0.851,2065
VNM,SSP2,Urban,flushSeptic,0.1,0.865,2073
VNM,SSP2,Urban,pitSlab,0.05,0.867,2074
VNM,SSP3,Rural,flushPit,0.01,0.838,2090
VNM,SSP3,Rural,openDefecation,0.01,0.775,2028
VNM,SSP4,Rural,flushPit,0.01,0.838,2079
VNM,SSP4,Rural,openDefecation,0.01,0.775,2028
VNM,SSP4,Rural,pitSlab,0.1,0.851,2091
VNM,SSP5,Rural,flushPit,0.01,0.838,2050
VNM,SSP5,Rural,flushSeptic,0.1,0.898,2086
VNM,SSP5,Rural,openDefecation,0.01,0.775,2027
VNM,SSP5,Rural,pitSlab,0.05,0.87,2069
VNM,SSP5,Rural,pitSlab,0.1,0.851,2057
VNM,SSP5,Urban,flushSeptic,0.1,0.865,2066
VNM,SSP5,Urban,pitSlab,0.05,0.867,2067
VUT,SSP1,Rural,compostingToilet,0.01,0.658,2035
VUT,SSP1,Rural,flushPit,0.02,0.647,2031
VUT,SSP1,Rural,flushPit,0.05,0.63,2027
VUT,SSP1,Rural,flushUnknown,0.01,0.719,2059
VUT,SSP1,Rural,flushUnknown,0.02,0.706,2052
VUT,SSP1,Rural,flushUnknown,0.05,0.662,2036
VUT,SSP1,Rural,openDefecation,0.01,0.775,2088
VUT,SSP1,Rural,openDefecation,0.02,0.764,2083
VUT,SSP1,Rural,openDefecation,0.05,0.706,2052
VUT,SSP1,Rural,openDefecation,0.1,0.646,2031
VUT,SSP1,Rural,pitNoSlab,0.01,0.636,2028
VUT,SSP1,Rural,pitNoSlab,0.02,0.622,2025
VUT,SSP1,Urban,flushPit,0.02,0.738,2069
VUT,SSP1,Urban,openDefecation,0.01,0.733,2066
VUT,SSP1,Urban,openDefecation,0.02,0.684,2044
VUT,SSP1,Urban,openDefecation,0.05,0.638,2029
VUT,SSP1,Urban,pitNoSlab,0.01,0.626,2026
VUT,SSP2,Rural,compostingToilet,0.01,0.658,2038
VUT,SSP2,Rural,flushPit,0.02,0.647,2034
VUT,SSP2,Rural,flushPit,0.05,0.63,2028
VUT,SSP2,Rural,flushUnknown,0.01,0.719,2066
VUT,SSP2,Rural,flushUnknown,0.02,0.706,2059
VUT,SSP2,Rural,flushUnknown,0.05,0.662,2040
VUT,SSP2,Rural,openDefecation,0.01,0.775,2095
VUT,SSP2,Rural,openDefecation,0.02,0.764,2090
VUT,SSP2,Rural,openDefecation,0.05,0.706,2059
VUT,SSP2,Rural,openDefecation,0.1,0.646,2033
VUT,SSP2,Rural,pitNoSlab,0.01,0.636,2029
VUT,SSP2,Rural,pitNoSlab,0.02,0.622,2025
VUT,SSP2,Urban,flushPit,0.02,0.738,2076
VUT,SSP2,Urban,openDefecation,0.01,0.733,2073
VUT,SSP2,Urban,openDefecation,0.02,0.684,2048
VUT,SSP2,Urban,openDefecation,0.05,0.638,2030
VUT,SSP2,Urban,pitNoSlab,0.01,0.626,2026
VUT,SSP3,Rural,compostingToilet,0.01,0.658,2075
VUT,SSP3,Rural,flushPit,0.02,0.647,2052
VUT,SSP3,Rural,flushPit,0.05,0.63,2032
VUT,SSP3,Rural,flushUnknown,0.05,0.662,2083
VUT,SSP3,Rural,openDefecation,0.1,0.646,2050
VUT,SSP3,Rural,pitNoSlab,0.01,0.636,2039
VUT,SSP3,Rural,pitNoSlab,0.02,0.622,2026
VUT,SSP3,Urban,openDefecation,0.05,0.638,2041
VUT,SSP3,Urban,pitNoSlab,0.01,0.626,2029
VUT,SSP4,Rural,flushPit,0.02,0.647,2075
VUT,SSP4,Rural,flushPit,0.05,0.63,2037
VUT,SSP4,Rural,openDefecation,0.1,0.646,2072
VUT,SSP4,Rural,pitNoSlab,0.01,0.636,2047
VUT,SSP4,Rural,pitNoSlab,0.02,0.622,2026
VUT,SSP4,Urban,openDefecation,0.05,0.638,2050
VUT,SSP4,Urban,pitNoSlab,0.01,0.626,2030
VUT,SSP5,Rural,compostingToilet,0.01,0.658,2034
VUT,SSP5,Rural,flushPit,0.02,0.647,2031
VUT,SSP5,Rural,flushPit,0.05,0.63,2027
VUT,SSP5,Rural,flushUnknown,0.01,0.719,2057
VUT,SSP5,Rural,flushUnknown,0.02,0.706,2051
VUT,SSP5,Rural,flushUnknown,0.05,0.662,2036
VUT,SSP5,Rural,openDefecation,0.01,0.775,2087
VUT,SSP5,Rural,openDefecation,0.02,0.764,2081
VUT,SSP5,Rural,openDefecation,0.05,0.706,2051
VUT,SSP5,Rural,openDefecation,0.1,0.646,2030
VUT,SSP5,Rural,pitNoSlab,0.01,0.636,2028
VUT,SSP5,Rural,pitNoSlab,0.02,0.622,2025
VUT,SSP5,Urban,flushPit,0.02,0.738,2068
VUT,SSP5,Urban,openDefecation,0.01,0.733,2065
VUT,SSP5,Urban,openDefecation,0.02,0.684,2043
VUT,SSP5,Urban,openDefecation,0.05,0.638,2029
VUT,SSP5,Urban,pitNoSlab,0.01,0.626,2026
WLF,SSP1,Rural,flushPit,0.01,0.838,2077
WLF,SSP1,Rural,openDefecation,0.01,0.775,2031
WLF,SSP1,Rural,openDefecation,0.02,0.764,2026
WLF,SSP1,Rural,pitSlab,0.1,0.851,2090
WLF,SSP2,Rural,flushPit,0.01,0.838,2093
WLF,SSP2,Rural,openDefecation,0.01,0.775,2041
WLF,SSP2,Rural,openDefecation,0.02,0.764,2034
WLF,SSP3,Rural,flushUnknown,0.01,0.719,2026
WLF,SSP3,Rural,openDefecation,0.02,0.764,2091
WLF,SSP3,Urban,flushPit,0.02,0.738,2046
WLF,SSP3,Urban,openDefecation,0.01,0.733,2040
WLF,SSP4,Rural,flushUnknown,0.01,0.719,2034
WLF,SSP4,Urban,flushPit,0.02,0.738,2060
WLF,SSP4,Urban,openDefecation,0.01,0.733,2050
WLF,SSP5,Rural,flushPit,0.01,0.838,2077
WLF,SSP5,Rural,openDefecation,0.01,0.775,2029
WLF,SSP5,Rural,openDefecation,0.02,0.764,2026
WLF,SSP5,Rural,pitSlab,0.1,0.851,2092
WSM,SSP1,Rural,flushPit,0.01,0.838,2093
WSM,SSP1,Rural,flushUnknown,0.01,0.719,2028
WSM,SSP1,Rural,openDefecation,0.01,0.775,2048
WSM,SSP1,Rural,openDefecation,0.02,0.764,2044
WSM,SSP1,Urban,flushPit,0.02,0.738,2034
WSM,SSP1,Urban,openDefecation,0.01,0.733,2032
WSM,SSP2,Rural,flushPit,0.01,0.838,2093
WSM,SSP2,Rural,flushUnknown,0.01,0.719,2029
WSM,SSP2,Rural,openDefecation,0.01,0.775,2054
WSM,SSP2,Rural,openDefecation,0.02,0.764,2048
WSM,SSP2,Urban,flushPit,0.02,0.738,2037
WSM,SSP2,Urban,openDefecation,0.01,0.733,2034
WSM,SSP3,Rural,flushUnknown,0.01,0.719,2032
WSM,SSP3,Rural,openDefecation,0.02,0.764,2085
WSM,SSP3,Urban,flushPit,0.02,0.738,2047
WSM,SSP3,Urban,openDefecation,0.01,0.733,2043
WSM,SSP4,Rural,flushUnknown,0.01,0.719,2033
WSM,SSP4,Rural,openDefecation,0.02,0.764,2088
WSM,SSP4,Urban,flushPit,0.02,0.738,2050
WSM,SSP4,Urban,openDefecation,0.01,0.733,2046
WSM,SSP5,Rural,flushPit,0.01,0.838,2094
WSM,SSP5,Rural,flushUnknown,0.01,0.719,2028
WSM,SSP5,Rural,openDefecation,0.01,0.775,2048
WSM,SSP5,Rural,openDefecation,0.02,0.764,2044
WSM,SSP5,Urban,flushPit,0.02,0.738,2034
WSM,SSP5,Urban,openDefecation,0.01,0.733,2032
YEM,SSP1,Rural,pitNoSlab,0.1,0.489,2030
YEM,SSP1,Urban,flushOpen,0.01,0.488,2030
YEM,SSP1,Urban,openDefecation,0.1,0.5,2035
YEM,SSP1,Urban,pitNoSlab,0.05,0.572,2082
YEM,SSP2,Rural,pitNoSlab,0.1,0.489,2032
YEM,SSP2,Urban,flushOpen,0.01,0.488,2031
YEM,SSP2,Urban,openDefecation,0.1,0.5,2037
YEM,SSP2,Urban,pitNoSlab,0.05,0.572,2085
YEM,SSP3,Rural,pitNoSlab,0.1,0.489,2041
YEM,SSP3,Urban,flushOpen,0.01,0.488,2039
YEM,SSP3,Urban,openDefecation,0.1,0.5,2054
YEM,SSP4,Rural,pitNoSlab,0.1,0.489,2040
YEM,SSP4,Urban,flushOpen,0.01,0.488,2039
YEM,SSP4,Urban,openDefecation,0.1,0.5,2051
YEM,SSP5,Rural,pitNoSlab,0.1,0.489,2030
YEM,SSP5,Urban,flushOpen,0.01,0.488,2030
YEM,SSP5,Urban,openDefecation,0.1,0.5,2035
YEM,SSP5,Urban,pitNoSlab,0.05,0.572,2082
ZAF,SSP1,Rural,flushPit,0.01,0.838,2063
ZAF,SSP1,Rural,openDefecation,0.01,0.775,2035
ZAF,SSP1,Rural,openDefecation,0.02,0.764,2031
ZAF,SSP1,Rural,pitSlab,0.05,0.87,2084
ZAF,SSP1,Rural,pitSlab,0.1,0.851,2071
ZAF,SSP1,Urban,flushSeptic,0.1,0.865,2081
ZAF,SSP1,Urban,pitSlab,0.05,0.867,2082
ZAF,SSP2,Rural,flushPit,0.01,0.838,2076
ZAF,SSP2,Rural,openDefecation,0.01,0.775,2040
ZAF,SSP2,Rural,openDefecation,0.02,0.764,2035
ZAF,SSP2,Rural,pitSlab,0.05,0.87,2096
ZAF,SSP2,Rural,pitSlab,0.1,0.851,2084
ZAF,SSP2,Urban,flushSeptic,0.1,0.865,2093
ZAF,SSP2,Urban,pitSlab,0.05,0.867,2094
ZAF,SSP3,Rural,openDefecation,0.01,0.775,2056
ZAF,SSP3,Rural,openDefecation,0.02,0.764,2045
ZAF,SSP4,Rural,flushPit,0.01,0.838,2092
ZAF,SSP4,Rural,openDefecation,0.01,0.775,2046
ZAF,SSP4,Rural,openDefecation,0.02,0.764,2040
ZAF,SSP5,Rural,flushPit,0.01,0.838,2062
ZAF,SSP5,Rural,openDefecation,0.01,0.775,2034
ZAF,SSP5,Rural,openDefecation,0.02,0.764,2031
ZAF,SSP5,Rural,pitSlab,0.05,0.87,2082
ZAF,SSP5,Rural,pitSlab,0.1,0.851,2070
ZAF,SSP5,Urban,flushSeptic,0.1,0.865,2079
ZAF,SSP5,Urban,pitSlab,0.05,0.867,2080
ZMB,SSP1,Rural,compostingToilet,0.01,0.658,2040
ZMB,SSP1,Rural,flushPit,0.01,0.838,2098
ZMB,SSP1,Rural,flushPit,0.02,0.647,2037
ZMB,SSP1,Rural,flushPit,0.05,0.63,2033
ZMB,SSP1,Rural,flushUnknown,0.01,0.719,2056
ZMB,SSP1,Rural,flushUnknown,0.02,0.706,2052
ZMB,SSP1,Rural,flushUnknown,0.05,0.662,2041
ZMB,SSP1,Rural,openDefecation,0.01,0.775,2076
ZMB,SSP1,Rural,openDefecation,0.02,0.764,2072
ZMB,SSP1,Rural,openDefecation,0.05,0.706,2052
ZMB,SSP1,Rural,openDefecation,0.1,0.646,2037
ZMB,SSP1,Rural,pitNoSlab,0.01,0.636,2034
ZMB,SSP1,Rural,pitNoSlab,0.02,0.622,2031
ZMB,SSP1,Rural,pitNoSlab,0.05,0.602,2027
ZMB,SSP1,Urban,flushPit,0.02,0.738,2063
ZMB,SSP1,Urban,flushPit,0.05,0.608,2028
ZMB,SSP1,Urban,openDefecation,0.01,0.733,2061
ZMB,SSP1,Urban,openDefecation,0.02,0.684,2046
ZMB,SSP1,Urban,openDefecation,0.05,0.638,2035
ZMB,SSP1,Urban,pitNoSlab,0.01,0.626,2032
ZMB,SSP1,Urban,pitNoSlab,0.02,0.597,2025
ZMB,SSP2,Rural,compostingToilet,0.01,0.658,2047
ZMB,SSP2,Rural,flushPit,0.02,0.647,2043
ZMB,SSP2,Rural,flushPit,0.05,0.63,2037
ZMB,SSP2,Rural,flushUnknown,0.01,0.719,2069
ZMB,SSP2,Rural,flushUnknown,0.02,0.706,2065
ZMB,SSP2,Rural,flushUnknown,0.05,0.662,2049
ZMB,SSP2,Rural,openDefecation,0.01,0.775,2090
ZMB,SSP2,Rural,openDefecation,0.02,0.764,2086
ZMB,SSP2,Rural,openDefecation,0.05,0.706,2065
ZMB,SSP2,Rural,openDefecation,0.1,0.646,2043
ZMB,SSP2,Rural,pitNoSlab,0.01,0.636,2039
ZMB,SSP2,Rural,pitNoSlab,0.02,0.622,2035
ZMB,SSP2,Rural,pitNoSlab,0.05,0.602,2028
ZMB,SSP2,Urban,flushPit,0.02,0.738,2076
ZMB,SSP2,Urban,flushPit,0.05,0.608,2030
ZMB,SSP2,Urban,openDefecation,0.01,0.733,2075
ZMB,SSP2,Urban,openDefecation,0.02,0.684,2057
ZMB,SSP2,Urban,openDefecation,0.05,0.638,2040
ZMB,SSP2,Urban,pitNoSlab,0.01,0.626,2036
ZMB,SSP2,Urban,pitNoSlab,0.02,0.597,2026
ZMB,SSP3,Rural,flushPit,0.05,0.63,2086
ZMB,SSP3,Rural,pitNoSlab,0.01,0.636,2093
ZMB,SSP3,Rural,pitNoSlab,0.02,0.622,2075
ZMB,SSP3,Rural,pitNoSlab,0.05,0.602,2048
ZMB,SSP3,Urban,flushPit,0.05,0.608,2057
ZMB,SSP3,Urban,openDefecation,0.05,0.638,2096
ZMB,SSP3,Urban,pitNoSlab,0.01,0.626,2080
ZMB,SSP3,Urban,pitNoSlab,0.02,0.597,2035
ZMB,SSP4,Rural,compostingToilet,0.01,0.658,2097
ZMB,SSP4,Rural,flushPit,0.02,0.647,2087
ZMB,SSP4,Rural,flushPit,0.05,0.63,2071
ZMB,SSP4,Rural,openDefecation,0.1,0.646,2086
ZMB,SSP4,Rural,pitNoSlab,0.01,0.636,2077
ZMB,SSP4,Rural,pitNoSlab,0.02,0.622,2064
ZMB,SSP4,Rural,pitNoSlab,0.05,0.602,2042
ZMB,SSP4,Urban,flushPit,0.05,0.608,2051
ZMB,SSP4,Urban,openDefecation,0.05,0.638,2079
ZMB,SSP4,Urban,pitNoSlab,0.01,0.626,2068
ZMB,SSP4,Urban,pitNoSlab,0.02,0.597,2035
ZMB,SSP5,Rural,compostingToilet,0.01,0.658,2038
ZMB,SSP5,Rural,flushPit,0.01,0.838,2094
ZMB,SSP5,Rural,flushPit,0.02,0.647,2036
ZMB,SSP5,Rural,flushPit,0.05,0.63,2032
ZMB,SSP5,Rural,flushUnknown,0.01,0.719,2053
ZMB,SSP5,Rural,flushUnknown,0.02,0.706,2049
ZMB,SSP5,Rural,flushUnknown,0.05,0.662,2039
ZMB,SSP5,Rural,openDefecation,0.01,0.775,2072
ZMB,SSP5,Rural,openDefecation,0.02,0.764,2069
ZMB,SSP5,Rural,openDefecation,0.05,0.706,2049
ZMB,SSP5,Rural,openDefecation,0.1,0.646,2036
ZMB,SSP5,Rural,pitNoSlab,0.01,0.636,2033
ZMB,SSP5,Rural,pitNoSlab,0.02,0.622,2030
ZMB,SSP5,Rural,pitNoSlab,0.05,0.602,2026
ZMB,SSP5,Rural,pitSlab,0.1,0.851,2098
ZMB,SSP5,Urban,flushPit,0.02,0.738,2060
ZMB,SSP5,Urban,flushPit,0.05,0.608,2028
ZMB,SSP5,Urban,openDefecation,0.01,0.733,2058
ZMB,SSP5,Urban,openDefecation,0.02,0.684,2044
ZMB,SSP5,Urban,openDefecation,0.05,0.638,2034
ZMB,SSP5,Urban,pitNoSlab,0.01,0.626,2031
ZMB,SSP5,Urban,pitNoSlab,0.02,0.597,2025
ZWE,SSP1,Rural,compostingToilet,0.01,0.658,2030
ZWE,SSP1,Rural,flushPit,0.01,0.838,2056
ZWE,SSP1,Rural,flushPit,0.02,0.647,2029
ZWE,SSP1,Rural,flushPit,0.05,0.63,2028
ZWE,SSP1,Rural,flushSeptic,0.1,0.898,2069
ZWE,SSP1,Rural,flushUnknown,0.01,0.719,2038
ZWE,SSP1,Rural,flushUnknown,0.02,0.706,2036
ZWE,SSP1,Rural,flushUnknown,0.05,0.662,2031
ZWE,SSP1,Rural,openDefecation,0.01,0.775,2046
ZWE,SSP1,Rural,openDefecation,0.02,0.764,2044
ZWE,SSP1,Rural,openDefecation,0.05,0.706,2036
ZWE,SSP1,Rural,openDefecation,0.1,0.646,2029
ZWE,SSP1,Rural,pitNoSlab,0.01,0.636,2028
ZWE,SSP1,Rural,pitNoSlab,0.02,0.622,2027
ZWE,SSP1,Rural,pitNoSlab,0.05,0.602,2025
ZWE,SSP1,Rural,pitSlab,0.01,0.944,2079
ZWE,SSP1,Rural,pitSlab,0.02,0.938,2077
ZWE,SSP1,Rural,pitSlab,0.05,0.87,2063
ZWE,SSP1,Rural,pitSlab,0.1,0.851,2059
ZWE,SSP1,Urban,flushPit,0.02,0.738,2041
ZWE,SSP1,Urban,flushPit,0.05,0.608,2026
ZWE,SSP1,Urban,flushSeptic,0.1,0.865,2062
ZWE,SSP1,Urban,openDefecation,0.01,0.733,2040
ZWE,SSP1,Urban,openDefecation,0.02,0.684,2034
ZWE,SSP1,Urban,openDefecation,0.05,0.638,2028
ZWE,SSP1,Urban,other,0.01,0.932,2076
ZWE,SSP1,Urban,pitNoSlab,0.01,0.626,2027
ZWE,SSP1,Urban,pitSlab,0.01,0.944,2079
ZWE,SSP1,Urban,pitSlab,0.02,0.938,2077
ZWE,SSP1,Urban,pitSlab,0.05,0.867,2062
ZWE,SSP2,Rural,compostingToilet,0.01,0.658,2033
ZWE,SSP2,Rural,flushPit,0.01,0.838,2070
ZWE,SSP2,Rural,flushPit,0.02,0.647,2031
ZWE,SSP2,Rural,flushPit,0.05,0.63,2029
ZWE,SSP2,Rural,flushSeptic,0.1,0.898,2084
ZWE,SSP2,Rural,flushUnknown,0.01,0.719,2044
ZWE,SSP2,Rural,flushUnknown,0.02,0.706,2041
ZWE,SSP2,Rural,flushUnknown,0.05,0.662,2034
ZWE,SSP2,Rural,openDefecation,0.01,0.775,2055
ZWE,SSP2,Rural,openDefecation,0.02,0.764,2052
ZWE,SSP2,Rural,openDefecation,0.05,0.706,2041
ZWE,SSP2,Rural,openDefecation,0.1,0.646,2031
ZWE,SSP2,Rural,pitNoSlab,0.01,0.636,2030
ZWE,SSP2,Rural,pitNoSlab,0.02,0.622,2028
ZWE,SSP2,Rural,pitNoSlab,0.05,0.602,2025
ZWE,SSP2,Rural,pitSlab,0.01,0.944,2095
ZWE,SSP2,Rural,pitSlab,0.02,0.938,2093
ZWE,SSP2,Rural,pitSlab,0.05,0.87,2077
ZWE,SSP2,Rural,pitSlab,0.1,0.851,2073
ZWE,SSP2,Urban,flushPit,0.02,0.738,2047
ZWE,SSP2,Urban,flushPit,0.05,0.608,2026
ZWE,SSP2,Urban,flushSeptic,0.1,0.865,2076
ZWE,SSP2,Urban,openDefecation,0.01,0.733,2046
ZWE,SSP2,Urban,openDefecation,0.02,0.684,2038
ZWE,SSP2,Urban,openDefecation,0.05,0.638,2030
ZWE,SSP2,Urban,other,0.01,0.932,2092
ZWE,SSP2,Urban,pitNoSlab,0.01,0.626,2028
ZWE,SSP2,Urban,pitSlab,0.01,0.944,2095
ZWE,SSP2,Urban,pitSlab,0.02,0.938,2093
ZWE,SSP2,Urban,pitSlab,0.05,0.867,2076
ZWE,SSP3,Rural,compostingToilet,0.01,0.658,2042
ZWE,SSP3,Rural,flushPit,0.02,0.647,2038
ZWE,SSP3,Rural,flushPit,0.05,0.63,2032
ZWE,SSP3,Rural,flushUnknown,0.01,0.719,2070
ZWE,SSP3,Rural,flushUnknown,0.02,0.706,2063
ZWE,SSP3,Rural,flushUnknown,0.05,0.662,2043
ZWE,SSP3,Rural,openDefecation,0.01,0.775,2098
ZWE,SSP3,Rural,openDefecation,0.02,0.764,2093
ZWE,SSP3,Rural,openDefecation,0.05,0.706,2063
ZWE,SSP3,Rural,openDefecation,0.1,0.646,2038
ZWE,SSP3,Rural,pitNoSlab,0.01,0.636,2034
ZWE,SSP3,Rural,pitNoSlab,0.02,0.622,2030
ZWE,SSP3,Rural,pitNoSlab,0.05,0.602,2026
ZWE,SSP3,Urban,flushPit,0.02,0.738,2079
ZWE,SSP3,Urban,flushPit,0.05,0.608,2027
ZWE,SSP3,Urban,openDefecation,0.01,0.733,2077
ZWE,SSP3,Urban,openDefecation,0.02,0.684,2052
ZWE,SSP3,Urban,openDefecation,0.05,0.638,2035
ZWE,SSP3,Urban,pitNoSlab,0.01,0.626,2031
ZWE,SSP4,Rural,compostingToilet,0.01,0.658,2039
ZWE,SSP4,Rural,flushPit,0.01,0.838,2094
ZWE,SSP4,Rural,flushPit,0.02,0.647,2036
ZWE,SSP4,Rural,flushPit,0.05,0.63,2032
ZWE,SSP4,Rural,flushUnknown,0.01,0.719,2056
ZWE,SSP4,Rural,flushUnknown,0.02,0.706,2051
ZWE,SSP4,Rural,flushUnknown,0.05,0.662,2040
ZWE,SSP4,Rural,openDefecation,0.01,0.775,2074
ZWE,SSP4,Rural,openDefecation,0.02,0.764,2070
ZWE,SSP4,Rural,openDefecation,0.05,0.706,2051
ZWE,SSP4,Rural,openDefecation,0.1,0.646,2036
ZWE,SSP4,Rural,pitNoSlab,0.01,0.636,2033
ZWE,SSP4,Rural,pitNoSlab,0.02,0.622,2030
ZWE,SSP4,Rural,pitNoSlab,0.05,0.602,2026
ZWE,SSP4,Rural,pitSlab,0.1,0.851,2098
ZWE,SSP4,Urban,flushPit,0.02,0.738,2062
ZWE,SSP4,Urban,flushPit,0.05,0.608,2027
ZWE,SSP4,Urban,openDefecation,0.01,0.733,2060
ZWE,SSP4,Urban,openDefecation,0.02,0.684,2045
ZWE,SSP4,Urban,openDefecation,0.05,0.638,2034
ZWE,SSP4,Urban,pitNoSlab,0.01,0.626,2031
ZWE,SSP5,Rural,compostingToilet,0.01,0.658,2030
ZWE,SSP5,Rural,flushPit,0.01,0.838,2053
ZWE,SSP5,Rural,flushPit,0.02,0.647,2029
ZWE,SSP5,Rural,flushPit,0.05,0.63,2028
ZWE,SSP5,Rural,flushSeptic,0.1,0.898,2065
ZWE,SSP5,Rural,flushUnknown,0.01,0.719,2037
ZWE,SSP5,Rural,flushUnknown,0.02,0.706,2035
ZWE,SSP5,Rural,flushUnknown,0.05,0.662,2030
ZWE,SSP5,Rural,openDefecation,0.01,0.775,2044
ZWE,SSP5,Rural,openDefecation,0.02,0.764,2043
ZWE,SSP5,Rural,openDefecation,0.05,0.706,2035
ZWE,SSP5,Rural,openDefecation,0.1,0.646,2029
ZWE,SSP5,Rural,pitNoSlab,0.01,0.636,2028
ZWE,SSP5,Rural,pitNoSlab,0.02,0.622,2027
ZWE,SSP5,Rural,pitNoSlab,0.05,0.602,2025
ZWE,SSP5,Rural,pitSlab,0.01,0.944,2074
ZWE,SSP5,Rural,pitSlab,0.02,0.938,2073
ZWE,SSP5,Rural,pitSlab,0.05,0.87,2059
ZWE,SSP5,Rural,pitSlab,0.1,0.851,2055
ZWE,SSP5,Urban,flushPit,0.02,0.738,2039
ZWE,SSP5,Urban,flushPit,0.05,0.608,2026
ZWE,SSP5,Urban,flushSeptic,0.1,0.865,2058
ZWE,SSP5,Urban,openDefecation,0.01,0.733,2039
ZWE,SSP5,Urban,openDefecation,0.02,0.684,2033
ZWE,SSP5,Urban,openDefecation,0.05,0.638,2028
ZWE,SSP5,Urban,other,0.01,0.932,2072
ZWE,SSP5,Urban,pitNoSlab,0.01,0.626,2027
ZWE,SSP5,Urban,pitSlab,0.01,0.944,2074
ZWE,SSP5,Urban,pitSlab,0.02,0.938,2073
ZWE,SSP5,Urban,pitSlab,0.05,0.867,2059
